-- MySQL dump 10.14  Distrib 5.5.44-MariaDB, for Linux (x86_64)
--
-- Host: localhost    Database: saar
-- ------------------------------------------------------
-- Server version	5.5.44-MariaDB

/*!40101 SET @OLD_CHARACTER_SET_CLIENT=@@CHARACTER_SET_CLIENT */;
/*!40101 SET @OLD_CHARACTER_SET_RESULTS=@@CHARACTER_SET_RESULTS */;
/*!40101 SET @OLD_COLLATION_CONNECTION=@@COLLATION_CONNECTION */;
/*!40101 SET NAMES utf8 */;
/*!40103 SET @OLD_TIME_ZONE=@@TIME_ZONE */;
/*!40103 SET TIME_ZONE='+00:00' */;
/*!40014 SET @OLD_UNIQUE_CHECKS=@@UNIQUE_CHECKS, UNIQUE_CHECKS=0 */;
/*!40014 SET @OLD_FOREIGN_KEY_CHECKS=@@FOREIGN_KEY_CHECKS, FOREIGN_KEY_CHECKS=0 */;
/*!40101 SET @OLD_SQL_MODE=@@SQL_MODE, SQL_MODE='NO_AUTO_VALUE_ON_ZERO' */;
/*!40111 SET @OLD_SQL_NOTES=@@SQL_NOTES, SQL_NOTES=0 */;

--
-- Table structure for table `aeronaves`
--

DROP TABLE IF EXISTS `aeronaves`;
/*!40101 SET @saved_cs_client     = @@character_set_client */;
/*!40101 SET character_set_client = utf8 */;
CREATE TABLE `aeronaves` (
  `id` int(10) unsigned NOT NULL AUTO_INCREMENT,
  `matricula` varchar(255) COLLATE utf8_unicode_ci NOT NULL,
  `nacionalidad_id` int(10) unsigned NOT NULL,
  `tipo_id` int(10) unsigned NOT NULL,
  `modelo_id` int(10) unsigned NOT NULL,
  `peso` varchar(255) COLLATE utf8_unicode_ci NOT NULL,
  `cliente_id` int(10) unsigned DEFAULT NULL,
  `hangar_id` int(10) unsigned DEFAULT NULL,
  `created_at` timestamp NOT NULL DEFAULT '0000-00-00 00:00:00',
  `updated_at` timestamp NOT NULL DEFAULT '0000-00-00 00:00:00',
  PRIMARY KEY (`id`),
  KEY `aeronaves_nacionalidad_id_foreign` (`nacionalidad_id`),
  KEY `aeronaves_tipo_id_foreign` (`tipo_id`),
  KEY `aeronaves_modelo_id_foreign` (`modelo_id`),
  KEY `aeronaves_cliente_id_foreign` (`cliente_id`),
  KEY `aeronaves_hangar_id_foreign` (`hangar_id`),
  CONSTRAINT `aeronaves_cliente_id_foreign` FOREIGN KEY (`cliente_id`) REFERENCES `clientes` (`id`),
  CONSTRAINT `aeronaves_hangar_id_foreign` FOREIGN KEY (`hangar_id`) REFERENCES `hangars` (`id`),
  CONSTRAINT `aeronaves_modelo_id_foreign` FOREIGN KEY (`modelo_id`) REFERENCES `modelo_aeronaves` (`id`),
  CONSTRAINT `aeronaves_nacionalidad_id_foreign` FOREIGN KEY (`nacionalidad_id`) REFERENCES `nacionalidad_matriculas` (`id`),
  CONSTRAINT `aeronaves_tipo_id_foreign` FOREIGN KEY (`tipo_id`) REFERENCES `tipo_matriculas` (`id`)
) ENGINE=InnoDB AUTO_INCREMENT=180 DEFAULT CHARSET=utf8 COLLATE=utf8_unicode_ci;
/*!40101 SET character_set_client = @saved_cs_client */;

--
-- Dumping data for table `aeronaves`
--

LOCK TABLES `aeronaves` WRITE;
/*!40000 ALTER TABLE `aeronaves` DISABLE KEYS */;
INSERT INTO `aeronaves` VALUES (2,'YV-1381',246,3,71,'55000',124,NULL,'2015-09-09 03:44:47','2015-09-09 03:44:47'),(3,'YV-380T',246,3,71,'53000',124,NULL,'2015-09-09 03:45:36','2015-09-09 03:45:36'),(4,'YV-390T',246,3,71,'53000',124,NULL,'2015-09-09 03:46:26','2015-12-08 03:50:41'),(5,'YV-137T',246,3,233,'54488',13,NULL,'2015-09-11 17:55:38','2015-09-11 17:55:38'),(6,'YV-2992',246,3,362,'64000',13,NULL,'2015-09-11 17:56:35','2015-09-11 17:56:35'),(7,'YV-505T',246,3,362,'61009',13,NULL,'2015-09-11 17:57:45','2015-09-11 17:57:45'),(8,'YV-2957',246,3,362,'61009',13,NULL,'2015-09-11 17:58:50','2015-09-11 17:58:50'),(9,'YV-539T',246,3,363,'72000',40,NULL,'2015-09-11 18:18:29','2015-09-11 18:18:29'),(10,'YV-481T',246,3,363,'72576',40,NULL,'2015-09-11 18:21:07','2015-09-11 18:21:07'),(11,'YV-485T',246,3,363,'72576',40,NULL,'2015-09-11 18:22:16','2015-09-11 18:22:16'),(12,'YV-348T',246,3,361,'67813',40,NULL,'2015-09-11 19:04:54','2015-09-11 19:04:54'),(13,'YV-494T',246,3,362,'66679',40,NULL,'2015-09-11 19:09:08','2015-09-11 19:09:08'),(14,'YV-3024',246,3,363,'72000',40,NULL,'2015-09-11 19:10:02','2015-09-11 19:10:02'),(15,'YV-2990',246,3,363,'72000',40,NULL,'2015-09-11 19:10:47','2015-09-11 19:10:47'),(16,'YV-2971',246,3,363,'64000',40,NULL,'2015-09-11 19:11:41','2015-09-11 19:11:41'),(17,'YV-153T',246,3,362,'64000',40,NULL,'2015-09-11 19:13:27','2015-09-11 19:13:27'),(18,'YV-2754',246,3,362,'67813',40,NULL,'2015-09-11 19:17:58','2015-09-11 19:17:58'),(19,'YV-2749',246,3,361,'67813',40,NULL,'2015-09-11 19:19:47','2015-09-11 19:19:47'),(20,'YV-1019',246,2,313,'5000',139,28,'2015-09-12 01:28:09','2015-09-12 01:28:09'),(21,'YV-1116',246,2,313,'5000',139,28,'2015-09-12 01:31:50','2015-09-12 01:31:50'),(22,'N-429PL',89,1,102,'6000',68,2,'2015-09-12 01:34:22','2015-09-12 01:34:22'),(23,'N-16LJ',89,1,328,'10000',181,NULL,'2015-09-12 01:36:50','2016-02-05 18:57:43'),(24,'YV-1024',246,2,122,'1000',125,38,'2015-09-12 01:39:39','2015-09-12 01:39:40'),(25,'YV-2021',246,1,440,'6000',24,NULL,'2015-09-12 01:41:08','2016-01-14 20:35:12'),(26,'YV-2456',246,2,313,'5000',139,28,'2015-09-12 01:42:07','2016-02-07 23:15:47'),(27,'YV-2272',246,2,313,'5000',139,28,'2015-09-12 01:42:55','2015-09-12 01:42:55'),(28,'YV-2536',246,2,313,'5000',139,28,'2015-09-12 01:44:27','2015-09-12 01:44:27'),(29,'YV-1007',246,3,74,'57000',63,NULL,'2015-09-15 02:07:16','2015-09-15 02:07:16'),(30,'YV-2556',246,3,74,'57000',63,NULL,'2015-09-15 02:08:00','2015-09-15 02:08:00'),(31,'YV-2558',246,3,71,'53000',63,NULL,'2015-09-15 02:08:51','2015-09-15 02:08:51'),(32,'YV-2559',246,3,71,'53000',63,NULL,'2015-09-15 02:09:47','2015-09-15 02:09:47'),(33,'YV-1111',246,3,200,'21000',63,NULL,'2015-09-15 02:11:01','2015-09-15 02:11:01'),(34,'YV-1115',246,3,200,'21000',63,NULL,'2015-09-15 02:11:37','2015-09-15 02:11:37'),(35,'YV-2088',246,3,200,'21000',63,NULL,'2015-09-15 02:12:33','2015-09-15 02:12:33'),(36,'YV-2115',246,3,200,'21000',63,NULL,'2015-09-15 02:16:25','2015-09-15 02:16:25'),(37,'YV-2849',246,3,253,'51800',63,NULL,'2015-09-15 02:21:23','2015-09-15 02:21:23'),(38,'YV-2850',246,3,253,'51800',63,NULL,'2015-09-15 02:22:54','2015-09-15 02:22:54'),(39,'YV-2851',246,3,253,'51800',63,NULL,'2015-09-15 02:28:22','2015-09-15 02:28:22'),(40,'YV-2911',246,3,253,'51800',63,NULL,'2015-09-15 02:29:02','2015-09-15 02:29:02'),(41,'YV-2912',246,3,253,'51800',63,NULL,'2015-09-15 02:30:17','2015-09-15 02:30:17'),(42,'YV-2913',246,3,253,'51800',63,NULL,'2015-09-15 02:50:03','2015-09-15 02:50:03'),(43,'YV-2943',246,3,253,'51800',63,NULL,'2015-09-15 02:51:03','2015-09-15 02:51:03'),(44,'YV-2944',246,3,253,'51800',63,NULL,'2015-09-15 02:52:03','2015-09-15 02:52:03'),(45,'YV-2953',246,3,253,'51800',63,NULL,'2015-09-15 02:52:36','2015-09-15 02:52:36'),(46,'YV-2954',246,3,253,'51800',63,NULL,'2015-09-15 02:53:35','2015-09-15 02:53:35'),(47,'YV-2964',246,3,253,'51800',63,NULL,'2015-09-15 02:54:16','2015-09-15 02:54:16'),(48,'YV-2965',246,3,253,'51800',63,NULL,'2015-09-15 02:55:00','2015-09-15 02:55:00'),(49,'YV-2966',246,3,253,'51800',63,NULL,'2015-09-15 02:55:49','2015-09-15 02:55:49'),(50,'YV-3052',246,3,253,'51800',63,NULL,'2015-09-15 02:56:27','2015-09-15 02:56:27'),(51,'YV-3071',246,3,253,'51800',63,NULL,'2015-09-15 02:56:58','2015-09-15 02:56:58'),(52,'YV-1234',246,4,327,'9752',NULL,NULL,'2015-12-08 03:52:12','2015-12-08 03:52:12'),(53,'YV-1223',246,1,130,'1000',101,13,'2016-01-08 00:41:56','2016-01-09 05:25:45'),(54,'YV-3097',246,3,362,'64000',13,NULL,'2016-01-08 02:20:00','2016-01-08 02:20:00'),(55,'YV-2903',246,1,153,'2000',54,5,'2016-01-08 02:55:22','2016-01-08 02:55:22'),(56,'YV-3088',246,1,404,'2000',150,NULL,'2016-01-08 03:12:06','2016-01-08 03:12:06'),(57,'YV-1942',246,2,153,'2000',139,NULL,'2016-01-08 07:52:16','2016-01-08 07:55:07'),(58,'YV-2811',246,2,157,'2000',139,NULL,'2016-01-08 08:03:30','2016-01-08 08:03:31'),(59,'YV-3116',246,1,324,'7000',106,44,'2016-01-09 01:27:27','2016-01-09 01:27:27'),(60,'YV-1419',246,1,156,'5000',128,NULL,'2016-01-09 01:40:25','2016-01-09 01:40:25'),(61,'N-496RA',89,1,185,'9700',153,NULL,'2016-01-09 01:57:58','2016-01-09 01:57:58'),(62,'YV-2078',246,1,102,'6000',154,NULL,'2016-01-09 02:29:23','2016-01-09 02:29:23'),(63,'YV-3067',246,1,171,'4000',155,NULL,'2016-01-09 02:42:12','2016-01-09 02:42:12'),(64,'YV-2554',246,1,153,'2000',156,NULL,'2016-01-09 03:46:53','2016-01-09 03:46:53'),(65,'YV-1269',246,1,151,'2000',157,NULL,'2016-01-09 04:39:14','2016-01-09 04:39:14'),(66,'YV-1465',246,1,118,'5000',158,NULL,'2016-01-09 04:54:45','2016-01-09 04:54:45'),(67,'N-56LP',89,1,182,'9000',193,NULL,'2016-01-10 19:56:58','2016-02-05 18:01:29'),(68,'YV-3070',246,1,153,'2000',156,NULL,'2016-01-10 20:22:21','2016-01-10 20:22:21'),(69,'YV-2751',246,1,153,'2000',156,NULL,'2016-01-10 20:28:03','2016-01-10 20:28:03'),(70,'YV-1203',246,2,112,'3000',58,NULL,'2016-01-10 20:34:07','2016-02-10 18:18:14'),(71,'YV-2970',246,2,156,'5000',63,NULL,'2016-01-10 20:58:25','2016-01-10 20:58:25'),(72,'YV-2699',246,1,324,'7000',15,NULL,'2016-01-11 00:59:52','2016-01-11 00:59:52'),(73,'YV-2937',246,2,72,'55000',45,NULL,'2016-01-11 01:27:10','2016-01-11 01:27:10'),(74,'YV-2024',246,1,154,'2000',54,9,'2016-01-11 01:45:01','2016-01-11 01:45:01'),(75,'YV-3092',246,1,461,'2155',159,NULL,'2016-01-11 01:53:30','2016-01-11 01:53:30'),(76,'YV-588T',246,1,454,'10660',160,NULL,'2016-01-11 02:02:00','2016-01-11 02:02:00'),(77,'YV-2235',246,1,114,'4000',74,30,'2016-01-11 02:18:14','2016-01-11 02:18:14'),(78,'YV-3121',246,1,180,'7000',161,NULL,'2016-01-14 00:44:26','2016-01-14 00:44:26'),(79,'N-929CG',89,1,425,'9000',162,NULL,'2016-01-14 02:04:49','2016-01-14 02:04:49'),(80,'YV-2972',246,1,312,'7000',163,NULL,'2016-01-14 03:47:57','2016-01-14 03:47:57'),(81,'YV-2949',246,1,396,'5000',164,NULL,'2016-01-14 17:54:37','2016-01-14 17:54:37'),(82,'YV-1748',246,1,153,'2000',54,8,'2016-01-14 18:00:02','2016-01-14 18:00:02'),(83,'YV-1055',246,1,151,'2000',165,NULL,'2016-01-14 18:10:00','2016-01-14 18:10:00'),(84,'YV-2502',246,1,176,'6000',166,NULL,'2016-01-14 18:18:33','2016-01-14 18:18:33'),(85,'YV-2483',246,1,436,'1900',80,NULL,'2016-01-14 18:24:54','2016-01-14 18:24:54'),(86,'YV-592T',246,1,324,'7000',22,22,'2016-01-14 18:32:38','2016-01-14 18:32:38'),(87,'YV-2465',246,1,324,'7000',167,NULL,'2016-01-14 18:39:50','2016-01-14 18:39:50'),(88,'N-431RC',89,1,287,'12000',121,NULL,'2016-01-14 18:48:35','2016-01-14 18:48:35'),(89,'YV-3066',246,1,27,'5000',121,NULL,'2016-01-14 18:54:43','2016-01-14 18:54:43'),(90,'YV-1686',246,1,175,'6000',168,NULL,'2016-01-14 19:19:03','2016-01-14 19:19:03'),(91,'YV-1258',246,2,153,'2000',139,28,'2016-01-14 19:25:43','2016-01-14 19:25:43'),(92,'YV-1797',246,1,153,'2000',156,NULL,'2016-01-14 19:32:59','2016-01-14 19:32:59'),(93,'YV-1734',246,2,99,'8000',12,NULL,'2016-01-14 20:05:48','2016-02-07 20:50:32'),(94,'YV-1983',246,1,153,'2000',168,NULL,'2016-01-14 20:23:24','2016-01-14 20:23:24'),(95,'YV-2180',246,1,394,'2000',178,NULL,'2016-01-14 20:52:17','2016-02-03 00:45:19'),(96,'YV-2823',246,3,71,'53000',45,NULL,'2016-01-14 21:03:47','2016-01-14 21:03:47'),(97,'YV-1063',246,1,153,'2000',54,10,'2016-01-15 03:34:12','2016-01-15 03:34:12'),(98,'YV-2719',246,1,408,'5000',170,NULL,'2016-01-16 01:06:34','2016-01-16 01:06:34'),(99,'N-176BY',89,1,102,'6000',116,26,'2016-01-16 01:45:28','2016-01-16 01:45:28'),(100,'YV-1091',246,1,151,'2000',171,NULL,'2016-01-17 00:11:52','2016-01-17 00:11:52'),(101,'N-160EE',89,1,329,'11000',172,NULL,'2016-01-17 00:29:16','2016-01-17 00:29:16'),(102,'YV-3100',246,1,407,'4380',174,NULL,'2016-01-17 01:12:15','2016-01-17 01:12:15'),(103,'YV-582T',246,1,248,'2427',175,NULL,'2016-02-02 17:03:19','2016-02-02 17:03:19'),(104,'YV-594T',246,1,248,'2427',175,NULL,'2016-02-02 17:06:52','2016-02-02 17:06:52'),(105,'YV-2025',246,1,167,'4000',6,29,'2016-02-02 17:13:57','2016-02-02 17:13:57'),(106,'YV-1951',246,1,399,'2000',176,NULL,'2016-02-02 17:27:51','2016-02-02 17:27:51'),(107,'YV-597T',246,1,102,'6000',177,NULL,'2016-02-02 17:34:53','2016-02-02 17:34:53'),(108,'YV-3032',246,2,156,'5000',63,NULL,'2016-02-02 18:27:57','2016-02-02 18:27:57'),(109,'YV-3110',246,1,399,'2000',74,30,'2016-02-02 23:30:43','2016-02-02 23:30:43'),(110,'YV-2341',246,1,27,'5000',121,NULL,'2016-02-03 00:33:25','2016-02-03 00:33:25'),(111,'YV-1039',246,1,27,'5000',179,NULL,'2016-02-03 00:51:51','2016-02-03 00:51:51'),(112,'YV-1508',246,1,394,'2000',180,NULL,'2016-02-03 01:06:42','2016-02-03 01:06:42'),(113,'N-918SS',89,1,451,'12000',181,NULL,'2016-02-03 01:51:02','2016-02-03 01:51:02'),(114,'N-519AA',89,1,180,'7000',182,NULL,'2016-02-03 18:16:43','2016-02-03 18:16:43'),(115,'YV-2794',246,3,71,'53000',45,NULL,'2016-02-03 18:40:57','2016-02-03 18:40:57'),(116,'YV-3006',246,1,408,'5000',183,NULL,'2016-02-03 19:13:42','2016-02-03 19:13:42'),(117,'YV-1837',246,1,130,'1000',101,13,'2016-02-03 19:39:10','2016-02-03 19:39:10'),(118,'YV-2725',246,1,27,'5000',184,NULL,'2016-02-03 20:09:41','2016-02-03 20:09:41'),(119,'N-307FT',89,1,266,'12000',185,NULL,'2016-02-04 01:00:41','2016-02-04 01:00:41'),(120,'YV-1844',246,2,323,'6000',12,NULL,'2016-02-04 02:17:58','2016-02-04 02:17:58'),(121,'YV-3061',246,1,27,'5000',17,NULL,'2016-02-04 19:10:20','2016-02-04 19:10:20'),(122,'N-523AR',89,1,196,'21000',186,NULL,'2016-02-04 23:03:55','2016-02-04 23:03:55'),(123,'N-595US',89,1,301,'12500',187,NULL,'2016-02-04 23:11:40','2016-02-04 23:11:40'),(124,'YV-2724',246,1,27,'5000',155,NULL,'2016-02-04 23:52:35','2016-02-04 23:52:35'),(125,'YV-2793',246,2,362,'61009',13,NULL,'2016-02-05 01:07:39','2016-02-05 01:07:39'),(126,'YV-2982',246,1,175,'6000',188,NULL,'2016-02-05 01:34:29','2016-02-05 01:34:29'),(127,'YV-2780',246,1,102,'6000',80,NULL,'2016-02-05 01:38:22','2016-02-05 01:38:22'),(128,'YV-3084',246,1,324,'7000',32,NULL,'2016-02-05 01:45:54','2016-02-05 01:45:54'),(129,'YV-1946',246,1,153,'2000',190,NULL,'2016-02-05 02:02:01','2016-02-05 02:02:01'),(130,'N-304JR',89,1,110,'8000',191,NULL,'2016-02-05 02:15:52','2016-02-05 02:15:52'),(131,'N-801RS',89,1,50,'11000',17,NULL,'2016-02-05 02:36:16','2016-02-05 02:36:16'),(132,'N-86BA',89,1,180,'7000',192,NULL,'2016-02-05 17:52:39','2016-02-05 17:52:39'),(133,'N-292ST',89,1,178,'4800',194,NULL,'2016-02-05 19:06:54','2016-02-05 19:06:54'),(134,'YV-2317',246,1,180,'7000',195,NULL,'2016-02-06 01:35:18','2016-02-06 01:35:18'),(135,'YV-3140',246,1,451,'12000',196,NULL,'2016-02-06 02:32:37','2016-02-06 02:32:37'),(136,'YV-1817',246,1,399,'2000',197,NULL,'2016-02-06 02:44:23','2016-02-06 02:44:23'),(137,'YV-1146',246,1,118,'5000',198,NULL,'2016-02-06 23:51:59','2016-02-06 23:51:59'),(138,'YV-1316',246,1,175,'6000',174,NULL,'2016-02-06 23:58:22','2016-02-06 23:58:22'),(139,'YV-2284',246,1,118,'5000',23,NULL,'2016-02-07 00:15:09','2016-02-07 00:15:09'),(140,'N-307JA',89,1,328,'10000',199,NULL,'2016-02-07 02:38:32','2016-02-07 02:38:32'),(141,'N-245MS',89,1,328,'10000',200,NULL,'2016-02-07 02:43:08','2016-02-07 02:43:08'),(142,'YV-2573',246,1,95,'5000',201,NULL,'2016-02-07 03:14:16','2016-02-07 03:14:16'),(143,'YV-3183',246,1,180,'7000',202,NULL,'2016-02-07 03:19:24','2016-02-07 03:19:24'),(144,'N-851RG',89,1,287,'14500',203,NULL,'2016-02-07 03:36:27','2016-02-07 03:36:27'),(145,'YV-1956',246,1,152,'2000',54,16,'2016-02-07 05:09:29','2016-02-07 05:16:53'),(146,'YV-2566',246,2,99,'8000',12,NULL,'2016-02-07 16:24:29','2016-02-07 16:24:29'),(147,'YV-1574',246,1,440,'5680',204,NULL,'2016-02-07 16:34:04','2016-02-07 16:34:04'),(148,'N-426ST',89,1,259,'13181',84,NULL,'2016-02-07 17:01:49','2016-02-07 17:01:49'),(149,'YV-1582',246,2,143,'1800',125,39,'2016-02-07 17:47:06','2016-02-07 17:47:06'),(150,'YV-2458',246,1,118,'5000',10,NULL,'2016-02-07 18:10:52','2016-02-07 18:10:52'),(151,'YV-1460',246,1,122,'1000',101,14,'2016-02-07 18:15:15','2016-02-07 18:15:15'),(152,'YV-1260',246,1,421,'1200',80,NULL,'2016-02-07 18:22:26','2016-02-07 18:22:26'),(153,'YV-2876',246,1,62,'2500',205,NULL,'2016-02-07 18:37:08','2016-02-07 18:37:08'),(154,'YV-1982',246,1,153,'2000',168,NULL,'2016-02-07 18:53:35','2016-02-07 18:53:35'),(155,'N-414TB',89,1,328,'10000',206,NULL,'2016-02-07 19:15:58','2016-02-07 19:15:58'),(156,'YV-3182',246,1,178,'4800',207,NULL,'2016-02-07 19:40:09','2016-02-07 19:40:09'),(157,'YV-2166',246,1,180,'7000',208,NULL,'2016-02-07 21:10:46','2016-02-07 21:10:46'),(158,'YV-1761',246,1,398,'2000',209,NULL,'2016-02-07 22:28:48','2016-02-07 22:28:48'),(159,'YV-1865',246,1,148,'2000',210,NULL,'2016-02-07 23:01:02','2016-02-07 23:01:02'),(160,'N-21EL',89,1,301,'12500',211,NULL,'2016-02-07 23:21:50','2016-02-07 23:21:50'),(161,'YV-2634',246,1,153,'2000',212,NULL,'2016-02-08 00:23:58','2016-02-08 00:23:58'),(162,'YV-1581',246,1,393,'2360',213,NULL,'2016-02-08 00:55:46','2016-02-08 00:55:46'),(163,'YV-2786',246,1,324,'7000',214,NULL,'2016-02-08 01:17:19','2016-02-08 01:17:19'),(164,'YV-1813',246,1,180,'7000',44,NULL,'2016-02-08 01:34:27','2016-02-08 01:34:27'),(165,'YV-3062',246,1,27,'5000',215,NULL,'2016-02-08 01:40:48','2016-02-08 01:40:48'),(166,'YV-3158',246,3,75,'64700',45,NULL,'2016-02-08 01:48:50','2016-02-08 01:48:50'),(167,'YV-1311',246,1,397,'3000',216,NULL,'2016-02-08 02:11:02','2016-02-08 02:11:02'),(168,'YV-3011',246,3,75,'66000',45,NULL,'2016-02-08 20:32:37','2016-02-08 20:32:37'),(169,'YV-2928',246,3,75,'66000',45,NULL,'2016-02-08 20:39:42','2016-02-08 20:39:42'),(170,'YV-2893',246,1,113,'3000',217,NULL,'2016-02-09 02:36:28','2016-02-09 02:36:28'),(171,'YV-3087',246,1,324,'7000',15,NULL,'2016-02-09 03:29:12','2016-02-09 03:29:12'),(172,'YV-1570',246,1,151,'2000',8,NULL,'2016-02-09 03:39:01','2016-02-09 03:39:01'),(173,'YV-2875',246,1,180,'7000',218,NULL,'2016-02-09 17:38:41','2016-02-09 17:38:41'),(174,'YV-2096',246,1,27,'5000',219,NULL,'2016-02-09 19:40:30','2016-02-09 19:40:30'),(175,'YV-1753',246,1,174,'5000',220,NULL,'2016-02-09 21:20:58','2016-02-09 21:20:58'),(176,'YV-1909',246,1,101,'6000',119,NULL,'2016-02-09 22:39:48','2016-02-09 22:39:48'),(177,'YV-3178',246,1,182,'6000',214,NULL,'2016-02-09 23:12:27','2016-02-09 23:12:27'),(178,'YV-575T',246,1,286,'11000',222,NULL,'2016-02-11 01:04:03','2016-02-11 01:04:03'),(179,'YV-1237',246,1,118,'5000',10,NULL,'2016-02-11 01:36:15','2016-02-11 01:36:15');
/*!40000 ALTER TABLE `aeronaves` ENABLE KEYS */;
UNLOCK TABLES;

--
-- Table structure for table `aeropuertos`
--

DROP TABLE IF EXISTS `aeropuertos`;
/*!40101 SET @saved_cs_client     = @@character_set_client */;
/*!40101 SET character_set_client = utf8 */;
CREATE TABLE `aeropuertos` (
  `id` int(10) unsigned NOT NULL AUTO_INCREMENT,
  `nombre` varchar(150) COLLATE utf8_unicode_ci NOT NULL,
  `siglas` varchar(10) COLLATE utf8_unicode_ci NOT NULL,
  `rif` varchar(150) COLLATE utf8_unicode_ci NOT NULL,
  `nit` varchar(150) COLLATE utf8_unicode_ci NOT NULL,
  `telefono` varchar(150) COLLATE utf8_unicode_ci NOT NULL,
  `direccion` varchar(1500) COLLATE utf8_unicode_ci NOT NULL,
  `email` varchar(150) COLLATE utf8_unicode_ci NOT NULL,
  `director` varchar(150) COLLATE utf8_unicode_ci NOT NULL,
  `gerente` varchar(150) COLLATE utf8_unicode_ci NOT NULL,
  `created_at` timestamp NOT NULL DEFAULT '0000-00-00 00:00:00',
  `updated_at` timestamp NOT NULL DEFAULT '0000-00-00 00:00:00',
  PRIMARY KEY (`id`)
) ENGINE=InnoDB AUTO_INCREMENT=4 DEFAULT CHARSET=utf8 COLLATE=utf8_unicode_ci;
/*!40101 SET character_set_client = @saved_cs_client */;

--
-- Dumping data for table `aeropuertos`
--

LOCK TABLES `aeropuertos` WRITE;
/*!40000 ALTER TABLE `aeropuertos` DISABLE KEYS */;
INSERT INTO `aeropuertos` VALUES (1,'AEROPUERTO INTERNACIONAL \"MANUEL CARLOS PIAR\"','PZO','G-20004063-7','','0286-951.88.81 / 951.99.37','AV. JESUS SOTO. EDIF. TERMINAL AÉREO. PISO PB. OF S/N. SECTOR AEROPUERTO - CIUDAD BOLÍVAR','','ING. CÉSAR ESCOBAR','LCDA. PRETA LISARDY','2015-07-31 12:44:28','2016-01-22 02:15:40'),(2,'AEROPUERTO GENERAL \"TOMÁS DE HERES\"','CBL','G-20004063-7','','0286-951.88.81 / 951.99.37','AV. JESUS SOTO. EDIF. TERMINAL AÉREO. PISO PB. OF S/N. SECTOR AEROPUERTO. CIUDAD BOLÍVAR','','ING. CÉSAR ESCOBAR','LCDA. PRETA LISARDY','0000-00-00 00:00:00','2016-01-22 17:36:07'),(3,'SEU','','','','','','','','','0000-00-00 00:00:00','0000-00-00 00:00:00');
/*!40000 ALTER TABLE `aeropuertos` ENABLE KEYS */;
UNLOCK TABLES;

--
-- Table structure for table `ajustes`
--

DROP TABLE IF EXISTS `ajustes`;
/*!40101 SET @saved_cs_client     = @@character_set_client */;
/*!40101 SET character_set_client = utf8 */;
CREATE TABLE `ajustes` (
  `id` int(10) unsigned NOT NULL AUTO_INCREMENT,
  `cliente_id` int(10) unsigned NOT NULL,
  `cobro_id` int(10) unsigned NOT NULL,
  `monto` double(15,2) NOT NULL,
  `created_at` timestamp NOT NULL DEFAULT '0000-00-00 00:00:00',
  `updated_at` timestamp NOT NULL DEFAULT '0000-00-00 00:00:00',
  PRIMARY KEY (`id`),
  KEY `ajustes_cliente_id_foreign` (`cliente_id`),
  KEY `ajustes_cobro_id_foreign` (`cobro_id`),
  CONSTRAINT `ajustes_cliente_id_foreign` FOREIGN KEY (`cliente_id`) REFERENCES `clientes` (`id`),
  CONSTRAINT `ajustes_cobro_id_foreign` FOREIGN KEY (`cobro_id`) REFERENCES `cobros` (`id`) ON DELETE CASCADE
) ENGINE=InnoDB AUTO_INCREMENT=3 DEFAULT CHARSET=utf8 COLLATE=utf8_unicode_ci;
/*!40101 SET character_set_client = @saved_cs_client */;

--
-- Dumping data for table `ajustes`
--

LOCK TABLES `ajustes` WRITE;
/*!40000 ALTER TABLE `ajustes` DISABLE KEYS */;
INSERT INTO `ajustes` VALUES (1,95,65,75.00,'2016-02-02 00:29:04','2016-02-02 00:29:04');
/*!40000 ALTER TABLE `ajustes` ENABLE KEYS */;
UNLOCK TABLES;

--
-- Table structure for table `aterrizajes`
--

DROP TABLE IF EXISTS `aterrizajes`;
/*!40101 SET @saved_cs_client     = @@character_set_client */;
/*!40101 SET character_set_client = utf8 */;
CREATE TABLE `aterrizajes` (
  `id` int(10) unsigned NOT NULL AUTO_INCREMENT,
  `hora` time NOT NULL,
  `fecha` date NOT NULL,
  `aeropuerto_id` int(10) unsigned NOT NULL,
  `aeronave_id` int(10) unsigned NOT NULL,
  `cliente_id` int(10) unsigned DEFAULT NULL,
  `tipoMatricula_id` int(10) unsigned NOT NULL,
  `nacionalidadVuelo_id` int(10) unsigned DEFAULT NULL,
  `piloto_id` int(10) unsigned DEFAULT NULL,
  `num_vuelo` int(11) DEFAULT NULL,
  `puerto_id` int(10) unsigned DEFAULT NULL,
  `desembarqueAdultos` int(11) NOT NULL DEFAULT '0',
  `desembarqueInfante` int(11) NOT NULL DEFAULT '0',
  `desembarqueTercera` int(11) NOT NULL DEFAULT '0',
  `desembarqueTransito` int(11) NOT NULL DEFAULT '0',
  `despego` int(11) NOT NULL DEFAULT '0',
  `created_at` timestamp NOT NULL DEFAULT '0000-00-00 00:00:00',
  `updated_at` timestamp NOT NULL DEFAULT '0000-00-00 00:00:00',
  PRIMARY KEY (`id`),
  KEY `aterrizajes_aeropuerto_id_foreign` (`aeropuerto_id`),
  KEY `aterrizajes_aeronave_id_foreign` (`aeronave_id`),
  KEY `aterrizajes_cliente_id_foreign` (`cliente_id`),
  KEY `aterrizajes_tipomatricula_id_foreign` (`tipoMatricula_id`),
  KEY `aterrizajes_nacionalidadvuelo_id_foreign` (`nacionalidadVuelo_id`),
  KEY `aterrizajes_piloto_id_foreign` (`piloto_id`),
  KEY `aterrizajes_puerto_id_foreign` (`puerto_id`),
  CONSTRAINT `aterrizajes_aeronave_id_foreign` FOREIGN KEY (`aeronave_id`) REFERENCES `aeronaves` (`id`),
  CONSTRAINT `aterrizajes_aeropuerto_id_foreign` FOREIGN KEY (`aeropuerto_id`) REFERENCES `aeropuertos` (`id`),
  CONSTRAINT `aterrizajes_cliente_id_foreign` FOREIGN KEY (`cliente_id`) REFERENCES `clientes` (`id`),
  CONSTRAINT `aterrizajes_nacionalidadvuelo_id_foreign` FOREIGN KEY (`nacionalidadVuelo_id`) REFERENCES `nacionalidad_vuelos` (`id`),
  CONSTRAINT `aterrizajes_piloto_id_foreign` FOREIGN KEY (`piloto_id`) REFERENCES `pilotos` (`id`),
  CONSTRAINT `aterrizajes_puerto_id_foreign` FOREIGN KEY (`puerto_id`) REFERENCES `puertos` (`id`),
  CONSTRAINT `aterrizajes_tipomatricula_id_foreign` FOREIGN KEY (`tipoMatricula_id`) REFERENCES `tipo_matriculas` (`id`)
) ENGINE=InnoDB AUTO_INCREMENT=763 DEFAULT CHARSET=utf8 COLLATE=utf8_unicode_ci;
/*!40101 SET character_set_client = @saved_cs_client */;

--
-- Dumping data for table `aterrizajes`
--

LOCK TABLES `aterrizajes` WRITE;
/*!40000 ALTER TABLE `aterrizajes` DISABLE KEYS */;
INSERT INTO `aterrizajes` VALUES (1,'11:06:00','2015-12-31',1,24,125,2,1,6,0,7,2,0,0,0,1,'2016-01-05 23:31:22','2016-01-05 23:34:56'),(2,'14:40:00','2016-01-01',1,43,63,3,1,98,2352,8,81,0,0,0,1,'2016-01-06 00:02:56','2016-01-06 00:04:20'),(3,'14:43:00','2016-01-01',1,39,63,3,1,72,2384,3,48,0,0,0,1,'2016-01-06 00:11:42','2016-01-06 00:13:24'),(4,'15:45:00','2016-01-01',1,15,40,3,1,24,0,8,131,0,0,0,1,'2016-01-06 00:32:12','2016-01-06 00:34:21'),(5,'15:55:00','2016-01-01',1,14,40,3,1,39,745,3,49,0,0,0,1,'2016-01-06 00:43:02','2016-01-06 00:44:17'),(6,'11:33:00','2015-12-28',1,27,139,2,1,6,0,9,19,0,0,0,1,'2016-01-06 01:13:25','2016-01-06 01:14:53'),(7,'11:40:00','2015-12-28',1,28,139,2,1,7,0,9,17,0,0,0,1,'2016-01-06 01:16:49','2016-01-06 01:17:50'),(8,'11:42:00','2015-12-28',1,21,139,2,1,6,0,9,12,0,0,0,1,'2016-01-06 03:50:43','2016-01-06 03:51:36'),(9,'12:20:00','2015-12-29',1,28,139,2,1,10,0,9,0,0,0,0,1,'2016-01-06 03:53:23','2016-01-06 03:54:02'),(10,'11:57:00','2015-12-29',1,27,139,2,1,6,0,9,19,0,0,0,1,'2016-01-06 03:58:15','2016-01-06 03:58:49'),(11,'13:45:00','2015-12-29',1,21,139,2,1,6,0,9,17,0,0,0,1,'2016-01-06 04:00:33','2016-01-06 04:00:58'),(12,'11:30:00','2015-12-30',1,27,139,2,1,6,0,9,18,0,0,0,1,'2016-01-06 04:02:03','2016-01-06 04:03:04'),(13,'12:08:00','2015-12-30',1,21,139,2,1,6,0,9,19,0,0,0,1,'2016-01-06 04:06:07','2016-01-06 04:06:54'),(14,'11:28:00','2015-12-30',1,28,139,2,1,6,0,9,19,0,0,0,1,'2016-01-06 04:08:28','2016-01-06 04:09:23'),(15,'18:25:00','2016-01-01',1,4,124,3,1,12,306,3,42,0,0,0,1,'2016-01-06 04:11:35','2016-01-06 04:13:34'),(17,'13:59:00','2015-12-30',1,53,101,1,1,141,0,7,0,0,0,0,1,'2016-01-08 00:48:06','2016-01-08 02:05:50'),(18,'20:32:00','2016-01-01',1,54,13,3,1,109,348,3,68,0,0,0,1,'2016-01-08 02:22:52','2016-01-08 02:36:38'),(19,'13:00:00','2015-12-30',1,55,54,1,1,143,0,9,0,0,0,0,1,'2016-01-08 03:02:06','2016-01-08 03:03:13'),(20,'19:52:00','2015-12-28',1,56,150,1,1,144,0,5,3,0,0,0,1,'2016-01-08 03:19:15','2016-01-08 03:20:28'),(21,'11:22:00','2015-12-31',1,21,139,2,1,140,0,9,3,0,0,0,1,'2016-01-08 07:36:03','2016-01-08 07:37:05'),(22,'11:57:00','2015-12-31',1,27,139,2,1,136,0,9,5,0,0,0,1,'2016-01-08 07:42:26','2016-01-08 07:43:37'),(23,'12:00:00','2015-12-29',1,26,139,2,1,140,0,9,19,0,0,0,1,'2016-01-08 07:45:05','2016-01-08 07:45:58'),(24,'09:41:00','2016-01-02',1,28,139,2,1,145,0,9,6,0,0,0,1,'2016-01-08 07:49:23','2016-01-08 07:49:54'),(25,'11:10:00','2016-01-01',1,57,139,2,1,146,0,9,3,0,0,0,1,'2016-01-08 07:54:09','2016-01-08 07:58:42'),(26,'13:34:00','2015-12-28',1,57,139,2,1,146,0,9,2,0,0,0,1,'2016-01-08 08:00:16','2016-01-08 08:00:54'),(27,'16:50:00','2015-12-29',1,58,139,2,1,145,0,9,1,0,0,0,1,'2016-01-08 08:04:42','2016-01-08 08:05:22'),(28,'19:30:00','2015-12-30',1,59,106,1,2,7,0,1,7,0,0,0,1,'2016-01-09 01:33:50','2016-01-09 01:35:26'),(29,'12:57:00','2016-01-02',1,60,128,1,1,44,0,3,0,0,0,8,1,'2016-01-09 01:42:07','2016-01-09 01:44:55'),(30,'15:00:00','2015-12-21',1,61,153,1,2,8,0,3,0,0,0,0,1,'2016-01-09 01:59:18','2016-01-11 18:15:16'),(31,'20:25:00','2016-01-01',1,16,40,3,1,9,747,3,53,0,0,0,1,'2016-01-09 02:09:37','2016-01-09 02:11:23'),(32,'09:16:00','2016-01-02',1,15,40,3,1,147,970,4,113,0,0,0,1,'2016-01-09 02:14:25','2016-01-09 02:15:32'),(33,'21:05:00','2016-01-01',1,4,124,3,1,12,316,8,116,0,0,0,1,'2016-01-09 02:19:10','2016-01-09 02:20:18'),(34,'09:05:00','2016-01-02',1,2,124,3,1,12,312,3,80,0,0,0,1,'2016-01-09 02:22:50','2016-01-09 02:23:34'),(35,'17:15:00','2016-01-02',1,62,154,1,1,9,0,3,0,0,0,0,1,'2016-01-09 02:30:33','2016-01-09 02:31:16'),(36,'15:30:00','2016-01-02',1,15,40,3,1,41,971,8,139,0,0,0,1,'2016-01-09 02:33:16','2016-01-09 02:34:04'),(37,'16:54:00','2016-01-02',1,14,40,3,1,18,745,3,135,0,0,0,1,'2016-01-09 02:37:43','2016-01-09 02:38:27'),(38,'17:50:00','2016-01-02',1,63,155,1,1,148,0,12,0,0,0,0,1,'2016-01-09 02:44:16','2016-01-09 02:45:00'),(39,'14:07:00','2016-01-02',1,59,106,1,1,149,0,8,5,0,0,0,1,'2016-01-09 02:52:53','2016-01-09 02:57:10'),(40,'08:00:00','2016-01-03',1,64,156,1,1,150,0,11,0,0,0,0,1,'2016-01-09 03:48:01','2016-01-09 03:48:35'),(41,'08:00:00','2016-01-03',1,65,157,1,1,151,0,11,1,0,0,0,1,'2016-01-09 04:40:12','2016-01-09 04:41:00'),(42,'08:30:00','2016-01-03',1,66,158,1,1,152,0,5,2,0,0,0,1,'2016-01-09 04:56:39','2016-01-09 04:57:23'),(43,'16:30:00','2016-01-02',1,53,101,1,1,96,0,7,0,0,0,0,1,'2016-01-09 05:20:55','2016-01-09 05:22:07'),(44,'14:36:00','2016-01-02',1,40,63,3,1,93,2352,8,86,0,0,0,1,'2016-01-09 05:31:08','2016-01-09 05:34:50'),(45,'16:46:00','2016-01-02',1,43,63,3,1,98,2384,3,90,0,0,0,1,'2016-01-09 05:38:49','2016-01-09 05:39:48'),(46,'11:00:00','2015-12-23',1,67,148,1,2,156,0,23,0,0,0,0,1,'2016-01-10 20:00:46','2016-01-10 20:05:20'),(47,'09:50:00','2016-01-03',1,68,156,1,1,157,0,9,0,0,0,0,1,'2016-01-10 20:24:50','2016-01-10 20:25:45'),(48,'10:05:00','2016-01-03',1,69,156,1,1,158,0,9,0,0,0,0,1,'2016-01-10 20:29:04','2016-01-10 20:29:43'),(49,'16:30:00','2015-12-31',1,70,58,1,1,159,0,8,0,0,0,0,1,'2016-01-10 20:35:11','2016-01-10 20:35:35'),(50,'18:10:00','2016-01-02',1,2,124,3,1,12,306,3,97,0,0,0,1,'2016-01-10 20:38:26','2016-01-10 20:39:22'),(51,'08:58:00','2016-01-03',1,4,124,3,1,12,312,3,114,0,0,0,1,'2016-01-10 20:43:56','2016-01-10 20:46:03'),(52,'20:20:00','2016-01-02',1,11,40,3,1,38,747,3,101,0,0,0,1,'2016-01-10 20:48:17','2016-01-10 20:49:02'),(53,'08:52:00','2016-01-03',1,15,40,3,1,6,970,4,105,0,0,0,1,'2016-01-10 20:55:18','2016-01-10 20:56:06'),(54,'10:33:00','2016-01-03',1,71,63,2,1,160,2970,3,10,0,0,0,1,'2016-01-10 21:00:37','2016-01-10 21:01:23'),(55,'14:39:00','2016-01-03',1,43,63,3,1,85,2352,8,91,0,0,0,1,'2016-01-10 21:03:02','2016-01-10 21:03:39'),(56,'15:55:00','2016-01-03',1,44,63,3,1,67,2384,3,84,0,0,0,1,'2016-01-11 00:48:10','2016-01-11 00:48:56'),(57,'16:00:00','2016-01-03',1,15,40,3,1,161,971,8,122,0,0,0,1,'2016-01-11 00:52:48','2016-01-11 00:53:39'),(58,'16:44:00','2016-01-03',1,11,40,3,1,162,745,3,163,0,0,0,1,'2016-01-11 00:57:08','2016-01-11 00:57:54'),(59,'23:30:00','2016-01-03',1,72,15,1,1,163,0,3,0,0,0,0,1,'2016-01-11 01:02:20','2016-01-11 01:18:55'),(61,'21:25:00','2016-01-03',1,73,45,2,1,164,803,4,86,0,0,0,1,'2016-01-11 01:30:20','2016-01-11 01:31:29'),(62,'06:55:00','2016-01-02',1,6,13,3,1,165,342,3,87,0,0,0,1,'2016-01-11 01:35:33','2016-01-11 01:36:55'),(63,'20:05:00','2016-01-03',1,5,13,3,1,110,348,3,114,0,0,0,1,'2016-01-11 01:39:56','2016-01-11 01:40:51'),(64,'11:12:00','2016-01-03',1,53,101,1,1,153,0,7,0,0,0,0,1,'2016-01-11 01:42:10','2016-01-11 01:42:43'),(65,'13:08:00','2016-01-02',1,74,54,1,1,166,0,9,0,0,0,0,1,'2016-01-11 01:47:40','2016-01-11 01:48:15'),(66,'15:21:00','2016-01-03',1,75,159,1,1,167,0,21,5,0,0,0,1,'2016-01-11 01:54:28','2016-01-11 01:55:00'),(67,'09:55:00','2016-01-04',1,76,160,1,1,168,0,8,1,0,0,0,1,'2016-01-11 02:03:41','2016-01-11 02:04:21'),(68,'16:24:00','2015-12-30',1,77,74,1,1,144,0,5,0,0,0,0,1,'2016-01-11 02:19:36','2016-01-11 02:22:36'),(69,'10:54:00','2016-01-04',1,78,161,1,1,169,0,47,2,0,0,0,1,'2016-01-14 00:47:53','2016-01-14 00:49:03'),(70,'09:00:00','2016-01-04',1,15,40,3,1,39,970,4,71,0,0,0,1,'2016-01-14 01:01:01','2016-01-14 01:01:49'),(71,'17:58:00','2016-01-03',1,2,124,3,1,7,306,3,114,0,0,0,1,'2016-01-14 01:06:32','2016-01-14 01:26:57'),(72,'20:46:00','2016-01-03',1,2,124,3,1,7,316,8,119,0,0,0,1,'2016-01-14 01:43:32','2016-01-14 01:45:39'),(73,'08:52:00','2016-01-04',1,2,124,3,1,7,61,3,61,0,0,0,1,'2016-01-14 01:48:18','2016-01-14 01:49:32'),(74,'13:18:00','2016-01-04',1,79,162,1,2,171,0,25,0,0,0,0,1,'2016-01-14 02:20:45','2016-01-14 02:21:32'),(75,'11:29:00','2016-01-02',1,26,139,2,1,138,0,9,19,0,0,0,1,'2016-01-14 03:02:54','2016-01-14 03:03:47'),(76,'12:15:00','2016-01-02',1,21,139,2,1,136,0,9,19,0,0,0,1,'2016-01-14 03:05:17','2016-01-14 03:07:07'),(77,'11:20:00','2016-01-02',1,27,139,2,1,139,0,9,15,0,0,0,1,'2016-01-14 03:10:35','2016-01-14 03:11:13'),(78,'12:47:00','2016-01-03',1,27,139,2,1,135,0,9,7,0,0,0,1,'2016-01-14 03:12:17','2016-01-14 03:12:48'),(79,'11:57:00','2016-01-03',1,21,139,2,1,136,0,9,16,0,0,0,1,'2016-01-14 03:14:01','2016-01-14 03:15:48'),(80,'12:49:00','2016-01-03',1,26,139,2,1,138,0,9,19,0,0,0,1,'2016-01-14 03:16:57','2016-01-14 03:17:21'),(81,'14:38:00','2016-01-04',1,49,63,3,1,172,2352,8,100,0,0,0,1,'2016-01-14 03:19:49','2016-01-14 03:20:38'),(82,'15:01:00','2016-01-04',1,50,63,3,1,63,2384,3,93,0,0,0,1,'2016-01-14 03:25:29','2016-01-14 03:26:16'),(83,'15:44:00','2016-01-04',1,14,40,3,1,6,971,8,138,0,0,0,1,'2016-01-14 03:28:51','2016-01-14 03:29:36'),(84,'10:33:00','2016-01-03',1,24,125,2,1,134,0,7,0,0,0,0,1,'2016-01-14 03:31:17','2016-01-14 03:31:51'),(85,'06:49:00','2016-01-04',1,54,13,3,1,173,342,3,114,0,0,0,1,'2016-01-14 03:34:31','2016-01-14 03:35:26'),(86,'13:19:00','2016-01-02',1,56,150,1,2,144,0,10,0,0,0,0,1,'2016-01-14 03:37:25','2016-01-14 03:38:16'),(87,'10:30:00','2016-01-04',1,24,125,2,1,134,0,7,0,0,0,0,1,'2016-01-14 03:39:38','2016-01-14 03:40:15'),(88,'21:04:00','2016-01-04',1,5,13,3,1,109,348,3,124,0,0,0,1,'2016-01-14 03:41:39','2016-01-14 03:42:54'),(89,'10:00:00','2016-01-04',1,80,163,1,1,174,0,8,19,0,0,0,1,'2016-01-14 03:49:41','2016-01-14 03:50:18'),(90,'21:30:00','2016-01-04',1,73,45,2,1,175,803,4,96,0,0,0,1,'2016-01-14 03:53:23','2016-01-14 03:54:03'),(92,'11:00:00','2016-01-04',1,53,101,1,1,141,0,7,0,0,0,0,1,'2016-01-14 04:05:48','2016-01-14 04:09:51'),(93,'08:17:00','2016-01-05',1,55,54,1,1,143,0,9,2,0,0,0,1,'2016-01-14 17:46:13','2016-01-14 17:47:35'),(94,'08:10:00','2016-01-05',1,81,164,1,1,176,0,5,0,0,0,0,1,'2016-01-14 17:55:34','2016-01-14 17:57:10'),(95,'13:06:00','2016-01-02',1,82,54,1,1,177,0,9,4,0,0,0,1,'2016-01-14 18:02:10','2016-01-14 18:02:46'),(96,'17:50:00','2016-01-04',1,83,165,1,1,178,0,5,0,0,0,0,1,'2016-01-14 18:11:51','2016-01-14 18:12:44'),(97,'09:08:00','2016-01-05',1,84,166,1,1,179,0,3,1,0,0,0,1,'2016-01-14 18:21:02','2016-01-14 18:21:34'),(98,'10:10:00','2016-01-05',1,85,80,1,1,180,0,5,1,0,0,0,1,'2016-01-14 18:26:50','2016-01-14 18:28:00'),(99,'08:55:00','2016-01-05',1,86,22,1,1,181,0,9,7,0,0,0,1,'2016-01-14 18:35:09','2016-01-14 18:36:03'),(100,'10:26:00','2016-01-05',1,87,167,1,1,182,0,6,1,0,0,0,1,'2016-01-14 18:41:33','2016-01-14 18:42:41'),(101,'11:05:00','2016-01-05',1,88,121,1,2,183,0,1,7,0,0,0,1,'2016-01-14 18:50:12','2016-01-14 18:52:55'),(102,'11:39:00','2016-01-05',1,89,121,1,2,184,0,1,5,0,0,0,1,'2016-01-14 18:56:06','2016-01-14 18:57:11'),(103,'12:28:00','2016-01-04',1,21,139,2,1,140,0,9,19,0,0,0,1,'2016-01-14 18:58:20','2016-01-14 18:59:32'),(104,'12:08:00','2016-01-04',1,26,139,2,1,138,0,9,18,0,0,0,1,'2016-01-14 19:01:51','2016-01-14 19:03:00'),(105,'11:25:00','2016-01-04',1,27,139,2,1,135,0,9,17,0,0,0,1,'2016-01-14 19:04:30','2016-01-14 19:05:43'),(106,'20:50:00','2016-01-04',1,16,40,3,1,24,747,3,136,0,0,0,1,'2016-01-14 19:07:38','2016-01-14 19:09:03'),(107,'09:22:00','2016-01-05',1,14,40,3,1,185,970,4,86,0,0,0,1,'2016-01-14 19:12:17','2016-01-14 19:13:13'),(108,'13:30:00','2016-01-05',1,90,168,1,2,186,0,28,2,0,0,0,1,'2016-01-14 19:21:29','2016-01-14 19:22:24'),(109,'14:00:00','2016-01-05',1,91,139,2,1,137,0,9,2,0,0,2,1,'2016-01-14 19:26:31','2016-01-14 19:27:25'),(110,'14:30:00','2016-01-05',1,64,156,1,1,150,0,9,5,0,0,0,1,'2016-01-14 19:29:32','2016-01-14 19:30:12'),(111,'14:32:00','2016-01-05',1,92,156,1,1,187,0,9,5,0,0,0,1,'2016-01-14 19:36:29','2016-01-14 19:37:04'),(112,'10:15:00','2016-01-05',1,62,154,1,1,154,0,8,8,0,0,0,1,'2016-01-14 19:38:39','2016-01-14 19:39:42'),(113,'14:37:00','2016-01-05',1,49,63,3,1,188,2352,8,95,0,0,0,1,'2016-01-14 19:43:33','2016-01-14 19:44:13'),(114,'14:56:00','2016-01-05',1,45,63,3,1,133,2384,3,98,0,0,0,1,'2016-01-14 19:48:39','2016-01-14 19:49:34'),(115,'16:16:00','2016-01-04',1,4,124,3,1,11,311,3,116,0,0,0,1,'2016-01-14 19:51:16','2016-01-14 19:51:56'),(116,'20:03:00','2016-01-04',1,4,124,3,1,11,306,3,93,0,0,0,1,'2016-01-14 19:53:38','2016-01-14 19:54:35'),(117,'08:57:00','2016-01-05',1,4,124,3,1,12,312,3,85,0,0,0,1,'2016-01-14 19:56:08','2016-01-14 20:03:05'),(118,'09:05:00','2016-01-05',1,93,12,1,1,189,0,4,0,0,0,0,1,'2016-01-14 20:07:44','2016-01-14 20:08:13'),(119,'15:32:00','2016-01-05',1,16,40,3,1,161,971,8,133,0,0,0,1,'2016-01-14 20:09:28','2016-01-14 20:10:05'),(120,'17:00:00','2016-01-05',1,11,40,3,1,49,745,3,150,0,0,0,1,'2016-01-14 20:11:32','2016-01-14 20:12:13'),(121,'12:15:00','2016-01-05',1,67,148,1,2,156,0,11,0,0,0,0,1,'2016-01-14 20:13:57','2016-01-14 20:14:56'),(122,'16:43:00','2016-01-05',1,56,150,1,1,144,0,5,1,0,0,0,1,'2016-01-14 20:17:42','2016-01-14 20:18:28'),(123,'16:00:00','2016-01-05',1,75,159,1,1,167,0,18,1,0,0,0,1,'2016-01-14 20:21:20','2016-01-14 20:22:00'),(124,'15:00:00','2015-12-29',1,94,168,1,1,190,0,9,2,0,0,0,1,'2016-01-14 20:26:50','2016-01-14 20:27:28'),(125,'08:05:00','2016-01-06',1,25,24,1,1,191,0,5,2,0,0,0,1,'2016-01-14 20:30:52','2016-01-14 20:36:16'),(126,'23:30:00','2016-01-05',1,86,22,1,1,181,0,3,0,0,0,0,1,'2016-01-14 20:37:22','2016-01-14 20:43:29'),(127,'14:30:00','2016-01-03',1,59,106,1,1,149,0,3,0,0,0,0,1,'2016-01-14 20:44:39','2016-01-14 20:45:21'),(128,'12:28:00','2016-01-05',1,55,54,1,1,192,0,9,4,0,0,0,1,'2016-01-14 20:47:59','2016-01-14 20:48:42'),(129,'11:38:00','2016-01-06',1,95,169,1,1,193,0,5,0,0,0,0,1,'2016-01-14 20:53:30','2016-01-14 20:54:09'),(130,'13:03:00','2016-01-06',1,69,156,1,1,158,0,9,5,0,0,0,1,'2016-01-14 20:55:24','2016-01-14 20:55:47'),(131,'21:05:00','2016-01-01',1,73,45,2,1,194,803,4,36,0,0,0,1,'2016-01-14 20:59:12','2016-01-14 21:00:15'),(132,'21:10:00','2016-01-05',1,96,45,3,1,195,803,4,72,0,0,0,1,'2016-01-14 21:06:52','2016-01-14 21:07:34'),(133,'20:34:00','2016-01-05',1,5,13,3,1,109,348,3,118,0,0,0,1,'2016-01-14 21:09:08','2016-01-14 21:10:04'),(134,'06:50:00','2016-01-05',1,54,13,3,1,119,342,3,80,0,0,0,1,'2016-01-14 21:11:21','2016-01-14 21:12:36'),(135,'16:30:00','2016-01-05',1,4,124,3,1,12,311,3,119,0,0,0,1,'2016-01-14 23:50:43','2016-01-14 23:51:56'),(136,'12:53:00','2015-12-26',1,58,139,2,1,145,0,9,0,0,0,0,1,'2016-01-15 03:15:20','2016-01-15 03:16:30'),(137,'20:46:00','2016-01-03',1,16,40,3,1,31,747,3,137,0,0,0,1,'2016-01-15 03:23:21','2016-01-15 03:31:23'),(138,'11:05:00','2015-12-29',1,97,54,1,1,177,0,9,0,0,0,0,1,'2016-01-15 03:34:56','2016-01-15 03:35:37'),(139,'20:05:00','2016-01-05',1,4,124,3,1,13,306,3,89,0,0,0,1,'2016-01-15 20:02:19','2016-01-15 20:03:11'),(140,'09:43:00','2016-01-06',1,2,124,3,1,7,312,3,77,0,0,0,1,'2016-01-15 20:49:18','2016-01-15 20:50:05'),(141,'21:06:00','2016-01-05',1,14,40,3,1,22,747,3,140,0,0,0,1,'2016-01-15 20:53:10','2016-01-15 20:53:49'),(142,'09:20:00','2016-01-06',1,16,40,3,1,31,970,4,88,0,0,0,1,'2016-01-15 20:57:39','2016-01-15 20:58:35'),(143,'15:10:00','2016-01-06',1,67,148,1,2,156,0,23,8,0,0,0,1,'2016-01-15 21:03:53','2016-01-15 21:05:04'),(144,'12:00:00','2016-01-05',1,27,139,2,1,135,0,9,10,0,0,0,1,'2016-01-15 21:06:30','2016-01-15 21:07:12'),(145,'11:45:00','2016-01-05',1,21,139,2,1,140,0,9,19,0,0,0,1,'2016-01-15 21:08:36','2016-01-15 21:09:04'),(146,'12:30:00','2016-01-05',1,26,139,2,1,136,0,9,19,0,0,0,1,'2016-01-15 21:11:55','2016-01-15 21:12:19'),(147,'11:10:00','2016-01-06',1,27,139,2,1,140,0,9,19,0,0,0,1,'2016-01-15 21:16:52','2016-01-15 21:17:24'),(148,'15:00:00','2016-01-06',1,50,63,3,1,92,2384,3,82,0,0,0,1,'2016-01-16 00:51:32','2016-01-16 00:54:11'),(149,'15:57:00','2016-01-06',1,45,63,3,1,70,2352,8,100,0,0,0,1,'2016-01-16 00:55:47','2016-01-16 00:56:38'),(150,'16:44:00','2016-01-06',1,16,40,3,1,42,971,8,139,0,0,0,1,'2016-01-16 00:58:08','2016-01-16 00:58:54'),(151,'16:06:00','2016-01-06',1,14,40,3,1,6,745,3,126,0,0,0,1,'2016-01-16 01:00:43','2016-01-16 01:02:03'),(152,'18:00:00','2016-01-06',1,98,170,1,1,196,0,5,3,0,0,0,1,'2016-01-16 01:08:26','2016-01-16 01:08:52'),(153,'14:30:00','2016-01-06',1,69,156,1,1,158,0,9,0,0,0,0,1,'2016-01-16 01:11:01','2016-01-16 01:11:54'),(154,'21:20:00','2016-01-06',1,62,154,1,1,154,0,5,0,0,0,0,1,'2016-01-16 01:13:13','2016-01-16 01:13:40'),(155,'16:55:00','2015-12-29',1,99,116,1,2,197,0,3,4,0,0,0,1,'2016-01-16 01:47:51','2016-01-16 01:48:21'),(156,'07:11:00','2016-01-06',1,6,13,3,1,103,342,3,56,0,0,0,1,'2016-01-16 01:51:43','2016-01-16 02:02:40'),(157,'06:55:00','2016-01-07',1,54,13,3,1,108,342,3,71,0,0,0,1,'2016-01-16 02:04:54','2016-01-16 02:05:56'),(158,'22:30:00','2016-01-06',1,67,148,1,2,156,0,23,8,0,0,0,1,'2016-01-16 02:32:52','2016-01-16 02:33:47'),(159,'16:45:00','2016-01-06',1,3,124,3,1,198,311,3,119,0,0,0,1,'2016-01-16 23:26:06','2016-01-16 23:27:29'),(160,'22:05:00','2016-01-06',1,3,124,3,1,198,306,3,94,0,0,0,1,'2016-01-16 23:29:40','2016-01-16 23:49:56'),(161,'08:40:00','2016-01-07',1,4,124,3,1,11,312,3,74,0,0,0,1,'2016-01-17 00:03:12','2016-01-17 00:03:58'),(162,'10:33:00','2016-01-07',1,100,171,1,1,199,0,38,2,0,0,0,1,'2016-01-17 00:12:46','2016-01-17 00:13:21'),(163,'21:16:00','2016-01-06',1,15,40,3,1,20,747,3,129,0,0,0,1,'2016-01-17 00:15:51','2016-01-17 00:17:31'),(164,'17:00:00','2016-01-06',1,101,172,1,2,200,0,25,1,0,0,0,1,'2016-01-17 00:31:22','2016-01-17 00:31:50'),(165,'11:45:00','2016-01-07',1,76,160,1,1,168,0,5,3,0,0,0,1,'2016-01-17 00:44:39','2016-01-17 00:45:13'),(166,'17:57:00','2016-01-06',1,102,174,1,1,201,0,5,2,0,0,0,1,'2016-01-17 01:45:14','2016-01-17 01:49:07'),(167,'12:31:00','2016-01-07',1,64,156,1,1,150,0,9,1,0,0,0,1,'2016-01-17 01:52:33','2016-01-17 01:53:03'),(168,'12:33:00','2016-01-07',1,68,156,1,1,157,0,9,5,0,0,0,1,'2016-01-17 01:57:25','2016-01-17 01:57:58'),(169,'12:40:00','2016-01-07',1,69,156,1,1,158,0,9,5,0,0,0,1,'2016-01-17 01:59:07','2016-01-22 01:31:53'),(172,'12:00:00','2016-01-07',1,55,54,1,1,192,0,9,5,0,0,0,1,'2016-01-22 01:33:22','2016-02-02 16:55:24'),(174,'19:31:01','2016-02-01',1,52,NULL,4,NULL,NULL,0,NULL,0,0,0,0,1,'2016-02-02 04:31:21','2016-02-02 04:31:36'),(175,'15:19:00','2016-01-05',1,23,130,1,2,202,0,27,4,0,0,0,1,'2016-02-02 16:57:49','2016-02-02 16:58:20'),(176,'12:38:00','2016-01-07',1,103,175,1,1,203,0,5,2,0,0,0,1,'2016-02-02 17:04:56','2016-02-02 17:05:27'),(177,'12:35:00','2016-01-07',1,104,175,1,1,204,0,66,2,0,0,0,1,'2016-02-02 17:09:51','2016-02-02 17:10:18'),(178,'18:39:00','2015-12-30',1,105,6,1,1,205,0,8,0,0,0,0,1,'2016-02-02 17:23:09','2016-02-02 17:23:53'),(179,'13:40:00','2016-01-07',1,106,176,1,1,206,0,29,2,0,0,0,1,'2016-02-02 17:30:21','2016-02-02 17:30:48'),(180,'13:40:00','2016-01-07',1,107,177,1,1,207,0,6,1,0,0,0,1,'2016-02-02 17:36:13','2016-02-02 17:36:46'),(181,'15:50:00','2015-12-31',1,86,22,1,1,181,0,3,0,0,0,0,1,'2016-02-02 17:38:03','2016-02-02 17:38:55'),(182,'15:23:00','2016-01-06',1,86,22,1,1,181,0,3,0,0,0,0,1,'2016-02-02 17:41:04','2016-02-02 17:41:42'),(183,'09:18:00','2016-01-07',1,16,40,3,1,38,970,4,104,0,0,0,1,'2016-02-02 17:43:30','2016-02-02 17:52:46'),(184,'15:23:00','2016-01-07',1,47,63,3,1,90,2352,8,103,0,0,0,1,'2016-02-02 18:21:54','2016-02-02 18:23:39'),(185,'15:13:00','2016-01-07',1,50,63,3,1,80,2384,3,94,0,0,0,1,'2016-02-02 18:25:07','2016-02-02 18:25:44'),(186,'11:29:00','2016-01-07',1,108,63,2,1,208,3032,9,0,0,0,0,1,'2016-02-02 18:56:19','2016-02-02 19:12:10'),(187,'15:45:00','2016-01-07',1,16,40,3,1,40,971,8,134,0,0,0,1,'2016-02-02 19:15:48','2016-02-02 19:16:33'),(188,'14:30:00','2016-01-06',1,27,139,2,1,140,0,9,19,0,0,0,1,'2016-02-02 19:18:11','2016-02-02 19:18:39'),(189,'11:46:00','2016-01-06',1,26,139,2,1,138,0,9,19,0,0,0,1,'2016-02-02 19:25:28','2016-02-02 19:26:25'),(192,'20:00:00','2016-01-31',1,109,74,1,1,209,0,41,5,0,0,0,1,'2016-02-02 23:32:28','2016-02-02 23:33:10'),(193,'12:09:00','2016-01-07',1,74,54,1,1,166,0,9,7,0,0,0,1,'2016-02-02 23:43:08','2016-02-02 23:44:18'),(194,'15:29:00','2016-01-05',1,53,101,1,1,141,0,7,1,0,0,0,1,'2016-02-02 23:56:54','2016-02-02 23:57:37'),(195,'13:50:00','2016-01-07',1,53,101,1,1,141,0,7,1,0,0,0,1,'2016-02-02 23:59:38','2016-02-03 00:13:50'),(196,'12:04:00','2016-01-07',1,82,54,1,1,146,0,9,5,0,0,0,1,'2016-02-03 00:17:47','2016-02-03 00:18:25'),(197,'22:33:00','2016-01-07',1,86,22,1,1,181,0,3,0,0,0,0,1,'2016-02-03 00:19:50','2016-02-03 00:20:22'),(198,'11:40:00','2016-01-06',1,28,139,2,1,210,0,9,0,0,0,0,1,'2016-02-03 00:30:09','2016-02-03 00:30:43'),(199,'17:10:00','2016-01-07',1,110,121,1,1,211,0,5,2,0,0,0,1,'2016-02-03 00:34:45','2016-02-03 00:35:27'),(200,'11:10:00','2016-01-08',1,62,154,1,1,154,0,5,5,0,0,0,1,'2016-02-03 00:37:03','2016-02-03 00:37:34'),(201,'10:30:00','2016-01-08',1,95,178,1,1,212,0,14,0,0,0,0,1,'2016-02-03 00:46:26','2016-02-03 00:47:05'),(202,'11:12:00','2016-01-08',1,111,179,1,1,169,0,5,0,0,0,0,1,'2016-02-03 00:52:30','2016-02-03 00:53:51'),(203,'11:21:00','2016-01-07',1,27,139,2,1,140,0,9,19,0,0,0,1,'2016-02-03 00:56:34','2016-02-03 00:58:31'),(204,'12:17:00','2016-01-07',1,28,139,2,1,138,0,9,10,0,0,0,1,'2016-02-03 01:00:41','2016-02-03 01:01:38'),(205,'12:48:00','2016-01-08',1,112,180,1,1,213,0,4,1,0,0,0,1,'2016-02-03 01:07:30','2016-02-03 01:08:00'),(206,'12:00:00','2016-01-06',1,21,139,2,1,135,0,9,19,0,0,0,1,'2016-02-03 01:11:03','2016-02-03 01:12:43'),(207,'11:00:00','2016-01-08',1,113,181,1,2,202,0,24,0,0,0,0,1,'2016-02-03 01:54:26','2016-02-03 01:55:03'),(208,'18:32:00','2016-01-08',1,59,106,1,1,149,0,3,7,0,0,0,1,'2016-02-03 02:04:56','2016-02-03 02:05:50'),(209,'15:20:00','2016-01-08',1,53,101,1,1,141,0,7,2,0,0,0,1,'2016-02-03 02:08:09','2016-02-03 02:08:49'),(210,'16:42:00','2016-01-08',1,67,148,1,2,156,0,23,5,0,0,0,1,'2016-02-03 02:11:26','2016-02-03 02:11:54'),(211,'17:30:00','2016-01-02',1,60,128,1,1,155,0,69,0,0,0,0,1,'2016-02-03 02:19:59','2016-02-03 02:20:41'),(212,'12:00:00','2016-01-08',1,28,139,2,1,136,0,9,19,0,0,0,1,'2016-02-03 02:21:59','2016-02-03 03:41:40'),(213,'11:55:00','2016-01-08',1,21,139,2,1,138,0,9,15,0,0,0,1,'2016-02-03 03:42:57','2016-02-03 03:43:43'),(214,'09:50:00','2016-01-09',1,114,182,1,2,214,0,1,6,0,0,0,1,'2016-02-03 18:17:57','2016-02-03 18:18:30'),(215,'06:50:00','2016-01-08',1,6,13,3,1,119,342,3,79,0,0,0,1,'2016-02-03 18:31:31','2016-02-03 18:32:28'),(216,'21:45:00','2016-01-06',1,96,45,3,1,164,803,4,78,0,0,0,1,'2016-02-03 18:34:07','2016-02-03 18:34:55'),(217,'21:20:00','2016-01-07',1,96,45,3,1,215,802,4,68,0,0,0,1,'2016-02-03 18:38:30','2016-02-03 18:39:05'),(218,'21:15:00','2016-01-08',1,115,45,3,1,216,803,4,92,0,0,0,1,'2016-02-03 18:42:21','2016-02-03 18:42:57'),(219,'22:19:00','2016-01-07',1,5,13,3,1,110,348,3,117,0,0,0,1,'2016-02-03 18:44:12','2016-02-03 18:44:51'),(220,'20:50:00','2016-01-07',1,2,124,3,1,10,306,3,76,0,0,0,1,'2016-02-03 18:52:39','2016-02-03 18:53:04'),(221,'09:00:00','2016-01-08',1,4,124,3,1,13,312,3,76,0,0,0,1,'2016-02-03 18:54:49','2016-02-03 18:55:43'),(222,'17:53:00','2016-01-08',1,3,124,3,1,217,311,3,113,0,0,0,1,'2016-02-03 18:58:18','2016-02-03 18:58:50'),(223,'18:42:00','2016-01-08',1,2,124,3,1,11,306,3,115,0,0,0,1,'2016-02-03 18:59:51','2016-02-03 19:00:16'),(224,'20:40:00','2016-01-07',1,14,40,3,1,19,747,3,126,0,0,0,1,'2016-02-03 19:01:25','2016-02-03 19:01:50'),(225,'09:27:00','2016-01-08',1,16,40,3,1,31,970,4,112,0,0,0,1,'2016-02-03 19:03:29','2016-02-03 19:03:55'),(226,'18:36:00','2016-01-08',1,16,40,3,1,131,971,8,138,0,0,0,1,'2016-02-03 19:04:59','2016-02-03 19:05:31'),(227,'18:30:00','2016-01-08',1,11,40,3,1,19,745,3,164,0,0,0,1,'2016-02-03 19:07:00','2016-02-03 19:07:46'),(228,'23:54:00','2016-01-08',1,15,40,3,1,18,747,3,134,0,0,0,1,'2016-02-03 19:08:53','2016-02-03 19:11:07'),(229,'12:30:00','2016-01-09',1,116,183,1,1,55,0,5,0,0,0,0,1,'2016-02-03 19:14:14','2016-02-03 19:14:37'),(230,'13:10:00','2016-01-09',1,75,159,1,1,167,0,21,0,0,0,0,1,'2016-02-03 19:15:51','2016-02-03 19:16:12'),(231,'09:29:00','2016-01-09',1,16,40,3,1,6,970,4,110,0,0,0,1,'2016-02-03 19:17:22','2016-02-03 19:18:10'),(232,'15:00:00','2016-01-08',1,49,63,3,1,73,2384,3,97,0,0,0,1,'2016-02-03 19:19:28','2016-02-03 19:19:56'),(233,'18:15:00','2016-01-08',1,47,63,3,1,172,2352,8,103,0,0,0,1,'2016-02-03 19:21:16','2016-02-03 19:21:48'),(234,'15:00:00','2016-01-09',1,60,128,1,1,159,0,18,0,0,0,0,1,'2016-02-03 19:23:01','2016-02-03 19:23:30'),(235,'20:55:00','2016-01-08',1,86,22,1,1,181,0,3,0,0,0,0,1,'2016-02-03 19:25:32','2016-02-03 19:25:56'),(236,'14:27:00','2016-01-09',1,50,63,3,1,89,2352,8,102,0,0,0,1,'2016-02-03 19:27:09','2016-02-03 19:27:40'),(237,'14:58:00','2016-01-09',1,40,63,3,1,73,2384,3,96,0,0,0,1,'2016-02-03 19:28:49','2016-02-03 19:29:18'),(238,'16:31:00','2016-01-09',1,16,40,3,1,185,971,8,140,0,0,0,1,'2016-02-03 19:30:21','2016-02-03 19:30:50'),(239,'16:24:00','2016-01-09',1,11,40,3,1,31,745,3,165,0,0,0,1,'2016-02-03 19:31:54','2016-02-03 19:32:21'),(240,'21:25:00','2016-01-08',1,2,124,3,1,11,316,8,110,0,0,0,1,'2016-02-03 19:33:23','2016-02-03 19:33:51'),(241,'08:53:00','2016-01-09',1,4,124,3,1,11,312,3,94,0,0,0,1,'2016-02-03 19:35:01','2016-02-03 19:35:35'),(242,'11:58:00','2015-12-30',1,117,101,1,1,218,0,7,0,0,0,0,1,'2016-02-03 19:39:46','2016-02-03 19:40:12'),(243,'21:10:00','2016-01-09',1,9,40,3,1,22,747,3,165,0,0,0,1,'2016-02-03 19:41:15','2016-02-03 19:41:41'),(244,'09:48:00','2016-01-10',1,16,40,3,1,45,970,4,116,0,0,0,1,'2016-02-03 19:42:59','2016-02-03 19:43:24'),(245,'17:45:00','2016-01-07',1,2,124,3,1,10,311,3,119,0,0,0,1,'2016-02-03 19:46:52','2016-02-03 19:48:01'),(246,'19:18:00','2016-01-09',1,4,124,3,1,198,306,3,96,0,0,0,1,'2016-02-03 19:52:01','2016-02-11 00:24:22'),(247,'09:20:00','2016-01-10',1,4,124,3,1,198,312,3,84,0,0,0,1,'2016-02-03 20:01:09','2016-02-03 20:01:37'),(248,'11:20:00','2016-01-10',1,75,159,1,1,167,0,68,5,0,0,0,1,'2016-02-03 20:02:54','2016-02-03 20:03:26'),(249,'18:49:00','2016-01-09',1,56,150,1,1,144,0,41,3,0,0,0,1,'2016-02-03 20:04:33','2016-02-03 20:05:14'),(250,'14:00:00','2016-01-10',1,118,184,1,2,219,0,1,6,0,0,0,1,'2016-02-03 20:10:44','2016-02-03 20:11:02'),(251,'18:20:00','2016-01-09',1,62,154,1,1,154,0,5,4,0,0,0,1,'2016-02-03 20:12:17','2016-02-03 20:13:10'),(252,'14:34:00','2016-01-10',1,47,63,3,1,81,2352,8,90,0,0,0,1,'2016-02-03 20:14:08','2016-02-03 20:14:43'),(253,'15:12:00','2016-01-10',1,42,63,3,1,73,2384,3,93,0,0,0,1,'2016-02-03 20:15:45','2016-02-03 20:16:19'),(254,'19:40:00','2016-01-08',1,6,13,3,1,110,348,3,117,0,0,0,1,'2016-02-03 20:18:40','2016-02-03 20:19:38'),(255,'06:50:00','2016-01-09',1,54,13,3,1,103,342,3,83,0,0,0,1,'2016-02-03 20:40:59','2016-02-03 20:41:57'),(256,'16:06:00','2016-01-10',1,16,40,3,1,24,971,8,140,0,0,0,1,'2016-02-03 20:44:05','2016-02-03 20:44:53'),(257,'15:42:00','2016-01-09',1,67,148,1,2,156,0,31,6,0,0,0,1,'2016-02-03 23:28:59','2016-02-03 23:33:35'),(258,'17:30:00','2016-01-09',1,59,106,1,1,149,0,56,8,0,0,0,1,'2016-02-03 23:38:24','2016-02-03 23:51:14'),(259,'11:24:00','2016-01-08',1,74,54,1,1,192,0,9,7,0,0,0,1,'2016-02-04 00:12:11','2016-02-04 00:12:42'),(260,'13:16:00','2016-01-10',1,97,54,1,1,166,0,9,5,0,0,0,1,'2016-02-04 00:17:17','2016-02-04 00:18:22'),(261,'13:00:00','2016-01-08',1,82,54,1,1,177,0,9,5,0,0,0,1,'2016-02-04 00:20:11','2016-02-04 00:20:38'),(262,'09:25:00','2016-01-11',1,80,163,1,1,174,0,8,14,0,0,0,1,'2016-02-04 00:21:53','2016-02-04 00:22:27'),(263,'12:30:00','2016-01-11',1,78,161,1,1,170,0,15,3,0,0,0,1,'2016-02-04 00:24:06','2016-02-04 00:24:39'),(264,'20:25:00','2016-01-10',1,5,13,3,1,110,348,3,101,0,0,0,1,'2016-02-04 00:26:02','2016-02-04 00:26:37'),(265,'18:03:00','2016-01-10',1,3,124,3,1,7,306,3,108,0,0,0,1,'2016-02-04 00:27:49','2016-02-04 00:29:09'),(266,'20:50:00','2016-01-10',1,3,124,3,1,7,316,8,120,0,0,0,1,'2016-02-04 00:30:34','2016-02-04 00:31:28'),(267,'09:00:00','2016-01-11',1,4,124,3,1,198,312,3,97,0,0,0,1,'2016-02-04 00:32:32','2016-02-04 00:33:11'),(268,'21:10:00','2016-01-10',1,14,40,3,1,161,747,3,140,0,0,0,1,'2016-02-04 00:37:47','2016-02-04 00:38:44'),(269,'09:10:00','2016-01-11',1,16,40,3,1,131,970,4,125,0,0,0,1,'2016-02-04 00:39:55','2016-02-04 00:41:12'),(270,'09:20:00','2016-01-11',1,59,106,1,1,149,0,71,5,0,0,0,1,'2016-02-04 00:42:38','2016-02-04 00:43:05'),(271,'11:40:00','2016-01-11',1,82,54,1,1,177,0,9,5,0,0,0,1,'2016-02-04 00:45:20','2016-02-04 00:45:46'),(272,'12:20:00','2016-01-10',1,21,139,2,1,138,0,9,19,0,0,0,1,'2016-02-04 00:47:02','2016-02-04 00:47:44'),(273,'14:45:00','2016-01-11',1,47,63,3,1,64,2352,8,97,0,0,0,1,'2016-02-04 00:51:08','2016-02-04 00:52:14'),(274,'15:21:00','2016-01-11',1,42,63,3,1,89,2384,3,90,0,0,0,1,'2016-02-04 00:53:48','2016-02-04 00:54:42'),(275,'13:45:00','2016-01-11',1,119,185,1,2,220,0,4,5,0,0,0,1,'2016-02-04 01:01:59','2016-02-04 01:02:27'),(276,'15:48:00','2016-01-11',1,16,40,3,1,31,971,8,146,0,0,0,1,'2016-02-04 01:07:21','2016-02-04 01:08:11'),(277,'17:42:00','2016-01-11',1,14,40,3,1,22,745,3,133,0,0,0,1,'2016-02-04 01:09:22','2016-02-04 01:10:03'),(278,'08:35:00','2016-01-06',1,93,12,1,1,221,0,4,0,0,0,0,1,'2016-02-04 01:47:42','2016-02-04 01:48:09'),(279,'17:34:00','2016-01-07',1,105,6,1,1,205,0,8,5,0,0,0,1,'2016-02-04 01:49:35','2016-02-04 01:50:10'),(280,'15:36:00','2016-01-07',1,99,116,1,2,197,0,3,0,0,0,0,1,'2016-02-04 01:51:22','2016-02-04 01:51:46'),(281,'13:00:00','2016-01-10',1,53,101,1,1,141,0,7,2,0,0,0,1,'2016-02-04 01:53:25','2016-02-04 01:54:01'),(282,'16:20:00','2016-01-11',1,80,163,1,1,174,0,29,0,0,0,0,1,'2016-02-04 01:55:57','2016-02-04 01:57:10'),(283,'21:50:00','2016-01-11',1,59,106,1,1,149,0,3,4,0,0,0,1,'2016-02-04 01:59:05','2016-02-04 01:59:27'),(284,'20:13:00','2016-01-11',1,113,181,1,2,181,0,24,3,0,0,0,1,'2016-02-04 02:01:03','2016-02-04 02:01:32'),(285,'21:00:00','2016-01-11',1,15,40,3,1,49,747,3,126,0,0,0,1,'2016-02-04 02:07:27','2016-02-04 02:08:16'),(286,'09:39:00','2016-01-12',1,120,12,2,1,222,0,4,0,0,0,0,1,'2016-02-04 02:18:50','2016-02-04 02:19:24'),(287,'16:35:00','2016-01-11',1,2,124,3,1,13,311,3,114,0,0,0,1,'2016-02-04 02:20:33','2016-02-04 02:21:16'),(288,'20:33:00','2016-01-11',1,3,124,3,1,10,306,3,116,0,0,0,1,'2016-02-04 02:22:36','2016-02-04 02:23:03'),(289,'11:29:00','2016-01-12',1,81,164,1,1,176,0,16,5,0,0,0,1,'2016-02-04 18:48:17','2016-02-04 20:33:14'),(291,'11:12:54','2016-02-04',1,52,NULL,4,NULL,NULL,0,NULL,0,0,0,0,1,'2016-02-04 20:13:02','2016-02-04 20:22:49'),(292,'11:41:00','2016-01-12',1,99,116,1,2,197,0,3,6,0,0,0,1,'2016-02-04 22:44:51','2016-02-04 22:45:26'),(293,'13:51:00','2016-01-11',1,121,17,1,1,223,0,5,0,0,0,0,1,'2016-02-04 22:49:51','2016-02-04 22:50:26'),(294,'16:00:00','2016-01-11',1,103,175,1,1,203,0,9,2,0,0,0,1,'2016-02-04 22:52:56','2016-02-04 22:56:34'),(295,'16:01:00','2016-01-11',1,104,175,1,1,204,0,9,2,0,0,0,1,'2016-02-04 22:58:35','2016-02-04 22:59:10'),(296,'08:44:00','2016-01-12',1,122,186,1,2,224,0,5,3,0,0,0,1,'2016-02-04 23:05:17','2016-02-04 23:06:16'),(297,'10:07:00','2016-01-12',1,123,187,1,2,225,0,23,3,0,0,0,1,'2016-02-04 23:14:58','2016-02-04 23:15:31'),(298,'14:35:00','2016-01-12',1,62,154,1,1,154,0,54,6,0,0,0,1,'2016-02-04 23:18:19','2016-02-04 23:18:53'),(299,'12:00:00','2016-01-09',1,28,139,2,1,136,0,9,13,0,0,0,1,'2016-02-04 23:21:05','2016-02-04 23:22:29'),(300,'12:33:00','2016-01-09',1,21,139,2,1,140,0,9,2,0,0,0,1,'2016-02-04 23:26:41','2016-02-04 23:27:15'),(301,'12:35:00','2016-01-11',1,21,139,2,1,138,0,9,18,0,0,0,1,'2016-02-04 23:29:03','2016-02-04 23:30:04'),(302,'08:59:00','2016-01-12',1,2,124,3,1,10,312,3,96,0,0,0,1,'2016-02-04 23:32:32','2016-02-04 23:33:47'),(303,'18:18:00','2016-01-12',1,59,106,1,1,149,0,43,4,0,0,0,1,'2016-02-04 23:36:55','2016-02-04 23:37:28'),(304,'15:02:00','2016-01-12',1,50,63,3,1,70,2384,3,86,0,0,0,1,'2016-02-04 23:39:43','2016-02-04 23:40:49'),(305,'14:57:00','2016-01-12',1,47,63,3,1,92,2352,8,104,0,0,0,1,'2016-02-04 23:44:08','2016-02-04 23:45:03'),(306,'09:16:00','2016-01-12',1,16,40,3,1,24,790,4,112,0,0,0,1,'2016-02-04 23:46:45','2016-02-04 23:47:34'),(307,'15:33:00','2016-01-12',1,16,40,3,1,38,971,8,138,0,0,0,1,'2016-02-04 23:49:41','2016-02-04 23:50:17'),(308,'18:05:00','2016-01-12',1,124,155,1,1,148,0,5,1,0,0,0,1,'2016-02-04 23:53:21','2016-02-04 23:53:48'),(309,'21:10:00','2016-01-31',1,5,13,3,1,108,348,3,100,0,0,0,1,'2016-02-04 23:54:48','2016-02-04 23:56:59'),(310,'16:00:00','2016-01-12',1,14,40,3,1,6,745,3,140,0,0,0,1,'2016-02-04 23:57:55','2016-02-04 23:59:46'),(312,'21:30:00','2016-01-31',1,115,45,3,1,164,803,4,59,0,0,0,1,'2016-02-05 00:27:53','2016-02-05 00:29:11'),(313,'18:52:00','2016-01-31',1,59,106,1,1,149,0,3,4,0,0,0,1,'2016-02-05 00:31:56','2016-02-05 00:33:29'),(314,'06:57:00','2016-01-11',1,54,13,3,1,119,342,3,120,0,0,0,1,'2016-02-05 01:02:13','2016-02-05 01:03:26'),(315,'07:14:00','2016-02-01',1,125,13,2,1,110,342,3,95,0,0,0,1,'2016-02-05 01:09:24','2016-02-05 01:11:32'),(316,'21:54:00','2016-01-11',1,125,13,2,1,118,348,3,124,0,0,0,1,'2016-02-05 01:11:46','2016-02-05 01:13:14'),(317,'07:14:00','2016-01-12',1,6,13,3,1,165,342,3,78,0,0,0,1,'2016-02-05 01:15:14','2016-02-05 01:15:57'),(318,'19:56:00','2016-01-12',1,5,13,3,1,113,348,3,125,0,0,0,1,'2016-02-05 01:17:34','2016-02-05 01:18:26'),(319,'16:30:00','2016-01-12',1,82,54,1,1,166,0,48,0,0,0,0,1,'2016-02-05 01:20:10','2016-02-05 01:20:40'),(320,'22:30:00','2016-01-12',1,99,116,1,2,197,0,3,0,0,0,0,1,'2016-02-05 01:22:18','2016-02-05 01:22:49'),(321,'06:56:00','2016-01-13',1,6,13,3,1,114,342,3,70,0,0,0,1,'2016-02-05 01:24:18','2016-02-05 01:24:58'),(322,'20:32:00','2016-01-12',1,15,40,3,1,161,747,3,124,0,0,0,1,'2016-02-05 01:26:37','2016-02-05 01:27:16'),(323,'09:25:00','2016-01-13',1,16,40,3,1,51,970,4,111,0,0,0,1,'2016-02-05 01:28:57','2016-02-05 01:29:32'),(324,'12:05:00','2016-01-31',1,82,54,1,1,226,0,9,4,0,0,0,1,'2016-02-05 01:32:10','2016-02-05 01:33:31'),(325,'19:00:00','2016-01-12',1,126,188,1,1,227,0,3,2,0,0,0,1,'2016-02-05 01:35:19','2016-02-05 01:35:51'),(326,'09:47:00','2016-01-13',1,127,80,1,1,180,0,4,3,0,0,0,1,'2016-02-05 01:39:10','2016-02-05 01:40:15'),(327,'10:36:00','2016-01-13',1,78,161,1,1,170,0,6,2,0,0,0,1,'2016-02-05 01:44:36','2016-02-05 01:45:10'),(328,'12:12:00','2016-01-13',1,59,106,1,1,149,0,3,0,0,0,0,1,'2016-02-05 01:48:20','2016-02-05 01:48:50'),(329,'14:00:00','2016-01-26',1,128,32,1,1,228,0,18,5,0,0,0,1,'2016-02-05 01:50:32','2016-02-05 01:51:23'),(330,'16:20:00','2016-01-12',1,3,124,3,1,217,311,3,114,0,0,0,1,'2016-02-05 01:52:01','2016-02-05 01:52:39'),(331,'20:20:00','2016-01-12',1,3,124,3,1,11,306,3,0,0,0,0,1,'2016-02-05 01:54:59','2016-02-05 01:55:42'),(332,'15:45:00','2016-01-31',1,117,101,1,1,229,0,7,0,0,0,0,1,'2016-02-05 01:56:32','2016-02-05 01:57:33'),(333,'09:00:00','2016-01-13',1,2,124,3,1,11,312,3,64,0,0,0,1,'2016-02-05 01:58:25','2016-02-05 01:59:04'),(334,'21:05:00','2016-01-31',1,9,40,3,1,161,747,3,143,0,0,0,1,'2016-02-05 02:00:16','2016-02-05 02:01:38'),(335,'10:50:00','2016-02-01',1,16,40,3,1,41,970,4,94,0,0,0,1,'2016-02-05 02:03:58','2016-02-05 02:04:53'),(336,'09:20:00','2016-01-13',1,129,190,1,1,230,0,18,0,0,0,0,1,'2016-02-05 02:04:37','2016-02-05 02:05:16'),(337,'18:12:00','2016-01-31',1,2,124,3,1,11,306,3,95,0,0,0,1,'2016-02-05 02:06:20','2016-02-05 02:07:09'),(338,'17:22:00','2016-01-08',1,27,139,2,1,135,0,68,12,0,0,0,1,'2016-02-05 02:07:34','2016-02-05 02:10:44'),(339,'20:36:00','2016-01-31',1,2,124,3,1,11,316,8,51,0,0,0,1,'2016-02-05 02:08:42','2016-02-05 02:11:13'),(340,'09:00:00','2016-02-01',1,2,124,3,1,217,312,3,116,0,0,0,1,'2016-02-05 02:12:54','2016-02-05 02:13:32'),(341,'11:30:00','2016-02-29',1,27,139,2,1,135,0,9,13,0,0,0,1,'2016-02-05 02:15:21','2016-02-05 02:16:50'),(342,'11:10:00','2016-01-28',1,21,139,2,1,231,0,9,19,0,0,0,1,'2016-02-05 02:20:07','2016-02-05 02:20:46'),(343,'14:50:00','2016-01-13',1,130,191,1,2,232,0,3,2,0,0,0,1,'2016-02-05 02:21:10','2016-02-05 02:21:51'),(344,'11:10:00','2016-01-30',1,27,139,2,1,140,0,9,14,0,0,0,1,'2016-02-05 02:21:58','2016-02-05 02:22:26'),(345,'15:16:00','2016-01-13',1,79,162,1,2,171,0,25,2,0,0,0,1,'2016-02-05 02:23:49','2016-02-05 02:24:19'),(346,'12:42:00','2016-01-27',1,20,139,2,1,138,0,9,3,0,0,0,1,'2016-02-05 02:23:50','2016-02-05 02:24:27'),(347,'14:31:00','2016-02-01',1,39,63,3,1,78,2352,8,91,0,0,0,1,'2016-02-05 02:25:45','2016-02-05 02:26:36'),(348,'15:02:00','2016-01-13',1,44,63,3,1,72,2384,3,93,0,0,0,1,'2016-02-05 02:26:12','2016-02-05 02:27:13'),(349,'15:23:00','2016-02-01',1,42,63,3,1,172,2384,3,94,0,0,0,1,'2016-02-05 02:29:10','2016-02-05 02:29:52'),(350,'15:32:00','2016-01-13',1,47,63,3,1,131,2352,8,104,0,0,0,1,'2016-02-05 02:30:52','2016-02-05 02:32:07'),(351,'16:15:00','2016-02-01',1,16,40,3,1,40,971,8,76,0,0,0,1,'2016-02-05 02:31:19','2016-02-05 02:32:37'),(352,'15:50:00','2016-02-01',1,10,40,3,1,24,745,3,116,0,0,0,1,'2016-02-05 02:33:53','2016-02-05 02:34:31'),(353,'20:00:00','2016-01-10',1,131,17,1,2,233,0,24,6,0,0,0,1,'2016-02-05 02:37:59','2016-02-05 02:44:46'),(354,'15:35:00','2016-01-13',1,15,40,3,1,29,971,8,139,0,0,0,1,'2016-02-05 02:48:59','2016-02-05 02:49:30'),(355,'16:27:00','2016-01-13',1,10,40,3,1,50,745,3,131,0,0,0,1,'2016-02-05 02:50:58','2016-02-05 02:51:30'),(356,'16:25:00','2016-01-13',1,4,124,3,1,13,311,3,119,0,0,0,1,'2016-02-05 02:52:51','2016-02-05 02:53:30'),(357,'08:30:00','2016-01-12',1,25,24,1,1,191,0,5,5,0,0,0,1,'2016-02-05 17:31:33','2016-02-05 17:32:05'),(358,'12:00:00','2016-01-04',1,24,125,2,1,134,0,7,0,0,0,0,1,'2016-02-05 17:36:47','2016-02-05 17:37:24'),(359,'15:00:00','2016-01-12',1,53,101,1,1,142,0,7,1,0,0,0,1,'2016-02-05 17:42:16','2016-02-05 17:42:49'),(360,'06:45:00','2016-01-14',1,54,13,3,1,106,342,3,72,0,0,0,1,'2016-02-05 17:44:31','2016-02-05 17:45:18'),(361,'20:56:00','2016-01-13',1,14,40,3,1,131,747,3,135,0,0,0,1,'2016-02-05 17:46:53','2016-02-05 17:47:29'),(362,'10:59:00','2016-01-12',1,86,22,1,1,181,0,3,3,0,0,0,1,'2016-02-05 17:48:44','2016-02-05 17:49:09'),(363,'10:16:00','2016-01-14',1,132,192,1,2,234,0,5,4,0,0,0,1,'2016-02-05 17:56:05','2016-02-05 17:56:38'),(364,'17:00:00','2016-01-13',1,67,193,1,2,156,0,3,7,0,0,0,1,'2016-02-05 18:02:25','2016-02-05 18:03:02'),(365,'18:00:00','2016-01-13',1,130,191,1,2,232,0,4,7,0,0,0,1,'2016-02-05 18:10:39','2016-02-05 18:11:23'),(366,'20:06:00','2016-01-13',1,3,124,3,1,13,306,3,106,0,0,0,1,'2016-02-05 18:18:03','2016-02-05 18:23:38'),(367,'09:30:00','2016-01-14',1,4,124,3,1,198,312,3,99,0,0,0,1,'2016-02-05 18:26:21','2016-02-05 18:27:32'),(368,'09:30:00','2016-01-14',1,15,40,3,1,22,970,4,106,0,0,0,1,'2016-02-05 18:29:11','2016-02-05 18:29:46'),(369,'12:00:00','2016-01-13',1,28,139,2,1,139,0,9,17,0,0,0,1,'2016-02-05 18:31:05','2016-02-05 18:31:37'),(370,'11:34:00','2016-01-13',1,27,139,2,1,135,0,9,3,0,0,0,1,'2016-02-05 18:32:52','2016-02-05 18:33:27'),(371,'10:54:00','2016-01-12',1,76,160,1,1,168,0,3,2,0,0,0,1,'2016-02-05 18:34:44','2016-02-05 18:35:09'),(372,'16:15:00','2016-01-14',1,130,191,1,2,232,0,3,0,0,0,0,1,'2016-02-05 18:36:27','2016-02-05 18:36:50'),(373,'14:33:00','2016-01-14',1,39,63,3,1,81,2352,8,164,0,0,0,1,'2016-02-05 18:43:24','2016-02-05 18:44:29'),(374,'15:04:00','2016-01-14',1,43,63,3,1,79,2384,3,99,0,0,0,1,'2016-02-05 18:46:55','2016-02-05 18:47:59'),(375,'17:20:00','2016-01-14',1,87,167,1,1,182,0,3,0,0,0,0,1,'2016-02-05 18:52:37','2016-02-05 18:53:06'),(376,'08:57:00','2016-01-14',1,93,12,1,1,221,0,4,0,0,0,0,1,'2016-02-05 18:54:53','2016-02-05 18:55:31'),(377,'16:20:00','2016-01-11',1,23,181,1,2,202,0,24,5,0,0,0,1,'2016-02-05 18:58:38','2016-02-05 18:59:34'),(378,'18:48:00','2016-01-14',1,133,194,1,2,235,0,5,3,0,0,0,1,'2016-02-05 19:07:36','2016-02-05 19:08:16'),(379,'19:28:00','2016-01-14',1,76,160,1,1,168,0,3,3,0,0,0,1,'2016-02-05 19:10:05','2016-02-05 19:10:29'),(380,'15:42:00','2016-01-14',1,15,40,3,1,18,971,8,140,0,0,0,1,'2016-02-05 19:11:57','2016-02-05 19:12:29'),(381,'16:08:00','2016-01-14',1,16,40,3,1,31,746,3,134,0,0,0,1,'2016-02-05 19:13:46','2016-02-05 19:14:14'),(382,'15:30:00','2016-01-13',1,56,150,1,2,144,0,10,2,0,0,0,1,'2016-02-06 00:13:32','2016-02-06 00:19:41'),(383,'20:45:00','2016-01-14',1,14,40,3,1,51,747,3,129,0,0,0,1,'2016-02-06 00:35:14','2016-02-06 00:35:53'),(384,'22:20:00','2016-01-10',1,96,45,3,1,236,803,4,86,0,0,0,1,'2016-02-06 00:40:29','2016-02-06 00:41:11'),(385,'22:30:00','2016-01-11',1,96,45,3,1,164,803,4,105,0,0,0,1,'2016-02-06 00:43:33','2016-02-06 00:44:11'),(386,'22:20:00','2016-01-12',1,96,45,3,1,57,803,4,70,0,0,0,1,'2016-02-06 00:45:56','2016-02-06 00:46:28'),(387,'22:25:00','2016-01-13',1,96,45,3,1,237,803,4,65,0,0,0,1,'2016-02-06 00:54:41','2016-02-06 00:55:27'),(388,'14:55:00','2016-01-14',1,53,101,1,1,142,0,7,0,0,0,0,1,'2016-02-06 00:57:23','2016-02-06 00:57:49'),(389,'21:25:00','2016-01-14',1,96,45,3,1,215,803,4,66,0,0,0,1,'2016-02-06 01:03:27','2016-02-06 01:04:19'),(390,'20:24:00','2016-01-14',1,5,13,3,1,108,348,3,125,0,0,0,1,'2016-02-06 01:05:42','2016-02-06 01:06:30'),(391,'06:39:00','2016-01-15',1,6,13,3,1,116,342,3,55,0,0,0,1,'2016-02-06 01:08:34','2016-02-06 01:09:01'),(392,'09:10:00','2016-01-15',1,107,177,1,1,207,0,53,0,0,0,0,1,'2016-02-06 01:10:15','2016-02-06 01:10:48'),(393,'13:17:00','2016-01-14',1,67,193,1,2,156,0,4,0,0,0,0,1,'2016-02-06 01:12:21','2016-02-06 01:12:45'),(394,'08:26:00','2016-01-15',1,84,99,1,1,238,0,5,1,0,0,0,1,'2016-02-06 01:22:07','2016-02-06 01:22:35'),(395,'11:10:00','2016-01-14',1,27,139,2,1,140,0,9,18,0,0,0,1,'2016-02-06 01:29:40','2016-02-06 01:30:39'),(396,'07:41:00','2016-01-15',1,135,196,1,1,240,0,5,2,0,0,0,1,'2016-02-06 01:37:23','2016-02-06 02:36:19'),(397,'13:55:00','2016-01-15',1,136,197,1,1,241,0,4,0,0,0,1,1,'2016-02-06 02:45:06','2016-02-06 02:45:33'),(398,'16:40:00','2016-01-14',1,4,124,3,1,11,311,3,118,0,0,0,1,'2016-02-06 02:47:43','2016-02-06 02:49:45'),(399,'20:13:00','2016-01-14',1,2,124,3,1,11,306,3,111,0,0,0,1,'2016-02-06 02:51:34','2016-02-06 02:52:10'),(400,'09:00:00','2016-01-15',1,3,124,3,1,198,312,3,65,0,0,0,1,'2016-02-06 02:54:15','2016-02-06 02:54:52'),(401,'14:46:00','2016-01-15',1,47,63,3,1,67,2352,8,91,0,0,0,1,'2016-02-06 03:11:12','2016-02-06 03:12:07'),(402,'15:01:00','2016-01-15',1,45,63,3,1,242,2384,3,103,0,0,0,1,'2016-02-06 03:19:23','2016-02-06 03:20:03'),(403,'09:47:00','2016-01-15',1,15,40,3,1,24,970,4,93,0,0,0,1,'2016-02-06 03:22:18','2016-02-06 03:23:00'),(404,'15:30:00','2016-01-15',1,15,40,3,1,162,971,8,139,0,0,0,1,'2016-02-06 03:24:36','2016-02-06 03:25:02'),(405,'16:05:00','2016-01-15',1,16,40,3,1,6,745,3,134,0,0,0,1,'2016-02-06 03:29:05','2016-02-06 03:29:45'),(406,'14:45:00','2016-01-13',1,59,106,1,1,149,0,3,0,0,0,0,1,'2016-02-06 22:52:23','2016-02-06 22:52:55'),(407,'20:31:00','2016-01-15',1,5,13,3,1,108,348,3,117,0,0,0,1,'2016-02-06 22:55:40','2016-02-06 22:56:21'),(408,'06:51:00','2016-01-16',1,6,13,3,1,106,342,3,69,0,0,0,1,'2016-02-06 23:40:58','2016-02-06 23:41:59'),(409,'20:45:00','2016-01-15',1,14,40,3,1,50,747,3,137,0,0,0,1,'2016-02-06 23:44:04','2016-02-06 23:45:17'),(410,'11:50:00','2016-01-15',1,53,101,1,1,218,0,7,0,0,0,0,1,'2016-02-06 23:47:25','2016-02-06 23:48:02'),(411,'10:10:00','2016-01-15',1,137,198,1,1,243,0,5,0,0,0,0,1,'2016-02-06 23:54:14','2016-02-06 23:54:51'),(412,'09:36:00','2016-01-16',1,138,174,1,1,244,0,5,3,0,0,0,1,'2016-02-07 00:00:26','2016-02-07 00:00:58'),(413,'09:21:00','2016-01-16',1,15,40,3,1,45,970,4,97,0,0,0,1,'2016-02-07 00:02:37','2016-02-07 00:03:26'),(414,'13:20:00','2016-01-15',1,56,150,1,1,144,0,6,2,0,0,0,1,'2016-02-07 00:07:36','2016-02-07 00:08:17'),(415,'11:34:00','2016-01-16',1,95,178,1,1,212,0,5,0,0,0,0,1,'2016-02-07 00:10:52','2016-02-07 00:11:25'),(416,'07:00:00','2015-10-01',1,139,23,1,1,245,0,8,0,0,0,0,1,'2016-02-07 00:20:17','2016-02-11 00:42:49'),(417,'16:00:00','2016-01-16',1,14,40,3,1,131,745,3,121,0,0,0,1,'2016-02-07 00:58:19','2016-02-07 00:58:56'),(418,'16:19:00','2016-01-16',1,10,40,3,1,147,971,8,152,0,0,14,1,'2016-02-07 01:00:36','2016-02-07 01:01:27'),(419,'16:38:00','2016-01-15',1,3,124,3,1,7,311,3,119,0,0,0,1,'2016-02-07 01:03:29','2016-02-07 01:04:30'),(420,'18:20:00','2016-01-15',1,2,124,3,1,13,306,3,98,0,0,0,1,'2016-02-07 01:06:06','2016-02-07 01:08:20'),(421,'20:50:00','2016-01-15',1,2,124,3,1,13,316,8,113,0,0,0,1,'2016-02-07 01:09:38','2016-02-07 01:10:08'),(422,'09:35:00','2016-01-16',1,4,124,3,1,12,312,3,103,0,0,0,1,'2016-02-07 01:11:43','2016-02-07 01:12:22'),(423,'15:15:00','2016-01-16',1,45,63,3,1,85,2352,8,93,0,0,0,1,'2016-02-07 01:13:55','2016-02-07 01:15:33'),(424,'15:01:00','2016-01-16',1,39,63,3,1,100,2384,3,85,0,0,0,1,'2016-02-07 01:17:00','2016-02-07 01:17:36'),(425,'14:26:00','2016-01-15',1,99,116,1,2,197,0,21,6,0,0,0,1,'2016-02-07 01:24:48','2016-02-07 01:25:13'),(426,'13:00:00','2016-01-16',1,24,125,2,1,246,0,7,0,0,0,0,1,'2016-02-07 01:27:34','2016-02-07 01:28:11'),(427,'11:58:00','2016-01-14',1,97,54,1,1,177,0,9,5,0,0,0,1,'2016-02-07 01:29:40','2016-02-07 01:30:17'),(428,'20:25:00','2016-01-16',1,16,40,3,1,31,747,3,133,0,0,0,1,'2016-02-07 01:32:18','2016-02-07 01:32:57'),(429,'09:25:00','2016-01-17',1,10,40,3,1,51,970,4,95,0,0,0,1,'2016-02-07 01:35:27','2016-02-07 01:36:02'),(430,'18:20:00','2016-01-16',1,3,124,3,1,217,306,3,114,0,0,0,1,'2016-02-07 01:37:34','2016-02-07 01:38:03'),(431,'09:52:00','2016-01-17',1,4,124,3,1,198,312,3,110,0,0,0,1,'2016-02-07 01:57:57','2016-02-07 01:58:37'),(432,'13:22:00','2016-01-17',1,121,17,1,1,223,0,5,2,0,0,0,1,'2016-02-07 02:01:10','2016-02-07 02:01:31'),(433,'19:35:00','2016-01-16',1,59,106,1,1,149,0,19,7,0,0,0,1,'2016-02-07 02:09:22','2016-02-07 02:10:00'),(434,'14:37:00','2016-01-17',1,44,63,3,1,92,2352,8,104,0,0,0,1,'2016-02-07 02:12:10','2016-02-07 02:12:48'),(435,'14:44:00','2016-01-17',1,45,63,3,1,100,2384,3,104,0,0,0,1,'2016-02-07 02:14:18','2016-02-07 02:15:45'),(436,'15:53:00','2016-01-17',1,140,199,1,2,247,0,24,6,0,0,0,1,'2016-02-07 02:39:18','2016-02-07 02:39:46'),(437,'15:30:00','2016-01-17',1,141,200,1,2,248,0,24,3,0,0,0,1,'2016-02-07 02:43:53','2016-02-07 02:44:14'),(438,'15:44:00','2016-01-17',1,15,40,3,1,161,971,8,119,0,0,0,1,'2016-02-07 02:45:36','2016-02-07 02:46:09'),(439,'16:04:00','2016-01-17',1,16,40,3,1,131,745,3,134,0,0,0,1,'2016-02-07 02:47:42','2016-02-07 02:48:13'),(440,'14:00:00','2016-01-17',1,24,125,2,1,246,0,7,3,0,0,0,1,'2016-02-07 02:50:52','2016-02-07 02:51:17'),(441,'15:30:00','2016-01-16',1,53,101,1,1,218,0,7,0,0,0,0,1,'2016-02-07 02:55:24','2016-02-07 02:55:47'),(442,'20:50:00','2016-01-17',1,14,40,3,1,6,747,3,124,0,0,0,1,'2016-02-07 02:57:49','2016-02-07 02:58:28'),(443,'15:49:00','2016-01-14',1,86,22,1,1,181,0,3,1,0,0,0,1,'2016-02-07 02:59:43','2016-02-07 03:00:06'),(444,'19:58:00','2016-01-17',1,5,13,3,1,113,348,3,111,0,0,0,1,'2016-02-07 03:03:10','2016-02-07 03:04:38'),(445,'06:59:00','2016-01-18',1,125,13,2,1,249,342,3,79,0,0,0,1,'2016-02-07 03:07:23','2016-02-07 03:07:54'),(446,'09:57:00','2016-01-18',1,142,201,1,1,250,0,5,5,0,0,0,1,'2016-02-07 03:15:30','2016-02-07 03:15:53'),(447,'10:05:00','2016-01-18',1,143,202,1,1,214,0,3,7,0,0,0,1,'2016-02-07 03:20:12','2016-02-07 03:20:35'),(448,'18:10:00','2016-01-17',1,3,124,3,1,11,306,3,104,0,0,0,1,'2016-02-07 03:22:26','2016-02-07 03:22:57'),(449,'20:50:00','2016-01-17',1,3,124,3,1,11,316,8,113,0,0,0,1,'2016-02-07 03:26:06','2016-02-07 03:28:11'),(450,'08:02:00','2015-12-24',1,128,32,1,1,228,0,18,-2,0,0,0,1,'2016-02-07 03:29:40','2016-02-07 03:30:22'),(451,'20:51:00','2016-01-17',1,144,203,1,2,251,0,5,8,0,0,0,1,'2016-02-07 03:37:51','2016-02-07 03:38:21'),(452,'09:32:00','2016-01-18',1,4,124,3,1,217,312,3,104,0,0,0,1,'2016-02-07 04:42:32','2016-02-07 04:43:07'),(453,'09:10:00','2016-01-18',1,15,40,3,1,38,970,4,103,0,0,0,1,'2016-02-07 04:44:42','2016-02-07 04:45:11'),(454,'14:30:00','2016-01-16',1,67,193,1,2,156,0,3,0,0,0,0,1,'2016-02-07 04:47:15','2016-02-07 04:47:46'),(455,'00:45:00','2016-01-16',1,96,45,3,1,57,803,4,90,0,0,0,1,'2016-02-07 04:52:51','2016-02-07 04:53:31'),(456,'15:30:00','2015-11-25',1,145,54,2,1,166,0,9,0,0,0,0,1,'2016-02-07 05:10:11','2016-02-07 05:14:35'),(457,'11:10:00','2016-01-15',1,27,139,2,1,135,0,9,19,0,0,0,1,'2016-02-07 05:19:05','2016-02-07 05:19:32'),(458,'12:10:00','2016-01-12',1,21,139,2,1,231,0,9,17,0,0,0,1,'2016-02-07 05:21:11','2016-02-07 05:22:00'),(459,'11:18:00','2016-01-16',1,27,139,2,1,138,0,9,17,0,0,0,1,'2016-02-07 05:23:47','2016-02-07 05:24:12'),(460,'11:40:00','2016-01-16',1,21,139,2,1,231,0,9,0,0,0,0,1,'2016-02-07 05:26:24','2016-02-07 05:26:53'),(461,'11:35:00','2016-01-17',1,27,139,2,1,138,0,9,14,0,0,0,1,'2016-02-07 05:29:34','2016-02-07 05:35:04'),(462,'15:24:00','2016-01-18',1,15,40,3,1,18,971,8,96,0,0,0,1,'2016-02-07 05:37:32','2016-02-07 05:38:09'),(463,'16:06:00','2016-01-18',1,10,40,3,1,29,745,3,132,0,0,0,1,'2016-02-07 05:41:31','2016-02-07 05:42:41'),(464,'14:45:00','2016-01-18',1,47,63,3,1,63,2352,8,95,0,0,0,1,'2016-02-07 05:44:34','2016-02-07 05:45:10'),(465,'15:10:00','2016-01-18',1,49,63,3,1,89,2384,3,82,0,0,0,1,'2016-02-07 05:46:31','2016-02-07 05:47:17'),(466,'18:25:00','2016-01-18',1,76,160,1,1,168,0,5,1,0,0,0,1,'2016-02-07 05:48:31','2016-02-07 05:48:54'),(467,'21:20:00','2016-02-01',1,115,45,3,1,253,803,4,60,0,0,0,1,'2016-02-07 15:50:51','2016-02-07 15:51:38'),(468,'11:39:00','2016-01-30',1,55,54,1,1,143,0,9,0,0,0,0,1,'2016-02-07 15:57:27','2016-02-07 15:58:06'),(469,'18:46:00','2016-02-01',1,134,195,1,1,239,0,5,2,0,0,0,1,'2016-02-07 16:20:49','2016-02-07 16:21:38'),(470,'08:08:00','2016-02-02',1,146,12,2,1,254,0,3,0,0,0,0,1,'2016-02-07 16:26:15','2016-02-07 16:26:44'),(471,'07:25:00','2016-02-02',1,54,13,3,1,110,342,3,68,0,0,0,1,'2016-02-07 16:28:55','2016-02-07 16:29:38'),(472,'10:30:00','2016-02-02',1,147,204,1,1,255,0,5,2,0,0,0,1,'2016-02-07 16:36:29','2016-02-07 16:37:06'),(473,'16:44:00','2016-02-01',1,2,124,3,1,198,311,3,89,0,0,0,1,'2016-02-07 16:38:48','2016-02-07 16:39:32'),(474,'20:44:00','2016-02-01',1,2,124,3,1,198,306,8,73,0,0,0,1,'2016-02-07 16:43:01','2016-02-07 16:43:49'),(475,'09:01:00','2016-02-02',1,2,124,3,1,198,312,3,97,0,0,0,1,'2016-02-07 16:45:35','2016-02-07 16:46:35'),(476,'11:15:00','2016-02-02',1,128,32,1,1,228,0,18,6,0,0,0,1,'2016-02-07 16:48:02','2016-02-07 16:48:41'),(477,'11:46:00','2016-02-02',1,88,121,1,2,256,0,19,5,0,0,0,1,'2016-02-07 16:51:48','2016-02-07 16:52:43'),(478,'11:35:00','2016-02-02',1,146,12,2,1,254,0,4,0,0,0,0,1,'2016-02-07 16:54:04','2016-02-07 16:54:34'),(479,'11:34:00','2016-01-28',1,28,139,2,1,231,0,9,11,0,0,0,1,'2016-02-07 16:57:51','2016-02-07 16:58:31'),(480,'21:25:00','2016-02-02',1,148,84,1,2,257,0,3,1,0,0,0,1,'2016-02-07 17:03:39','2016-02-07 17:04:05'),(481,'20:55:00','2016-02-01',1,10,40,3,1,21,747,3,127,0,0,0,1,'2016-02-07 17:07:35','2016-02-07 17:08:26'),(482,'10:20:00','2016-02-02',1,16,40,3,1,22,970,4,83,0,0,0,1,'2016-02-07 17:10:03','2016-02-07 17:10:58'),(483,'16:20:00','2016-02-02',1,15,40,3,1,147,971,8,41,0,0,0,1,'2016-02-07 17:13:15','2016-02-07 17:15:45'),(484,'17:00:00','2016-02-02',1,16,40,3,1,24,745,3,120,0,0,0,1,'2016-02-07 17:17:10','2016-02-07 17:18:02'),(485,'21:35:00','2016-02-02',1,115,45,3,1,30,803,4,67,0,0,0,1,'2016-02-07 17:31:19','2016-02-07 17:34:27'),(486,'12:47:00','2016-01-12',1,105,6,1,1,205,0,8,0,0,0,0,1,'2016-02-07 17:37:46','2016-02-07 17:38:32'),(487,'11:40:00','2016-01-30',1,149,125,2,1,258,0,7,0,0,0,0,1,'2016-02-07 17:49:22','2016-02-07 17:52:38'),(488,'07:56:00','2016-02-02',1,25,24,1,1,191,0,5,4,0,0,0,1,'2016-02-07 17:59:44','2016-02-07 18:00:16'),(489,'08:35:00','2016-02-03',1,118,184,1,1,219,0,5,4,0,0,0,1,'2016-02-07 18:02:52','2016-02-07 18:03:28'),(490,'21:18:00','2016-01-31',1,67,193,1,2,156,0,64,0,0,0,0,1,'2016-02-07 18:05:44','2016-02-07 18:06:22'),(491,'08:33:00','2016-02-03',1,150,10,1,1,259,0,5,5,0,0,0,1,'2016-02-07 18:12:13','2016-02-07 18:12:48'),(492,'11:30:00','2015-12-17',1,151,101,1,1,218,0,7,0,0,0,0,1,'2016-02-07 18:16:12','2016-02-07 18:16:52'),(493,'14:15:00','2016-02-02',1,53,101,1,1,141,0,7,0,0,0,0,1,'2016-02-07 18:18:09','2016-02-07 18:19:31'),(494,'09:45:00','2016-02-03',1,152,80,1,1,180,0,5,3,0,0,0,1,'2016-02-07 18:23:39','2016-02-07 18:24:15'),(495,'11:22:00','2016-02-01',1,59,106,1,1,149,0,16,2,0,0,0,1,'2016-02-07 18:26:26','2016-02-07 18:27:04'),(496,'20:44:00','2016-02-02',1,9,40,3,1,20,747,3,145,0,0,0,1,'2016-02-07 18:28:47','2016-02-07 18:29:29'),(497,'10:56:00','2016-02-03',1,153,205,1,1,260,0,11,0,0,0,0,1,'2016-02-07 18:44:15','2016-02-07 18:44:51'),(498,'13:10:00','2016-02-03',1,118,184,1,1,219,0,5,4,0,0,0,1,'2016-02-07 18:46:22','2016-02-07 18:46:57'),(499,'13:30:00','2016-01-26',1,154,168,1,1,190,0,11,0,0,0,0,1,'2016-02-07 18:54:24','2016-02-07 18:55:23'),(500,'13:27:00','2016-02-03',1,154,168,1,1,190,0,18,2,0,0,0,1,'2016-02-07 18:58:25','2016-02-07 18:59:52'),(501,'08:24:00','2016-02-03',1,155,206,1,2,261,0,5,7,0,0,0,1,'2016-02-07 19:18:49','2016-02-07 19:24:46'),(502,'12:30:00','2016-02-03',1,151,101,1,1,142,0,7,0,0,0,0,1,'2016-02-07 19:28:09','2016-02-07 19:28:53'),(503,'15:15:00','2016-02-03',1,119,185,1,2,220,0,3,4,0,0,0,1,'2016-02-07 19:30:17','2016-02-07 19:31:24'),(504,'08:10:00','2016-02-01',1,156,207,1,1,262,0,19,2,0,0,0,1,'2016-02-07 19:44:28','2016-02-07 19:45:17'),(505,'15:41:00','2016-02-03',1,124,155,1,1,263,0,5,1,0,0,0,1,'2016-02-07 19:50:10','2016-02-07 19:51:51'),(506,'14:27:00','2016-02-02',1,47,63,3,1,82,2352,8,90,0,0,0,1,'2016-02-07 19:55:43','2016-02-07 19:57:03'),(507,'14:57:00','2016-02-02',1,39,63,3,1,79,2384,3,90,0,0,0,1,'2016-02-07 20:00:45','2016-02-07 20:01:43'),(508,'09:25:00','2016-02-03',1,130,191,1,2,232,0,5,4,0,0,0,1,'2016-02-07 20:04:07','2016-02-07 20:04:56'),(509,'20:42:00','2016-02-02',1,62,154,1,1,264,0,49,3,0,0,4,1,'2016-02-07 20:16:29','2016-02-07 20:17:28'),(510,'16:50:00','2016-02-02',1,113,181,1,2,202,0,64,5,0,0,0,1,'2016-02-07 20:19:02','2016-02-07 20:19:42'),(511,'09:22:00','2016-02-03',1,15,40,3,1,45,970,4,79,0,0,0,1,'2016-02-07 20:22:29','2016-02-07 20:23:08'),(512,'15:46:00','2016-02-03',1,15,40,3,1,161,971,8,13,0,0,0,1,'2016-02-07 20:24:33','2016-02-07 20:25:09'),(513,'16:20:00','2016-02-03',1,16,40,3,1,29,745,3,133,0,0,0,1,'2016-02-07 20:26:43','2016-02-07 20:27:19'),(514,'14:56:00','2016-02-03',1,39,63,3,1,92,2352,8,96,0,0,0,1,'2016-02-07 20:28:47','2016-02-07 20:29:32'),(515,'15:35:00','2016-02-03',1,51,63,3,1,61,2384,3,99,0,0,0,1,'2016-02-07 20:30:53','2016-02-07 20:31:42'),(516,'07:26:00','2016-02-03',1,93,12,1,1,189,0,3,0,0,0,0,1,'2016-02-07 20:47:57','2016-02-07 20:48:43'),(517,'16:20:00','2016-02-02',1,3,124,3,1,217,311,3,115,0,0,0,1,'2016-02-07 20:51:56','2016-02-07 20:52:53'),(518,'20:04:00','2016-02-02',1,4,124,3,1,14,306,3,114,0,0,0,1,'2016-02-07 20:54:51','2016-02-07 20:55:34'),(519,'08:40:00','2016-02-03',1,4,124,3,1,217,312,3,95,0,0,0,1,'2016-02-07 20:57:06','2016-02-07 20:57:38'),(520,'16:42:00','2016-02-03',1,3,124,3,1,11,311,3,117,0,0,0,1,'2016-02-07 20:58:54','2016-02-07 20:59:37'),(521,'12:30:00','2016-02-03',1,149,125,2,1,258,0,74,1,0,0,0,1,'2016-02-07 21:03:43','2016-02-07 21:04:24'),(522,'12:22:00','2016-01-28',1,157,208,1,1,265,0,3,1,0,0,0,1,'2016-02-07 21:13:30','2016-02-07 21:14:01'),(523,'16:51:00','2016-02-02',1,158,209,1,1,266,0,19,2,0,0,0,1,'2016-02-07 22:30:29','2016-02-07 22:31:01'),(524,'12:08:00','2016-01-31',1,97,54,1,1,166,0,9,5,0,0,0,1,'2016-02-07 22:32:37','2016-02-07 22:33:28'),(525,'11:00:00','2016-02-04',1,102,174,1,1,201,0,5,1,0,0,0,1,'2016-02-07 22:39:44','2016-02-07 22:40:17'),(526,'11:04:00','2016-02-04',1,67,193,1,2,156,0,76,0,0,0,0,1,'2016-02-07 22:43:05','2016-02-07 22:43:37'),(527,'10:13:00','2016-02-04',1,118,184,1,1,219,0,5,2,0,0,0,1,'2016-02-07 22:45:16','2016-02-07 22:45:40'),(528,'09:55:00','2016-02-03',1,76,160,1,1,168,0,3,3,0,0,0,1,'2016-02-07 22:46:57','2016-02-07 22:47:26'),(529,'06:50:00','2016-02-03',1,54,13,3,1,249,342,3,62,0,0,0,1,'2016-02-07 22:49:13','2016-02-07 22:50:06'),(530,'06:58:00','2016-02-04',1,54,13,3,1,104,342,3,91,0,0,0,1,'2016-02-07 22:52:54','2016-02-07 22:53:33'),(531,'22:05:00','2016-02-03',1,115,45,3,1,215,803,4,59,0,0,0,1,'2016-02-07 22:56:27','2016-02-07 22:56:54'),(532,'13:30:00','2016-02-04',1,159,210,1,1,267,0,48,0,0,0,0,1,'2016-02-07 23:01:58','2016-02-07 23:02:29'),(533,'20:48:00','2016-02-03',1,9,40,3,1,131,747,3,150,0,0,0,1,'2016-02-07 23:03:57','2016-02-07 23:04:30'),(534,'09:10:00','2016-02-04',1,15,40,3,1,147,970,4,84,0,0,0,1,'2016-02-07 23:06:20','2016-02-07 23:06:53'),(535,'11:50:00','2016-01-31',1,21,139,2,1,231,0,9,12,0,0,0,1,'2016-02-07 23:08:09','2016-02-07 23:08:34'),(536,'11:50:00','2016-02-01',1,27,139,2,1,140,0,9,15,0,0,0,1,'2016-02-07 23:10:00','2016-02-07 23:10:28'),(537,'12:00:00','2016-02-02',1,26,139,2,1,135,0,9,13,0,0,0,1,'2016-02-07 23:12:10','2016-02-07 23:12:38'),(538,'12:00:00','2016-02-03',1,26,139,2,1,140,0,9,19,0,0,0,1,'2016-02-07 23:17:23','2016-02-07 23:17:59'),(539,'10:18:00','2016-02-04',1,160,211,1,2,268,0,3,5,0,0,0,1,'2016-02-07 23:24:19','2016-02-07 23:24:47'),(540,'15:08:00','2016-02-04',1,119,185,1,2,220,0,3,0,0,0,0,1,'2016-02-07 23:27:00','2016-02-07 23:27:29'),(541,'15:29:00','2016-02-04',1,15,40,3,1,49,971,8,30,0,0,0,1,'2016-02-07 23:28:51','2016-02-07 23:29:21'),(542,'16:17:00','2016-02-04',1,14,40,3,1,54,745,3,142,0,0,0,1,'2016-02-07 23:33:06','2016-02-07 23:33:45'),(543,'20:48:00','2016-02-03',1,3,124,3,1,11,306,3,109,0,0,0,1,'2016-02-07 23:35:57','2016-02-07 23:36:31'),(544,'09:09:00','2016-02-04',1,2,124,3,1,7,312,3,110,0,0,0,1,'2016-02-07 23:37:58','2016-02-07 23:38:25'),(545,'14:54:00','2016-02-04',1,50,63,3,1,75,2352,8,94,0,0,0,1,'2016-02-07 23:40:45','2016-02-07 23:41:31'),(546,'15:07:00','2016-02-04',1,42,63,3,1,90,2384,3,101,0,0,0,1,'2016-02-07 23:42:59','2016-02-07 23:43:37'),(547,'20:00:00','2016-02-02',1,121,17,1,1,105,0,5,0,0,0,0,1,'2016-02-07 23:45:05','2016-02-07 23:45:37'),(548,'16:00:00','2016-02-02',1,117,101,1,1,229,0,7,5,0,0,0,1,'2016-02-08 00:17:10','2016-02-08 00:17:47'),(549,'16:59:00','2016-02-02',1,128,32,1,1,228,0,31,0,0,0,0,1,'2016-02-08 00:19:41','2016-02-08 00:20:09'),(550,'08:00:00','2016-02-05',1,161,212,1,1,269,0,11,0,0,0,0,1,'2016-02-08 00:24:36','2016-02-08 00:27:42'),(551,'12:00:00','2016-02-04',1,149,125,2,1,258,0,75,4,0,0,0,1,'2016-02-08 00:29:00','2016-02-08 00:31:02'),(552,'18:03:00','2016-02-02',1,109,74,1,1,209,0,5,2,0,0,0,1,'2016-02-08 00:35:53','2016-02-08 00:36:26'),(553,'13:00:00','2016-02-04',1,82,54,1,1,166,0,11,1,0,0,0,1,'2016-02-08 00:38:05','2016-02-08 00:38:29'),(554,'09:12:00','2016-02-05',1,55,54,1,1,143,0,11,0,0,0,0,1,'2016-02-08 00:39:28','2016-02-08 00:39:56'),(555,'13:10:00','2016-02-04',1,97,54,1,1,226,0,11,0,0,0,0,1,'2016-02-08 00:41:01','2016-02-08 00:41:42'),(556,'11:40:00','2016-01-30',1,74,54,1,1,166,0,9,0,0,0,0,1,'2016-02-08 00:43:27','2016-02-08 00:44:09'),(557,'07:31:00','2016-02-05',1,93,12,2,1,189,0,3,0,0,0,0,1,'2016-02-08 00:45:30','2016-02-08 00:45:55'),(558,'06:51:00','2016-02-05',1,125,13,2,1,249,342,3,132,0,0,0,1,'2016-02-08 00:47:23','2016-02-08 00:48:01'),(559,'10:09:00','2016-02-05',1,62,154,1,1,264,0,5,3,0,0,0,1,'2016-02-08 00:50:16','2016-02-08 00:51:28'),(560,'16:00:00','2016-02-03',1,162,213,1,1,270,0,14,1,0,0,0,1,'2016-02-08 00:57:38','2016-02-08 00:58:07'),(561,'16:37:00','2016-02-04',1,3,124,3,1,271,311,3,117,0,0,0,1,'2016-02-08 01:00:53','2016-02-08 01:02:24'),(562,'20:50:00','2016-02-04',1,3,124,3,1,271,306,3,118,0,0,0,1,'2016-02-08 01:08:03','2016-02-08 01:09:02'),(563,'11:00:00','2016-02-03',1,21,139,2,1,231,0,9,18,0,0,0,1,'2016-02-08 01:11:24','2016-02-08 01:12:08'),(564,'11:05:00','2016-02-05',1,163,214,1,1,272,0,3,1,0,0,0,1,'2016-02-08 01:18:12','2016-02-08 01:18:41'),(565,'09:13:00','2016-02-05',1,4,124,3,1,271,312,3,109,0,0,0,1,'2016-02-08 01:19:52','2016-02-08 01:20:46'),(566,'21:32:00','2016-02-04',1,16,40,3,1,6,747,3,109,0,0,0,1,'2016-02-08 01:23:37','2016-02-08 01:24:36'),(567,'08:55:00','2016-02-05',1,14,40,3,1,162,970,4,78,0,0,0,1,'2016-02-08 01:26:50','2016-02-08 01:28:14'),(568,'11:24:00','2016-02-05',1,113,181,1,2,202,0,1,2,0,0,0,1,'2016-02-08 01:30:10','2016-02-08 01:30:51'),(569,'11:30:00','2016-02-05',1,121,17,1,1,223,0,5,1,0,0,0,1,'2016-02-08 01:32:15','2016-02-08 01:32:38'),(570,'12:50:00','2016-02-05',1,164,44,1,1,273,0,5,1,0,0,0,1,'2016-02-08 01:35:45','2016-02-08 01:36:14'),(571,'16:05:00','2016-02-05',1,76,160,1,1,168,0,51,5,0,0,0,1,'2016-02-08 01:37:27','2016-02-08 01:37:52'),(572,'15:44:00','2016-02-05',1,165,215,1,1,274,0,3,3,0,0,0,1,'2016-02-08 01:41:31','2016-02-08 01:41:56'),(573,'17:10:00','2016-02-05',1,14,40,3,1,161,971,8,52,0,0,0,1,'2016-02-08 01:43:14','2016-02-08 01:44:06'),(574,'20:50:00','2016-02-04',1,166,45,3,1,236,803,4,91,0,0,0,1,'2016-02-08 01:49:34','2016-02-08 01:54:51'),(575,'17:32:00','2016-02-05',1,101,172,1,2,200,0,64,1,0,0,0,1,'2016-02-08 02:05:12','2016-02-08 02:05:53'),(576,'08:20:00','2016-02-06',1,167,216,1,1,275,0,48,0,0,0,0,1,'2016-02-08 02:12:06','2016-02-08 02:12:35'),(577,'19:45:00','2016-02-05',1,10,40,3,1,18,745,3,164,0,0,0,1,'2016-02-08 02:14:08','2016-02-08 02:14:46'),(578,'18:45:00','2016-02-03',1,59,106,1,1,149,0,3,3,0,0,0,1,'2016-02-08 02:16:05','2016-02-08 02:16:35'),(579,'21:40:00','2016-02-05',1,14,40,3,1,54,747,3,135,0,0,0,1,'2016-02-08 02:17:52','2016-02-08 02:18:34'),(580,'16:30:00','2016-02-05',1,55,54,1,1,143,0,9,0,0,0,0,1,'2016-02-08 02:20:01','2016-02-08 02:20:29'),(581,'08:43:00','2016-02-06',1,15,40,3,1,147,970,4,105,0,0,0,1,'2016-02-08 02:21:32','2016-02-08 02:22:12'),(582,'16:57:00','2016-02-05',1,2,124,3,1,7,311,3,117,0,0,0,1,'2016-02-08 02:23:28','2016-02-08 02:24:03'),(583,'19:00:00','2016-02-05',1,3,124,3,1,10,306,3,119,0,0,0,1,'2016-02-08 02:25:19','2016-02-08 02:25:51'),(584,'21:40:00','2016-02-05',1,3,124,3,1,10,316,8,17,0,0,0,1,'2016-02-08 02:26:55','2016-02-08 02:27:24'),(585,'09:21:00','2016-02-06',1,4,124,3,1,11,312,3,117,0,0,0,1,'2016-02-08 02:29:00','2016-02-08 02:29:41'),(586,'15:17:00','2016-02-05',1,48,63,3,1,188,2352,8,87,0,0,0,1,'2016-02-08 02:30:49','2016-02-08 02:43:44'),(587,'22:07:00','2016-02-06',1,54,13,3,1,116,1313,8,19,0,0,0,1,'2016-02-08 02:37:17','2016-02-08 02:38:41'),(588,'06:45:00','2016-02-06',1,125,13,2,1,173,342,3,161,0,0,0,1,'2016-02-08 02:39:52','2016-02-08 02:40:29'),(589,'16:46:00','2016-02-05',1,42,63,3,1,276,2384,3,99,0,0,0,1,'2016-02-08 02:48:03','2016-02-08 02:48:43'),(590,'11:06:00','2016-02-06',1,155,206,1,2,261,0,5,6,0,0,0,1,'2016-02-08 02:50:25','2016-02-08 02:50:55'),(591,'14:30:00','2016-02-03',1,53,101,1,1,229,0,75,0,0,0,0,1,'2016-02-08 02:52:28','2016-02-08 02:53:17'),(592,'15:30:00','2016-02-05',1,117,101,1,1,229,0,7,0,0,0,0,1,'2016-02-08 02:55:08','2016-02-08 02:56:09'),(593,'15:15:00','2016-02-06',1,161,212,1,1,269,0,77,2,0,0,0,1,'2016-02-08 02:57:48','2016-02-08 02:58:25'),(594,'17:10:00','2016-02-06',1,15,40,3,1,51,971,8,28,0,0,0,1,'2016-02-08 03:04:33','2016-02-08 03:05:23'),(595,'14:50:00','2016-02-06',1,48,63,3,1,69,2352,8,82,0,0,0,1,'2016-02-08 03:07:32','2016-02-08 03:08:25'),(596,'15:05:00','2016-02-06',1,47,63,3,1,77,2384,3,104,0,0,0,1,'2016-02-08 03:09:35','2016-02-08 03:10:09'),(597,'16:44:00','2016-02-06',1,70,58,1,1,159,0,8,0,0,0,0,1,'2016-02-08 17:17:49','2016-02-08 17:18:24'),(598,'13:04:00','2016-01-30',1,86,22,1,1,181,0,3,1,0,0,0,1,'2016-02-08 17:20:24','2016-02-08 17:20:57'),(599,'09:57:00','2016-02-05',1,128,32,1,1,228,0,18,4,0,0,0,1,'2016-02-08 17:24:02','2016-02-08 17:25:40'),(600,'12:30:00','2016-02-07',1,139,23,1,1,245,0,8,3,0,0,0,1,'2016-02-08 17:29:28','2016-02-08 17:30:45'),(601,'15:10:00','2016-02-07',1,118,184,1,1,277,0,5,0,0,0,0,1,'2016-02-08 17:34:11','2016-02-08 17:34:36'),(602,'20:21:00','2016-02-06',1,16,40,3,1,22,745,3,138,0,0,0,1,'2016-02-08 17:35:42','2016-02-08 17:36:25'),(603,'20:45:00','2016-02-06',1,10,40,3,1,38,747,3,150,0,0,0,1,'2016-02-08 17:37:38','2016-02-08 17:38:09'),(604,'09:20:00','2016-02-07',1,15,40,3,1,39,970,4,79,0,0,0,1,'2016-02-08 17:50:08','2016-02-08 17:50:56'),(605,'15:14:00','2016-02-07',1,15,40,3,1,147,971,8,22,0,0,0,1,'2016-02-08 17:52:50','2016-02-08 17:53:30'),(606,'15:40:00','2016-02-07',1,14,40,3,1,24,745,3,115,0,0,0,1,'2016-02-08 17:55:27','2016-02-08 17:56:15'),(607,'14:43:00','2016-02-07',1,42,63,3,1,81,2352,8,85,0,0,0,1,'2016-02-08 17:59:20','2016-02-08 18:02:03'),(608,'15:00:00','2016-02-07',1,48,63,3,1,133,2384,3,98,0,0,0,1,'2016-02-08 18:05:05','2016-02-08 18:06:11'),(609,'08:08:00','2016-02-04',1,93,12,2,1,254,0,3,0,0,0,0,1,'2016-02-08 18:32:33','2016-02-08 18:33:06'),(610,'13:00:00','2016-02-04',1,93,12,2,1,254,0,3,0,0,0,0,1,'2016-02-08 18:34:27','2016-02-08 18:34:49'),(611,'20:52:00','2016-02-06',1,2,124,3,1,14,306,3,117,0,0,0,1,'2016-02-08 18:37:53','2016-02-08 18:38:58'),(612,'09:40:00','2016-02-07',1,4,124,3,1,198,312,3,110,0,0,0,1,'2016-02-08 18:40:39','2016-02-08 18:41:17'),(613,'22:10:00','2016-01-17',1,168,45,3,1,278,803,4,79,0,0,0,1,'2016-02-08 20:34:25','2016-02-08 20:35:14'),(614,'21:25:00','2016-01-18',1,169,45,3,1,279,803,4,57,0,0,0,1,'2016-02-08 20:48:01','2016-02-08 20:48:59'),(615,'20:56:00','2016-01-18',1,14,40,3,1,161,747,3,139,0,0,0,1,'2016-02-08 20:51:31','2016-02-08 20:52:30'),(616,'17:00:00','2016-01-18',1,24,125,2,1,246,0,7,0,0,0,0,1,'2016-02-08 20:54:11','2016-02-08 20:54:53'),(617,'18:40:00','2016-01-18',1,118,184,1,1,219,0,5,0,0,0,0,1,'2016-02-08 20:57:01','2016-02-08 20:58:16'),(618,'20:06:00','2016-01-18',1,5,13,3,1,106,348,3,110,0,0,0,1,'2016-02-08 21:01:46','2016-02-08 21:02:28'),(619,'06:54:00','2016-01-19',1,54,13,3,1,114,342,3,140,0,0,0,1,'2016-02-08 21:04:34','2016-02-08 21:05:15'),(620,'08:16:00','2016-01-19',1,25,24,1,1,191,0,5,5,0,0,0,1,'2016-02-08 21:06:53','2016-02-08 21:07:38'),(621,'12:38:00','2016-02-05',1,109,74,1,1,209,0,4,1,0,0,0,1,'2016-02-08 23:25:23','2016-02-08 23:25:54'),(622,'16:33:00','2016-02-07',1,128,32,1,1,228,0,9,3,0,0,0,1,'2016-02-08 23:58:08','2016-02-08 23:58:31'),(623,'21:25:00','2016-02-07',1,115,45,3,1,164,803,4,47,0,0,0,1,'2016-02-08 23:59:48','2016-02-09 00:00:24'),(624,'13:00:00','2016-02-06',1,149,125,2,1,258,0,7,0,0,0,0,1,'2016-02-09 00:03:02','2016-02-09 00:03:31'),(625,'12:30:00','2016-02-06',1,59,106,1,1,149,0,8,0,0,0,0,1,'2016-02-09 00:05:56','2016-02-09 00:06:21'),(626,'20:40:00','2016-02-07',1,16,40,3,1,161,747,3,113,0,0,0,1,'2016-02-09 00:08:05','2016-02-09 00:08:34'),(627,'08:33:00','2016-02-08',1,15,40,3,1,40,970,4,71,0,0,0,1,'2016-02-09 00:14:52','2016-02-09 00:15:21'),(628,'11:45:00','2016-02-07',1,155,206,1,2,261,0,5,6,0,0,0,1,'2016-02-09 00:17:38','2016-02-09 00:18:08'),(629,'10:05:00','2016-02-08',1,121,17,1,1,223,0,5,0,0,0,0,1,'2016-02-09 00:22:31','2016-02-09 00:23:07'),(630,'11:17:00','2016-02-08',1,107,177,1,1,207,0,5,4,0,0,0,1,'2016-02-09 00:25:49','2016-02-09 00:26:15'),(631,'11:30:00','2016-02-08',1,97,54,1,1,226,0,11,1,0,0,0,1,'2016-02-09 00:27:38','2016-02-09 00:28:25'),(632,'14:40:00','2016-02-06',1,117,101,1,1,229,0,7,0,0,0,0,1,'2016-02-09 02:03:17','2016-02-09 02:05:04'),(633,'18:25:00','2016-02-07',1,4,124,3,1,7,306,3,93,0,0,0,1,'2016-02-09 02:13:16','2016-02-09 02:14:04'),(634,'21:05:00','2016-02-07',1,4,124,3,1,7,316,8,19,0,0,0,1,'2016-02-09 02:15:53','2016-02-09 02:16:52'),(635,'09:05:00','2016-02-08',1,4,124,3,1,7,312,3,72,0,0,0,1,'2016-02-09 02:17:57','2016-02-09 02:18:24'),(636,'14:28:00','2016-02-08',1,50,63,3,1,67,2352,8,95,0,0,0,1,'2016-02-09 02:19:45','2016-02-09 02:20:23'),(637,'14:56:00','2016-02-08',1,48,63,3,1,92,2384,3,95,0,0,0,1,'2016-02-09 02:21:43','2016-02-09 02:22:19'),(638,'09:18:00','2016-01-19',1,170,217,1,1,201,0,5,4,0,0,0,1,'2016-02-09 02:53:22','2016-02-09 02:54:12'),(639,'16:30:00','2016-01-18',1,53,101,1,1,218,0,7,1,0,0,0,1,'2016-02-09 02:55:45','2016-02-09 02:56:16'),(640,'10:23:00','2016-01-19',1,124,155,1,1,148,0,5,0,0,0,1,1,'2016-02-09 02:58:07','2016-02-09 02:58:32'),(641,'10:12:00','2016-01-19',1,127,80,1,1,180,0,30,1,0,0,0,1,'2016-02-09 03:00:08','2016-02-09 03:00:57'),(642,'08:46:00','2016-01-19',1,15,40,3,1,147,970,4,100,0,0,0,1,'2016-02-09 03:01:53','2016-02-09 03:02:36'),(643,'16:38:00','2016-01-18',1,4,124,3,1,13,311,3,98,0,0,0,1,'2016-02-09 03:06:21','2016-02-09 03:06:58'),(644,'20:32:00','2016-01-18',1,3,124,3,1,10,306,3,49,0,0,0,1,'2016-02-09 03:08:59','2016-02-09 03:09:47'),(645,'08:51:00','2016-01-19',1,4,124,3,1,12,312,3,104,0,0,0,1,'2016-02-09 03:11:56','2016-02-09 03:12:28'),(646,'10:55:00','2016-01-19',1,76,160,1,1,168,0,5,0,0,0,0,1,'2016-02-09 03:14:16','2016-02-09 03:16:59'),(647,'20:30:00','2016-01-18',1,67,193,1,2,156,0,3,4,0,0,0,1,'2016-02-09 03:19:15','2016-02-09 03:20:06'),(648,'11:00:00','2016-01-19',1,138,174,1,1,280,0,31,0,0,0,0,1,'2016-02-09 03:26:36','2016-02-09 03:27:17'),(649,'13:00:00','2016-01-19',1,171,15,1,1,281,0,5,1,0,0,0,1,'2016-02-09 03:35:03','2016-02-09 03:35:33'),(650,'13:05:00','2016-01-19',1,172,8,1,1,282,0,36,3,0,0,0,1,'2016-02-09 03:40:12','2016-02-09 03:44:02'),(651,'17:45:00','2016-01-14',1,28,139,2,1,136,0,9,12,0,0,0,1,'2016-02-09 03:45:29','2016-02-09 03:46:08'),(652,'14:39:00','2016-01-19',1,47,63,3,1,73,2352,8,104,0,0,0,1,'2016-02-09 03:47:52','2016-02-09 03:48:26'),(653,'14:54:00','2016-01-19',1,43,63,3,1,64,2384,3,92,0,0,0,1,'2016-02-09 03:50:03','2016-02-09 03:50:37'),(654,'15:40:00','2016-01-19',1,16,40,3,1,41,745,3,123,0,0,0,1,'2016-02-09 03:52:56','2016-02-09 03:53:36'),(655,'15:45:00','2016-01-19',1,15,40,3,1,22,971,8,130,0,0,0,1,'2016-02-09 03:54:56','2016-02-09 03:55:27'),(656,'11:00:00','2016-01-20',1,59,106,1,1,149,0,3,2,0,0,0,1,'2016-02-09 17:23:41','2016-02-09 17:26:37'),(657,'11:51:00','2016-01-19',1,28,139,2,1,135,0,9,15,0,0,0,1,'2016-02-09 17:32:02','2016-02-09 17:32:42'),(658,'14:00:00','2016-01-20',1,173,218,1,1,283,0,5,0,0,0,0,1,'2016-02-09 17:40:22','2016-02-09 17:40:48'),(659,'17:00:00','2016-01-17',1,97,54,1,1,192,0,9,0,0,0,0,1,'2016-02-09 17:43:42','2016-02-09 17:44:07'),(660,'19:59:00','2016-01-19',1,5,13,3,1,113,348,3,95,0,0,0,1,'2016-02-09 17:47:48','2016-02-09 17:48:28'),(661,'16:08:00','2016-01-20',1,144,203,1,2,251,0,5,0,0,0,0,1,'2016-02-09 17:51:41','2016-02-09 17:52:11'),(662,'06:40:00','2016-01-20',1,125,13,2,1,119,342,3,76,0,0,0,1,'2016-02-09 17:56:56','2016-02-09 17:58:49'),(663,'21:28:00','2016-01-19',1,14,40,3,1,24,747,3,134,0,0,0,1,'2016-02-09 18:01:02','2016-02-09 18:01:45'),(664,'16:00:00','2016-01-19',1,53,101,1,1,218,0,7,0,0,0,0,1,'2016-02-09 18:03:19','2016-02-09 18:03:42'),(665,'10:27:00','2016-01-20',1,15,40,3,1,45,970,4,83,0,0,0,1,'2016-02-09 18:17:39','2016-02-09 18:18:26'),(666,'14:37:00','2016-01-20',1,47,63,3,1,63,2352,8,92,0,0,0,1,'2016-02-09 18:20:59','2016-02-09 18:21:50'),(667,'15:13:00','2016-01-20',1,42,63,3,1,188,2384,3,93,0,0,0,1,'2016-02-09 19:05:31','2016-02-09 19:06:11'),(668,'15:28:00','2016-01-20',1,16,40,3,1,161,971,8,118,0,0,0,1,'2016-02-09 19:14:20','2016-02-09 19:14:57'),(669,'15:46:00','2016-01-20',1,14,40,3,1,38,745,3,137,0,0,0,1,'2016-02-09 19:16:30','2016-02-09 19:17:07'),(670,'09:35:00','2016-01-20',1,93,12,2,1,254,0,4,0,0,0,0,1,'2016-02-09 19:18:45','2016-02-09 19:19:09'),(671,'20:40:00','2016-01-16',1,56,150,1,1,144,0,4,0,0,0,0,1,'2016-02-09 19:31:20','2016-02-09 19:32:04'),(672,'21:56:00','2016-01-18',1,86,22,1,1,181,0,3,2,0,0,0,1,'2016-02-09 19:35:08','2016-02-09 19:36:10'),(673,'19:30:00','2016-01-20',1,174,219,1,1,285,0,5,5,0,0,0,1,'2016-02-09 19:41:43','2016-02-09 19:42:12'),(674,'16:00:00','2016-01-19',1,149,125,2,1,246,0,79,0,0,0,0,1,'2016-02-09 20:18:13','2016-02-09 20:18:57'),(675,'16:05:00','2016-01-20',1,135,196,1,1,240,0,3,3,0,0,0,1,'2016-02-09 20:22:48','2016-02-09 20:24:46'),(676,'14:23:00','2016-01-20',1,128,32,1,1,228,0,18,4,0,0,0,1,'2016-02-09 20:26:44','2016-02-09 20:27:23'),(677,'21:35:00','2016-01-17',1,99,116,1,2,197,0,26,2,0,0,0,1,'2016-02-09 20:29:37','2016-02-09 20:30:03'),(678,'11:58:00','2016-01-14',1,82,54,1,1,166,0,9,0,0,0,0,1,'2016-02-09 20:32:01','2016-02-09 20:32:44'),(679,'17:00:00','2016-01-20',1,97,54,1,1,166,0,11,0,0,0,0,1,'2016-02-09 20:57:07','2016-02-09 20:57:45'),(680,'18:05:00','2016-01-20',1,86,22,1,1,181,0,3,1,0,0,0,1,'2016-02-09 21:13:58','2016-02-09 21:14:27'),(681,'09:25:00','2016-01-21',1,175,220,1,1,286,0,5,3,0,0,0,1,'2016-02-09 21:23:11','2016-02-09 21:24:50'),(682,'09:44:00','2016-01-21',1,118,184,1,1,277,0,5,5,0,0,0,1,'2016-02-09 21:26:58','2016-02-09 21:27:23'),(683,'07:20:00','2016-01-21',1,54,13,3,1,111,342,3,80,0,0,0,1,'2016-02-09 21:28:59','2016-02-09 21:29:50'),(684,'16:58:00','2016-01-19',1,3,124,3,1,11,311,3,119,0,0,0,1,'2016-02-09 21:33:30','2016-02-09 21:34:08'),(685,'20:15:00','2016-01-19',1,3,124,3,1,11,306,3,87,0,0,0,1,'2016-02-09 21:36:32','2016-02-09 21:37:07'),(686,'08:35:00','2016-01-20',1,4,124,3,1,7,312,3,72,0,0,0,1,'2016-02-09 21:41:05','2016-02-09 21:41:43'),(687,'16:47:00','2016-01-20',1,3,124,3,1,12,311,3,119,0,0,0,1,'2016-02-09 21:45:37','2016-02-09 21:46:38'),(688,'20:40:00','2016-01-20',1,3,124,3,1,217,306,3,119,0,0,0,1,'2016-02-09 21:51:01','2016-02-09 22:33:25'),(689,'09:45:00','2016-01-20',1,176,119,1,1,287,0,48,1,0,0,0,1,'2016-02-09 22:40:51','2016-02-09 22:42:30'),(690,'08:58:00','2016-01-21',1,2,124,3,1,12,312,3,89,0,0,0,1,'2016-02-09 22:58:49','2016-02-09 22:59:22'),(691,'20:52:00','2016-01-20',1,15,40,3,1,20,747,3,138,0,0,0,1,'2016-02-09 23:00:52','2016-02-09 23:02:08'),(692,'10:00:00','2016-01-21',1,16,40,3,1,42,970,4,74,0,0,1,1,'2016-02-09 23:05:51','2016-02-09 23:06:42'),(693,'16:53:00','2016-01-20',1,171,15,1,1,288,0,5,3,0,0,0,1,'2016-02-09 23:09:31','2016-02-09 23:10:00'),(694,'11:47:00','2016-01-21',1,177,214,1,1,105,0,16,4,0,0,0,1,'2016-02-09 23:13:14','2016-02-09 23:13:47'),(695,'12:45:00','2016-01-21',1,152,80,1,1,180,0,5,0,0,0,0,1,'2016-02-09 23:15:33','2016-02-09 23:15:56'),(696,'11:18:00','2016-01-20',1,121,17,1,1,289,0,5,1,0,0,0,1,'2016-02-09 23:18:46','2016-02-09 23:19:12'),(697,'11:20:00','2016-01-20',1,28,139,2,1,140,0,9,17,0,0,0,1,'2016-02-09 23:20:58','2016-02-09 23:21:38'),(698,'18:34:00','2016-01-04',1,77,74,1,1,144,0,8,2,0,0,0,1,'2016-02-09 23:23:07','2016-02-09 23:23:33'),(699,'11:46:00','2016-01-17',1,21,139,2,1,231,0,9,8,0,0,0,1,'2016-02-09 23:25:32','2016-02-09 23:26:05'),(700,'20:50:00','2016-01-20',1,130,191,1,2,232,0,4,3,0,0,0,1,'2016-02-09 23:28:18','2016-02-09 23:28:46'),(701,'17:25:00','2016-01-21',1,174,219,1,1,285,0,5,0,0,0,0,1,'2016-02-09 23:33:25','2016-02-09 23:34:04'),(702,'14:41:00','2016-01-21',1,47,63,3,1,63,2352,8,0,0,0,0,1,'2016-02-09 23:39:47','2016-02-09 23:40:27'),(703,'16:49:00','2016-01-21',1,42,63,3,1,188,2384,3,98,0,0,0,1,'2016-02-09 23:42:05','2016-02-09 23:42:37'),(704,'15:28:00','2016-01-21',1,14,40,3,1,24,971,8,64,0,0,0,1,'2016-02-09 23:44:46','2016-02-09 23:46:46'),(705,'15:46:00','2016-01-21',1,16,40,3,1,22,745,3,132,0,0,0,1,'2016-02-09 23:48:27','2016-02-09 23:49:02'),(706,'19:45:00','2016-01-21',1,118,184,1,1,277,0,5,2,0,0,0,1,'2016-02-09 23:50:46','2016-02-09 23:51:08'),(707,'15:24:00','2016-02-08',1,15,40,3,1,18,971,8,136,0,0,0,1,'2016-02-10 02:50:13','2016-02-10 02:50:59'),(708,'20:44:00','2016-02-08',1,14,40,3,1,49,747,3,93,0,0,0,1,'2016-02-10 03:00:42','2016-02-10 03:09:35'),(709,'19:00:00','2016-01-29',1,77,74,1,1,209,0,8,1,0,0,0,1,'2016-02-10 03:11:23','2016-02-10 03:11:57'),(710,'12:40:00','2016-02-05',1,24,125,2,1,134,0,7,0,0,0,0,1,'2016-02-10 03:14:52','2016-02-10 03:17:33'),(711,'23:55:00','2016-02-05',1,96,45,3,1,175,803,4,108,0,0,0,1,'2016-02-10 03:19:16','2016-02-10 03:20:29'),(712,'21:15:00','2016-02-08',1,73,45,2,1,215,803,4,43,0,0,0,1,'2016-02-10 03:22:05','2016-02-10 03:22:40'),(713,'16:45:00','2016-02-08',1,117,101,1,1,141,0,78,1,0,0,0,1,'2016-02-10 03:24:05','2016-02-10 03:24:41'),(714,'10:06:00','2016-02-09',1,152,80,1,1,180,0,5,3,0,0,0,1,'2016-02-10 03:25:48','2016-02-10 03:26:15'),(715,'13:00:00','2016-02-08',1,59,106,1,1,149,0,3,0,0,0,0,1,'2016-02-10 03:28:19','2016-02-10 03:28:40'),(716,'11:40:00','2016-02-02',1,28,139,2,1,135,0,9,15,0,0,0,1,'2016-02-10 03:31:07','2016-02-10 03:32:04'),(717,'12:03:00','2016-02-05',1,21,139,2,1,138,0,9,18,0,0,0,1,'2016-02-10 03:33:49','2016-02-10 03:34:41'),(718,'11:19:00','2016-02-04',1,26,139,2,1,138,0,9,12,0,0,0,1,'2016-02-10 03:47:58','2016-02-10 03:48:30'),(719,'10:50:00','2016-02-03',1,27,139,2,1,135,0,9,10,0,0,0,1,'2016-02-10 03:50:02','2016-02-10 03:50:30'),(720,'10:28:00','2016-02-06',1,28,139,2,1,135,0,9,10,0,0,0,1,'2016-02-10 03:51:58','2016-02-10 03:52:34'),(721,'11:08:00','2016-02-06',1,21,139,2,1,231,0,9,0,0,0,0,1,'2016-02-10 04:54:34','2016-02-10 04:55:08'),(722,'15:10:00','2016-02-06',1,21,139,2,1,231,0,9,10,0,0,0,1,'2016-02-10 04:57:27','2016-02-10 04:58:00'),(723,'15:40:00','2016-02-06',1,28,139,2,1,135,0,9,19,0,0,0,1,'2016-02-10 05:01:16','2016-02-10 05:01:49'),(724,'12:00:00','2016-02-07',1,21,139,2,1,138,0,9,9,0,0,0,1,'2016-02-10 05:03:47','2016-02-10 05:04:25'),(725,'16:55:00','2016-02-07',1,28,139,2,1,135,0,9,10,0,0,0,1,'2016-02-10 05:05:42','2016-02-10 05:06:09'),(726,'12:20:00','2016-02-06',1,26,139,2,1,138,0,9,3,0,0,0,1,'2016-02-10 05:08:05','2016-02-10 05:08:38'),(727,'13:12:00','2016-02-08',1,21,139,2,1,231,0,9,19,0,0,0,1,'2016-02-10 05:09:53','2016-02-10 05:10:50'),(728,'16:09:00','2016-02-08',1,28,139,2,1,135,0,9,15,0,0,0,1,'2016-02-10 05:12:14','2016-02-10 05:12:46'),(729,'18:56:00','2016-02-08',1,109,74,1,1,209,0,41,4,0,0,0,1,'2016-02-10 05:14:06','2016-02-10 05:14:31'),(730,'16:11:00','2016-02-08',1,4,124,3,1,217,311,3,89,0,0,0,1,'2016-02-10 05:15:58','2016-02-10 05:16:43'),(731,'20:25:00','2016-02-08',1,4,124,3,1,217,306,3,75,0,0,0,1,'2016-02-10 05:18:14','2016-02-10 05:18:50'),(732,'09:02:00','2016-02-09',1,4,124,3,1,217,312,3,61,0,0,0,1,'2016-02-10 05:20:27','2016-02-10 05:20:58'),(733,'17:47:00','2016-02-09',1,3,124,3,1,10,311,3,98,0,0,0,1,'2016-02-10 05:22:26','2016-02-10 05:23:48'),(734,'08:55:00','2016-02-09',1,15,40,3,1,147,970,4,98,0,0,0,1,'2016-02-10 05:30:05','2016-02-10 05:31:37'),(735,'15:18:00','2016-02-09',1,10,40,3,1,40,971,8,141,0,0,0,1,'2016-02-10 05:33:38','2016-02-10 05:34:13'),(736,'15:44:00','2016-02-09',1,16,40,3,1,24,745,3,108,0,0,0,1,'2016-02-10 05:35:51','2016-02-10 05:36:30'),(737,'14:36:00','2016-02-09',1,47,63,3,1,67,2352,8,94,0,0,0,1,'2016-02-10 06:15:56','2016-02-10 06:16:29'),(738,'14:52:00','2016-02-09',1,39,63,3,1,85,2384,3,95,0,0,0,1,'2016-02-10 06:17:39','2016-02-10 06:18:13'),(739,'19:00:00','2016-02-09',1,59,106,1,1,149,0,3,4,0,0,0,1,'2016-02-10 19:33:41','2016-02-10 19:34:16'),(740,'06:40:00','2016-02-10',1,139,23,1,1,245,0,8,0,0,0,0,1,'2016-02-10 22:28:45','2016-02-10 22:29:10'),(741,'15:00:00','2016-02-08',1,149,125,2,1,258,0,7,2,0,0,0,1,'2016-02-10 22:30:39','2016-02-10 22:31:21'),(742,'07:59:00','2016-02-10',1,109,74,1,1,209,0,11,2,0,0,0,1,'2016-02-10 22:32:38','2016-02-10 22:33:04'),(743,'13:57:00','2016-02-09',1,55,54,1,1,143,0,9,0,0,0,0,1,'2016-02-10 22:34:22','2016-02-10 22:34:43'),(744,'11:51:00','2016-02-08',1,128,32,1,1,228,0,9,3,0,0,0,1,'2016-02-10 22:35:53','2016-02-10 22:36:18'),(745,'09:55:00','2016-02-10',1,152,80,1,1,180,0,5,3,0,0,0,1,'2016-02-10 22:37:52','2016-02-10 22:38:17'),(746,'10:36:00','2016-02-10',1,76,160,1,1,168,0,13,0,0,0,0,1,'2016-02-10 22:40:26','2016-02-10 22:40:52'),(747,'10:50:00','2016-02-10',1,159,210,1,1,267,0,73,1,0,0,0,1,'2016-02-10 22:42:45','2016-02-10 22:43:30'),(748,'11:20:00','2016-02-10',1,139,23,1,1,245,0,8,2,0,0,0,1,'2016-02-10 22:51:18','2016-02-10 22:51:41'),(749,'19:00:00','2016-02-09',1,121,17,1,1,223,0,5,1,0,0,0,1,'2016-02-10 22:53:23','2016-02-10 22:53:50'),(750,'13:30:00','2016-02-10',1,118,184,1,1,219,0,5,1,0,0,0,1,'2016-02-10 22:54:51','2016-02-10 22:55:18'),(751,'22:00:00','2016-02-09',1,115,45,3,1,291,803,4,101,0,0,0,1,'2016-02-10 23:04:07','2016-02-10 23:04:53'),(752,'14:15:00','2016-02-10',1,178,222,1,1,292,0,43,2,0,0,0,1,'2016-02-11 01:04:35','2016-02-11 01:08:59'),(753,'21:27:00','2016-02-09',1,4,124,3,1,10,306,3,81,0,0,0,1,'2016-02-11 01:32:58','2016-02-11 01:34:15'),(754,'14:20:00','2016-02-10',1,179,10,1,1,293,0,3,2,0,0,0,1,'2016-02-11 01:38:41','2016-02-11 01:39:08'),(755,'09:02:00','2016-02-10',1,4,124,3,1,10,312,3,75,0,0,0,1,'2016-02-11 01:41:20','2016-02-11 01:41:49'),(756,'20:49:00','2016-02-09',1,14,40,3,1,51,747,3,123,0,0,0,1,'2016-02-11 01:43:42','2016-02-11 01:44:20'),(757,'08:40:00','2016-02-10',1,15,40,3,1,147,970,4,118,0,0,0,1,'2016-02-11 01:45:30','2016-02-11 01:46:04'),(758,'11:45:00','2016-02-09',1,21,139,2,1,231,0,9,19,0,0,0,1,'2016-02-11 01:47:25','2016-02-11 01:47:52'),(759,'11:45:00','2016-02-09',1,28,139,2,1,138,0,9,7,0,0,0,1,'2016-02-11 01:49:03','2016-02-11 01:49:29'),(760,'12:00:00','2016-02-09',1,27,139,2,1,210,0,9,18,0,0,0,1,'2016-02-11 01:50:44','2016-02-11 01:51:06'),(761,'14:35:00','2016-02-10',1,39,63,3,1,70,2352,8,90,0,0,0,1,'2016-02-11 01:54:53','2016-02-11 01:55:52'),(762,'14:53:00','2016-02-10',1,48,63,3,1,92,2384,3,87,0,0,0,1,'2016-02-11 01:57:49','2016-02-11 01:58:14');
/*!40000 ALTER TABLE `aterrizajes` ENABLE KEYS */;
UNLOCK TABLES;

--
-- Table structure for table `bancos`
--

DROP TABLE IF EXISTS `bancos`;
/*!40101 SET @saved_cs_client     = @@character_set_client */;
/*!40101 SET character_set_client = utf8 */;
CREATE TABLE `bancos` (
  `id` int(10) unsigned NOT NULL AUTO_INCREMENT,
  `nombre` char(150) COLLATE utf8_unicode_ci NOT NULL,
  `created_at` timestamp NOT NULL DEFAULT '0000-00-00 00:00:00',
  `updated_at` timestamp NOT NULL DEFAULT '0000-00-00 00:00:00',
  PRIMARY KEY (`id`)
) ENGINE=InnoDB AUTO_INCREMENT=3 DEFAULT CHARSET=utf8 COLLATE=utf8_unicode_ci;
/*!40101 SET character_set_client = @saved_cs_client */;

--
-- Dumping data for table `bancos`
--

LOCK TABLES `bancos` WRITE;
/*!40000 ALTER TABLE `bancos` DISABLE KEYS */;
INSERT INTO `bancos` VALUES (1,'Bicentenario Banco Universal','0000-00-00 00:00:00','0000-00-00 00:00:00'),(2,'Banco Caroní','0000-00-00 00:00:00','0000-00-00 00:00:00');
/*!40000 ALTER TABLE `bancos` ENABLE KEYS */;
UNLOCK TABLES;

--
-- Table structure for table `bancoscuentas`
--

DROP TABLE IF EXISTS `bancoscuentas`;
/*!40101 SET @saved_cs_client     = @@character_set_client */;
/*!40101 SET character_set_client = utf8 */;
CREATE TABLE `bancoscuentas` (
  `id` int(10) unsigned NOT NULL AUTO_INCREMENT,
  `descripcion` char(150) COLLATE utf8_unicode_ci NOT NULL,
  `isActivo` tinyint(1) NOT NULL,
  `banco_id` int(10) unsigned NOT NULL,
  `created_at` timestamp NOT NULL DEFAULT '0000-00-00 00:00:00',
  `updated_at` timestamp NOT NULL DEFAULT '0000-00-00 00:00:00',
  PRIMARY KEY (`id`),
  KEY `bancoscuentas_banco_id_foreign` (`banco_id`),
  CONSTRAINT `bancoscuentas_banco_id_foreign` FOREIGN KEY (`banco_id`) REFERENCES `bancos` (`id`)
) ENGINE=InnoDB AUTO_INCREMENT=5 DEFAULT CHARSET=utf8 COLLATE=utf8_unicode_ci;
/*!40101 SET character_set_client = @saved_cs_client */;

--
-- Dumping data for table `bancoscuentas`
--

LOCK TABLES `bancoscuentas` WRITE;
/*!40000 ALTER TABLE `bancoscuentas` DISABLE KEYS */;
INSERT INTO `bancoscuentas` VALUES (1,'01750172100073301437',1,1,'0000-00-00 00:00:00','0000-00-00 00:00:00'),(2,'01280017731700066119',1,2,'0000-00-00 00:00:00','0000-00-00 00:00:00'),(3,'01280017711700059916',1,2,'0000-00-00 00:00:00','0000-00-00 00:00:00'),(4,'01750172130072616995',1,1,'0000-00-00 00:00:00','0000-00-00 00:00:00');
/*!40000 ALTER TABLE `bancoscuentas` ENABLE KEYS */;
UNLOCK TABLES;

--
-- Table structure for table `cargas`
--

DROP TABLE IF EXISTS `cargas`;
/*!40101 SET @saved_cs_client     = @@character_set_client */;
/*!40101 SET character_set_client = utf8 */;
CREATE TABLE `cargas` (
  `id` int(10) unsigned NOT NULL AUTO_INCREMENT,
  `fecha` date NOT NULL,
  `cliente_id` int(10) unsigned NOT NULL,
  `aeropuerto_id` int(10) unsigned NOT NULL,
  `peso_embarcado` double(8,2) NOT NULL,
  `peso_desembarcado` double(8,2) NOT NULL,
  `observaciones` varchar(255) COLLATE utf8_unicode_ci DEFAULT NULL,
  `monto_total` double(8,2) NOT NULL,
  `facturado` int(11) NOT NULL DEFAULT '0',
  `factura_id` int(10) unsigned DEFAULT NULL,
  `condicionPago` varchar(255) COLLATE utf8_unicode_ci DEFAULT NULL,
  `created_at` timestamp NOT NULL DEFAULT '0000-00-00 00:00:00',
  `updated_at` timestamp NOT NULL DEFAULT '0000-00-00 00:00:00',
  PRIMARY KEY (`id`),
  KEY `cargas_cliente_id_foreign` (`cliente_id`),
  KEY `cargas_aeropuerto_id_foreign` (`aeropuerto_id`),
  KEY `cargas_factura_id_foreign` (`factura_id`),
  CONSTRAINT `cargas_aeropuerto_id_foreign` FOREIGN KEY (`aeropuerto_id`) REFERENCES `aeropuertos` (`id`),
  CONSTRAINT `cargas_cliente_id_foreign` FOREIGN KEY (`cliente_id`) REFERENCES `clientes` (`id`),
  CONSTRAINT `cargas_factura_id_foreign` FOREIGN KEY (`factura_id`) REFERENCES `facturas` (`id`)
) ENGINE=InnoDB AUTO_INCREMENT=6 DEFAULT CHARSET=utf8 COLLATE=utf8_unicode_ci;
/*!40101 SET character_set_client = @saved_cs_client */;

--
-- Dumping data for table `cargas`
--

LOCK TABLES `cargas` WRITE;
/*!40000 ALTER TABLE `cargas` DISABLE KEYS */;
INSERT INTO `cargas` VALUES (1,'2016-02-01',4,1,1235.00,543.00,'Esto es una prueba',26670.00,0,NULL,'Contado','2016-02-02 04:30:38','2016-02-02 04:30:38'),(2,'2016-01-08',13,1,1112.10,7684.10,'',10555.44,0,NULL,'Crédito','2016-02-04 20:41:00','2016-02-04 20:41:00'),(3,'2016-02-02',13,1,5813.97,1087.60,'DESEMBARQUE DE 5813.97 KG Y EMBARQUE DE 1087.60 KG DE CARGA PERIODO: 01/01/2016 HASTA 31/01/2016. ',8281.88,0,NULL,'Crédito','2016-02-07 21:32:15','2016-02-07 21:32:15'),(4,'2016-02-02',13,1,5813.97,1087.60,'',8281.88,0,NULL,'Crédito','2016-02-07 21:44:27','2016-02-07 21:44:27'),(5,'2016-02-03',13,1,5813.97,1087.60,'',8281.88,0,NULL,'Crédito','2016-02-07 21:50:31','2016-02-07 21:50:31');
/*!40000 ALTER TABLE `cargas` ENABLE KEYS */;
UNLOCK TABLES;

--
-- Table structure for table `cargos`
--

DROP TABLE IF EXISTS `cargos`;
/*!40101 SET @saved_cs_client     = @@character_set_client */;
/*!40101 SET character_set_client = utf8 */;
CREATE TABLE `cargos` (
  `id` int(10) unsigned NOT NULL AUTO_INCREMENT,
  `nombre` varchar(150) COLLATE utf8_unicode_ci NOT NULL,
  `created_at` timestamp NOT NULL DEFAULT '0000-00-00 00:00:00',
  `updated_at` timestamp NOT NULL DEFAULT '0000-00-00 00:00:00',
  PRIMARY KEY (`id`)
) ENGINE=InnoDB AUTO_INCREMENT=2 DEFAULT CHARSET=utf8 COLLATE=utf8_unicode_ci;
/*!40101 SET character_set_client = @saved_cs_client */;

--
-- Dumping data for table `cargos`
--

LOCK TABLES `cargos` WRITE;
/*!40000 ALTER TABLE `cargos` DISABLE KEYS */;
INSERT INTO `cargos` VALUES (1,'Cargo 1','2015-07-31 12:42:36','2015-12-08 00:42:47');
/*!40000 ALTER TABLE `cargos` ENABLE KEYS */;
UNLOCK TABLES;

--
-- Table structure for table `cargos_varios`
--

DROP TABLE IF EXISTS `cargos_varios`;
/*!40101 SET @saved_cs_client     = @@character_set_client */;
/*!40101 SET character_set_client = utf8 */;
CREATE TABLE `cargos_varios` (
  `id` int(10) unsigned NOT NULL AUTO_INCREMENT,
  `eq_formulario` double(8,2) NOT NULL,
  `eq_derechoHabilitacion` double(8,2) NOT NULL,
  `eq_usoAbordajeSinHab` double(8,2) NOT NULL,
  `eq_usoAbordajeConHab` double(8,2) NOT NULL,
  `aeropuerto_id` int(10) unsigned NOT NULL,
  `formularioCredito_id` int(10) unsigned NOT NULL,
  `formularioContado_id` int(10) unsigned NOT NULL,
  `habilitacionCredito_id` int(10) unsigned NOT NULL,
  `habilitacionContado_id` int(10) unsigned NOT NULL,
  `abordajeCredito_id` int(10) unsigned NOT NULL,
  `abordajeContado_id` int(10) unsigned NOT NULL,
  `created_at` timestamp NOT NULL DEFAULT '0000-00-00 00:00:00',
  `updated_at` timestamp NOT NULL DEFAULT '0000-00-00 00:00:00',
  PRIMARY KEY (`id`),
  KEY `cargos_varios_aeropuerto_id_foreign` (`aeropuerto_id`),
  KEY `cargos_varios_formulariocredito_id_foreign` (`formularioCredito_id`),
  KEY `cargos_varios_formulariocontado_id_foreign` (`formularioContado_id`),
  KEY `cargos_varios_habilitacioncredito_id_foreign` (`habilitacionCredito_id`),
  KEY `cargos_varios_habilitacioncontado_id_foreign` (`habilitacionContado_id`),
  KEY `cargos_varios_abordajecredito_id_foreign` (`abordajeCredito_id`),
  KEY `cargos_varios_abordajecontado_id_foreign` (`abordajeContado_id`),
  CONSTRAINT `cargos_varios_abordajecontado_id_foreign` FOREIGN KEY (`abordajeContado_id`) REFERENCES `conceptos` (`id`),
  CONSTRAINT `cargos_varios_abordajecredito_id_foreign` FOREIGN KEY (`abordajeCredito_id`) REFERENCES `conceptos` (`id`),
  CONSTRAINT `cargos_varios_aeropuerto_id_foreign` FOREIGN KEY (`aeropuerto_id`) REFERENCES `aeropuertos` (`id`),
  CONSTRAINT `cargos_varios_formulariocontado_id_foreign` FOREIGN KEY (`formularioContado_id`) REFERENCES `conceptos` (`id`),
  CONSTRAINT `cargos_varios_formulariocredito_id_foreign` FOREIGN KEY (`formularioCredito_id`) REFERENCES `conceptos` (`id`),
  CONSTRAINT `cargos_varios_habilitacioncontado_id_foreign` FOREIGN KEY (`habilitacionContado_id`) REFERENCES `conceptos` (`id`),
  CONSTRAINT `cargos_varios_habilitacioncredito_id_foreign` FOREIGN KEY (`habilitacionCredito_id`) REFERENCES `conceptos` (`id`)
) ENGINE=InnoDB AUTO_INCREMENT=2 DEFAULT CHARSET=utf8 COLLATE=utf8_unicode_ci;
/*!40101 SET character_set_client = @saved_cs_client */;

--
-- Dumping data for table `cargos_varios`
--

LOCK TABLES `cargos_varios` WRITE;
/*!40000 ALTER TABLE `cargos_varios` DISABLE KEYS */;
INSERT INTO `cargos_varios` VALUES (1,0.14,14.00,5.14,5.71,1,71,57,70,56,72,58,'0000-00-00 00:00:00','2015-12-08 06:27:03');
/*!40000 ALTER TABLE `cargos_varios` ENABLE KEYS */;
UNLOCK TABLES;

--
-- Table structure for table `cliente_hangar`
--

DROP TABLE IF EXISTS `cliente_hangar`;
/*!40101 SET @saved_cs_client     = @@character_set_client */;
/*!40101 SET character_set_client = utf8 */;
CREATE TABLE `cliente_hangar` (
  `id` int(10) unsigned NOT NULL AUTO_INCREMENT,
  `cliente_id` int(10) unsigned NOT NULL,
  `hangar_id` int(10) unsigned NOT NULL,
  `created_at` timestamp NOT NULL DEFAULT '0000-00-00 00:00:00',
  `updated_at` timestamp NOT NULL DEFAULT '0000-00-00 00:00:00',
  PRIMARY KEY (`id`),
  KEY `cliente_hangar_cliente_id_foreign` (`cliente_id`),
  KEY `cliente_hangar_hangar_id_foreign` (`hangar_id`),
  CONSTRAINT `cliente_hangar_cliente_id_foreign` FOREIGN KEY (`cliente_id`) REFERENCES `clientes` (`id`),
  CONSTRAINT `cliente_hangar_hangar_id_foreign` FOREIGN KEY (`hangar_id`) REFERENCES `hangars` (`id`)
) ENGINE=InnoDB AUTO_INCREMENT=5 DEFAULT CHARSET=utf8 COLLATE=utf8_unicode_ci;
/*!40101 SET character_set_client = @saved_cs_client */;

--
-- Dumping data for table `cliente_hangar`
--

LOCK TABLES `cliente_hangar` WRITE;
/*!40000 ALTER TABLE `cliente_hangar` DISABLE KEYS */;
INSERT INTO `cliente_hangar` VALUES (1,150,22,'0000-00-00 00:00:00','0000-00-00 00:00:00'),(4,106,44,'0000-00-00 00:00:00','0000-00-00 00:00:00');
/*!40000 ALTER TABLE `cliente_hangar` ENABLE KEYS */;
UNLOCK TABLES;

--
-- Table structure for table `clientes`
--

DROP TABLE IF EXISTS `clientes`;
/*!40101 SET @saved_cs_client     = @@character_set_client */;
/*!40101 SET character_set_client = utf8 */;
CREATE TABLE `clientes` (
  `id` int(10) unsigned NOT NULL AUTO_INCREMENT,
  `codigo` char(15) COLLATE utf8_unicode_ci NOT NULL,
  `cedRifPrefix` char(1) COLLATE utf8_unicode_ci DEFAULT NULL,
  `cedRif` char(100) COLLATE utf8_unicode_ci DEFAULT NULL,
  `nit` char(100) COLLATE utf8_unicode_ci DEFAULT NULL,
  `nombre` char(150) COLLATE utf8_unicode_ci NOT NULL,
  `tipo` enum('Aeronáutico','No Aeronáutico','Mixto') COLLATE utf8_unicode_ci NOT NULL,
  `isActivo` tinyint(1) NOT NULL,
  `isEnvioAutomatico` tinyint(1) NOT NULL,
  `fechaIngreso` date NOT NULL,
  `direccion` text COLLATE utf8_unicode_ci,
  `ciudad` char(100) COLLATE utf8_unicode_ci DEFAULT NULL,
  `pais_id` int(10) unsigned NOT NULL,
  `codpostal` char(15) COLLATE utf8_unicode_ci DEFAULT NULL,
  `telefonos` char(100) COLLATE utf8_unicode_ci DEFAULT NULL,
  `fax` char(100) COLLATE utf8_unicode_ci DEFAULT NULL,
  `responsable` char(200) COLLATE utf8_unicode_ci DEFAULT NULL,
  `email` char(200) COLLATE utf8_unicode_ci DEFAULT NULL,
  `web` char(255) COLLATE utf8_unicode_ci DEFAULT NULL,
  `limiteCredito` double(8,2) DEFAULT NULL,
  `diasCredito` double(8,2) DEFAULT NULL,
  `prontoPago` double(8,2) DEFAULT NULL,
  `descTasa` double(8,2) DEFAULT NULL,
  `isContribuyente` tinyint(1) NOT NULL,
  `islrpercentage` double(8,2) DEFAULT NULL,
  `ivapercentage` double(8,2) DEFAULT NULL,
  `comentario` text COLLATE utf8_unicode_ci,
  `created_at` timestamp NOT NULL DEFAULT '0000-00-00 00:00:00',
  `updated_at` timestamp NOT NULL DEFAULT '0000-00-00 00:00:00',
  PRIMARY KEY (`id`),
  KEY `clientes_pais_id_foreign` (`pais_id`),
  CONSTRAINT `clientes_pais_id_foreign` FOREIGN KEY (`pais_id`) REFERENCES `pais` (`id`)
) ENGINE=InnoDB AUTO_INCREMENT=223 DEFAULT CHARSET=utf8 COLLATE=utf8_unicode_ci;
/*!40101 SET character_set_client = @saved_cs_client */;

--
-- Dumping data for table `clientes`
--

LOCK TABLES `clientes` WRITE;
/*!40000 ALTER TABLE `clientes` DISABLE KEYS */;
INSERT INTO `clientes` VALUES (1,'1276','J','297288945','','EL TEKEÑAZO, C.A.','No Aeronáutico',0,0,'2009-08-31','CALLE RUBIO CASA NRO. B-12 URB CAMPO A-2 DE LA FERROMINERA  PTO','CIUDAD GUAYANA',232,'8050','',NULL,NULL,'',NULL,NULL,NULL,NULL,NULL,1,NULL,NULL,NULL,'2009-08-31 04:30:00','0000-00-00 00:00:00'),(2,'0222','J','001428860','','ACO ALQUILER S A','No Aeronáutico',0,0,'2013-07-01','AV 1RA AV SUR ALTAMIRA EDIF SAN LUIS PISO PB LOCAL 1 Y 2  URB EL DORADO','CARACAS',232,'1073','',NULL,NULL,'',NULL,NULL,NULL,NULL,NULL,1,NULL,NULL,NULL,'2013-07-01 04:30:00','0000-00-00 00:00:00'),(3,'D058','J','002629134','3077691','AEREO TRANSPORTE LA MONTAÑA','Aeronáutico',0,0,'2005-11-22','AV. LOS MANGOS 3ERA TRANVERSAL QUINTA CABRINI. DISTRITO FEDERAL','CARACAS',232,'','','','','','',0.00,0.00,0.00,0.00,1,0.00,0.00,'','2005-11-22 04:00:00','2016-01-14 18:34:55'),(4,'D038','J','307759380','','AERO 1069 C.A.','Aeronáutico',0,0,'2012-01-24','CALLE REAL EDIFICIO OCAMZA, PISO 1, OFICINA 38, VALLE LA PASCUA, ESTADO GUARICO.','VALLE LA PASCUA',232,'','0212- 2003511','','','','',0.00,0.00,0.00,0.00,1,0.00,0.00,'','2012-01-24 04:30:00','2016-01-14 18:18:03'),(5,'1283','J','305331510','','AERO CENTRO DE SERVICIOS CARONI, C.A.','No Aeronáutico',0,0,'2009-10-22','AEROPUERTO INTERNACIONAL MANUEL CARLOS PIAR.','CIUDAD GUAYANA',232,'8050','','','','','',0.00,0.00,0.00,0.00,1,0.00,75.00,'','2009-10-22 04:30:00','2016-02-01 20:20:45'),(6,'D045','J','401020216','','AERO EJECUTIVOS GUAYANA, C.A.','Aeronáutico',0,0,'2012-08-28','AV. GUAYANA LOCAL AEROCLUB CARONI HANGAR 14-B NRO MZ SECTOR PUERTO ORDAZ','CIUDAD GUAYANA',232,'8050','','','','','',0.00,0.00,0.00,0.00,1,0.00,0.00,'','2012-08-28 04:30:00','2016-01-14 18:23:23'),(7,'0001','J','303574408','','AEROCLUB CARONI','Mixto',0,0,'2005-11-16','AEROPUERTO INTERNACIONAL  DEL ORINOCO MANUEL  PIAR.  PUERTO  ORDAZ','CIUDAD GUAYANA',232,'8050','',NULL,NULL,'',NULL,NULL,NULL,NULL,NULL,1,NULL,NULL,NULL,'2005-11-16 04:00:00','0000-00-00 00:00:00'),(8,'D031','J','309810634','','AEROCOPTER C.A.','Aeronáutico',0,0,'2011-09-23','CARRETERA  NACIONAL AL CALLAO, RN1 SECTOR LA FRONTERA,  TUMEREMO, ESTADO BOLIVAR.','CIUDAD GUAYANA',232,'8050','0288-7711635','','','','',0.00,0.00,0.00,0.00,1,0.00,0.00,'','2011-09-23 04:30:00','2016-01-14 18:08:56'),(9,'0122','J','297314628','','AEROCOSMETIC, COMPAÑIA ANONIMA','No Aeronáutico',0,0,'2009-07-10','VDA AVENIDA GUAYANA  EDIF AEROPUERTO INTERNACIONAL CARLOS MANUEL PIAR PISO NIVEL PLANTA BAJA LOCAL PLA.','CIUDAD GUAYANA',232,'8050','',NULL,NULL,'',NULL,NULL,NULL,NULL,NULL,1,NULL,NULL,NULL,'2009-07-10 04:30:00','0000-00-00 00:00:00'),(10,'D035','J','309342428','','AEROECOM, C.A.','Aeronáutico',0,0,'2011-11-15','AV. FRANCISCO DE MIRANDA  TORRE LA PRIMERA PISO 3 OFIC.381. CARACAS.','CARACAS',232,'','','','','','',0.00,0.00,0.00,0.00,1,0.00,0.00,'','2011-11-15 04:30:00','2016-01-14 18:14:32'),(11,'D047','J','307376236','','AEROGUAPARO, C.A.','Aeronáutico',0,0,'2012-10-19','VALENCIA - ESTADO CARABOBO.','',232,'','','','','','',0.00,0.00,0.00,0.00,1,0.00,0.00,'','2012-10-19 04:30:00','2016-01-14 18:26:33'),(12,'D065','J','001531297','','AEROPANAMERICANO, C.A','Aeronáutico',0,0,'2006-02-15','AV. TERESA  DE  LA  PARRA  ED. SERPAPROCA  STA.  MONICADTO. FEDERAL','CARACAS',232,'1041','0286-9511552','','','','',0.00,0.00,0.00,0.00,1,0.00,0.00,'','2006-02-15 04:00:00','2016-01-14 18:40:37'),(13,'0004','J','303994911','81984700','AEROPOSTAL ALAS DE VENEZUELA,  C.A.','Aeronáutico',0,0,'2005-11-16','AV. PASEO COLON, URB. LOS CAOBOS , PLAZA  VENEZUELA, TORRE POLAR OESTE.  PISOS 21, 22 Y 23  CARACAS','CARACAS',232,'','0212-7086211 /7826323','0212-9510100','','','',0.00,0.00,0.00,0.00,1,0.00,75.00,'','2005-11-16 04:00:00','2016-01-27 18:45:25'),(14,'D025','J','299707554','','AEROPULLMAN 01, C.A.','Aeronáutico',0,0,'2011-05-25','HANGAR  Nº 129, AEROPUERTO CARACAS, VENEZUELA.','',232,'','','','','','',0.00,0.00,0.00,0.00,1,0.00,0.00,'','2011-05-25 04:30:00','2016-01-14 17:39:14'),(15,'D044','J','306900926','','AEROQUEST C.A .','Aeronáutico',0,0,'2012-05-15','CARACAS - VENEZUELA.','',232,'','','','','','',0.00,0.00,0.00,0.00,1,0.00,0.00,'','2012-05-15 04:30:00','2016-01-14 18:22:26'),(16,'0100','J','314755250','','AEROSERVICIO GUAYANA. R.L.','No Aeronáutico',0,0,'2007-08-13','AV. GUAYANA URB. UNARE II, SECTOR II. AEROPUERTO MANUEL CARLOS PIAR. PTO. ORDAZ.','CIUDAD GUAYANA',232,'8050','','','','','',0.00,0.00,0.00,0.00,1,0.00,75.00,'','2007-08-13 04:00:00','2016-02-03 23:55:10'),(17,'D052','J','402999690','','AEROSERVICIOS SKYPPER, C.A.','Aeronáutico',0,0,'2013-11-29','CARACAS - VENEZUELA.','',232,'','','','','','',0.00,0.00,0.00,0.00,1,0.00,75.00,'','2013-11-29 04:30:00','2016-02-03 23:54:21'),(18,'0003','J','000652821','42518220','AGENCIA DE VIAJES OMEGA, C.A','No Aeronáutico',0,0,'2005-11-16','AV. FRANCISCO  DE  MIRANDA.  PARQUE  CRISTAL. TORRE  OESTE. PISO 1. OFICINA 5  CARACAS','CARACAS',232,'','',NULL,NULL,'',NULL,NULL,NULL,NULL,NULL,1,NULL,NULL,NULL,'2005-11-16 04:00:00','0000-00-00 00:00:00'),(19,'0002','J','095053180','4821297','AGENCIA DE VIAJES Y TURISMO DON VICTOR, C.A.','No Aeronáutico',0,0,'2005-11-16','CENTRO COMERCIAL CERVEZA ZULIA, LOCAL Nº 21. ALTA VISTA. PUERTO ORDAZ','CIUDAD GUAYANA',232,'8050','',NULL,NULL,'',NULL,NULL,NULL,NULL,NULL,1,NULL,NULL,NULL,'2005-11-16 04:00:00','0000-00-00 00:00:00'),(20,'0053','J','300700429','25119754','AGENCIA DE VIAJES Y TURISMO GIORGIO, C.A.','No Aeronáutico',0,0,'2005-11-16','CALLE GUASDUALITO. EDIF. GIORGIO LOCAL Nº 1 Y 2. CIUDAD OJEDA. EDO. ZULIA','CIUDAD OJEDA',232,'','',NULL,NULL,'',NULL,NULL,NULL,NULL,NULL,1,NULL,NULL,NULL,'2005-11-16 04:00:00','0000-00-00 00:00:00'),(21,'1360','J','317395611','','AGENCIA PLUS DIGITAL, C.A','No Aeronáutico',0,0,'2011-09-29','C.C. ORINOKIA MALL, PLAZA SANTO TOME IV - SEGUNDO PISO - LOCAL P2-09 PUERTO ORDAZ, ESTADO BOLIVAR','CIUDAD GUAYANA',232,'8050','0286 - 9221534',NULL,NULL,'',NULL,NULL,NULL,NULL,NULL,1,NULL,NULL,NULL,'2011-09-29 04:30:00','0000-00-00 00:00:00'),(22,'D051','J','402950039','','AIR RORAIMA C.A.','Aeronáutico',0,0,'2013-10-24','CR  CIUDAD PIAR EDIF. UPATA PISO 2 OF 2, SECTOR PUERTO ORDAZ, CIUDAD GUAYANA. BOLIVAR.','CIUDAD GUAYANA',232,'8050','','','','','',0.00,0.00,0.00,0.00,1,0.00,0.00,'','2013-10-24 04:30:00','2016-01-14 18:27:53'),(23,'D063','J','312162805','','AIR WAY SERVICES & SUPPORT A.S & S, C.A.','Aeronáutico',0,0,'2011-05-25','AV.31 DE JULIO, CCT PLAZA LM-3, LOMA DE GUERRA , NUEVA ESPARTA.','NUEVA ESPARTA',232,'','','','','','',0.00,0.00,0.00,0.00,1,0.00,0.00,'','2011-05-25 04:30:00','2016-01-14 18:39:30'),(24,'D066','J','313379344','','ALAS DE GUAYANA','Aeronáutico',0,0,'2006-04-07','CARACAS - DISTRITO CAPITAL.','CARACAS',232,'','','','','','',0.00,0.00,0.00,0.00,1,0.00,0.00,'','2006-04-07 04:00:00','2016-01-14 18:40:58'),(25,'0105','J','305519501','','ALBATROS VIAJES Y TURISMO C.A.','No Aeronáutico',0,0,'2008-04-17','AV. LAS AMERICAS EDIF. TORRE LORETO II PISO PB LOCAL PN2-05 PUERTO ORDAZ.','CIUDAD GUAYANA',232,'8050','',NULL,NULL,'',NULL,NULL,NULL,NULL,NULL,1,NULL,NULL,NULL,'2008-04-17 04:30:00','0000-00-00 00:00:00'),(26,'D043','J','297979751','','ALC AVIATION, C.A .','Aeronáutico',0,0,'2012-03-12','CARACAS - DISTRITO CAPITAL.','',232,'','','','','','',0.00,0.00,0.00,0.00,1,0.00,0.00,'','2012-03-12 04:30:00','2016-01-14 18:22:04'),(27,'1277','J','305879400','','ALFA CENTER, C.A.','No Aeronáutico',0,0,'2009-09-08','AV. MONTILLA CON CALLE CAMEJO EDIF. CENTRO EMPRESARIAL QUERO SILVA  PISO 1 LOCAL 7 Y 8 SECTOR CENTRO, B.','BARINAS',232,'5201','',NULL,NULL,'',NULL,NULL,NULL,NULL,NULL,1,NULL,NULL,NULL,'2009-09-08 04:30:00','0000-00-00 00:00:00'),(28,'D022','J','295366809','','ALIANZA GLANCELOT, C.A.','Aeronáutico',0,0,'2010-09-03','MARACAY -  ESTADO ARAGUA.','CIUDAD GUAYANA',232,'8050','','','','','',0.00,0.00,0.00,0.00,1,0.00,0.00,'','2010-09-30 04:30:00','2016-01-14 16:20:30'),(29,'0005','J','302242401','','ALMACENADORA CARONI, C.A.','No Aeronáutico',0,0,'2005-11-16','CALLE NEVERI 284-09-04 ZONA INDUSTRIAL UNARE I, PUERTO ORDAZ.','CIUDAD GUAYANA',232,'8050','',NULL,NULL,'',NULL,NULL,NULL,NULL,NULL,1,NULL,NULL,NULL,'2005-11-16 04:00:00','0000-00-00 00:00:00'),(30,'D067','J','317142071','','AMC AVIATION CONSULT C.A.','Aeronáutico',0,0,'2011-11-09','CALLE EDIFICIO AEROPUERTO CARACAS, CHARALLAVE EDIFICIO FASA PISO 1 OFICINA UNICA, ESTADO MIRANDA.','CHARALLAVE',232,'1215','0212- 2664090','','','','',0.00,0.00,0.00,0.00,1,0.00,0.00,'','2011-11-09 04:30:00','2016-01-14 18:41:18'),(31,'D068','J','304138032','','AMERIJET INTERNACIONAL INC, LINEA AEREA, C.A','Aeronáutico',0,0,'2007-11-28','AV. DON MANUEL  BELLOSO EDIF. AEROPUERTO INTERNACIONAL  LA CHINITA  PISO PB OF ZONA DE CARGA SECTOR PALIT MARACAIBO ESTADO ZULIA','MARACAIBO',232,'4001','','','','','',0.00,0.00,0.00,0.00,1,0.00,0.00,'','2007-11-28 04:00:00','2016-01-14 18:41:32'),(32,'D054','V','11972122','','FERNANDEZ ANDRES','Aeronáutico',0,0,'2014-10-28','PUERTO ORDAZ - ESTADO BOLIVAR','CIUDAD GUAYANA',232,'8050','','','','','',0.00,0.00,0.00,0.00,1,0.00,0.00,'','2014-10-28 04:30:00','2016-02-05 01:45:09'),(33,'D041','V','8546834','','ANTONIO ROJAS SUAREZ.','Aeronáutico',0,0,'2012-01-24','PUERTO ORDAZ - ESTADO BOLIVAR.','CIUDAD GUAYANA',232,'8050','','','','','',0.00,0.00,0.00,0.00,1,0.00,0.00,'','2012-01-24 04:30:00','2016-01-14 18:18:40'),(34,'D046','J','307211741','','ARCADE CORPORATION, C.A.','Aeronáutico',0,0,'2012-09-07','AVENIDA FRANCISCO DE MIRANDA CC LIDO PISO 7 OFICINA 70-A, URBANIZACIÓN EL ROSAL , CARACAS.','CARACAS',232,'','','','','','',0.00,0.00,0.00,0.00,1,0.00,0.00,'','2012-09-07 04:30:00','2016-01-14 18:25:52'),(35,'0007','V','041405500','','ARTESANIA  SHURUATA','No Aeronáutico',0,0,'2005-11-16','AEROPUERTO DE CIUDAD GUAYANA. PUERTO ORDAZ. EDO BOLIVAR.','CIUDAD GUAYANA',232,'8050','',NULL,NULL,'',NULL,NULL,NULL,NULL,NULL,1,NULL,NULL,NULL,'2005-11-16 04:00:00','0000-00-00 00:00:00'),(36,'0008','J','095069630','2729652','ARTESANIA Y REGALOS YURUARI, C.A.','No Aeronáutico',0,0,'2005-11-16','AV.  GUAYANA  ZONA I NDUSTRIAL   AEROPUERTO  INTERNACIONAL  DEL  ORINOCO  CARLOS  MANUEL   PIAR   P.B.  LOCAL  5  PUERTO  ORDAZ','CIUDAD GUAYANA',232,'8050','',NULL,NULL,'',NULL,NULL,NULL,NULL,NULL,1,NULL,NULL,NULL,'2005-11-16 04:00:00','0000-00-00 00:00:00'),(37,'2281','J','403301999','','ARTESANIAS AUTOCTONAS SHURUATA,C.A','No Aeronáutico',0,0,'2014-10-06','AV GUAYANA LOCAL AEROPUERTO INTERNACIONAL DEL ORINOCO MANUEL CARLOS PIAR  NRO4 SECTOR UNARE, PUERTO ORDAZ CIUDAD GUAYANA BOLIVAR','CIUDAD GUAYANA',232,'8050','',NULL,NULL,'',NULL,NULL,NULL,NULL,NULL,1,NULL,NULL,NULL,'2014-10-06 04:30:00','0000-00-00 00:00:00'),(38,'0006','V','089464435','','ARTESANIAS CARONI GALETTI','No Aeronáutico',0,0,'2005-11-16','AV. GUAYANA. AEROPUERTO INTERNACIONAL. MANUEL PIAR. LOCAL Nº 1. PUERTO ORDAZ. EDO. BOLIVAR','CIUDAD GUAYANA',232,'8050','',NULL,NULL,'',NULL,NULL,NULL,NULL,NULL,1,NULL,NULL,NULL,'2005-11-16 04:00:00','0000-00-00 00:00:00'),(39,'0055','J','303607322','5789320','ARTESANIAS EL ORFEBRE','No Aeronáutico',0,0,'2005-11-18','AV. JESUS SOTO CIUDAD BOLIVAR. EDO. BOLIVAR','BOLIVAR',232,'8001','',NULL,NULL,'',NULL,NULL,NULL,NULL,NULL,1,NULL,NULL,NULL,'2005-11-18 04:00:00','0000-00-00 00:00:00'),(40,'0009','J','075035593','15355522','ASERCA AIRLINES, C.A.','Aeronáutico',0,0,'2005-11-16','AV. ANDRES  ELOY  BLANCO. C/C CALLE 137-C URB. PREBO -1 EDIFICIO ASERCA AIRLINES  VALENCIA. EDO. CARABOBO.','VALENCIA',232,'','',NULL,NULL,'',NULL,NULL,NULL,NULL,NULL,1,NULL,NULL,NULL,'2005-11-16 04:00:00','0000-00-00 00:00:00'),(41,'0126','J','294032486','','ASOC COOPERATIVA TAXIS AEROPUERTO TOMAS DE HERES RL','No Aeronáutico',0,0,'2009-07-15','CIUDAD BOLIVAR','BOLIVAR',232,'8001','',NULL,NULL,'',NULL,NULL,NULL,NULL,NULL,1,NULL,NULL,NULL,'2009-07-15 04:30:00','0000-00-00 00:00:00'),(42,'1389','J','312585773','','ASOC. COOP. LIDEM SERVICIOS 061, R.L','No Aeronáutico',0,0,'2012-01-26','CARRERA NEKUIMA, TORRE NEKUIMA PISO # 2 OFICINA # 27,  ALTA VISTA PUERTO ORDAZ','CIUDAD GUAYANA',232,'8050','',NULL,NULL,'',NULL,NULL,NULL,NULL,NULL,1,NULL,NULL,NULL,'2012-01-26 04:30:00','0000-00-00 00:00:00'),(43,'1324','J','003192252','','AUTO SIETE VEINTISIETE C.A.','No Aeronáutico',0,0,'2011-01-28','CALLE CARABOBO QTA NRO 727 URB EL ROSAL','',232,'1060','',NULL,NULL,'',NULL,NULL,NULL,NULL,NULL,1,NULL,NULL,NULL,'2011-01-28 04:30:00','0000-00-00 00:00:00'),(44,'0011','J','304942265','','AVIACION CUYUNI C.A.','Mixto',0,0,'2005-11-16','AEROPUERTO INTERNACIONAL MANUEL CARLOS PIAR. PUERTO ORDAZ. EDO. BOLIVAR.','CIUDAD GUAYANA',232,'8050','',NULL,NULL,'',NULL,NULL,NULL,NULL,NULL,1,NULL,NULL,NULL,'2005-11-16 04:00:00','0000-00-00 00:00:00'),(45,'0012','J','302097843','','AVIOR AIRLINES, C.A.','Aeronáutico',0,0,'2005-11-16','AV. 4 DE MAYO SECTOR GENOVES EDIF. RESD. ORTEGA PLANTA BAJA LOCAL 1. NUEVA ESPARTA.','PORLAMAR',232,'','',NULL,NULL,'',NULL,NULL,NULL,NULL,NULL,1,NULL,NULL,NULL,'2005-11-16 04:00:00','0000-00-00 00:00:00'),(46,'0013','V','126452442','263356802','BAGAJES  GILBERT','No Aeronáutico',0,0,'2005-11-16','URB.  LA  FLORESTA  EDIFICIO  LA  CEIBA.  APTO  2. C.  CARRERA  RUBIO.  PUERTO ORDAZ.  EDO. BOLIVAR','CIUDAD GUAYANA',232,'8050','',NULL,NULL,'',NULL,NULL,NULL,NULL,NULL,1,NULL,NULL,NULL,'2005-11-16 04:00:00','0000-00-00 00:00:00'),(48,'0084','J','095048551','','BANCO CARONI, C.A, BANCO UNIVERSAL','Aeronáutico',0,0,'2006-02-22','AVENIDA UNIVERSIDAD, EDIFICIO BANCO CARONI, CARACAS','',232,'','',NULL,NULL,'',NULL,NULL,NULL,NULL,NULL,1,NULL,NULL,NULL,'2006-02-22 04:00:00','0000-00-00 00:00:00'),(49,'1394','G','200078588','','BANCO DEL PUEBLO SOBERANO C.A. BANCO DE DESARROLLO','No Aeronáutico',0,0,'2012-03-09','CALLE ANDRES ELOY BLANCO EDIF. GALLO DE ORO PISO MEZZANINA OF. MEZZANINA SECTOR CATEDRAL','CARACAS',232,'1010','',NULL,NULL,'',NULL,NULL,NULL,NULL,NULL,1,NULL,NULL,NULL,'2012-03-09 04:30:00','0000-00-00 00:00:00'),(50,'2278','J','299788627','','BIENES RAICES 286,C.A','No Aeronáutico',0,0,'2014-08-08','AV LAS AMERICAS CC LORETO II MEZANINA LOCAL NRO 27 SECTOR CENTRO PUERTO ORDAZ CIUDAD GUAYANA BOLIVAR','CIUDAD GUAYANA',232,'8050','',NULL,NULL,'',NULL,NULL,NULL,NULL,NULL,1,NULL,NULL,NULL,'2014-08-08 04:30:00','0000-00-00 00:00:00'),(51,'0095','G','200051434','','C.V.G. TELECOMUNIC ACIONES,  C.A.','No Aeronáutico',0,0,'2007-03-13','VIA COLOMBIA  VIA COLOMBIA TORRE  LORETO II PISO 2','CIUDAD GUAYANA',232,'8050','0212-9501321 / 9501323',NULL,NULL,'jsoto@cvgtelecom.com.ve',NULL,NULL,NULL,NULL,NULL,1,NULL,NULL,NULL,'2007-03-13 04:00:00','0000-00-00 00:00:00'),(52,'1272','J','308440272','','CACAO TRAVEL GROUP, C.A','No Aeronáutico',0,0,'2009-08-20','CALLE BOYACA CASA NRO 08 SECTOR CASCO HISTORICO CD. BOLIVAR.','CIUDAD BOLIVAR',232,'8001','',NULL,NULL,'',NULL,NULL,NULL,NULL,NULL,1,NULL,NULL,NULL,'2009-08-20 04:30:00','0000-00-00 00:00:00'),(53,'2285','J','305804176','','CADENA PANAMERICANA, C.A','No Aeronáutico',0,0,'2014-11-21','CALLE LAS ORQUIDEAS MANZ. 2 CASA Nº 3 URB. UD-232. VILLA LOEFLING CIUDAD GUAYANA. BOLIVAR','CIUDAD GUAYANA',232,'8050','',NULL,NULL,'',NULL,NULL,NULL,NULL,NULL,1,NULL,NULL,NULL,'2014-11-21 04:30:00','0000-00-00 00:00:00'),(54,'D015','J','302211220','','CAMPAMENTO PARAKAUPA, C.A','Aeronáutico',0,0,'2011-05-25','PARQUE NACIONAL CANAIMA, ESTADO BOLIVAR.','',232,'','','','','','',0.00,0.00,0.00,0.00,1,0.00,0.00,'','2011-05-25 04:30:00','2016-01-14 17:35:46'),(55,'0018','J','095006557','1509756','CANAIMA TOURS, C.A.','No Aeronáutico',0,0,'2005-11-16','PARQUE NACIONAL CANAIMA','CANAIMA',232,'','',NULL,NULL,'',NULL,NULL,NULL,NULL,NULL,1,NULL,NULL,NULL,'2005-11-16 04:00:00','0000-00-00 00:00:00'),(56,'0019','J','095118177','2731045','CARONI RENTAL\'S,  C.A.','No Aeronáutico',0,0,'2005-11-16','ZONA  INDUSTRIAL  UNARE  II.  CALLE  QUERECURE.  EDIFICIO  CARONI.  RENTAL\'S. PUERTO  ORDAZ.  EDO. BOLIVAR','CIUDAD GUAYANA',232,'8050','',NULL,NULL,'',NULL,NULL,NULL,NULL,NULL,1,NULL,NULL,NULL,'2005-11-16 04:00:00','0000-00-00 00:00:00'),(57,'0116','J','313533408','','CENTRO COMERCIAL HOTEL PORTOFINO INN, C.A','No Aeronáutico',0,0,'2009-07-08','CALLE COCHABAMBA CON POTOSI CC PORTOFINO NIVEL TERRAZA OF D-15 URB. VILLA BOLIVIA PTO ORDAZ.','CIUDAD GUAYANA',232,'8050','',NULL,NULL,'',NULL,NULL,NULL,NULL,NULL,1,NULL,NULL,NULL,'2009-07-08 04:30:00','0000-00-00 00:00:00'),(58,'D060','J','080008219','2695499','COMERCIAL DE AVIACIÓN','Aeronáutico',0,0,'2005-11-22','CALLE  PRINCIPAL DEL  YAQUE  EDIF.  AEROPUERTO  SANTIAGO  MARIÑO  PISO  SN  LOCAL  SN  SECTOR  EL  YAQUE','MARGARITA',232,'6325','','','','','',0.00,0.00,0.00,0.00,1,0.00,0.00,'','2005-11-22 04:00:00','2016-01-14 18:35:26'),(59,'0106','J','295533128','','COMUNICACIONES VENESPAN, C.A.','No Aeronáutico',0,0,'2008-04-28','AV. GUAYANA NRO. PB-10 LOCAL AEROPUERTO INTERNACIONAL CARLOS MANUEL PIAR SECTOR UNARE.','CIUDAD GUAYANA',232,'8050','',NULL,NULL,'',NULL,NULL,NULL,NULL,NULL,1,NULL,NULL,NULL,'2008-04-28 04:30:00','0000-00-00 00:00:00'),(60,'0021','J','313244759','413483808','COMUNICACIONES VICKY  VICTOR, C.A.','No Aeronáutico',0,0,'2005-11-16','AV. GUAYANA. AEROPUERTO INTERNACIONAL MANUEL PIAR  PB. UNARE. PUERTO ORDAZ. EDO. BOLIVAR','CIUDAD GUAYANA',232,'8050','',NULL,NULL,'',NULL,NULL,NULL,NULL,NULL,1,NULL,NULL,NULL,'2005-11-16 04:00:00','0000-00-00 00:00:00'),(61,'D016','J','003320072','','CONSORCIO HELITEC, C.A.','Aeronáutico',0,0,'2011-05-25','CCCT CHUAO, CARACAS, DISTRITO CAPITAL, VENEZUELA.','',232,'','','','','','',0.00,0.00,0.00,0.00,1,0.00,0.00,'','2011-05-25 04:30:00','2016-01-14 17:36:30'),(62,'0092','J','309388479','252760512','CONSORCIO TRANSPORTE LOS PINOS','No Aeronáutico',0,0,'2006-05-01','EDIFICIO TRAKI  -  GALPON  I  ZONA INDUSTRIAL  LOS PINOS  PUERTO  ORDAZ','CIUDAD GUAYANA',232,'8050','',NULL,NULL,'',NULL,NULL,NULL,NULL,NULL,1,NULL,NULL,NULL,'2006-05-01 04:00:00','0000-00-00 00:00:00'),(63,'0081','G','200077743','','CONVIASA','Aeronáutico',0,0,'2006-02-08','AV. INTERCOMUNAL AEROPUERTO INTERNACIONAL DE MAIQUETIA EDIF. SECTOR 6.3, ZONA ESTRATEGICA, LADO ESTE DEL  AEROPUERTO INTERNACIONAL  DE MAIQUETIA, ADYANCENTE A TRANSITO TERRESTRE.','CARACAS',232,'1071','0212-3037367',NULL,NULL,'',NULL,NULL,NULL,NULL,NULL,1,NULL,NULL,NULL,'2006-02-08 04:00:00','0000-00-00 00:00:00'),(64,'0099','J','293856655','','COOP. AEROPUERTO MANUEL CARLOS PIAR, R.L.','No Aeronáutico',0,0,'2007-07-20','AV. GUAYANA EDIF.AEROP. PISO PB OF. AEROPUERTO CARLOS MANUEL PIAR, URB. UNARE. PUERTO ORDAZ.','CIUDAD GUAYANA',232,'8050','',NULL,NULL,'',NULL,NULL,NULL,NULL,NULL,1,NULL,NULL,NULL,'2007-07-20 04:00:00','0000-00-00 00:00:00'),(65,'0098','J','293874483','','COOP. DE TRANSP. EJEC. AEROPUERTO CARLOS MANUEL PIAR, RL.','No Aeronáutico',0,0,'2007-07-13','AV. GUAYANA EDIF. AEROPUERTO PISO PB, OF PB URB UNARE PUERTO ORDAZ.','CIUDAD GUAYANA',232,'8050','',NULL,NULL,'',NULL,NULL,NULL,NULL,NULL,1,NULL,NULL,NULL,'2007-07-13 04:00:00','0000-00-00 00:00:00'),(66,'0025','J','313285480','415187076','DE ORIS ARTESANIA, C.A.','No Aeronáutico',0,0,'2005-11-16','AV. GUAYANA.  AEROPUERTO  INTERNACIONAL  MANUEL  PIAR  MZZ..  LOCAL 02 PUERTO ORDAZ','CIUDAD GUAYANA',232,'8050','',NULL,NULL,'',NULL,NULL,NULL,NULL,NULL,1,NULL,NULL,NULL,'2005-11-16 04:00:00','0000-00-00 00:00:00'),(67,'1041','J','000797234','','DEL SUR BANCO UNIVERSAL, C.A.','No Aeronáutico',0,0,'2009-08-20','AV.  SAN JUAN  BOSCO EDIF CENTRO ALTAMAIRA PISO 18 OF UNICA ALTAMIRA.','CARACAS',232,'','',NULL,NULL,'',NULL,NULL,NULL,NULL,NULL,1,NULL,NULL,NULL,'2009-08-20 04:30:00','0000-00-00 00:00:00'),(68,'D033','J','000107017','','DELL AQUA, C.A.','Aeronáutico',0,0,'2011-10-06','AVENIDA LAS AMERICAS, TORRE ANTON PISO 02, PUERTO ORDAZ - ESTADO BOLIVAR.','CIUDAD GUAYANA',232,'8050','','','','','',0.00,0.00,0.00,0.00,1,0.00,0.00,'','2011-10-06 04:30:00','2016-01-14 18:12:42'),(69,'0027','J','307184671','152917584','DESARROLLOS EL GRANO DE CAFE, C.A.','No Aeronáutico',0,0,'2005-11-16','CALLE CHACAITO BELLO MONTE. EDIFICIO MINA P-1-11. CARACAS.','CARACAS',232,'1050','',NULL,NULL,'',NULL,NULL,NULL,NULL,NULL,1,NULL,NULL,NULL,'2005-11-16 04:00:00','0000-00-00 00:00:00'),(70,'0028','J','311657193','339425400','DISTRIBUIDORA  DE  QUESOS  Y  DULCES  GUAIPO, C.A.','No Aeronáutico',0,0,'2005-11-16','PASEO CARONI  AEROPUERTO  INTERNACIONAL  DEL  ORINOCO  MANUEL  PIAR.  ALTA  VISTA  GAL  DE  ARTE  DEL  SUR  Nº 2  PUERTO  ORDAZ.  EDO. BOLIVAR','CIUDAD GUAYANA',232,'8050','',NULL,NULL,'',NULL,NULL,NULL,NULL,NULL,1,NULL,NULL,NULL,'2005-11-16 04:00:00','0000-00-00 00:00:00'),(71,'0056','J','306937757','','DULCES EL PANAL','No Aeronáutico',0,0,'2005-11-18','URB. LAS ROSAS CALLE PRINCIPAL LAS FLORES. CIUDAD BOLIVAR. EDO. BOLIVAR','BOLIVAR',232,'8001','',NULL,NULL,'',NULL,NULL,NULL,NULL,NULL,1,NULL,NULL,NULL,'2005-11-18 04:00:00','0000-00-00 00:00:00'),(72,'0057','V','088683567','','DULCES GUAIPO','No Aeronáutico',0,0,'2005-11-18','CALLE BOLIVAR Nº 42. CIUDAD BOLIVAR EDO BOLIVAR','BOLIVAR',232,'8001','',NULL,NULL,'',NULL,NULL,NULL,NULL,NULL,1,NULL,NULL,NULL,'2005-11-18 04:00:00','0000-00-00 00:00:00'),(73,'0083','J','314635557','492602531','EC. VENEZUELA , C.A.','No Aeronáutico',0,0,'2006-02-22','AV. BOLIVAR NORTE EDIF. TORRE STRATOS PISO 7 OF S/N URB EL RECREO','VALENCIA',232,'2001','',NULL,NULL,'',NULL,NULL,NULL,NULL,NULL,1,NULL,NULL,NULL,'2006-02-22 04:00:00','0000-00-00 00:00:00'),(74,'D030','J','095133133','','ECO, C.A.','Aeronáutico',0,0,'2011-09-19','CIUDAD GUAYANA,  ESTADO BOLIVAR.','CIUDAD GUAYANA',232,'8050','','','','','',0.00,0.00,0.00,0.00,1,0.00,0.00,'','2011-09-19 04:30:00','2016-01-14 18:10:36'),(75,'1325','J','301113381','','EDITORIAL RG, C.A.','No Aeronáutico',0,0,'2011-02-03','CALLE ARO CON CARRERA CHURUN MERU EDIF EDIFICIO CENTRO CORPORATIVO NUEVA PRENSA PISO 01 OF 01 SECTO','CIUDAD GUAYANA',232,'8050','',NULL,NULL,'',NULL,NULL,NULL,NULL,NULL,1,NULL,NULL,NULL,'2011-02-03 04:30:00','0000-00-00 00:00:00'),(76,'1291','J','298034777','','EDNA\'S CAFE EXPRESS, C.A.','No Aeronáutico',0,0,'2009-11-27','AV GUAYANA EDIF. TERMINAL AEREO PISO P.B. LOCAL PA-09 SECTOR AEROPUERTO MANUEL PIAR.','CIUDAD GUAYANA',232,'8050','',NULL,NULL,'',NULL,NULL,NULL,NULL,NULL,1,NULL,NULL,NULL,'2009-11-27 04:30:00','0000-00-00 00:00:00'),(77,'1354','G','200002522','','EJECUTIVO DEL ESTADO BOLÍVAR','No Aeronáutico',0,0,'2011-09-19','CALLE AMOR PATRIO CON CONSTITUCIÓN, CIUDAD BOLÍVAR','CIUDAD BOLIVAR',232,'8001','',NULL,NULL,'',NULL,NULL,NULL,NULL,NULL,1,NULL,NULL,NULL,'2011-09-19 04:30:00','0000-00-00 00:00:00'),(78,'0031','V','039717880','','EL PANAL','No Aeronáutico',0,0,'2005-11-16','CALLE VICTORIA Nº 21. LAS FLORES. CIUDAD BOLIVAR. EDO. BOLIVAR','BOLIVAR',232,'8001','',NULL,NULL,'',NULL,NULL,NULL,NULL,NULL,1,NULL,NULL,NULL,'2005-11-16 04:00:00','0000-00-00 00:00:00'),(79,'D071','J','295678053','','ESTELAR LATINOAMERICANA C.A.','Aeronáutico',0,0,'2011-09-27','CARACAS - DISTRITO CAPITAL.','CARACAS',232,'','0212-9616979','','','','',0.00,0.00,0.00,0.00,1,0.00,0.00,'','2011-09-27 04:30:00','2016-01-14 18:42:40'),(80,'D070','J','001215590','','EUROBUILDING INTERNACIONAL, C.A.','Aeronáutico',0,0,'2007-05-01','CALLE LA GUAIRITA,  CHUAO - ESTADO MIRANDA.','CARACAS',232,'','','','','','',0.00,0.00,0.00,0.00,1,0.00,0.00,'','2007-05-10 04:00:00','2016-01-14 18:42:25'),(81,'0085','J','314369300','476536731','F1  EXPRESS, C.A.','No Aeronáutico',0,0,'2006-03-10','LOCAL PB  - 11  INSTALACIONES  DEL  AEROPUERTO  MANUEL PIAR  AV.  GUAYANA   PUERTO  ORDAZ','CIUDAD GUAYANA',232,'8050','',NULL,NULL,'',NULL,NULL,NULL,NULL,NULL,1,NULL,NULL,NULL,'2006-03-10 04:00:00','0000-00-00 00:00:00'),(82,'1350','G','200086904','','FUNDACION SOCIAL BOLIVAR','Aeronáutico',0,0,'2011-08-26','URB. RORAIMA CARRERA CHURUM MERU EDIF. MUNDO DE SONRISAS, PUERTO ORDAZ','CIUDAD GUAYANA',232,'8050','',NULL,NULL,'',NULL,NULL,NULL,NULL,NULL,1,NULL,NULL,NULL,'2011-08-26 04:30:00','0000-00-00 00:00:00'),(83,'1418','J','400861390','','GALAUTOS RENTA CAR II, C.A','No Aeronáutico',0,0,'2012-09-04','AV. JESUS SOTO EDIF. AEROPUERTO GENERAL TOMAS DE HERES LOCAL PB-10 SECTOR AEROPUERTO CD BOLIVAR','BOLIVAR',232,'8001','',NULL,NULL,'',NULL,NULL,NULL,NULL,NULL,1,NULL,NULL,NULL,'2012-09-04 04:30:00','0000-00-00 00:00:00'),(84,'D024','J','311618775','','GRUPO ATAHUALPA, C.A.','Aeronáutico',0,0,'2015-07-13','ESQUINA ROMUALDA A MANDUCA, CALLEJON MANDUCA EDIF. 93, LA CANDELARIA, CARACAS','CIUDAD GUAYANA',232,'8050','','','','','',0.00,0.00,0.00,0.00,1,0.00,0.00,'','2015-07-13 04:30:00','2016-01-14 17:38:44'),(85,'D037','J','297615237','','GRUPO FANJET, S.A.','Aeronáutico',0,0,'2011-12-13','AV. PRINCIPAL DEL HATILLO, CC PASEO, TORRE DE OFICINA, PISO 10.','CARACAS',232,'','','','','','',0.00,0.00,0.00,0.00,1,0.00,0.00,'','2011-12-13 04:30:00','2016-01-14 18:15:28'),(86,'0034','J','311041567','316073107','GUAYANA HANDLING, C.A.','No Aeronáutico',1,0,'2005-11-16','AV. GUAYANA AEROPUERTO INTERNACIONAL MANUEL CARLOS  PIAR. PLATAFORMA. PUERTO ORDAZ. EDO. BOLIVAR','CIUDAD GUAYANA',232,'8050','','','','','',0.00,0.00,0.00,0.00,1,5.00,75.00,'','2005-11-16 04:00:00','2016-02-02 19:07:32'),(88,'0035','J','313498831','426607360','INFOTRAVEL, C.A','No Aeronáutico',0,0,'2005-11-16','AV. PASEO CARONI. CENTRO COMERCIAL GRAN SABANA. PISO 02. OFICINA Nº 71. PUERTO ORDAZ. EDO. BOLIVAR','CIUDAD GUAYANA',232,'8050','',NULL,NULL,'',NULL,NULL,NULL,NULL,NULL,1,NULL,NULL,NULL,'2005-11-16 04:00:00','0000-00-00 00:00:00'),(89,'2290','G','200086327','','INSAI','No Aeronáutico',0,0,'2015-03-18','MARACAY EDO. ARAGUA A. LAS DELICIAS EDF. INIA OFC. INSAI','',232,'','',NULL,NULL,'',NULL,NULL,NULL,NULL,NULL,1,NULL,NULL,NULL,'2015-03-18 04:30:00','0000-00-00 00:00:00'),(90,'D055','J','293569320','','INSEL AIR INTERNATIONAL B.V, S.R.L','Aeronáutico',0,0,'2015-04-14','VALENCIA ESTADO CARABOBO','',232,'','','','','','',0.00,0.00,0.00,0.00,1,0.00,0.00,'','2015-04-14 04:30:00','2016-01-14 18:30:13'),(91,'1367','G','200028386','','INSTITUTO NACIONAL DE AERONAUTICA CIVIL','No Aeronáutico',0,0,'2011-11-08','AEROPUERTO INTERNACIONAL MANUEL CARLOS PIAR','CIUDAD GUAYANA',232,'8050','',NULL,NULL,'',NULL,NULL,NULL,NULL,NULL,1,NULL,NULL,NULL,'2011-11-08 04:30:00','0000-00-00 00:00:00'),(92,'D050','J','310545537','','INVERSIONES ALMACENADORA 2020, C.A','Aeronáutico',0,0,'2013-03-02','CARACAS - DISTRITO CAPITAL','',232,'','','','','','',0.00,0.00,0.00,0.00,1,0.00,0.00,'','2013-03-20 04:30:00','2016-01-14 18:27:08'),(93,'1273','J','293600030','','INVERSIONES CASTRO BIENES Y RAICES, C.A.','No Aeronáutico',0,0,'2009-08-20','CR TOCOMA, CRUCE AV. GUAYANA CC CAURA NIVEL PB LOCAL 06 URB ALTA VISTA NORTE, PUERTO ORDAZ.','CIUDAD GUAYANA',232,'8050','',NULL,NULL,'',NULL,NULL,NULL,NULL,NULL,1,NULL,NULL,NULL,'2009-08-20 04:30:00','0000-00-00 00:00:00'),(94,'0036','J','311985212','353850458','INVERSIONES INGEDANA, C.A.','No Aeronáutico',0,0,'2005-11-16','AV. 50. URB  MONTALBAN  I  EDIFICIO VEGA  DEL  ESTE  II.  P  3.','CARACAS',232,'1020','',NULL,NULL,'',NULL,NULL,NULL,NULL,NULL,1,NULL,NULL,NULL,'2005-11-16 04:00:00','0000-00-00 00:00:00'),(95,'1343','J','307925671','','INVERSIONES MARIA SANCHEZ, C.A.','No Aeronáutico',0,0,'2011-06-14','VDA. 4 CASA NRO 6 URB LAS MERCEDES, SECTOR 3. LA VICTORIA, ESTADO ARAGUA','LA VICTORIA',232,'2121','',NULL,NULL,'',NULL,NULL,NULL,NULL,NULL,1,NULL,NULL,NULL,'2011-06-14 04:30:00','0000-00-00 00:00:00'),(96,'0037','J','000572500','64049526','ITALCAMBIO CASA DE CAMBIO, C.A.','No Aeronáutico',0,0,'2005-11-16','AV. URDANETA, ESQUINA  DE  ANIMAS  A   PLATANAL.  EDIFICIO  CAMORUCO,  P.B.  URB. LA CANDELARIA  CARACAS.','CARACAS',232,'','5629555',NULL,NULL,'',NULL,NULL,NULL,NULL,NULL,1,NULL,NULL,NULL,'2005-11-16 04:00:00','0000-00-00 00:00:00'),(97,'1326','J','299586862','','LAFLICH RENTAL SERVICES, C.A.','No Aeronáutico',0,0,'2011-02-04','AV. JOSE TADEO MONAGAS, CASA N 54, SECTOR LAS COCUIZAS','',232,'','',NULL,NULL,'',NULL,NULL,NULL,NULL,NULL,1,NULL,NULL,NULL,'2011-02-04 04:30:00','0000-00-00 00:00:00'),(98,'0039','V','039701657','326006033','LIBRERIA  Y  REVISTERO  AEROPUERTO','No Aeronáutico',0,0,'2005-11-16','PUERTO  ORDAZ.  URB.  LOS  OLIVOS,  CALLE  PONTEVEDRA   C.R.  DON  MIGUEL. CASA  02 - F','CIUDAD GUAYANA',232,'8050','',NULL,NULL,'',NULL,NULL,NULL,NULL,NULL,1,NULL,NULL,NULL,'2005-11-16 04:00:00','0000-00-00 00:00:00'),(99,'D032','J','003644455','','LINEA  AEREA DE SERVCICIO EJECUTIVO REGIONAL (LASER), C.A.','Aeronáutico',0,0,'2011-09-27','AV. FRANCISCO DE MIRANDA, TORRE BAZAR BOLIVAR, PISO 8, URB. EL MARQUEZ. CARACAS.','CARACAS',232,'','','','','','',0.00,0.00,0.00,0.00,1,0.00,0.00,'','2011-09-27 04:30:00','2016-01-14 18:12:14'),(100,'D059','J','001633650','40866272','LINEA TURISTICA AEROTUY L.T.A. C.A','Aeronáutico',0,0,'2005-11-22','EDIFICIO GRAN SABANA. SABANA GRANDE','CARACAS',232,'','','','','','',0.00,0.00,0.00,0.00,1,0.00,0.00,'','2005-11-22 04:00:00','2016-01-14 18:35:10'),(101,'D064','J','095143201','','LLOYD AVIATION, C.A.','Aeronáutico',0,0,'2006-02-06','CALLE EL CALLAO, EDIF TORRE LLOYD, PISO MZ LOCAL 2 SECTOR CENTRO','CIUDAD GUAYANA',232,'8050','9514584 / 9527078','','','','',0.00,0.00,0.00,0.00,1,0.00,0.00,'','2006-02-06 04:00:00','2016-01-14 18:39:50'),(102,'0107','J','000214107','','MAPFRE LA SEGURIDAD C.A.','No Aeronáutico',0,0,'2008-07-14','CALLE 3-A EDIFICIO MAPFRE LA SEGURIDAD PB, LA URBINA SUR EDO. MIRANDA','CARACAS',232,'','0212- 2138036',NULL,NULL,'',NULL,NULL,NULL,NULL,NULL,1,NULL,NULL,NULL,'2008-07-14 04:30:00','0000-00-00 00:00:00'),(105,'0015','J','000029610','48432743','MERCANTIL, C.A., BANCO  UNIVERSAL','No Aeronáutico',0,0,'2005-11-16','AV.  ANDRES  BELLO  EDIFICIO MERCANTIL  PISO 26  OFIC P26  URB. SAN BERNARDINO .','CARACAS',232,'1010','',NULL,NULL,'',NULL,NULL,NULL,NULL,NULL,1,NULL,NULL,NULL,'2005-11-16 04:00:00','0000-00-00 00:00:00'),(106,'1416','J','400753953','','MILLA\'S TRAVEL, C.A.','Mixto',0,0,'2012-08-09','AV. VIA CARACAS C.C. EMPRESARIAL AUTANA NIVEL # 1 OFICINA 104, ZONA INDUSTRIAL LOS PINOS','CIUDAD GUAYANA',232,'8050','','','','','',0.00,0.00,0.00,0.00,1,0.00,0.00,'','2012-08-09 04:30:00','2016-01-09 01:23:22'),(107,'0041','J','310439486','','NAVIERA BONYO, C.A.','No Aeronáutico',0,0,'2005-11-16','AEROPUERTO INTERNACIONAL DEL ORINOCO MANUEL PIAR. PUERTO ORDAZ. EDO. BOLIVAR','CIUDAD GUAYANA',232,'8050','',NULL,NULL,'',NULL,NULL,NULL,NULL,NULL,1,NULL,NULL,NULL,'2005-11-16 04:00:00','0000-00-00 00:00:00'),(108,'0042','J','306819398','126629800','NEW CAR RENTAL\'S, C.A.','No Aeronáutico',0,0,'2005-11-16','UNARE  II.  CALLE  PRESPUNTAL,  PARCELA  289 - 0204.  PUERTO  ORDAZ.  EDO. BOLIVAR','CIUDAD GUAYANA',232,'8050','',NULL,NULL,'',NULL,NULL,NULL,NULL,NULL,1,NULL,NULL,NULL,'2005-11-16 04:00:00','0000-00-00 00:00:00'),(109,'0044','J','300605019','4828461','ORINOCO CAR RENT, C.A.','No Aeronáutico',0,0,'2005-11-16','HOTEL  RASIL.  CENTRO  CIVICO.  PUERTO  ORDAZ.  EDO. BOLIVAR','CIUDAD GUAYANA',232,'8050','',NULL,NULL,'',NULL,NULL,NULL,NULL,NULL,1,NULL,NULL,NULL,'2005-11-16 04:00:00','0000-00-00 00:00:00'),(110,'1322','J','095178030','','ORINOCO WING AIR, C.A','No Aeronáutico',0,0,'2011-01-04','CALLE EL CALLAO EDIF TORRE LLOYD PISO MZ LOCAL 2 SECTOR CENTRO','CIUDAD GUAYANA',232,'8050','0286- 9237376',NULL,NULL,'',NULL,NULL,NULL,NULL,NULL,1,NULL,NULL,NULL,'2011-01-04 04:30:00','0000-00-00 00:00:00'),(111,'1293','J','000020388','','ORINOKIA  DE LUXE HOTEL, C.A','No Aeronáutico',0,0,'2010-02-11','CALLE CARONI, 2DA TRANSVERSAL CASTILLITO NRO S/N SECTOR CERRO RONDON / PUERTO ORDAZ.','CIUDAD GUAYANA',232,'8050','',NULL,NULL,'',NULL,NULL,NULL,NULL,NULL,1,NULL,NULL,NULL,'2010-02-11 04:30:00','0000-00-00 00:00:00'),(112,'0026','J','001230726','19615','PDVSA  PETRÓLEOS, S.A.','No Aeronáutico',0,0,'2005-11-16','EDIFICIO PETRÓLEOS DE VENEZUELA, TORRE ESTE, P.H., AV. LIBERTADOR CON CALLE EL EL EMPALME, URB. LA CAMPIÑA,  CARACAS  - DISTRITO  FEDERAL','CARACAS',232,'1071','','','','','',0.00,0.00,0.00,0.00,1,0.00,0.00,'','2005-11-16 04:00:00','2016-01-09 00:56:20'),(113,'1381','J','306995188','','PREMIER CLUB, C.A.','No Aeronáutico',0,0,'2012-01-04','AV. PRINCIPAL DE PLAYA GRANDE CON CALLE N 5 CC MINI CENTRO COMERCIAL MARIA VIRGINIA NIVEL PLANTA BAJA','CARACAS',232,'1160','',NULL,NULL,'',NULL,NULL,NULL,NULL,NULL,1,NULL,NULL,NULL,'2012-01-04 04:30:00','0000-00-00 00:00:00'),(114,'D036','J','003173924','','PROFIT C.A.','Aeronáutico',0,0,'2011-11-15','AVENIDA LA ESTANCIA, CCCT TORRE A NIVEL 6 OFIC. 608, URB. CHUAO, CARACAS.','CARACAS',232,'','','','','','',0.00,0.00,0.00,0.00,1,0.00,0.00,'','2011-11-15 04:30:00','2016-01-14 18:15:06'),(115,'D034','J','293696631','','PROSPERI AIR,C.A.','Aeronáutico',0,0,'2011-11-09','AEROPUERTO CARACAS, CHARALLAVE, ESTADO MIRANDA.','CIUDAD GUAYANA',232,'8050','','','','','',0.00,0.00,0.00,0.00,1,0.00,0.00,'','2011-11-09 04:30:00','2016-01-14 18:13:14'),(116,'D010','J','303756603','','PROYECTOS Y CONSTRUCCIONES P&H C.A.','Aeronáutico',0,0,'2013-09-02','CENTRO COMERCIAL GRAN SABANA, SEGUNDO PISO, OFICINA 73, PUERTO ORDAZ.','',232,'','','','','','',0.00,0.00,0.00,0.00,1,0.00,0.00,'','2013-09-20 04:30:00','2016-01-14 17:30:01'),(117,'0046','J','000450730','','RENTA MOTOR , C.A.','No Aeronáutico',1,0,'2005-11-16','AV.  PRINCIPAL  EL  BOSQUE.  EDIFICIO  PICHINCHA  PISO 7.  OFICINA 71.  URB.  EL BOSQUE  CHACAITO  CARACAS','CARACAS',232,'1050','','','','','',0.00,0.00,0.00,0.00,1,0.00,75.00,'','2005-11-16 04:00:00','2016-02-03 23:48:37'),(118,'0017','J','316497976','','REPRESENTACIONES TURISTICAS CANAIMA, C.A.','No Aeronáutico',0,0,'2005-11-16','AEROPUERTO INTERNACIONAL DEL ORINOCO MANUEL PIAR, SECTOR AEROCLUB CARONI HANGAR 08-09. PUERTO ORDAZ, ESTADO BOLIVAR','CIUDAD GUAYANA',232,'8015','',NULL,NULL,'',NULL,NULL,NULL,NULL,NULL,1,NULL,NULL,NULL,'2005-11-16 04:00:00','0000-00-00 00:00:00'),(119,'D029','J','307326328','','REPRESENTACIONES VINSOCA, C.A.','Aeronáutico',0,0,'2011-09-14','TORRE KLM PISO 10 SANTA EDUBIGIS, CARACAS, DISTRITO CAPITAL, VENEZUELA.','CIUDAD GUAYANA',232,'8050','','','','','',0.00,0.00,0.00,0.00,1,0.00,0.00,'','2011-09-14 04:30:00','2016-01-14 18:07:05'),(120,'1286','J','297915290','','REPRESENTACIONES Y SERVICIOS  MAGALLANES LONGONI, C.A.','No Aeronáutico',0,0,'2009-11-12','AV. GUAYANA AEROPUERTO MANUEL CARLOS PIAR NRO B URB  UNARE II, PUERTO ORDAZ.','CIUDAD GUAYANA',232,'8050','',NULL,NULL,'',NULL,NULL,NULL,NULL,NULL,1,NULL,NULL,NULL,'2009-11-12 04:30:00','0000-00-00 00:00:00'),(121,'D042','J','314671367','','RG AVIATIÓN, C.A','Aeronáutico',0,0,'2012-01-26','AEROPUERTO CARACAS OMZ, HANGAR CORPORATIVO 2.','',232,'','','','','','',0.00,0.00,0.00,0.00,1,0.00,0.00,'','2012-01-26 04:30:00','2016-01-14 18:21:30'),(122,'0047','J','000860874','','ROFRER, S.A.','No Aeronáutico',0,0,'2005-11-16','CALLE  LOURDES  CON  AV. NUEVA  GRANADA.  EDIFICIO  DUDGET CAR  RENTAL. URB.  LAS  ACACIAS.  CARACAS  DF. 1040  VENEZUELA','CARACAS',232,'','',NULL,NULL,'',NULL,NULL,NULL,NULL,NULL,1,NULL,NULL,NULL,'2005-11-16 04:00:00','0000-00-00 00:00:00'),(123,'D072','J','308192252','','RUTAS AEREAS DE VENEZUELA RAV S.A.','Aeronáutico',0,0,'2009-09-08','AV. PPAL ZONA DE CARGA LOCAL C0003 AEROPUERTO INTERNACIONAL LA CHINITA.','MARACAIBO',232,'4001','','','','','',0.00,0.00,0.00,0.00,1,0.00,0.00,'','2009-09-08 04:30:00','2016-01-14 18:43:11'),(124,'0048','J','095003965','2906619','RUTAS AEREAS, C.A.','Aeronáutico',0,0,'2005-11-16','AV. JESUS SOTO SECTOR AEROPUERTO EDIFICIO  TALLER MARES . CIUDAD BOLIVAR. EDO. BOLIVAR','BOLIVAR',232,'8001','',NULL,NULL,'',NULL,NULL,NULL,NULL,NULL,1,NULL,NULL,NULL,'2005-11-16 04:00:00','0000-00-00 00:00:00'),(125,'D002','J','312952512','','S&S ORINOCO AVIATIÓN C.A','Aeronáutico',0,0,'2007-12-27','CALLE ARO CC CARONI PLAZA NIVEL 4 LOCAL 4-1 SECTOR ALTA VISTA PUERTO ORDAZ','CIUDAD GUAYANA',232,'8050','','','','','',0.00,0.00,0.00,0.00,1,0.00,0.00,'','2007-12-27 04:30:00','2016-01-14 17:28:35'),(126,'1341','G','200040637','','SERVICIO AUTONOMO DE AEROPUERT REG DEL EDO BOLIVAR','No Aeronáutico',0,0,'2011-06-06','AVENIDA JESUS SOTO EDIFICIO TERMINAL AEREO CIUDAD BOLIVAR','',232,'','',NULL,NULL,'',NULL,NULL,NULL,NULL,NULL,1,NULL,NULL,NULL,'2011-06-06 04:30:00','0000-00-00 00:00:00'),(127,'1316','G','200003030','','SERVICIO NACIONAL INTEGRADO DE ADMON ADUANERA Y TRI','No Aeronáutico',0,0,'2010-11-05','CARRERA TOCOMA CON CALLE ARO, EDIFICIO MIMU, 1 ER. PISO, ALTA VISTA NORTE. PUERTO ORDAZ. - EDO. BOLIVAR','CIUDAD GUAYANA',232,'8050','',NULL,NULL,'',NULL,NULL,NULL,NULL,NULL,1,NULL,NULL,NULL,'2010-11-05 04:30:00','0000-00-00 00:00:00'),(128,'D049','J','095016714','2722720','SERVICIOS AEREOS MINEROS, C.A.','Aeronáutico',0,0,'2005-11-16','AEROPUERTO INTERNACIONAL DEL ORINOCO MANUEL PIAR, PUERTO ORDAZ','CIUDAD GUAYANA',232,'8050','','','','','',0.00,0.00,0.00,0.00,1,0.00,0.00,'','2005-11-16 04:00:00','2016-01-14 16:30:04'),(129,'D053','J','299292311','','SERVICIOS AEREOS PROFESIONALES SAP, C.A.','Aeronáutico',0,0,'2014-04-12','CARRIZAL, ESTADO MIRANDA.','',232,'','','','','','',0.00,0.00,0.00,0.00,1,0.00,0.00,'','2014-04-12 04:30:00','2016-01-14 18:28:47'),(130,'D023','J','317653440','','SERVICIOS DE EMPAQUES Y MANTENIMIENTO NEKUIMA C.A.','Aeronáutico',0,0,'2012-11-07','ZONA INDUSTRIAL LOS PINOS, MANZANA Nº 6, PARCELA 9 Y 10, PUERTO ORDAZ  - ESTADO BOLIVAR.','CIUDAD GUAYANA',232,'8050','0286 - 9942156','','','','',0.00,0.00,0.00,0.00,1,0.00,0.00,'','2012-11-07 04:30:00','2016-01-14 17:38:05'),(131,'0223','J','297695796','','SERVICIOS Y SUMINISTROS LA MAXIMA, C.A','No Aeronáutico',0,0,'2013-07-15','CTRA PARQUE  INDUSTRIAL LOS PINOS, EDIF CENTRO EMPRESARIAL CUBO VERDE PISO P/B','CIUDAD GUAYANA',232,'8050','',NULL,NULL,'',NULL,NULL,NULL,NULL,NULL,1,NULL,NULL,NULL,'2013-07-15 04:30:00','0000-00-00 00:00:00'),(132,'0050','J','000413916','','SIDOR C.A.','No Aeronáutico',0,0,'2005-11-16','ZONA INDUSTRIAL MATANZAS. PUERTO ORDAZ. EDO. BOLIVAR','CIUDAD GUAYANA',232,'8050','',NULL,NULL,'',NULL,NULL,NULL,NULL,NULL,1,NULL,NULL,NULL,'2005-11-16 04:00:00','0000-00-00 00:00:00'),(133,'D003','J','301791940','','SILVA SHIPPING AGENCY, C.A','Aeronáutico',0,0,'2011-01-04','CALLE ARO CC CARONI PLAZA NIVEL LOCAL 4 - 01 ZONA ALTA VISTA PUERTO ORDAZ.','CIUDAD GUAYANA',232,'8050','','','','','',0.00,0.00,0.00,0.00,1,0.00,0.00,'','2011-01-04 04:30:00','2016-01-14 17:34:54'),(134,'0123','J','307371889','','SUNDANCE AIR VENEZUELA, C.A.','No Aeronáutico',0,0,'2009-07-15','AV. LA ESTANCIA URB. CHUAO C.C.C.T. NIVEL C-2 OFIC. MZ - 03-B2','CARACAS',232,'1060','',NULL,NULL,'',NULL,NULL,NULL,NULL,NULL,1,NULL,NULL,NULL,'2009-07-15 04:30:00','0000-00-00 00:00:00'),(135,'1407','J','296161364','','SUNDANCE AVSEC CONTROL AND SERVICE C.A.','No Aeronáutico',0,0,'2012-06-11','AV. CALLE 10 CON AVENIDA PRINCIPAL LA ATLANTIDA CC CENTRO EMPRESARIAL JARDINES PLAZA NIVEL 3 LOCAL','',232,'','',NULL,NULL,'',NULL,NULL,NULL,NULL,NULL,1,NULL,NULL,NULL,'2012-06-11 04:30:00','0000-00-00 00:00:00'),(136,'1292','J','003439940','','TELEFÓNICA VENEZOLANA, C.A..','No Aeronáutico',0,0,'2009-12-11','AV. FRANCISCO DE MIRANDA CC EL PARQUE NIVEL 6 OF 6 URB LOS PALOS GRANDES CARACAS.','CARACAS',232,'1070','',NULL,NULL,'',NULL,NULL,NULL,NULL,NULL,1,NULL,NULL,NULL,'2009-12-11 04:30:00','0000-00-00 00:00:00'),(137,'D069','J','311767096','','TRAKI  IVG  PLUS, C.A','Aeronáutico',0,0,'2007-11-28','ZONA INDUSTRIAL LOS PINOS CALLE 6 MANZANA 29 GALPON 2 EDIFICIO TRAKI PUERTO ORDAZ ESTADO BOLIVAR','CIUDAD GUAYANA',232,'8050','0286-9944661 / 9944385','','','','',0.00,0.00,0.00,0.00,1,0.00,0.00,'','2007-11-28 04:00:00','2016-01-14 18:41:54'),(138,'D062','J','305703809','','TRANSCARGA INTL. AIRWAYS, C.A','Aeronáutico',0,0,'2006-02-03','Av. Rio Caura. Torre Humbolt,  piso 05 oficina 5-13. Prado del Este. Caracas. Punto referencia Centro Comercial Congresa.','CARACAS',232,'1030','2129776918','','','','',0.00,0.00,0.00,0.00,1,0.00,0.00,'','2006-02-03 04:00:00','2016-01-14 18:39:09'),(139,'0074','J','095006573','3314812','TRANSMANDU C.A.','Aeronáutico',0,0,'2005-11-22','AV. JESUS SOTO. AEROPUERTO CIUDAD BOLIVAR EDO. BOLIVAR','BOLIVAR',232,'8001','',NULL,NULL,'',NULL,NULL,NULL,NULL,NULL,1,NULL,NULL,NULL,'2005-11-22 04:00:00','0000-00-00 00:00:00'),(140,'1443','J','001976663','','TRANSPORTE DE VALORES BANCARIOS TRANSBANCA, C.A.','No Aeronáutico',0,0,'2013-03-21','SAN MARTIN CENTRO INDUSTRIAL PALO GRANDE','DISTRITO CAPITAL',232,'','',NULL,NULL,'',NULL,NULL,NULL,NULL,NULL,1,NULL,NULL,NULL,'2013-03-21 04:30:00','0000-00-00 00:00:00'),(141,'1282','J','304684339','','TRANSPORTE DE VALORES VISETECA','No Aeronáutico',0,0,'2009-10-05','EDIF. BANCO PROVINCIAL , SÓTANO AV. GUAYANA, ALATA VISTA. PUERTO ORDAZ.','CIUDAD GUAYANA',232,'8050','',NULL,NULL,'',NULL,NULL,NULL,NULL,NULL,1,NULL,NULL,NULL,'2009-10-05 04:30:00','0000-00-00 00:00:00'),(142,'D061','J','095034330','3094359','TRANSPORTE NACIONALES (TRANACA)','Aeronáutico',0,0,'2005-11-22','AV. JESUS SOTO. CIUDAD BOLIVAR. EDO. BOLIVAR','BOLIVAR',232,'8001','','','','','',0.00,0.00,0.00,0.00,1,0.00,0.00,'','2005-11-22 04:00:00','2016-01-14 18:35:44'),(143,'D057','J','300925811','5763606','TURISMO AEREO AMAZONAS','Aeronáutico',0,0,'2005-11-18','AV JESUS SOTO CIUDAD BOLIVAR EDO. BOLIVAR','BOLIVAR',232,'8001','','','','','',0.00,0.00,0.00,0.00,1,0.00,0.00,'','2005-11-18 04:00:00','2016-01-14 18:34:10'),(145,'0087','J','003314609','','UNIGLOBE CANDES  TRAVEL, C.A.','No Aeronáutico',0,0,'2006-03-23','AVENIDA  FRANCISCO  DE  MIRANDA  URB.  LOS  PALOS  GRANDES  EDIF.  PARQUE  CRISTAL  TORRE  OESTE  PISO  6  LOC.  63 - 64','CARACAS',232,'1060','',NULL,NULL,'',NULL,NULL,NULL,NULL,NULL,1,NULL,NULL,NULL,'2006-03-23 04:00:00','0000-00-00 00:00:00'),(146,'0051','V','037694661','','VARIEDADES MICHELANGELLI','No Aeronáutico',0,0,'2005-11-16','AV. 1. URB SAN RAFAEL. QTA. ITIMAR Nº 03. CIUDAD BOLIVAR. EDO. BOLIVAR','BOLIVAR',232,'8001','',NULL,NULL,'',NULL,NULL,NULL,NULL,NULL,1,NULL,NULL,NULL,'2005-11-16 04:00:00','0000-00-00 00:00:00'),(147,'D028','J','304780869','','VENEQUIP, S.A.','Aeronáutico',0,0,'2011-07-08','ZONA INDUSTRIAL 1 CALLE 4 EDIFICIO VENEQUIP, BARQUISIMETO -  ESTADO LARA.','BARQUISIMETO',232,'3001','','','','','',0.00,0.00,0.00,0.00,1,0.00,0.00,'','2011-07-08 04:30:00','2016-01-14 18:06:13'),(148,'D056','J','405395311','','VUELOS I VUELOS C.A.','Aeronáutico',0,0,'2015-05-25','CALLE ESTE EDIF. ESTE 9 PISO 2 APT.24-A, URB. MANZANARES, BARUTA, CARACAS, MIRANDA.','',232,'','','','','','',0.00,0.00,0.00,0.00,1,0.00,0.00,'','2015-05-25 04:30:00','2016-01-14 18:32:10'),(149,'01440','J','40205013','','INVERSIONES GALETTE EXPRESS, C.A','No Aeronáutico',0,0,'2016-01-06','','',232,'','','','','','',0.00,0.00,0.00,0.00,0,5.00,75.00,'','2016-01-06 20:26:41','2016-01-06 20:26:41'),(150,'D001','J','29904586-1','','JUCA, C.A','Aeronáutico',0,0,'2016-01-07','CALLE LA ARBOLEDA CONJUNTO RESIDENCIAL LA OLIVEÑA TOWN HOUSE Nº19 URB LOS OLIVOS PUERTO ORDAZ','',232,'','','','','','',0.00,0.00,0.00,0.00,0,5.00,75.00,'','2016-01-08 00:32:41','2016-01-09 00:06:44'),(153,'D005','V','5148707','','ROJAS REINALDO','Aeronáutico',0,0,'2016-01-08','CARACAS - DISTRITO CAPITAL.','',232,'','','','','','',0.00,0.00,0.00,0.00,0,5.00,75.00,'','2016-01-09 01:56:44','2016-01-09 01:56:44'),(154,'D006','J','315929350','','INVERSIONES KING AIR BB-611, C.A.','Aeronáutico',0,0,'2016-01-08','CARACAS - DISTRITO CAPITAL.','',232,'','','','','','',0.00,0.00,0.00,0.00,0,5.00,75.00,'','2016-01-09 02:28:18','2016-01-09 02:28:18'),(155,'D007','V','6940492','','CORSER LUIS','Aeronáutico',0,0,'2016-01-08','CARACAS - DISTRITO CAPITAL.','',232,'','','','','','',0.00,0.00,0.00,0.00,0,5.00,75.00,'','2016-01-09 02:41:32','2016-01-09 02:41:32'),(156,'D008','J','295175779','','INVERSIONES MORAIMA C.A.','Aeronáutico',0,0,'2016-01-08','AVENIDA JESUS  SOTO, AEROPUERTO GENERAL TOMAS DE HERES, HANGAR AERO TRANSPORTE LA MONTAÑA, CIUDA BOLIVAR, EDO. BOLIVAR.','',232,'','','','','','',0.00,0.00,0.00,0.00,0,5.00,75.00,'','2016-01-09 03:45:57','2016-01-09 03:51:21'),(157,'D014','V','17163746','','SEGUIAS CARLOS','Aeronáutico',0,0,'2016-01-09','CIUDAD BOLIVAR - ESTADO BOLIVAR.','',232,'','','','','','',0.00,0.00,0.00,0.00,0,5.00,75.00,'','2016-01-09 04:37:39','2016-01-14 16:18:35'),(158,'D013','J','000004676','','AEROTECNICA S.A.','Aeronáutico',0,0,'2016-01-09','AERPUERTO OSCAR MACAHODO ZULUAGA, CHARALLAVE.','',232,'','','','','','',0.00,0.00,0.00,0.00,0,5.00,75.00,'','2016-01-09 04:53:57','2016-01-09 04:53:57'),(159,'D018','V','4639163','','RIVAS MICHEL','Aeronáutico',0,0,'2016-01-10','BARQUISIMETO.  ESTADO LARA.','',232,'','','','','','',0.00,0.00,0.00,0.00,0,5.00,75.00,'','2016-01-11 01:52:37','2016-01-11 01:52:37'),(160,'D017','J','315787644','','GRUPO ANCORA C.A.','Aeronáutico',0,0,'2016-01-10','GUATIRE . ESTADO MIRANDA.','',232,'','','','','','',0.00,0.00,0.00,0.00,0,5.00,75.00,'','2016-01-11 02:01:19','2016-01-11 02:01:19'),(161,'D019','J','31173673-5','','THE COMPANY METAL, C.A','Aeronáutico',0,0,'2016-01-13','MARACAY EDO. - ARAGUA','',232,'','','','','','',0.00,0.00,0.00,0.00,0,5.00,75.00,'','2016-01-14 00:43:00','2016-01-14 00:43:00'),(162,'D020','V','2342875','','BARMES ROGER','Aeronáutico',0,0,'2016-01-13','PANAMÁ','',232,'','','','','','',0.00,0.00,0.00,0.00,0,5.00,75.00,'','2016-01-14 01:58:32','2016-01-14 02:00:35'),(163,'D021','J','08034247-0','','SERVICIOS AEREOS SUCRE, C.A','Aeronáutico',0,0,'2016-01-13','AV. BOLIVAR CENTRO EMPRESARIAL AB, NIVEL PL, OFIC. 19 PAMPATAR, ISLA DE MARGARITA - NUEVA ESPARTA','',232,'','','','','','',0.00,0.00,0.00,0.00,0,5.00,75.00,'','2016-01-14 03:47:04','2016-01-14 03:47:04'),(164,'D026','V','16891816','','RAMIREZ JUAN','Aeronáutico',0,0,'2016-01-14','CARACAS, DISTRITO CAPITAL','',232,'','','','','','',0.00,0.00,0.00,0.00,0,5.00,75.00,'','2016-01-14 17:53:24','2016-01-14 17:53:24'),(165,'D027','V','11664926','','ROSENQVIST HARALD','Aeronáutico',0,0,'2016-01-14','CARACAS, DISTRITO CAPITAL','',232,'','','','','','',0.00,0.00,0.00,0.00,0,5.00,75.00,'','2016-01-14 18:06:17','2016-01-14 18:06:17'),(166,'D039','V','6182198','','CALDERON ALEXIS','Aeronáutico',0,0,'2016-01-14','CARACAS, DISTRITO CAPITAL','',232,'','','','','','',0.00,0.00,0.00,0.00,0,5.00,75.00,'','2016-01-14 18:17:53','2016-01-14 18:17:53'),(167,'D040','J','31034468-0','','INDUSTRIAS DE AISLANTES Y ACERO IAA, C.A.','Aeronáutico',0,0,'2016-01-14','BARCELONA, ESTADO ANZOATEGUI','',232,'','','','','','',0.00,0.00,0.00,0.00,0,5.00,75.00,'','2016-01-14 18:39:08','2016-01-14 18:39:08'),(168,'D073','V','4384459','','ARIAS RAUL','Aeronáutico',0,0,'2016-01-14','SANTA ELENA DE UAIREN, ESTADO BOLIVAR','',232,'','','','','','',0.00,0.00,0.00,0.00,0,5.00,75.00,'','2016-01-14 19:17:29','2016-01-14 19:17:29'),(169,'D074','V','23694631','','FAUSTO RAMIREZ','Aeronáutico',0,0,'2016-01-14','CARACAS, DISTRITO CAPITAL','',232,'','','','','','',0.00,0.00,0.00,0.00,0,5.00,75.00,'','2016-01-14 20:51:42','2016-01-14 20:51:42'),(170,'D075','V','6555718','','FRANCOIS PIETRI','Aeronáutico',0,0,'2016-01-15','CARACAS, DISTRITO CAPITAL','',232,'','','','','','',0.00,0.00,0.00,0.00,0,5.00,75.00,'','2016-01-16 01:05:54','2016-01-16 01:05:54'),(171,'D076','V','8634698','','MARCOS GARCIA','Aeronáutico',0,0,'2016-01-16','CIUDAD BOLÍVAR - EDO. BOLIVAR','',232,'','','','','','',0.00,0.00,0.00,0.00,0,5.00,75.00,'','2016-01-17 00:10:26','2016-01-17 00:10:26'),(172,'D077','V','297814647','','SERVICIOS AEREOS RORAIMA, C.A','Aeronáutico',0,0,'2016-01-16','CARACAS -DISTRITO CAPITAL','',232,'','','','','','',0.00,0.00,0.00,0.00,0,5.00,75.00,'','2016-01-17 00:27:52','2016-01-17 00:27:52'),(173,'D078','V','10533379','','MARCO GONZALEZ','Aeronáutico',0,0,'2016-01-16','LA CASTELLANA, CARACAS - DISTRITO CAPITAL','CARACAS',232,'','','','','','',0.00,0.00,0.00,0.00,0,5.00,75.00,'','2016-01-17 01:03:14','2016-01-17 01:03:14'),(174,'D079','J','303444911','','COMMANDAIR, C.A','Aeronáutico',0,0,'2016-01-16','LA CASTELLANA, CARACAS - DISTRITO CAPITAL','',232,'','','','','','',0.00,0.00,0.00,0.00,0,5.00,75.00,'','2016-01-17 01:11:11','2016-01-17 01:11:11'),(175,'D080','J','40071637-3','','AEROGLOBAL DE VENEZUELA, C.A.','Aeronáutico',0,0,'2016-02-02','EL TIGRE ESTADO ANZOATEGUI','',232,'','','','','','',0.00,0.00,0.00,0.00,0,5.00,75.00,'','2016-02-02 17:02:07','2016-02-02 17:02:07'),(176,'D081','V','6963842','','REMO IREVECCHI','Aeronáutico',0,0,'2016-02-02','CARACAS','',232,'','','','','','',0.00,0.00,0.00,0.00,0,5.00,75.00,'','2016-02-02 17:27:18','2016-02-02 17:27:18'),(177,'D082','J','40563865-6','','CONTINENTAL TRANSPORT, C.A.','Aeronáutico',0,0,'2016-02-02','PUERTO ORDAZ ESTADO BOLIVAR','',232,'','','','','','',0.00,0.00,0.00,0.00,0,5.00,75.00,'','2016-02-02 17:33:24','2016-02-02 17:34:03'),(178,'D083','V','19628272','','JONATHAN CHUN','Aeronáutico',0,0,'2016-02-02','CARACAS DISTRITO CAPITAL','',232,'','','','','','',0.00,0.00,0.00,0.00,0,5.00,75.00,'','2016-02-03 00:41:21','2016-02-03 00:41:21'),(179,'D084','J','00233846-6','','LABORATORIO DE INSTRUMENTOS AERONACA, C.A.','Aeronáutico',0,0,'2016-02-02','AEROPUERTO CARACAS, CHARALLAVE, ESTADO MIRANDA','',232,'','','','','','',0.00,0.00,0.00,0.00,0,5.00,75.00,'','2016-02-03 00:50:43','2016-02-03 00:50:43'),(180,'D085','V','12919018','','DESMOINEAUX JULIO','Aeronáutico',0,0,'2016-02-02','BARCELONA ESTADO ANZOATEGUI','',232,'','','','','','',0.00,0.00,0.00,0.00,0,5.00,75.00,'','2016-02-03 01:04:54','2016-02-03 01:04:54'),(181,'D086','J','40388303-3','','REPRESENTACIONES Y SERVICIOS RORAIMA, C.A.','Aeronáutico',0,0,'2016-02-02','ALTA VISTA, PUERTO ORDAZ, ESTADO BOLIVAR','',232,'','','','','','',0.00,0.00,0.00,0.00,0,5.00,75.00,'','2016-02-03 01:50:02','2016-02-03 01:50:02'),(182,'D087','V','11406498','','HECTOR VALENZUELA','Aeronáutico',0,0,'2016-02-03','VALENCIA ESTADO CARABOBO','',232,'','','','','','',0.00,0.00,0.00,0.00,0,5.00,75.00,'','2016-02-03 18:16:03','2016-02-03 18:16:03'),(183,'D088','V','12626549','','JOSE BORTONE','Aeronáutico',0,0,'2016-02-03','CARACAS DISTRITO CAPITAL','',232,'','','','','','',0.00,0.00,0.00,0.00,0,5.00,75.00,'','2016-02-03 19:13:03','2016-02-03 19:13:03'),(184,'D089','V','16115875','','DANIEL GARCIA','Aeronáutico',0,0,'2016-02-03','CARACAS DISTRITO CAPITAL','',232,'','','','','','',0.00,0.00,0.00,0.00,0,5.00,75.00,'','2016-02-03 20:09:16','2016-02-03 20:09:16'),(185,'D090','J','38092258-7','','METRO EMERGENCIAS, C.A.','Aeronáutico',0,0,'2016-02-03','BARCELONA ESTADO ANZOATEGUI','',232,'','','','','','',0.00,0.00,0.00,0.00,0,5.00,75.00,'','2016-02-04 00:59:56','2016-02-04 00:59:56'),(186,'D091','V','5271173','','DIAZ JESUS','Aeronáutico',0,0,'2016-02-04','CARACAS - DISTRITO CAPITAL.','',232,'','','','','','',0.00,0.00,0.00,0.00,0,5.00,75.00,'','2016-02-04 23:02:59','2016-02-04 23:02:59'),(187,'D092','J','298260653','','J.C. GROUND SUPPORT AVIATION  C.A.','Aeronáutico',0,0,'2016-02-04','AEROPUERTO INTERNACIONAL SIMON BOLIVAR, MAIQUETIA, ESTADO VARGAS.','',232,'','','','','','',0.00,0.00,0.00,0.00,0,5.00,75.00,'','2016-02-04 23:10:48','2016-02-04 23:10:48'),(188,'D093','V','6978827','','GARCIA CARPIO JESUS','Aeronáutico',0,0,'2016-02-04','CARACAS','',232,'','','','','','',0.00,0.00,0.00,0.00,0,5.00,75.00,'','2016-02-05 01:34:01','2016-02-05 01:34:01'),(190,'D094','V','5553323','','CARDOZO IRVIN','Aeronáutico',0,0,'2016-02-04','SANTA ELENA DE UAIREN','',232,'','','','','','',0.00,0.00,0.00,0.00,0,5.00,75.00,'','2016-02-05 02:01:30','2016-02-05 02:01:30'),(191,'D095','J','310951772','','ADMINISTRADORA JBL, C.A','Aeronáutico',0,0,'2016-02-04','AV FCCO. DE MIRANDA TORRE GERENCIAL LA CASTELLANA, OFIC. 13-E - CARACAS','',232,'','','','','','',0.00,0.00,0.00,0.00,0,5.00,75.00,'','2016-02-05 02:14:56','2016-02-05 02:16:49'),(192,'D096','V','14666217','','LEON JOSE','Aeronáutico',0,0,'2016-02-05','CARACAS - DISTRITO CAPITAL','',232,'','','','','','',0.00,0.00,0.00,0.00,0,5.00,75.00,'','2016-02-05 17:51:17','2016-02-05 17:51:17'),(193,'D097','J','31312229-7','','VUELOS CARONI, C.A','Aeronáutico',0,0,'2016-02-05','CALLE CAURA CRUCE CON CARRERA CARUACHI EDIF. TORRE CORPORATIVA, PISO 13 OFIC. 40, SECTOR ALTA VISTA - PUERTO ORDAZ','',232,'','','','','','',0.00,0.00,0.00,0.00,0,5.00,75.00,'','2016-02-05 18:00:29','2016-02-05 18:00:29'),(194,'D098','V','18826012','','VALDEZ DAGOBERTO JESUS','Aeronáutico',0,0,'2016-02-05','MATURIN - EDO. MONAGAS','',232,'','','','','','',0.00,0.00,0.00,0.00,0,5.00,75.00,'','2016-02-05 19:05:06','2016-02-05 19:05:06'),(195,'D099','J','31661620-7','','CORPORACION AIR WORLD, C.A.','Aeronáutico',0,0,'2016-02-05','LA URBINA CARACAS, DISTRITO CAPITAL','',232,'','','','','','',0.00,0.00,0.00,0.00,0,5.00,75.00,'','2016-02-06 01:34:45','2016-02-06 01:34:45'),(196,'D100','J','40412479-9','','AVIACION CORPORATIVA L.C.D.D. C.A.','Aeronáutico',0,0,'2016-02-05','SANTA MONICA CARACAS DISTRITO CAPITAL','',232,'','','','','','',0.00,0.00,0.00,0.00,0,5.00,75.00,'','2016-02-06 02:29:19','2016-02-06 02:29:58'),(197,'D101','V','12075292','','VICTOR RIOS','Aeronáutico',0,0,'2016-02-05','BARCELONA ESTADO ANZOATEGUI','',232,'','','','','','',0.00,0.00,0.00,0.00,0,5.00,75.00,'','2016-02-06 02:39:57','2016-02-06 02:39:57'),(198,'D102','J','090237976','','TOYOANDINA, S.A','Aeronáutico',0,0,'2016-02-06','VALERA -  EDO. TRUJILLO','',232,'','','','','','',0.00,0.00,0.00,0.00,0,5.00,75.00,'','2016-02-06 23:51:16','2016-02-06 23:51:16'),(199,'D103','V','5114170','','MARAMBIO LUIS','Aeronáutico',0,0,'2016-02-06','CARACAS','',232,'','','','','','',0.00,0.00,0.00,0.00,0,5.00,75.00,'','2016-02-07 02:33:59','2016-02-07 02:33:59'),(200,'D104','V','14778458','','NATERA BRIGIDO','Aeronáutico',0,0,'2016-02-06','CARACAS','',232,'','','','','','',0.00,0.00,0.00,0.00,0,5.00,75.00,'','2016-02-07 02:41:43','2016-02-07 02:41:43'),(201,'D105','V','18764463','','SALGADO PEDRO','Aeronáutico',0,0,'2016-02-06','VALENCIA - EDO. CARABOBO','',232,'','','','','','',0.00,0.00,0.00,0.00,0,5.00,75.00,'','2016-02-07 03:11:59','2016-02-07 03:11:59'),(202,'D106','J','40557868-0','','ROSO AVIATION GROUP, C.A','Aeronáutico',0,0,'2016-02-06','CARACAS','',232,'','','','','','',0.00,0.00,0.00,0.00,0,5.00,75.00,'','2016-02-07 03:17:56','2016-02-07 03:17:56'),(203,'D107','V','14350818','','GUILLERMO DRESSLER','Aeronáutico',0,0,'2016-02-06','CARACAS','',232,'','','','','','',0.00,0.00,0.00,0.00,0,5.00,75.00,'','2016-02-07 03:35:52','2016-02-07 03:35:52'),(204,'D108','J','306189410','','RANDOM INVEST, C.A.','Aeronáutico',0,0,'2016-02-07','AVENIDA LIBERTADOR, CENTRO COMERCIAL LIBERTADOR, CARACAS - DISTRITO CAPITAL.','',232,'','','','','','',0.00,0.00,0.00,0.00,0,5.00,75.00,'','2016-02-07 16:33:24','2016-02-07 16:33:24'),(205,'D109','J','000193614','','PLUMROSE LATINOAMERICANA, C.A.','Aeronáutico',0,0,'2016-02-07','PROLONGACIÓN AVENIDA TRIESTE CON CALLE MIRANDA, URB. LOS RUICES EDIFICIO PLUMROSE, CARACAS - DISTRITO CAPITAL.','',232,'','','','','','',0.00,0.00,0.00,0.00,0,5.00,75.00,'','2016-02-07 18:36:27','2016-02-07 18:36:27'),(206,'D110','J','299531626','','ATB CONSTRUCTORES, C.A.','Aeronáutico',0,0,'2016-02-07','CENTRO LIDO - CARACAS - DISTRITO CAPITAL.','',232,'','','','','','',0.00,0.00,0.00,0.00,0,5.00,75.00,'','2016-02-07 19:13:31','2016-02-07 19:13:31'),(207,'D111','J','315915944','','AEROSERVICIOS  ESCALANTE, C.A','Aeronáutico',0,0,'2016-02-07','MARACAIBO - ESTADO ZULIA.','',232,'','','','','','',0.00,0.00,0.00,0.00,0,5.00,75.00,'','2016-02-07 19:39:00','2016-02-07 19:39:00'),(208,'D112','J','308148288','','IRONSTELL DE GUAYANA, C.A','Aeronáutico',0,0,'2016-02-07','ZONA INDUSTRIAL LOS PINOS. PARCELA 304 GALPON 3505 PUERTO ORDAZ EDO BOLIVAR.','',232,'','','','','','',0.00,0.00,0.00,0.00,0,5.00,75.00,'','2016-02-07 21:09:46','2016-02-07 21:09:46'),(209,'D113','V','7733782','',' ANSELMETTI MICHELLE','Aeronáutico',0,0,'2016-02-07','CARACAS, DISTRITO CAPITAL','',232,'','','','','','',0.00,0.00,0.00,0.00,0,5.00,75.00,'','2016-02-07 22:27:58','2016-02-07 22:27:58'),(210,'D114','V','16273236','','GARCIA GUSTAVO','Aeronáutico',0,0,'2016-02-07','CARACAS, DISTRITO CAPITAL','',232,'','','','','','',0.00,0.00,0.00,0.00,0,5.00,75.00,'','2016-02-07 22:59:09','2016-02-07 22:59:09'),(211,'D115','V','4120284','','ROURE JOSE','Aeronáutico',0,0,'2016-02-07','CARACAS, DISTRITO CAPITAL','',232,'','','','','','',0.00,0.00,0.00,0.00,0,5.00,75.00,'','2016-02-07 23:21:05','2016-02-07 23:21:05'),(212,'D116','V','8872173','','VAHLIS MIGUEL','Aeronáutico',0,0,'2016-02-07','CIUDAD BOLIVAR - ESTADO BOLIVAR.','',232,'','','','','','',0.00,0.00,0.00,0.00,0,5.00,75.00,'','2016-02-08 00:22:23','2016-02-08 00:22:23'),(213,'D117','J','070056002','','COSTA NORTE CONSTRUCCIONES, C.A.','Aeronáutico',0,0,'2016-02-07','CALLE 66, AVENIDA 24 N° 65-81, MARACAIBO - ESTADO ZULIA.','',232,'','','','','','',0.00,0.00,0.00,0.00,0,5.00,75.00,'','2016-02-08 00:54:31','2016-02-08 00:54:31'),(214,'D118','J','293699290','','VICTORIA SERVICIOS EJECUTIVOS, C.A.','Aeronáutico',0,0,'2016-02-07','AVENIDA LOS LEONES CON CALLE CARONI CENTRO EMPRESARIAL BARQUISIMETO, PISO 8 OFICINA 8-4, ESTADO LARA.','',232,'','','','','','',0.00,0.00,0.00,0.00,0,5.00,75.00,'','2016-02-08 01:16:41','2016-02-08 01:16:41'),(215,'D119','V','17125662','','URDANETA ISMAEL','Aeronáutico',0,0,'2016-02-07','CARACAS - DISTRITO CAPITAL.','',232,'','','','','','',0.00,0.00,0.00,0.00,0,5.00,75.00,'','2016-02-08 01:39:35','2016-02-08 01:39:35'),(216,'D120','V','3240486','','MARTINEZ MARIO','Aeronáutico',0,0,'2016-02-07','CARACAS - DISTRITO CAPITAL.','',232,'','','','','','',0.00,0.00,0.00,0.00,0,5.00,75.00,'','2016-02-08 02:09:39','2016-02-08 02:09:39'),(217,'D121','J','404017925-0','','ITH VENEZUELA, C.A.','Aeronáutico',0,0,'2016-02-08','CHACAO, CARACAS, DISTRITO CAPITAL','',232,'','','','','','',0.00,0.00,0.00,0.00,0,5.00,75.00,'','2016-02-09 02:35:46','2016-02-09 02:35:46'),(218,'D122','V','11945760','','POUSA JUAN','Aeronáutico',0,0,'2016-02-09','CARACAS','',232,'','','','','','',0.00,0.00,0.00,0.00,0,5.00,75.00,'','2016-02-09 17:37:53','2016-02-09 17:37:53'),(219,'D123','V','18941945','','RENE DIAZ','Aeronáutico',0,0,'2016-02-09','CARACAS','',232,'','','','','','',0.00,0.00,0.00,0.00,0,5.00,75.00,'','2016-02-09 19:38:12','2016-02-09 19:38:12'),(220,'D124','J','30280863-4','','AIRPLANES SERVICES CV, C.A','Aeronáutico',0,0,'2016-02-09','AV FRANCISCO DE MIRANDA, CENTRO LIDO TORRE C PISO 5 - CARACAS','',232,'','','','','','',0.00,0.00,0.00,0.00,0,5.00,75.00,'','2016-02-09 21:18:12','2016-02-09 21:18:12'),(221,'D125','J','307326328','','REPRESENTACIONES VINSOCA, C.A','Aeronáutico',0,0,'2016-02-09','TORRE KLM PISO 10, SANTA EDUBIGIS, CARACAS - DISTRITO CAPITAL','',232,'','','','','','',0.00,0.00,0.00,0.00,0,5.00,75.00,'','2016-02-09 22:36:23','2016-02-09 22:36:23'),(222,'D126','V','4579783','','BADEL FELIX','Aeronáutico',0,0,'2016-02-10','CARACAS - DTO. CAPITAL.','',232,'','','','','','',0.00,0.00,0.00,0.00,0,5.00,75.00,'','2016-02-11 01:02:58','2016-02-11 01:02:58');
/*!40000 ALTER TABLE `clientes` ENABLE KEYS */;
UNLOCK TABLES;

--
-- Table structure for table `cobro_factura`
--

DROP TABLE IF EXISTS `cobro_factura`;
/*!40101 SET @saved_cs_client     = @@character_set_client */;
/*!40101 SET character_set_client = utf8 */;
CREATE TABLE `cobro_factura` (
  `id` int(10) unsigned NOT NULL AUTO_INCREMENT,
  `factura_id` int(10) unsigned NOT NULL,
  `cobro_id` int(10) unsigned NOT NULL,
  `retencionFecha` varchar(255) COLLATE utf8_unicode_ci NOT NULL,
  `retencionComprobante` varchar(255) COLLATE utf8_unicode_ci NOT NULL,
  `monto` double(15,2) NOT NULL,
  `base` double(15,2) NOT NULL,
  `iva` double(15,2) NOT NULL,
  `islrpercentage` double NOT NULL,
  `ivapercentage` double NOT NULL,
  `retencion` double(15,2) NOT NULL,
  `total` double(15,2) NOT NULL,
  `created_at` timestamp NOT NULL DEFAULT '0000-00-00 00:00:00',
  `updated_at` timestamp NOT NULL DEFAULT '0000-00-00 00:00:00',
  PRIMARY KEY (`id`),
  KEY `cobro_factura_factura_id_foreign` (`factura_id`),
  KEY `cobro_factura_cobro_id_foreign` (`cobro_id`),
  CONSTRAINT `cobro_factura_cobro_id_foreign` FOREIGN KEY (`cobro_id`) REFERENCES `cobros` (`id`) ON DELETE CASCADE,
  CONSTRAINT `cobro_factura_factura_id_foreign` FOREIGN KEY (`factura_id`) REFERENCES `facturas` (`id`)
) ENGINE=InnoDB AUTO_INCREMENT=288 DEFAULT CHARSET=utf8 COLLATE=utf8_unicode_ci;
/*!40101 SET character_set_client = @saved_cs_client */;

--
-- Dumping data for table `cobro_factura`
--

LOCK TABLES `cobro_factura` WRITE;
/*!40000 ALTER TABLE `cobro_factura` DISABLE KEYS */;
INSERT INTO `cobro_factura` VALUES (1,91,1,'0','0',82.50,82.50,0.00,0,0,0.00,82.50,'2016-01-14 20:49:40','2016-01-14 20:49:40'),(2,93,2,'0','0',144.00,144.00,0.00,0,0,0.00,144.00,'2016-01-14 20:50:49','2016-01-14 20:50:49'),(3,94,3,'0','0',168.00,168.00,0.00,0,0,0.00,168.00,'2016-01-14 20:51:40','2016-01-14 20:51:40'),(4,101,4,'0','0',547.92,547.92,0.00,0,0,0.00,547.92,'2016-01-14 20:53:31','2016-01-14 20:53:31'),(5,102,5,'0','0',1753.50,1753.50,0.00,0,0,0.00,1753.50,'2016-01-14 20:54:26','2016-01-14 20:54:26'),(6,137,6,'0','0',328.50,328.50,0.00,0,0,0.00,328.50,'2016-01-14 20:56:32','2016-01-14 20:56:32'),(7,141,7,'0','0',43380.90,43380.90,0.00,0,0,0.00,43380.90,'2016-01-14 20:57:34','2016-01-14 20:57:34'),(8,107,8,'0','0',390.00,390.00,0.00,0,0,0.00,390.00,'2016-01-14 20:58:52','2016-01-14 20:58:52'),(9,136,9,'0','0',267.00,267.00,0.00,0,0,0.00,267.00,'2016-01-14 20:59:40','2016-01-14 20:59:40'),(10,110,10,'0','0',451.50,451.50,0.00,0,0,0.00,451.50,'2016-01-14 21:01:42','2016-01-14 21:01:42'),(11,111,11,'0','0',144.00,144.00,0.00,0,0,0.00,144.00,'2016-01-14 21:07:12','2016-01-14 21:07:12'),(12,112,12,'0','0',144.00,144.00,0.00,0,0,0.00,144.00,'2016-01-14 21:07:54','2016-01-14 21:07:54'),(13,113,13,'0','0',328.50,328.50,0.00,0,0,0.00,328.50,'2016-01-14 21:08:43','2016-01-14 21:08:43'),(14,138,14,'0','0',82.50,82.50,0.00,0,0,0.00,82.50,'2016-01-14 21:09:28','2016-01-14 21:09:28'),(15,114,15,'0','0',35866.47,35866.47,0.00,0,0,0.00,35866.47,'2016-01-14 21:12:09','2016-01-14 21:12:09'),(16,116,16,'0','0',144.00,144.00,0.00,0,0,0.00,144.00,'2016-01-14 21:13:01','2016-01-14 21:13:01'),(17,115,17,'0','0',144.00,144.00,0.00,0,0,0.00,144.00,'2016-01-14 21:13:47','2016-01-14 21:13:47'),(18,202,18,'0','0',144.00,144.00,0.00,0,0,0.00,144.00,'2016-01-14 21:29:56','2016-01-14 21:29:56'),(19,139,19,'0','0',928.20,928.20,0.00,0,0,0.00,928.20,'2016-01-14 23:10:32','2016-01-14 23:10:32'),(20,131,20,'0','0',82.50,82.50,0.00,0,0,0.00,82.50,'2016-01-14 23:11:50','2016-01-14 23:11:50'),(21,132,21,'0','0',144.00,144.00,0.00,0,0,0.00,144.00,'2016-01-14 23:12:59','2016-01-14 23:12:59'),(22,133,22,'0','0',811.38,811.38,0.00,0,0,0.00,811.38,'2016-01-14 23:14:32','2016-01-14 23:14:32'),(23,134,23,'0','0',697.50,697.50,0.00,0,0,0.00,697.50,'2016-01-14 23:15:16','2016-01-14 23:15:16'),(24,143,24,'0','0',451.50,451.50,0.00,0,0,0.00,451.50,'2016-01-14 23:17:03','2016-01-14 23:17:03'),(25,135,25,'0','0',267.00,267.00,0.00,0,0,0.00,267.00,'2016-01-14 23:18:41','2016-01-14 23:18:41'),(26,148,26,'0','0',1168.50,1168.50,0.00,0,0,0.00,1168.50,'2016-01-14 23:19:30','2016-01-14 23:19:30'),(27,160,27,'0','0',276.00,276.00,0.00,0,0,0.00,276.00,'2016-01-14 23:58:04','2016-01-14 23:58:04'),(28,163,28,'0','0',2257.92,2257.92,0.00,0,0,0.00,2257.92,'2016-01-14 23:59:46','2016-01-14 23:59:46'),(29,166,29,'0','0',82.50,82.50,0.00,0,0,0.00,82.50,'2016-01-15 00:01:16','2016-01-15 00:01:16'),(30,167,30,'0','0',144.00,144.00,0.00,0,0,0.00,144.00,'2016-01-15 00:03:58','2016-01-15 00:03:58'),(31,168,31,'0','0',328.50,328.50,0.00,0,0,0.00,328.50,'2016-01-15 00:04:44','2016-01-15 00:04:44'),(32,169,32,'0','0',144.00,144.00,0.00,0,0,0.00,144.00,'2016-01-15 00:06:30','2016-01-15 00:06:30'),(33,170,33,'0','0',503.04,503.04,0.00,0,0,0.00,503.04,'2016-01-15 00:07:31','2016-01-15 00:07:31'),(34,171,34,'0','0',524.64,524.64,0.00,0,0,0.00,524.64,'2016-01-15 00:11:12','2016-01-15 00:11:12'),(35,172,35,'0','0',233.76,233.76,0.00,0,0,0.00,233.76,'2016-01-15 00:12:28','2016-01-15 00:12:28'),(36,173,36,'0','0',451.50,451.50,0.00,0,0,0.00,451.50,'2016-01-15 00:13:34','2016-01-15 00:13:34'),(37,174,37,'0','0',608.58,608.58,0.00,0,0,0.00,608.58,'2016-01-15 00:14:16','2016-01-15 00:14:16'),(38,175,38,'0','0',1551.00,1551.00,0.00,0,0,0.00,1551.00,'2016-01-15 00:16:16','2016-01-15 00:16:16'),(39,176,39,'0','0',658.50,658.50,0.00,0,0,0.00,658.50,'2016-01-15 00:16:51','2016-01-15 00:16:51'),(40,182,40,'0','0',786.00,786.00,0.00,0,0,0.00,786.00,'2016-01-15 00:18:24','2016-01-15 00:18:24'),(41,185,41,'0','0',144.00,144.00,0.00,0,0,0.00,144.00,'2016-01-15 00:19:04','2016-01-15 00:19:04'),(42,184,42,'0','0',144.00,144.00,0.00,0,0,0.00,144.00,'2016-01-15 00:20:00','2016-01-15 00:20:00'),(43,186,43,'0','0',726.60,726.60,0.00,0,0,0.00,726.60,'2016-01-15 00:20:31','2016-01-15 00:20:31'),(44,195,44,'0','0',3552.33,3552.33,0.00,0,0,0.00,3552.33,'2016-01-15 00:22:33','2016-01-15 00:22:33'),(45,227,45,'0','0',1714.80,1714.80,0.00,0,0,0.00,1714.80,'2016-01-15 03:17:49','2016-01-15 03:17:49'),(46,229,46,'0','0',144.00,144.00,0.00,0,0,0.00,144.00,'2016-01-15 03:37:37','2016-01-15 03:37:37'),(64,39,50,'0','0',5419.01,4838.40,580.61,0,0,0.00,5419.01,'2016-01-27 00:32:48','2016-01-27 00:32:48'),(65,66,51,'','',8899.20,8640.00,1036.80,0,75,777.60,9676.80,'2016-01-27 18:50:05','2016-01-27 18:50:05'),(66,67,51,'','',4271.61,4147.20,497.66,0,75,373.24,4644.85,'2016-01-27 18:50:05','2016-01-27 18:50:05'),(67,34,52,'','',5695.49,5529.60,663.55,0,75,497.66,6193.15,'2016-01-27 18:55:58','2016-01-27 18:55:58'),(68,25,53,'0','0',6193.15,5529.60,663.55,0,0,0.00,6193.15,'2016-02-01 19:34:05','2016-02-01 19:34:05'),(69,38,54,'0','0',6193.15,5529.60,663.55,0,0,0.00,6193.15,'2016-02-01 19:44:16','2016-02-01 19:44:16'),(70,26,55,'0','0',6193.15,5529.60,663.55,0,0,0.00,6193.15,'2016-02-01 19:46:12','2016-02-01 19:46:12'),(71,28,56,'0','0',7741.44,6912.00,829.44,0,0,0.00,7741.44,'2016-02-01 19:50:26','2016-02-01 19:50:26'),(72,29,56,'0','0',1857.95,1658.88,199.07,0,0,0.00,1857.95,'2016-02-01 19:50:26','2016-02-01 19:50:26'),(73,52,57,'0','0',9909.04,8847.36,1061.68,0,0,0.00,9909.04,'2016-02-01 19:55:30','2016-02-01 19:55:30'),(74,53,57,'0','0',3773.95,3369.60,404.35,0,0,0.00,3773.95,'2016-02-01 19:55:30','2016-02-01 19:55:30'),(75,31,58,'0','0',4644.86,4147.20,497.66,0,0,0.00,4644.86,'2016-02-01 20:01:18','2016-02-01 20:01:18'),(76,56,59,'0','0',1857.95,1658.88,199.07,0,0,0.00,1857.95,'2016-02-01 20:04:36','2016-02-01 20:04:36'),(77,88,60,'0','0',12386.30,11059.20,1327.10,0,0,0.00,12386.30,'2016-02-01 20:06:53','2016-02-01 20:06:53'),(78,55,61,'0','0',1857.95,1658.88,199.07,0,0,0.00,1857.95,'2016-02-01 20:12:48','2016-02-01 20:12:48'),(79,59,62,'0','0',1857.95,1658.88,199.07,0,0,0.00,1857.95,'2016-02-01 20:23:06','2016-02-01 20:23:06'),(80,58,63,'0','0',1857.95,1658.88,199.07,0,0,0.00,1857.95,'2016-02-01 20:27:26','2016-02-01 20:27:26'),(98,68,65,'0','0',3226.25,2880.58,345.67,0,0,0.00,3226.25,'2016-02-02 00:29:04','2016-02-02 00:29:04'),(99,23,66,'0','0',6193.15,5529.60,663.55,0,0,0.00,6193.15,'2016-02-02 00:33:50','2016-02-02 00:33:50'),(101,30,68,'0','0',4644.86,4147.20,497.66,0,0,0.00,4644.86,'2016-02-02 00:44:24','2016-02-02 00:44:24'),(102,86,70,'0','0',1366.40,1220.00,146.40,0,0,0.00,1366.40,'2016-02-02 00:49:06','2016-02-02 00:49:06'),(103,44,71,'0','0',4644.86,4147.20,497.66,0,0,0.00,4644.86,'2016-02-02 00:51:31','2016-02-02 00:51:31'),(104,64,73,'0','0',6193.15,5529.60,663.55,0,0,0.00,6193.15,'2016-02-02 00:58:10','2016-02-02 00:58:10'),(105,6,74,'0','0',4646.16,4646.16,0.00,0,0,0.00,4646.16,'2016-02-02 18:04:09','2016-02-02 18:04:09'),(106,7,74,'0','0',4174.50,4174.50,0.00,0,0,0.00,4174.50,'2016-02-02 18:04:09','2016-02-02 18:04:09'),(107,8,74,'0','0',4051.50,4051.50,0.00,0,0,0.00,4051.50,'2016-02-02 18:04:09','2016-02-02 18:04:09'),(108,9,74,'0','0',10039.44,10039.44,0.00,0,0,0.00,10039.44,'2016-02-02 18:04:09','2016-02-02 18:04:09'),(109,10,74,'0','0',4051.50,4051.50,0.00,0,0,0.00,4051.50,'2016-02-02 18:04:09','2016-02-02 18:04:09'),(110,11,74,'0','0',4646.16,4646.16,0.00,0,0,0.00,4646.16,'2016-02-02 18:04:09','2016-02-02 18:04:09'),(111,12,74,'0','0',10696.20,10696.20,0.00,0,0,0.00,10696.20,'2016-02-02 18:04:09','2016-02-02 18:04:09'),(112,13,74,'0','0',4834.50,4834.50,0.00,0,0,0.00,4834.50,'2016-02-02 18:04:09','2016-02-02 18:04:09'),(113,14,74,'0','0',4051.50,4051.50,0.00,0,0,0.00,4051.50,'2016-02-02 18:04:09','2016-02-02 18:04:09'),(114,15,74,'0','0',13935.60,13935.60,0.00,0,0,0.00,13935.60,'2016-02-02 18:04:09','2016-02-02 18:04:09'),(115,16,74,'0','0',4646.16,4646.16,0.00,0,0,0.00,4646.16,'2016-02-02 18:04:09','2016-02-02 18:04:09'),(116,17,74,'0','0',9617.40,9617.40,0.00,0,0,0.00,9617.40,'2016-02-02 18:04:09','2016-02-02 18:04:09'),(117,18,74,'0','0',4834.50,4834.50,0.00,0,0,0.00,4834.50,'2016-02-02 18:04:09','2016-02-02 18:04:09'),(118,19,74,'0','0',4051.50,4051.50,0.00,0,0,0.00,4051.50,'2016-02-02 18:04:09','2016-02-02 18:04:09'),(119,20,74,'0','0',9000.30,9000.30,0.00,0,0,0.00,9000.30,'2016-02-02 18:04:09','2016-02-02 18:04:09'),(120,21,74,'0','0',4174.50,4174.50,0.00,0,0,0.00,4174.50,'2016-02-02 18:04:09','2016-02-02 18:04:09'),(121,22,74,'0','0',4051.50,4051.50,0.00,0,0,0.00,4051.50,'2016-02-02 18:04:09','2016-02-02 18:04:09'),(122,23,74,'0','0',13123.44,13123.44,0.00,0,0,0.00,13123.44,'2016-02-02 18:04:09','2016-02-02 18:04:09'),(123,24,74,'0','0',3280.50,3280.50,0.00,0,0,0.00,3280.50,'2016-02-02 18:04:09','2016-02-02 18:04:09'),(124,25,74,'0','0',4051.50,4051.50,0.00,0,0,0.00,4051.50,'2016-02-02 18:04:09','2016-02-02 18:04:09'),(125,26,74,'0','0',10810.44,10810.44,0.00,0,0,0.00,10810.44,'2016-02-02 18:04:09','2016-02-02 18:04:09'),(126,27,74,'0','0',14253.96,14253.96,0.00,0,0,0.00,14253.96,'2016-02-02 18:04:09','2016-02-02 18:04:09'),(127,66,74,'0','0',4051.50,4051.50,0.00,0,0,0.00,4051.50,'2016-02-02 18:04:09','2016-02-02 18:04:09'),(128,67,74,'0','0',11581.44,11581.44,0.00,0,0,0.00,11581.44,'2016-02-02 18:04:09','2016-02-02 18:04:09'),(129,239,74,'0','0',11999.76,11999.76,0.00,0,0,0.00,11999.76,'2016-02-02 18:04:09','2016-02-02 18:04:09'),(130,262,74,'0','0',4051.50,4051.50,0.00,0,0,0.00,4051.50,'2016-02-02 18:04:09','2016-02-02 18:04:09'),(131,263,74,'0','0',12594.42,12594.42,0.00,0,0,0.00,12594.42,'2016-02-02 18:04:09','2016-02-02 18:04:09'),(132,264,74,'0','0',4051.50,4051.50,0.00,0,0,0.00,4051.50,'2016-02-02 18:04:09','2016-02-02 18:04:09'),(133,265,74,'0','0',4051.50,4051.50,0.00,0,0,0.00,4051.50,'2016-02-02 18:04:09','2016-02-02 18:04:09'),(134,266,74,'0','0',11405.10,11405.10,0.00,0,0,0.00,11405.10,'2016-02-02 18:04:09','2016-02-02 18:04:09'),(135,267,74,'0','0',4051.50,4051.50,0.00,0,0,0.00,4051.50,'2016-02-02 18:04:09','2016-02-02 18:04:09'),(136,268,74,'0','0',14312.76,14312.76,0.00,0,0,0.00,14312.76,'2016-02-02 18:04:09','2016-02-02 18:04:09'),(137,269,74,'0','0',4174.50,4174.50,0.00,0,0,0.00,4174.50,'2016-02-02 18:04:09','2016-02-02 18:04:09'),(138,273,74,'0','0',4051.50,4051.50,0.00,0,0,0.00,4051.50,'2016-02-02 18:04:09','2016-02-02 18:04:09'),(139,275,74,'0','0',13541.76,13541.76,0.00,0,0,0.00,13541.76,'2016-02-02 18:04:09','2016-02-02 18:04:09'),(140,276,74,'0','0',4051.50,4051.50,0.00,0,0,0.00,4051.50,'2016-02-02 18:04:09','2016-02-02 18:04:09'),(141,277,74,'0','0',5876.82,5876.82,0.00,0,0,0.00,5876.82,'2016-02-02 18:04:09','2016-02-02 18:04:09'),(142,278,74,'0','0',9621.12,9621.12,0.00,0,0,0.00,9621.12,'2016-02-02 18:04:09','2016-02-02 18:04:09'),(143,279,74,'0','0',4051.50,4051.50,0.00,0,0,0.00,4051.50,'2016-02-02 18:04:09','2016-02-02 18:04:09'),(144,280,74,'0','0',11999.76,11999.76,0.00,0,0,0.00,11999.76,'2016-02-02 18:04:09','2016-02-02 18:04:09'),(145,281,74,'0','0',4051.50,4051.50,0.00,0,0,0.00,4051.50,'2016-02-02 18:04:09','2016-02-02 18:04:09'),(146,282,74,'0','0',4646.16,4646.16,0.00,0,0,0.00,4646.16,'2016-02-02 18:04:09','2016-02-02 18:04:09'),(147,283,74,'0','0',10810.44,10810.44,0.00,0,0,0.00,10810.44,'2016-02-02 18:04:09','2016-02-02 18:04:09'),(148,284,74,'0','0',4687.50,4687.50,0.00,0,0,0.00,4687.50,'2016-02-02 18:04:09','2016-02-02 18:04:09'),(149,285,74,'0','0',11228.76,11228.76,0.00,0,0,0.00,11228.76,'2016-02-02 18:04:09','2016-02-02 18:04:09'),(150,286,74,'0','0',4051.50,4051.50,0.00,0,0,0.00,4051.50,'2016-02-02 18:04:09','2016-02-02 18:04:09'),(151,287,74,'0','0',4051.50,4051.50,0.00,0,0,0.00,4051.50,'2016-02-02 18:04:09','2016-02-02 18:04:09'),(152,288,74,'0','0',10810.44,10810.44,0.00,0,0,0.00,10810.44,'2016-02-02 18:04:09','2016-02-02 18:04:09'),(153,289,74,'0','0',5417.16,5417.16,0.00,0,0,0.00,5417.16,'2016-02-02 18:04:09','2016-02-02 18:04:09'),(154,290,74,'0','0',9617.40,9617.40,0.00,0,0,0.00,9617.40,'2016-02-02 18:04:09','2016-02-02 18:04:09'),(155,291,74,'0','0',4646.16,4646.16,0.00,0,0,0.00,4646.16,'2016-02-02 18:04:09','2016-02-02 18:04:09'),(156,292,74,'0','0',4174.50,4174.50,0.00,0,0,0.00,4174.50,'2016-02-02 18:04:09','2016-02-02 18:04:09'),(157,293,74,'0','0',11930.40,11930.40,0.00,0,0,0.00,11930.40,'2016-02-02 18:04:09','2016-02-02 18:04:09'),(158,294,74,'0','0',4174.50,4174.50,0.00,0,0,0.00,4174.50,'2016-02-02 18:04:09','2016-02-02 18:04:09'),(159,295,74,'0','0',4174.50,4174.50,0.00,0,0,0.00,4174.50,'2016-02-02 18:04:09','2016-02-02 18:04:09'),(160,296,74,'0','0',4687.50,4687.50,0.00,0,0,0.00,4687.50,'2016-02-02 18:04:09','2016-02-02 18:04:09'),(161,297,74,'0','0',9621.12,9621.12,0.00,0,0,0.00,9621.12,'2016-02-02 18:04:09','2016-02-02 18:04:09'),(162,298,74,'0','0',4174.50,4174.50,0.00,0,0,0.00,4174.50,'2016-02-02 18:04:09','2016-02-02 18:04:09'),(163,299,74,'0','0',3916.50,3916.50,0.00,0,0,0.00,3916.50,'2016-02-02 18:04:09','2016-02-02 18:04:09'),(164,300,74,'0','0',10986.78,10986.78,0.00,0,0,0.00,10986.78,'2016-02-02 18:04:09','2016-02-02 18:04:09'),(165,301,74,'0','0',4051.50,4051.50,0.00,0,0,0.00,4051.50,'2016-02-02 18:04:09','2016-02-02 18:04:09'),(166,302,74,'0','0',5282.16,5282.16,0.00,0,0,0.00,5282.16,'2016-02-02 18:04:09','2016-02-02 18:04:09'),(167,49,78,'0','0',4728.00,4728.00,0.00,0,0,0.00,4728.00,'2016-02-02 19:26:09','2016-02-02 19:26:09'),(168,50,78,'0','0',5496.00,5496.00,0.00,0,0,0.00,5496.00,'2016-02-02 19:26:09','2016-02-02 19:26:09'),(169,51,78,'0','0',4605.00,4605.00,0.00,0,0,0.00,4605.00,'2016-02-02 19:26:09','2016-02-02 19:26:09'),(170,52,78,'0','0',4834.50,4834.50,0.00,0,0,0.00,4834.50,'2016-02-02 19:26:09','2016-02-02 19:26:09'),(171,53,78,'0','0',4728.00,4728.00,0.00,0,0,0.00,4728.00,'2016-02-02 19:26:09','2016-02-02 19:26:09'),(172,54,78,'0','0',5496.00,5496.00,0.00,0,0,0.00,5496.00,'2016-02-02 19:26:09','2016-02-02 19:26:09'),(173,55,78,'0','0',4728.00,4728.00,0.00,0,0,0.00,4728.00,'2016-02-02 19:26:09','2016-02-02 19:26:09'),(174,56,78,'0','0',4834.50,4834.50,0.00,0,0,0.00,4834.50,'2016-02-02 19:26:09','2016-02-02 19:26:09'),(175,57,78,'0','0',4728.00,4728.00,0.00,0,0,0.00,4728.00,'2016-02-02 19:26:09','2016-02-02 19:26:09'),(176,58,78,'0','0',4834.50,4834.50,0.00,0,0,0.00,4834.50,'2016-02-02 19:26:09','2016-02-02 19:26:09'),(177,59,78,'0','0',4605.00,4605.00,0.00,0,0,0.00,4605.00,'2016-02-02 19:26:09','2016-02-02 19:26:09'),(178,60,78,'0','0',4467.00,4467.00,0.00,0,0,0.00,4467.00,'2016-02-02 19:26:09','2016-02-02 19:26:09'),(179,61,78,'0','0',4728.00,4728.00,0.00,0,0,0.00,4728.00,'2016-02-02 19:26:09','2016-02-02 19:26:09'),(180,62,78,'0','0',4605.00,4605.00,0.00,0,0,0.00,4605.00,'2016-02-02 19:26:09','2016-02-02 19:26:09'),(181,63,78,'0','0',5496.00,5496.00,0.00,0,0,0.00,5496.00,'2016-02-02 19:26:09','2016-02-02 19:26:09'),(182,64,78,'0','0',4578.00,4578.00,0.00,0,0,0.00,4578.00,'2016-02-02 19:26:09','2016-02-02 19:26:09'),(183,65,78,'0','0',4728.00,4728.00,0.00,0,0,0.00,4728.00,'2016-02-02 19:26:09','2016-02-02 19:26:09'),(184,80,78,'0','0',5496.00,5496.00,0.00,0,0,0.00,5496.00,'2016-02-02 19:26:09','2016-02-02 19:26:09'),(185,83,78,'0','0',4728.00,4728.00,0.00,0,0,0.00,4728.00,'2016-02-02 19:26:09','2016-02-02 19:26:09'),(186,196,81,'0','0',480.60,480.60,0.00,0,0,0.00,480.60,'2016-02-03 01:17:51','2016-02-03 01:17:51'),(187,197,82,'0','0',744.06,744.06,0.00,0,0,0.00,744.06,'2016-02-03 01:19:31','2016-02-03 01:19:31'),(188,200,83,'0','0',535.50,535.50,0.00,0,0,0.00,535.50,'2016-02-03 01:38:07','2016-02-03 01:38:07'),(189,198,84,'0','0',4295.40,4295.40,0.00,0,0,0.00,4295.40,'2016-02-03 01:38:56','2016-02-03 01:38:56'),(190,199,85,'0','0',793.92,793.92,0.00,0,0,0.00,793.92,'2016-02-03 01:39:47','2016-02-03 01:39:47'),(191,201,86,'0','0',451.50,451.50,0.00,0,0,0.00,451.50,'2016-02-03 01:40:30','2016-02-03 01:40:30'),(192,203,87,'0','0',144.00,144.00,0.00,0,0,0.00,144.00,'2016-02-03 01:46:04','2016-02-03 01:46:04'),(193,204,88,'0','0',144.00,144.00,0.00,0,0,0.00,144.00,'2016-02-03 01:48:23','2016-02-03 01:48:23'),(194,234,89,'0','0',1168.50,1168.50,0.00,0,0,0.00,1168.50,'2016-02-03 01:49:46','2016-02-03 01:49:46'),(195,244,90,'0','0',388.50,388.50,0.00,0,0,0.00,388.50,'2016-02-03 01:50:59','2016-02-03 01:50:59'),(196,245,91,'0','0',503.04,503.04,0.00,0,0,0.00,503.04,'2016-02-03 01:52:07','2016-02-03 01:52:07'),(197,246,92,'0','0',1135.20,1135.20,0.00,0,0,0.00,1135.20,'2016-02-03 01:52:58','2016-02-03 01:52:58'),(198,247,93,'0','0',786.00,786.00,0.00,0,0,0.00,786.00,'2016-02-03 01:53:46','2016-02-03 01:53:46'),(199,250,94,'0','0',3970.16,3970.16,0.00,0,0,0.00,3970.16,'2016-02-03 01:55:01','2016-02-03 01:55:01'),(200,254,95,'0','0',144.00,144.00,0.00,0,0,0.00,144.00,'2016-02-03 01:56:09','2016-02-03 01:56:09'),(201,256,96,'0','0',3851.48,3851.48,0.00,0,0,0.00,3851.48,'2016-02-03 01:57:24','2016-02-03 01:57:24'),(202,257,97,'0','0',697.50,697.50,0.00,0,0,0.00,697.50,'2016-02-03 01:58:25','2016-02-03 01:58:25'),(203,258,98,'0','0',1394.40,1394.40,0.00,0,0,0.00,1394.40,'2016-02-03 02:00:21','2016-02-03 02:00:21'),(204,259,99,'0','0',144.00,144.00,0.00,0,0,0.00,144.00,'2016-02-03 02:01:34','2016-02-03 02:01:34'),(205,260,100,'0','0',144.00,144.00,0.00,0,0,0.00,144.00,'2016-02-03 02:02:17','2016-02-03 02:02:17'),(206,1,101,'0','0',144.00,144.00,0.00,0,0,0.00,144.00,'2016-02-03 02:03:00','2016-02-03 02:03:00'),(207,68,102,'0','0',144.00,144.00,0.00,0,0,0.00,144.00,'2016-02-03 02:03:39','2016-02-03 02:03:39'),(208,77,103,'0','0',7623.45,7623.45,0.00,0,0,0.00,7623.45,'2016-02-03 02:04:57','2016-02-03 02:04:57'),(209,69,104,'0','0',239.16,239.16,0.00,0,0,0.00,239.16,'2016-02-03 02:10:33','2016-02-03 02:10:33'),(210,70,105,'0','0',239.16,239.16,0.00,0,0,0.00,239.16,'2016-02-03 02:11:05','2016-02-03 02:11:05'),(211,71,106,'0','0',315.00,315.00,0.00,0,0,0.00,315.00,'2016-02-03 02:11:59','2016-02-03 02:11:59'),(212,72,107,'0','0',166.44,166.44,0.00,0,0,0.00,166.44,'2016-02-03 02:12:37','2016-02-03 02:12:37'),(213,73,108,'0','0',457.32,457.32,0.00,0,0,0.00,457.32,'2016-02-03 02:18:12','2016-02-03 02:18:12'),(214,74,109,'0','0',451.50,451.50,0.00,0,0,0.00,451.50,'2016-02-03 02:20:02','2016-02-03 02:20:02'),(215,75,110,'0','0',451.50,451.50,0.00,0,0,0.00,451.50,'2016-02-03 02:20:41','2016-02-03 02:20:41'),(216,105,111,'0','0',82.50,82.50,0.00,0,0,0.00,82.50,'2016-02-03 02:41:23','2016-02-03 02:41:23'),(217,110,112,'0','0',82.50,82.50,0.00,0,0,0.00,82.50,'2016-02-03 02:42:36','2016-02-03 02:42:36'),(218,86,113,'0','0',5220.00,5220.00,0.00,0,0,0.00,5220.00,'2016-02-03 17:48:19','2016-02-03 17:48:19'),(219,87,113,'0','0',4449.00,4449.00,0.00,0,0,0.00,4449.00,'2016-02-03 17:48:19','2016-02-03 17:48:19'),(220,88,113,'0','0',5220.00,5220.00,0.00,0,0,0.00,5220.00,'2016-02-03 17:48:19','2016-02-03 17:48:19'),(221,89,113,'0','0',13317.72,13317.72,0.00,0,0,0.00,13317.72,'2016-02-03 17:48:19','2016-02-03 17:48:19'),(222,90,113,'0','0',4449.00,4449.00,0.00,0,0,0.00,4449.00,'2016-02-03 17:48:19','2016-02-03 17:48:19'),(223,91,113,'0','0',5220.00,5220.00,0.00,0,0,0.00,5220.00,'2016-02-03 17:48:19','2016-02-03 17:48:19'),(224,92,113,'0','0',5220.00,5220.00,0.00,0,0,0.00,5220.00,'2016-02-03 17:48:19','2016-02-03 17:48:19'),(225,93,113,'0','0',14021.70,14021.70,0.00,0,0,0.00,14021.70,'2016-02-03 17:48:19','2016-02-03 17:48:19'),(226,94,113,'0','0',5220.00,5220.00,0.00,0,0,0.00,5220.00,'2016-02-03 17:48:19','2016-02-03 17:48:19'),(227,95,113,'0','0',5220.00,5220.00,0.00,0,0,0.00,5220.00,'2016-02-03 17:48:19','2016-02-03 17:48:19'),(228,96,113,'0','0',13317.72,13317.72,0.00,0,0,0.00,13317.72,'2016-02-03 17:48:19','2016-02-03 17:48:19'),(229,97,113,'0','0',14970.36,14970.36,0.00,0,0,0.00,14970.36,'2016-02-03 17:48:19','2016-02-03 17:48:19'),(230,98,113,'0','0',5220.00,5220.00,0.00,0,0,0.00,5220.00,'2016-02-03 17:48:19','2016-02-03 17:48:19'),(231,99,113,'0','0',6027.84,6027.84,0.00,0,0,0.00,6027.84,'2016-02-03 17:48:19','2016-02-03 17:48:19'),(232,101,113,'0','0',5220.00,5220.00,0.00,0,0,0.00,5220.00,'2016-02-03 17:48:19','2016-02-03 17:48:19'),(233,103,113,'0','0',5220.00,5220.00,0.00,0,0,0.00,5220.00,'2016-02-03 17:48:19','2016-02-03 17:48:19'),(234,104,113,'0','0',5220.00,5220.00,0.00,0,0,0.00,5220.00,'2016-02-03 17:48:19','2016-02-03 17:48:19'),(235,106,113,'0','0',5220.00,5220.00,0.00,0,0,0.00,5220.00,'2016-02-03 17:48:19','2016-02-03 17:48:19'),(236,107,113,'0','0',13317.72,13317.72,0.00,0,0,0.00,13317.72,'2016-02-03 17:48:19','2016-02-03 17:48:19'),(237,108,113,'0','0',5220.00,5220.00,0.00,0,0,0.00,5220.00,'2016-02-03 17:48:19','2016-02-03 17:48:19'),(238,109,113,'0','0',5220.00,5220.00,0.00,0,0,0.00,5220.00,'2016-02-03 17:48:19','2016-02-03 17:48:19'),(239,112,113,'0','0',14251.98,14251.98,0.00,0,0,0.00,14251.98,'2016-02-03 17:48:19','2016-02-03 17:48:19'),(240,114,113,'0','0',5220.00,5220.00,0.00,0,0,0.00,5220.00,'2016-02-03 17:48:19','2016-02-03 17:48:19'),(241,115,113,'0','0',5220.00,5220.00,0.00,0,0,0.00,5220.00,'2016-02-03 17:48:19','2016-02-03 17:48:19'),(242,117,113,'0','0',5220.00,5220.00,0.00,0,0,0.00,5220.00,'2016-02-03 17:48:19','2016-02-03 17:48:19'),(243,120,113,'0','0',14300.04,14300.04,0.00,0,0,0.00,14300.04,'2016-02-03 17:48:19','2016-02-03 17:48:19'),(244,121,113,'0','0',5220.00,5220.00,0.00,0,0,0.00,5220.00,'2016-02-03 17:48:19','2016-02-03 17:48:19'),(245,122,113,'0','0',5220.00,5220.00,0.00,0,0,0.00,5220.00,'2016-02-03 17:48:19','2016-02-03 17:48:19'),(246,123,113,'0','0',5220.00,5220.00,0.00,0,0,0.00,5220.00,'2016-02-03 17:48:19','2016-02-03 17:48:19'),(247,125,113,'0','0',14251.98,14251.98,0.00,0,0,0.00,14251.98,'2016-02-03 17:48:19','2016-02-03 17:48:19'),(248,126,113,'0','0',4728.00,4728.00,0.00,0,0,0.00,4728.00,'2016-02-03 17:48:19','2016-02-03 17:48:19'),(249,129,113,'0','0',5220.00,5220.00,0.00,0,0,0.00,5220.00,'2016-02-03 17:48:19','2016-02-03 17:48:19'),(250,131,113,'0','0',4728.00,4728.00,0.00,0,0,0.00,4728.00,'2016-02-03 17:48:19','2016-02-03 17:48:19'),(251,132,113,'0','0',13317.72,13317.72,0.00,0,0,0.00,13317.72,'2016-02-03 17:48:19','2016-02-03 17:48:19'),(252,134,113,'0','0',5220.00,5220.00,0.00,0,0,0.00,5220.00,'2016-02-03 17:48:19','2016-02-03 17:48:19'),(253,135,113,'0','0',4728.00,4728.00,0.00,0,0,0.00,4728.00,'2016-02-03 17:48:19','2016-02-03 17:48:19'),(254,138,113,'0','0',4728.00,4728.00,0.00,0,0,0.00,4728.00,'2016-02-03 17:48:19','2016-02-03 17:48:19'),(255,139,113,'0','0',14125.56,14125.56,0.00,0,0,0.00,14125.56,'2016-02-03 17:48:19','2016-02-03 17:48:19'),(256,182,114,'0','0',168.00,168.00,0.00,0,0,0.00,168.00,'2016-02-03 20:07:27','2016-02-03 20:07:27'),(257,184,115,'0','0',1875.72,1875.72,0.00,0,0,0.00,1875.72,'2016-02-03 21:21:27','2016-02-03 21:21:27'),(258,32,116,'0','0',4834.50,4834.50,0.00,0,0,0.00,4834.50,'2016-02-05 01:32:06','2016-02-05 01:32:06'),(259,33,116,'0','0',4834.50,4834.50,0.00,0,0,0.00,4834.50,'2016-02-05 01:32:06','2016-02-05 01:32:06'),(260,34,116,'0','0',4728.00,4728.00,0.00,0,0,0.00,4728.00,'2016-02-05 01:32:06','2016-02-05 01:32:06'),(261,35,116,'0','0',4605.00,4605.00,0.00,0,0,0.00,4605.00,'2016-02-05 01:32:06','2016-02-05 01:32:06'),(262,36,116,'0','0',4605.00,4605.00,0.00,0,0,0.00,4605.00,'2016-02-05 01:32:06','2016-02-05 01:32:06'),(263,37,116,'0','0',4834.50,4834.50,0.00,0,0,0.00,4834.50,'2016-02-05 01:32:06','2016-02-05 01:32:06'),(264,38,116,'0','0',4728.00,4728.00,0.00,0,0,0.00,4728.00,'2016-02-05 01:32:06','2016-02-05 01:32:06'),(265,39,116,'0','0',5496.00,5496.00,0.00,0,0,0.00,5496.00,'2016-02-05 01:32:06','2016-02-05 01:32:06'),(266,40,116,'0','0',4605.00,4605.00,0.00,0,0,0.00,4605.00,'2016-02-05 01:32:06','2016-02-05 01:32:06'),(267,41,116,'0','0',5349.00,5349.00,0.00,0,0,0.00,5349.00,'2016-02-05 01:32:06','2016-02-05 01:32:06'),(268,42,116,'0','0',4605.00,4605.00,0.00,0,0,0.00,4605.00,'2016-02-05 01:32:06','2016-02-05 01:32:06'),(269,43,116,'0','0',4728.00,4728.00,0.00,0,0,0.00,4728.00,'2016-02-05 01:32:06','2016-02-05 01:32:06'),(270,44,116,'0','0',4725.00,4725.00,0.00,0,0,0.00,4725.00,'2016-02-05 01:32:06','2016-02-05 01:32:06'),(271,45,116,'0','0',4728.00,4728.00,0.00,0,0,0.00,4728.00,'2016-02-05 01:32:06','2016-02-05 01:32:06'),(272,46,116,'0','0',4834.50,4834.50,0.00,0,0,0.00,4834.50,'2016-02-05 01:32:06','2016-02-05 01:32:06'),(273,47,116,'0','0',4728.00,4728.00,0.00,0,0,0.00,4728.00,'2016-02-05 01:32:06','2016-02-05 01:32:06'),(274,48,116,'0','0',4834.50,4834.50,0.00,0,0,0.00,4834.50,'2016-02-05 01:32:06','2016-02-05 01:32:06'),(277,753,119,'0','0',13174.98,13174.98,0.00,0,0,0.00,13174.98,'2016-02-07 21:24:23','2016-02-07 21:24:23'),(278,890,120,'0','0',530.04,530.04,0.00,0,0,0.00,530.04,'2016-02-09 17:42:44','2016-02-09 17:42:44'),(279,891,121,'0','0',144.00,144.00,0.00,0,0,0.00,144.00,'2016-02-09 17:46:42','2016-02-09 17:46:42'),(280,893,122,'0','0',1933.50,1933.50,0.00,0,0,0.00,1933.50,'2016-02-09 17:55:30','2016-02-09 17:55:30'),(281,896,123,'0','0',82.50,82.50,0.00,0,0,0.00,82.50,'2016-02-09 18:05:13','2016-02-09 18:05:13'),(282,971,124,'0','0',8673.78,8673.78,0.00,0,0,0.00,8673.78,'2016-02-10 18:43:33','2016-02-10 18:43:33'),(283,972,124,'0','0',9000.30,9000.30,0.00,0,0,0.00,9000.30,'2016-02-10 18:43:33','2016-02-10 18:43:33'),(284,973,124,'0','0',9925.20,9925.20,0.00,0,0,0.00,9925.20,'2016-02-10 18:43:33','2016-02-10 18:43:33'),(285,974,124,'0','0',9925.20,9925.20,0.00,0,0,0.00,9925.20,'2016-02-10 18:43:33','2016-02-10 18:43:33'),(286,975,124,'0','0',10215.78,10215.78,0.00,0,0,0.00,10215.78,'2016-02-10 18:43:33','2016-02-10 18:43:33'),(287,604,125,'0','0',1041.00,1041.00,0.00,0,0,0.00,1041.00,'2016-02-11 01:17:36','2016-02-11 01:17:36');
/*!40000 ALTER TABLE `cobro_factura` ENABLE KEYS */;
UNLOCK TABLES;

--
-- Table structure for table `cobros`
--

DROP TABLE IF EXISTS `cobros`;
/*!40101 SET @saved_cs_client     = @@character_set_client */;
/*!40101 SET character_set_client = utf8 */;
CREATE TABLE `cobros` (
  `id` int(10) unsigned NOT NULL AUTO_INCREMENT,
  `cliente_id` int(10) unsigned NOT NULL,
  `modulo_id` int(10) unsigned DEFAULT NULL,
  `observacion` text COLLATE utf8_unicode_ci NOT NULL,
  `nRecibo` int(11) DEFAULT NULL,
  `hasrecaudos` text COLLATE utf8_unicode_ci NOT NULL,
  `montofacturas` double(15,2) NOT NULL,
  `montodepositado` double(15,2) NOT NULL,
  `aeropuerto_id` int(10) unsigned NOT NULL,
  `created_at` timestamp NOT NULL DEFAULT '0000-00-00 00:00:00',
  `updated_at` timestamp NOT NULL DEFAULT '0000-00-00 00:00:00',
  PRIMARY KEY (`id`),
  KEY `cobros_cliente_id_foreign` (`cliente_id`),
  KEY `cobros_modulo_id_foreign` (`modulo_id`),
  KEY `cobros_aeropuerto_id_foreign` (`aeropuerto_id`),
  CONSTRAINT `cobros_aeropuerto_id_foreign` FOREIGN KEY (`aeropuerto_id`) REFERENCES `aeropuertos` (`id`),
  CONSTRAINT `cobros_cliente_id_foreign` FOREIGN KEY (`cliente_id`) REFERENCES `clientes` (`id`),
  CONSTRAINT `cobros_modulo_id_foreign` FOREIGN KEY (`modulo_id`) REFERENCES `modulos` (`id`)
) ENGINE=InnoDB AUTO_INCREMENT=126 DEFAULT CHARSET=utf8 COLLATE=utf8_unicode_ci;
/*!40101 SET character_set_client = @saved_cs_client */;

--
-- Dumping data for table `cobros`
--

LOCK TABLES `cobros` WRITE;
/*!40000 ALTER TABLE `cobros` DISABLE KEYS */;
INSERT INTO `cobros` VALUES (1,101,5,'',NULL,'true',8250.00,8250.00,1,'2016-01-14 20:49:40','2016-01-14 20:49:40'),(2,54,5,'',NULL,'true',14400.00,14400.00,1,'2016-01-14 20:50:49','2016-01-14 20:50:49'),(3,150,5,'',NULL,'true',16800.00,16800.00,1,'2016-01-14 20:51:40','2016-01-14 20:51:40'),(4,139,5,'',NULL,'true',54792.00,54792.00,1,'2016-01-14 20:53:31','2016-01-14 20:53:31'),(5,106,5,'',NULL,'true',175350.00,175350.00,1,'2016-01-14 20:54:26','2016-01-14 20:54:26'),(6,128,5,'',NULL,'true',32850.00,32850.00,1,'2016-01-14 20:56:32','2016-01-14 20:56:32'),(7,153,5,'',NULL,'true',4338090.00,4338090.00,1,'2016-01-14 20:57:34','2016-01-14 20:57:34'),(8,154,5,'',NULL,'true',39000.00,39000.00,1,'2016-01-14 20:58:52','2016-01-14 20:58:52'),(9,155,5,'',NULL,'true',26700.00,26700.00,1,'2016-01-14 20:59:40','2016-01-14 20:59:40'),(10,106,5,'',NULL,'true',45150.00,45150.00,1,'2016-01-14 21:01:42','2016-01-14 21:01:42'),(11,156,5,'',NULL,'true',14400.00,14400.00,1,'2016-01-14 21:07:12','2016-01-14 21:07:12'),(12,157,5,'',NULL,'true',14400.00,14400.00,1,'2016-01-14 21:07:54','2016-01-14 21:07:54'),(13,158,5,'',NULL,'true',32850.00,32850.00,1,'2016-01-14 21:08:43','2016-01-14 21:08:43'),(14,101,5,'',NULL,'true',8250.00,8250.00,1,'2016-01-14 21:09:28','2016-01-14 21:09:28'),(15,148,5,'',NULL,'true',3586647.00,3586647.00,1,'2016-01-14 21:12:09','2016-01-14 21:12:09'),(16,156,5,'',NULL,'true',14400.00,14400.00,1,'2016-01-14 21:13:01','2016-01-14 21:13:01'),(17,156,5,'',NULL,'true',14400.00,14400.00,1,'2016-01-14 21:13:47','2016-01-14 21:13:47'),(18,54,5,'',NULL,'true',14400.00,14400.00,1,'2016-01-14 21:29:56','2016-01-14 21:29:56'),(19,15,5,'',NULL,'true',92820.00,92820.00,1,'2016-01-14 23:10:32','2016-01-14 23:10:32'),(20,101,5,'',NULL,'true',8250.00,8250.00,1,'2016-01-14 23:11:50','2016-01-14 23:11:50'),(21,54,5,'',NULL,'true',14400.00,14400.00,1,'2016-01-14 23:12:59','2016-01-14 23:12:59'),(22,159,5,'',NULL,'true',81138.00,81138.00,1,'2016-01-14 23:14:32','2016-01-14 23:14:32'),(23,160,5,'',NULL,'true',69750.00,69750.00,1,'2016-01-14 23:15:16','2016-01-14 23:15:16'),(24,161,5,'',NULL,'true',45150.00,45150.00,1,'2016-01-14 23:17:03','2016-01-14 23:17:03'),(25,74,5,'',NULL,'true',26700.00,26700.00,1,'2016-01-14 23:18:41','2016-01-14 23:18:41'),(26,162,5,'',NULL,'true',116850.00,116850.00,1,'2016-01-14 23:19:30','2016-01-14 23:19:30'),(27,150,5,'',NULL,'true',27600.00,27600.00,1,'2016-01-14 23:58:04','2016-01-14 23:58:04'),(28,163,5,'',NULL,'true',225792.00,225792.00,1,'2016-01-14 23:59:46','2016-01-14 23:59:46'),(29,101,5,'',NULL,'true',8250.00,8250.00,1,'2016-01-15 00:01:16','2016-01-15 00:01:16'),(30,54,5,'',NULL,'true',14400.00,14400.00,1,'2016-01-15 00:03:58','2016-01-15 00:03:58'),(31,164,5,'',NULL,'true',32850.00,32850.00,1,'2016-01-15 00:04:44','2016-01-15 00:04:44'),(32,54,5,'',NULL,'true',14400.00,14400.00,1,'2016-01-15 00:06:30','2016-01-15 00:06:30'),(33,165,5,'',NULL,'true',50304.00,50304.00,1,'2016-01-15 00:07:31','2016-01-15 00:07:31'),(34,166,5,'',NULL,'true',52464.00,52464.00,1,'2016-01-15 00:11:12','2016-01-15 00:11:12'),(35,80,5,'',NULL,'true',23376.00,23376.00,1,'2016-01-15 00:12:28','2016-01-15 00:12:28'),(36,22,5,'',NULL,'true',45150.00,45150.00,1,'2016-01-15 00:13:34','2016-01-15 00:13:34'),(37,167,5,'',NULL,'true',60858.00,60858.00,1,'2016-01-15 00:14:16','2016-01-15 00:14:16'),(38,121,5,'',NULL,'true',155100.00,155100.00,1,'2016-01-15 00:16:16','2016-01-15 00:16:16'),(39,121,5,'',NULL,'true',65850.00,65850.00,1,'2016-01-15 00:16:51','2016-01-15 00:16:51'),(40,168,5,'',NULL,'true',78600.00,78600.00,1,'2016-01-15 00:18:24','2016-01-15 00:18:24'),(41,156,5,'',NULL,'true',14400.00,14400.00,1,'2016-01-15 00:19:04','2016-01-15 00:19:04'),(42,156,5,'',NULL,'true',14400.00,14400.00,1,'2016-01-15 00:20:00','2016-01-15 00:20:00'),(43,154,5,'',NULL,'true',72660.00,72660.00,1,'2016-01-15 00:20:31','2016-01-15 00:20:31'),(44,148,5,'',NULL,'true',355233.00,355233.00,1,'2016-01-15 00:22:33','2016-01-15 00:22:33'),(45,139,5,'',NULL,'true',171480.00,171480.00,1,'2016-01-15 03:17:49','2016-01-15 03:17:49'),(46,54,5,'',NULL,'true',14400.00,14400.00,1,'2016-01-15 03:37:37','2016-01-15 03:37:37'),(50,65,2,'CANON ARRENDAMIENTO PERIODO ENERO 2016',NULL,'true',541901.00,541901.00,1,'2016-01-27 00:32:48','2016-01-27 00:32:48'),(51,13,2,'CANON ARRENDAMIENTO PERIODO ENERO 2016',NULL,'true',1317081.00,1317081.00,1,'2016-01-27 18:50:05','2016-01-27 18:50:05'),(52,117,2,'CANON ARRENDAMIENTO PERIODO ENERO 2016',NULL,'true',569549.00,569549.00,1,'2016-01-27 18:55:58','2016-01-27 18:55:58'),(53,94,2,'CANON ARRENDAMIENTO PERIODO ENERO 2016',NULL,'true',619315.00,619315.00,1,'2016-02-01 19:34:05','2016-02-01 19:34:05'),(54,108,2,'CANON ARRENDAMIENTO  PERIODO  ENERO 2016   PROFIT -17041287',NULL,'true',619315.00,619315.00,1,'2016-02-01 19:44:16','2016-02-01 19:44:16'),(55,9,2,'CANON ARRENDAMIENTO PERIODO ENERO 2016  - PFOFIT 17041289',NULL,'true',619315.00,619315.00,1,'2016-02-01 19:46:12','2016-02-01 19:46:12'),(56,98,2,'CANON ARRENDAMIENTO PERIODO ENERO 2016   PROFIT -17041290\n',NULL,'true',959939.00,959939.00,1,'2016-02-01 19:50:26','2016-02-01 19:50:26'),(57,76,2,'CANON ARRENDAMIENTO PERIODO ENERO 2016  PROFIT-17041297\n',NULL,'true',1368299.00,1368299.00,1,'2016-02-01 19:55:30','2016-02-01 19:55:30'),(58,107,2,'CANON ARRENDAMIENTO PERIODO ENERO 2016  PROFIT-17041308',NULL,'true',464486.00,464486.00,1,'2016-02-01 20:01:18','2016-02-01 20:01:18'),(59,66,2,'CANON ARRENDAMIENTO PERIODO ENERO 2016  PROFIT -17041316\n',NULL,'true',185795.00,185795.00,1,'2016-02-01 20:04:36','2016-02-01 20:04:36'),(60,6,2,'CANON ARRENDAMIENTO PERIODO ENERO 2016  ',NULL,'true',1238630.00,1238630.00,1,'2016-02-01 20:06:53','2016-02-01 20:06:53'),(61,38,2,'CANON ARRENDAMIENTO PERIODO ENERO 2016  PROFIT-17041323',NULL,'true',185795.00,185795.00,1,'2016-02-01 20:12:48','2016-02-01 20:12:48'),(62,36,2,'CANON ARRENDAMIENTO PERIODO ENERO 2016   PROFIT-17041324\n',NULL,'true',185795.00,185795.00,1,'2016-02-01 20:23:06','2016-02-01 20:23:06'),(63,37,2,'CANON ARRENDAMIENTO PERIODO ENERO 2016   PROFIT -17041352',NULL,'true',185795.00,185795.00,1,'2016-02-01 20:27:26','2016-02-01 20:27:26'),(65,95,2,'CANON ARRENDAMIENTO ENERO 2016 PROFIT -17041363',NULL,'true',322625.00,322700.00,1,'2016-02-02 00:29:04','2016-02-02 00:29:04'),(66,59,2,'CANON ARRENDAMIENTO ENERO 2016-PROFIT -17041364',NULL,'true',619315.00,619315.00,1,'2016-02-02 00:33:50','2016-02-02 00:33:50'),(68,149,2,'CANON ARRENDAMIENTO ENERO 2016 PROFIT-17041427\n',NULL,'true',464486.00,464486.00,1,'2016-02-02 00:44:24','2016-02-02 00:44:24'),(70,53,2,'CANON ARRENDAMIENTO PERIODO ENERO 2016 PROFIT-17041446',NULL,'true',136640.00,136640.00,1,'2016-02-02 00:49:06','2016-02-02 00:49:06'),(71,118,2,'CANON ARRENDAMIENTO PERIODO ENERO 2016 PROFIT\n17041458',NULL,'true',464486.00,464486.00,1,'2016-02-02 00:51:31','2016-02-02 00:51:31'),(73,69,2,'CANON DE ARRENDAMIENTO PERIODO ENERO 2016 PROFIT- 17041426\n',NULL,'true',619315.00,619315.00,1,'2016-02-02 00:58:10','2016-02-02 00:58:10'),(74,124,5,'',NULL,'true',431734.68,431734.68,1,'2016-02-02 18:04:09','2016-02-02 18:04:09'),(78,13,5,'',NULL,'true',92443.50,92443.50,1,'2016-02-02 19:26:09','2016-02-02 19:26:09'),(81,150,5,'',NULL,'true',48060.00,48060.00,1,'2016-02-03 01:17:51','2016-02-03 01:17:51'),(82,159,5,'',NULL,'true',74406.00,74406.00,1,'2016-02-03 01:19:31','2016-02-03 01:19:31'),(83,22,5,'',NULL,'true',53550.00,53550.00,1,'2016-02-03 01:38:07','2016-02-03 01:38:07'),(84,168,5,'',NULL,'true',429540.00,429540.00,1,'2016-02-03 01:38:56','2016-02-03 01:38:56'),(85,24,5,'',NULL,'true',79392.00,79392.00,1,'2016-02-03 01:39:47','2016-02-03 01:39:47'),(86,106,5,'',NULL,'true',45150.00,45150.00,1,'2016-02-03 01:40:30','2016-02-03 01:40:30'),(87,169,5,'',NULL,'true',14400.00,14400.00,1,'2016-02-03 01:46:04','2016-02-03 01:46:04'),(88,156,5,'',NULL,'true',14400.00,14400.00,1,'2016-02-03 01:48:23','2016-02-03 01:48:23'),(89,148,5,'',NULL,'true',116850.00,116850.00,1,'2016-02-03 01:49:46','2016-02-03 01:49:46'),(90,170,5,'',NULL,'true',38850.00,38850.00,1,'2016-02-03 01:50:59','2016-02-03 01:50:59'),(91,156,5,'',NULL,'true',50304.00,50304.00,1,'2016-02-03 01:52:07','2016-02-03 01:52:07'),(92,154,5,'',NULL,'true',113520.00,113520.00,1,'2016-02-03 01:52:58','2016-02-03 01:52:58'),(93,116,5,'',NULL,'true',78600.00,78600.00,1,'2016-02-03 01:53:46','2016-02-03 01:53:46'),(94,148,5,'',NULL,'true',397016.00,397016.00,1,'2016-02-03 01:55:01','2016-02-03 01:55:01'),(95,171,5,'',NULL,'true',14400.00,14400.00,1,'2016-02-03 01:56:09','2016-02-03 01:56:09'),(96,172,5,'',NULL,'true',385148.00,385148.00,1,'2016-02-03 01:57:24','2016-02-03 01:57:24'),(97,160,5,'',NULL,'true',69750.00,69750.00,1,'2016-02-03 01:58:25','2016-02-03 01:58:25'),(98,174,5,'',NULL,'true',139440.00,139440.00,1,'2016-02-03 02:00:21','2016-02-03 02:00:21'),(99,156,5,'',NULL,'true',14400.00,14400.00,1,'2016-02-03 02:01:34','2016-02-03 02:01:34'),(100,156,5,'',NULL,'true',14400.00,14400.00,1,'2016-02-03 02:02:17','2016-02-03 02:02:17'),(101,156,5,'',NULL,'true',14400.00,14400.00,1,'2016-02-03 02:03:00','2016-02-03 02:03:00'),(102,54,5,'',NULL,'true',14400.00,14400.00,1,'2016-02-03 02:03:39','2016-02-03 02:03:39'),(103,130,5,'',NULL,'true',762345.00,762345.00,1,'2016-02-03 02:04:57','2016-02-03 02:04:57'),(104,175,5,'',NULL,'true',23916.00,23916.00,1,'2016-02-03 02:10:33','2016-02-03 02:10:33'),(105,175,5,'',NULL,'true',23916.00,23916.00,1,'2016-02-03 02:11:05','2016-02-03 02:11:05'),(106,6,5,'',NULL,'true',31500.00,31500.00,1,'2016-02-03 02:11:59','2016-02-03 02:11:59'),(107,176,5,'',NULL,'true',16644.00,16644.00,1,'2016-02-03 02:12:37','2016-02-03 02:12:37'),(108,177,5,'',NULL,'true',45732.00,45732.00,1,'2016-02-03 02:18:12','2016-02-03 02:18:12'),(109,22,5,'',NULL,'true',45150.00,45150.00,1,'2016-02-03 02:20:02','2016-02-03 02:20:02'),(110,22,5,'',NULL,'true',45150.00,45150.00,1,'2016-02-03 02:20:41','2016-02-03 02:20:41'),(111,101,5,'',NULL,'true',8250.00,8250.00,1,'2016-02-03 02:41:23','2016-02-03 02:41:23'),(112,101,5,'',NULL,'true',8250.00,8250.00,1,'2016-02-03 02:42:36','2016-02-03 02:42:36'),(113,40,5,'',NULL,'true',282650.34,282650.34,1,'2016-02-03 17:48:19','2016-02-03 17:48:19'),(114,150,5,'',NULL,'true',16800.00,16800.00,1,'2016-02-03 20:07:27','2016-02-03 20:07:27'),(115,154,5,'',NULL,'true',187572.00,187572.00,1,'2016-02-03 21:21:27','2016-02-03 21:21:27'),(116,13,5,'',NULL,'true',81802.50,81802.50,1,'2016-02-05 01:32:06','2016-02-05 01:32:06'),(119,208,5,'',NULL,'true',13174.98,13174.98,1,'2016-02-07 21:24:23','2016-02-07 21:24:23'),(120,218,5,'',NULL,'true',530.04,530.04,1,'2016-02-09 17:42:44','2016-02-09 17:42:44'),(121,54,5,'',NULL,'true',144.00,144.00,1,'2016-02-09 17:46:42','2016-02-09 17:46:42'),(122,203,5,'',NULL,'true',1933.50,1933.50,1,'2016-02-09 17:55:30','2016-02-09 17:55:30'),(123,101,5,'',NULL,'true',82.50,82.50,1,'2016-02-09 18:05:13','2016-02-09 18:05:13'),(124,45,5,'',NULL,'true',47740.26,47740.26,1,'2016-02-10 18:43:33','2016-02-10 18:43:33'),(125,191,5,'',NULL,'true',1041.00,1041.00,1,'2016-02-11 01:17:36','2016-02-11 01:17:36');
/*!40000 ALTER TABLE `cobros` ENABLE KEYS */;
UNLOCK TABLES;

--
-- Table structure for table `cobrospagos`
--

DROP TABLE IF EXISTS `cobrospagos`;
/*!40101 SET @saved_cs_client     = @@character_set_client */;
/*!40101 SET character_set_client = utf8 */;
CREATE TABLE `cobrospagos` (
  `id` int(10) unsigned NOT NULL AUTO_INCREMENT,
  `tipo` enum('D','NC','T') COLLATE utf8_unicode_ci NOT NULL,
  `fecha` date NOT NULL,
  `banco_id` int(10) unsigned NOT NULL,
  `cuenta_id` int(10) unsigned NOT NULL,
  `ncomprobante` varchar(150) COLLATE utf8_unicode_ci NOT NULL,
  `monto` double(15,2) NOT NULL,
  `cobro_id` int(10) unsigned NOT NULL,
  `created_at` timestamp NOT NULL DEFAULT '0000-00-00 00:00:00',
  `updated_at` timestamp NOT NULL DEFAULT '0000-00-00 00:00:00',
  PRIMARY KEY (`id`),
  KEY `cobrospagos_banco_id_foreign` (`banco_id`),
  KEY `cobrospagos_cuenta_id_foreign` (`cuenta_id`),
  KEY `cobrospagos_cobro_id_foreign` (`cobro_id`),
  CONSTRAINT `cobrospagos_banco_id_foreign` FOREIGN KEY (`banco_id`) REFERENCES `bancoscuentas` (`banco_id`),
  CONSTRAINT `cobrospagos_cobro_id_foreign` FOREIGN KEY (`cobro_id`) REFERENCES `cobros` (`id`) ON DELETE CASCADE,
  CONSTRAINT `cobrospagos_cuenta_id_foreign` FOREIGN KEY (`cuenta_id`) REFERENCES `bancoscuentas` (`id`)
) ENGINE=InnoDB AUTO_INCREMENT=117 DEFAULT CHARSET=utf8 COLLATE=utf8_unicode_ci;
/*!40101 SET character_set_client = @saved_cs_client */;

--
-- Dumping data for table `cobrospagos`
--

LOCK TABLES `cobrospagos` WRITE;
/*!40000 ALTER TABLE `cobrospagos` DISABLE KEYS */;
INSERT INTO `cobrospagos` VALUES (1,'NC','2016-01-02',2,2,'809',825.00,1,'2016-01-14 20:49:40','2016-01-14 20:49:40'),(2,'NC','2016-01-02',2,2,'809',144.00,2,'2016-01-14 20:50:49','2016-01-14 20:50:49'),(3,'NC','2016-01-02',2,2,'809',168.00,3,'2016-01-14 20:51:40','2016-01-14 20:51:40'),(4,'NC','2016-01-02',2,2,'809',54792.00,4,'2016-01-14 20:53:31','2016-01-14 20:53:31'),(5,'NC','2016-01-02',2,2,'809',17535.00,5,'2016-01-14 20:54:26','2016-01-14 20:54:26'),(6,'NC','2016-01-02',2,2,'809',3285.00,6,'2016-01-14 20:56:32','2016-01-14 20:56:32'),(7,'D','2016-01-02',2,2,'809',433809.00,7,'2016-01-14 20:57:34','2016-01-14 20:57:34'),(8,'NC','2016-01-02',2,2,'809',390.00,8,'2016-01-14 20:58:52','2016-01-14 20:58:52'),(9,'NC','2016-01-02',2,2,'809',267.00,9,'2016-01-14 20:59:40','2016-01-14 20:59:40'),(10,'NC','2016-01-02',2,2,'810',4515.00,10,'2016-01-14 21:01:42','2016-01-14 21:01:42'),(11,'D','2016-01-04',2,2,'49069311',144.00,11,'2016-01-14 21:07:12','2016-01-14 21:07:12'),(12,'D','2016-01-04',2,2,'49069311',144.00,12,'2016-01-14 21:07:54','2016-01-14 21:07:54'),(13,'NC','2016-01-03',2,2,'810',3285.00,13,'2016-01-14 21:08:43','2016-01-14 21:08:43'),(14,'D','2016-01-04',2,2,'49069311',825.00,14,'2016-01-14 21:09:28','2016-01-14 21:09:28'),(15,'NC','2016-01-03',2,2,'422',3586647.00,15,'2016-01-14 21:12:09','2016-01-14 21:12:09'),(16,'NC','2016-01-03',2,2,'810',144.00,16,'2016-01-14 21:13:01','2016-01-14 21:13:01'),(17,'NC','2016-01-03',2,2,'810',144.00,17,'2016-01-14 21:13:47','2016-01-14 21:13:47'),(18,'NC','2016-01-06',2,2,'813',144.00,18,'2016-01-14 21:29:56','2016-01-14 21:29:56'),(19,'NC','2016-01-04',2,2,'811',9282.00,19,'2016-01-14 23:10:32','2016-01-14 23:10:32'),(20,'D','2016-01-04',2,2,'811',825.00,20,'2016-01-14 23:11:50','2016-01-14 23:11:50'),(21,'NC','2016-01-04',2,2,'811',144.00,21,'2016-01-14 23:12:59','2016-01-14 23:12:59'),(22,'NC','2016-01-04',2,2,'811',81138.00,22,'2016-01-14 23:14:32','2016-01-14 23:14:32'),(23,'NC','2016-01-04',2,2,'817.50',6975.00,23,'2016-01-14 23:15:16','2016-01-14 23:15:16'),(24,'NC','2016-01-04',2,2,'811',4515.00,24,'2016-01-14 23:17:03','2016-01-14 23:17:03'),(25,'NC','2016-01-04',2,2,'811',267.00,25,'2016-01-14 23:18:41','2016-01-14 23:18:41'),(26,'NC','2016-01-04',2,2,'811',11685.00,26,'2016-01-14 23:19:30','2016-01-14 23:19:30'),(27,'NC','2016-01-05',2,2,'812',276.00,27,'2016-01-14 23:58:04','2016-01-14 23:58:04'),(28,'NC','2016-01-05',2,2,'812',225792.00,28,'2016-01-14 23:59:46','2016-01-14 23:59:46'),(29,'NC','2016-01-05',2,2,'812',825.00,29,'2016-01-15 00:01:16','2016-01-15 00:01:16'),(30,'D','2016-01-05',2,2,'49038283',144.00,30,'2016-01-15 00:03:58','2016-01-15 00:03:58'),(31,'D','2016-01-05',2,2,'812',3285.00,31,'2016-01-15 00:04:44','2016-01-15 00:04:44'),(32,'D','2016-01-05',2,2,'49038283',144.00,32,'2016-01-15 00:06:30','2016-01-15 00:06:30'),(33,'NC','2016-01-05',2,2,'812',50304.00,33,'2016-01-15 00:07:31','2016-01-15 00:07:31'),(34,'NC','2016-01-05',2,2,'812',52464.00,34,'2016-01-15 00:11:12','2016-01-15 00:11:12'),(35,'NC','2016-01-05',2,2,'423',23376.00,35,'2016-01-15 00:12:28','2016-01-15 00:12:28'),(36,'NC','2016-01-05',2,2,'812',4515.00,36,'2016-01-15 00:13:34','2016-01-15 00:13:34'),(37,'NC','2016-01-05',2,2,'812',60858.00,37,'2016-01-15 00:14:16','2016-01-15 00:14:16'),(38,'NC','2016-01-05',2,2,'812',1551.00,38,'2016-01-15 00:16:16','2016-01-15 00:16:16'),(39,'NC','2016-01-05',2,2,'812',6585.00,39,'2016-01-15 00:16:51','2016-01-15 00:16:51'),(40,'NC','2016-01-05',2,2,'812',786.00,40,'2016-01-15 00:18:24','2016-01-15 00:18:24'),(41,'NC','2016-01-05',2,2,'812',144.00,41,'2016-01-15 00:19:04','2016-01-15 00:19:04'),(42,'NC','2016-01-05',2,2,'812',144.00,42,'2016-01-15 00:20:00','2016-01-15 00:20:00'),(43,'NC','2016-01-05',2,2,'812',7266.00,43,'2016-01-15 00:20:31','2016-01-15 00:20:31'),(44,'NC','2016-01-06',2,2,'813',355233.00,44,'2016-01-15 00:22:33','2016-01-15 00:22:33'),(45,'NC','2016-01-02',2,2,'809',17148.00,45,'2016-01-15 03:17:49','2016-01-15 03:17:49'),(46,'NC','2016-01-04',2,2,'811',144.00,46,'2016-01-15 03:37:37','2016-01-15 03:37:37'),(48,'D','2016-01-18',2,2,'49039501',541901.00,50,'2016-01-27 00:32:48','2016-01-27 00:32:48'),(49,'D','2016-01-19',2,2,'49038162',1317081.00,51,'2016-01-27 18:50:05','2016-01-27 18:50:05'),(50,'D','2016-01-14',2,2,'52327598',569549.00,52,'2016-01-27 18:55:58','2016-01-27 18:55:58'),(51,'D','2016-01-18',2,2,'49038538',619315.00,53,'2016-02-01 19:34:05','2016-02-01 19:34:05'),(52,'D','2016-01-18',2,2,'49055814',619315.00,54,'2016-02-01 19:44:16','2016-02-01 19:44:16'),(53,'D','2016-01-18',2,2,'49039468',619315.00,55,'2016-02-01 19:46:12','2016-02-01 19:46:12'),(54,'D','2016-01-18',2,2,'49039486-498039485',959939.00,56,'2016-02-01 19:50:26','2016-02-01 19:50:26'),(55,'D','2016-02-18',2,2,'49713033',1368299.00,57,'2016-02-01 19:55:30','2016-02-01 19:55:30'),(56,'D','2016-01-19',2,2,'`49055668',464486.00,58,'2016-02-01 20:01:18','2016-02-01 20:01:18'),(57,'D','2016-01-19',2,2,'53315362',185795.00,59,'2016-02-01 20:04:36','2016-02-01 20:04:36'),(58,'D','2016-01-19',2,2,'49038542',123863.00,60,'2016-02-01 20:06:53','2016-02-01 20:06:53'),(59,'D','2016-01-19',2,2,'53317090',185795.00,61,'2016-02-01 20:12:48','2016-02-01 20:12:48'),(60,'D','2016-01-19',2,2,'49039988',185795.00,62,'2016-02-01 20:23:06','2016-02-01 20:23:06'),(61,'D','2016-01-21',2,2,'53316852',185795.00,63,'2016-02-01 20:27:26','2016-02-01 20:27:26'),(63,'D','2016-01-22',2,2,'49038659',322700.00,65,'2016-02-02 00:29:04','2016-02-02 00:29:04'),(64,'D','2016-01-22',2,2,'49039402',619315.00,66,'2016-02-02 00:33:50','2016-02-02 00:33:50'),(66,'D','2016-01-28',2,2,'49039472',464486.00,68,'2016-02-02 00:44:24','2016-02-02 00:44:24'),(67,'D','2016-01-29',2,2,'53341415',13664.00,70,'2016-02-02 00:49:06','2016-02-02 00:49:06'),(68,'D','2016-01-29',2,2,'000091654',464486.00,71,'2016-02-02 00:51:31','2016-02-02 00:51:31'),(69,'D','2016-01-28',2,2,'149596',619315.00,73,'2016-02-02 00:58:10','2016-02-02 00:58:10'),(70,'D','2016-01-13',2,2,'000004889',43173468.00,74,'2016-02-02 18:04:09','2016-02-02 18:04:09'),(71,'D','2016-01-13',2,2,'49038161',924435.00,78,'2016-02-02 19:26:09','2016-02-02 19:26:09'),(72,'NC','2016-01-06',2,2,'813',4806.00,81,'2016-02-03 01:17:51','2016-02-03 01:17:51'),(73,'NC','2016-01-06',2,2,'813',74406.00,82,'2016-02-03 01:19:31','2016-02-03 01:19:31'),(74,'NC','2016-01-06',2,2,'813',5355.00,83,'2016-02-03 01:38:07','2016-02-03 01:38:07'),(75,'NC','2016-01-06',2,2,'813',42954.00,84,'2016-02-03 01:38:56','2016-02-03 01:38:56'),(76,'NC','2016-01-06',2,2,'813',79392.00,85,'2016-02-03 01:39:47','2016-02-03 01:39:47'),(77,'NC','2016-01-06',2,2,'813',4515.00,86,'2016-02-03 01:40:30','2016-02-03 01:40:30'),(78,'D','2016-01-07',2,2,'49038393',144.00,87,'2016-02-03 01:46:04','2016-02-03 01:46:04'),(79,'D','2016-01-07',2,2,'49038393',144.00,88,'2016-02-03 01:48:23','2016-02-03 01:48:23'),(80,'NC','2016-01-06',2,2,'813',11685.00,89,'2016-02-03 01:49:46','2016-02-03 01:49:46'),(81,'NC','2016-01-06',2,2,'813',3885.00,90,'2016-02-03 01:50:59','2016-02-03 01:50:59'),(82,'NC','2016-01-08',2,2,'49038435',50304.00,91,'2016-02-03 01:52:07','2016-02-03 01:52:07'),(83,'NC','2016-01-07',2,2,'814',11352.00,92,'2016-02-03 01:52:58','2016-02-03 01:52:58'),(84,'NC','2016-01-07',2,2,'814',786.00,93,'2016-02-03 01:53:46','2016-02-03 01:53:46'),(85,'NC','2016-01-07',2,2,'814',397016.00,94,'2016-02-03 01:55:01','2016-02-03 01:55:01'),(86,'D','2016-01-08',2,2,'49038435',144.00,95,'2016-02-03 01:56:09','2016-02-03 01:56:09'),(87,'NC','2016-01-07',1,1,'6842669',385148.00,96,'2016-02-03 01:57:24','2016-02-03 01:57:24'),(88,'D','2016-01-08',2,2,'49038435',6975.00,97,'2016-02-03 01:58:25','2016-02-03 01:58:25'),(89,'NC','2016-01-07',2,2,'814',13944.00,98,'2016-02-03 02:00:21','2016-02-03 02:00:21'),(90,'D','2016-01-08',2,2,'49038435',144.00,99,'2016-02-03 02:01:34','2016-02-03 02:01:34'),(91,'D','2016-01-08',2,2,'49038435',144.00,100,'2016-02-03 02:02:17','2016-02-03 02:02:17'),(92,'D','2016-01-08',1,1,'49038435',144.00,101,'2016-02-03 02:03:00','2016-02-03 02:03:00'),(93,'D','2016-01-08',2,2,'49038435',144.00,102,'2016-02-03 02:03:39','2016-02-03 02:03:39'),(94,'T','2016-01-07',2,2,'424',762345.00,103,'2016-02-03 02:04:57','2016-02-03 02:04:57'),(95,'NC','2016-01-07',2,2,'814',23916.00,104,'2016-02-03 02:10:33','2016-02-03 02:10:33'),(96,'NC','2016-01-07',2,2,'814',23916.00,105,'2016-02-03 02:11:05','2016-02-03 02:11:05'),(97,'D','2016-01-08',2,2,'49038435',315.00,106,'2016-02-03 02:11:59','2016-02-03 02:11:59'),(98,'D','2016-01-08',2,2,'49038435',16644.00,107,'2016-02-03 02:12:37','2016-02-03 02:12:37'),(99,'NC','2016-01-07',2,2,'814',45732.00,108,'2016-02-03 02:18:12','2016-02-03 02:18:12'),(100,'NC','2016-01-07',2,2,'814',4515.00,109,'2016-02-03 02:20:02','2016-02-03 02:20:02'),(101,'NC','2016-01-07',2,2,'814',4515.00,110,'2016-02-03 02:20:41','2016-02-03 02:20:41'),(102,'D','2016-01-08',2,2,'49038281',825.00,111,'2016-02-03 02:41:23','2016-02-03 02:41:23'),(103,'D','2016-01-08',2,2,'49038281',825.00,112,'2016-02-03 02:42:36','2016-02-03 02:42:36'),(104,'D','2016-01-21',2,3,'013609090',28265034.00,113,'2016-02-03 17:48:19','2016-02-03 17:48:19'),(105,'NC','2016-01-10',2,2,'817',168.00,114,'2016-02-03 20:07:27','2016-02-03 20:07:27'),(106,'NC','2016-01-10',2,2,'817',187572.00,115,'2016-02-03 21:21:27','2016-02-03 21:21:27'),(107,'D','2015-01-05',2,2,'49038160',818025.00,116,'2016-02-05 01:32:06','2016-02-05 01:32:06'),(110,'NC','2016-02-04',2,2,'843',1317498.00,119,'2016-02-07 21:24:23','2016-02-07 21:24:23'),(111,'NC','2016-01-20',2,2,'827',53004.00,120,'2016-02-09 17:42:44','2016-02-09 17:42:44'),(112,'NC','2016-01-20',2,2,'827',144.00,121,'2016-02-09 17:46:42','2016-02-09 17:46:42'),(113,'NC','2016-01-20',2,2,'827',19335.00,122,'2016-02-09 17:55:30','2016-02-09 17:55:30'),(114,'NC','2016-01-20',2,2,'827',825.00,123,'2016-02-09 18:05:13','2016-02-09 18:05:13'),(115,'D','2016-01-22',2,3,'042257660',4774026.00,124,'2016-02-10 18:43:33','2016-02-10 18:43:33'),(116,'NC','2016-01-14',2,2,'821',1041.00,125,'2016-02-11 01:17:36','2016-02-11 01:17:36');
/*!40000 ALTER TABLE `cobrospagos` ENABLE KEYS */;
UNLOCK TABLES;

--
-- Table structure for table `conceptos`
--

DROP TABLE IF EXISTS `conceptos`;
/*!40101 SET @saved_cs_client     = @@character_set_client */;
/*!40101 SET character_set_client = utf8 */;
CREATE TABLE `conceptos` (
  `id` int(10) unsigned NOT NULL AUTO_INCREMENT,
  `codpre` varchar(255) COLLATE utf8_unicode_ci NOT NULL,
  `nompre` varchar(255) COLLATE utf8_unicode_ci NOT NULL,
  `codcta` varchar(255) COLLATE utf8_unicode_ci NOT NULL,
  `stacod` char(1) COLLATE utf8_unicode_ci NOT NULL,
  `coduni` varchar(255) COLLATE utf8_unicode_ci NOT NULL,
  `iva` double(8,2) unsigned NOT NULL,
  `aeropuerto_id` int(10) unsigned NOT NULL,
  `created_at` timestamp NOT NULL DEFAULT '0000-00-00 00:00:00',
  `updated_at` timestamp NOT NULL DEFAULT '0000-00-00 00:00:00',
  `modulo_id` int(10) unsigned DEFAULT NULL,
  `condicionPago` enum('Ambas','Crédito','Contado') COLLATE utf8_unicode_ci NOT NULL,
  PRIMARY KEY (`id`),
  KEY `conceptos_aeropuerto_id_foreign` (`aeropuerto_id`),
  KEY `conceptos_modulo_id_foreign` (`modulo_id`),
  CONSTRAINT `conceptos_aeropuerto_id_foreign` FOREIGN KEY (`aeropuerto_id`) REFERENCES `aeropuertos` (`id`),
  CONSTRAINT `conceptos_modulo_id_foreign` FOREIGN KEY (`modulo_id`) REFERENCES `modulos` (`id`)
) ENGINE=InnoDB AUTO_INCREMENT=99 DEFAULT CHARSET=utf8 COLLATE=utf8_unicode_ci;
/*!40101 SET character_set_client = @saved_cs_client */;

--
-- Dumping data for table `conceptos`
--

LOCK TABLES `conceptos` WRITE;
/*!40000 ALTER TABLE `conceptos` DISABLE KEYS */;
INSERT INTO `conceptos` VALUES (50,'0-033-001-124-301-09-02-01-001  ','TASAS NACIONALES MODULO','4-2-302-02-01-0001              ','A','',0.00,1,'0000-00-00 00:00:00','0000-00-00 00:00:00',NULL,'Ambas'),(51,'0-033-001-124-301-09-02-01-002  ','TASAS INTERNACIONALES MODULO','4-2-302-02-01-0001              ','A','',0.00,1,'0000-00-00 00:00:00','0000-00-00 00:00:00',NULL,'Ambas'),(52,'0-033-001-124-301-09-02-01-003  ','TASAS NACIONALES SCV','4-2-302-02-01-0002              ','A','',0.00,1,'0000-00-00 00:00:00','2016-01-22 01:31:20',5,'Ambas'),(53,'0-033-001-124-301-09-02-01-004  ','TASAS INTERNACIONALES SCV','4-2-302-02-01-0002              ','A','',0.00,1,'0000-00-00 00:00:00','2016-01-22 01:31:20',5,'Ambas'),(54,'0-033-001-124-301-09-02-02-001  ','ATERRIZAJE Y DESPEGUE DE AERONAVES','4-2-302-02-01-0002              ','A','',0.00,1,'0000-00-00 00:00:00','2016-01-22 01:09:05',5,'Contado'),(55,'0-033-001-124-301-09-02-02-002  ','ESTACIONAMIENTO DE AERONAVES','4-2-302-02-01-0002              ','A','',0.00,1,'0000-00-00 00:00:00','2016-01-22 01:09:49',5,'Contado'),(56,'0-033-001-124-301-09-02-02-003  ','HABILITACION','4-2-302-02-01-0002              ','A','',0.00,1,'0000-00-00 00:00:00','2016-01-22 01:31:20',5,'Contado'),(57,'0-033-001-124-301-09-02-02-004  ','FORMULARIO DOSA','4-2-302-02-01-0002              ','A','',0.00,1,'0000-00-00 00:00:00','2016-01-22 01:14:11',5,'Contado'),(58,'0-033-001-124-301-09-02-02-005  ','JET WAY','4-2-302-02-01-0002              ','A','',0.00,1,'0000-00-00 00:00:00','2016-01-22 01:31:20',5,'Contado'),(59,'0-033-001-124-301-09-02-02-006  ','CARGA','4-2-302-02-01-0002              ','A','',0.00,1,'0000-00-00 00:00:00','2016-01-22 01:32:44',6,'Contado'),(60,'0-033-001-124-301-09-02-03-000  ','CANON DE ARRENDAMIENTO','1-1-122-02-01-0003              ','A','',12.00,1,'0000-00-00 00:00:00','2016-02-10 23:15:47',2,'Ambas'),(61,'0-033-001-124-301-09-02-04-000  ','ESTACIONAMIENTO DE VEHICULOS','4-2-302-02-01-0004              ','A','',0.00,1,'0000-00-00 00:00:00','2016-01-22 01:10:19',4,'Contado'),(62,'0-033-001-124-301-09-02-05-000  ','PUBLICIDAD','4-2-302-02-01-0005              ','A','',0.00,1,'0000-00-00 00:00:00','2016-01-22 01:32:01',3,'Contado'),(63,'0-033-001-124-301-09-02-06-000  ','OTROS INGRESOS COMBUSTIBLE','1-1-122-02-01-0007              ','A','',0.00,1,'0000-00-00 00:00:00','2016-01-22 01:31:20',5,'Ambas'),(64,'0-033-001-124-301-09-02-06-001  ','TARJETA DE IDENTIFICACION ','4-2-302-02-01-0006              ','A','',0.00,1,'0000-00-00 00:00:00','2016-01-22 01:32:25',7,'Ambas'),(65,'0-033-001-124-301-09-02-06-002  ','OTROS INGRESOS 10% SERVICIOS DE HANDLING ','4-2-302-02-01-0006              ','A','',0.00,1,'0000-00-00 00:00:00','2016-01-22 01:31:20',5,'Ambas'),(66,'0-033-001-124-301-09-02-06-003  ','OTROS INGRESOS CARNET DE CIRCULACION','4-2-302-02-01-0006              ','A','',0.00,1,'0000-00-00 00:00:00','2016-01-22 01:31:50',8,'Ambas'),(67,'0-033-001-124-301-09-02-06-005  ',' OTROS INGRESOS','1-1-122-02-01-0007              ','A','',0.00,1,'0000-00-00 00:00:00','2016-01-13 00:15:30',8,'Ambas'),(68,'0-033-001-124-301-09-02-07-001  ',' ATERRIZAJE Y DESPEGUE DE AERONAVES (CRÉDITO)','4-2-302-02-01-0002              ','A','',0.00,1,'0000-00-00 00:00:00','2016-01-22 01:08:53',5,'Crédito'),(69,'0-033-001-124-301-09-02-07-002  ','ESTACIONAMIENTO DE AERONAVES (CRÉDITO)','4-2-302-02-01-0002              ','A','',0.00,1,'0000-00-00 00:00:00','2016-01-22 01:09:58',5,'Crédito'),(70,'0-033-001-124-301-09-02-07-003  ','HABILITACION (CRÉDITO)','4-2-302-02-01-0002              ','A','',0.00,1,'0000-00-00 00:00:00','2016-01-22 01:31:20',5,'Crédito'),(71,'0-033-001-124-301-09-02-07-004  ','FOMULARIO DOSA (CRÉDITO)','4-2-302-02-01-0002              ','A','',0.00,1,'0000-00-00 00:00:00','2016-01-22 01:10:34',5,'Crédito'),(72,'0-033-001-124-301-09-02-07-005  ','JET WAY (CRÉDITO)','4-2-302-02-01-0002              ','A','',0.00,1,'0000-00-00 00:00:00','2016-01-22 01:11:06',5,'Crédito'),(73,'0-033-001-124-301-09-02-07-006  ','CARGA (CRÉDITO)','4-2-302-02-01-0002              ','A','',0.00,1,'0000-00-00 00:00:00','2016-01-22 01:09:42',6,'Crédito'),(74,'0-033-002-125-302-99-02-01-001  ','TASAS NACIONALES MODULO','1-1-122-03-01-0001              ','A','',0.00,2,'0000-00-00 00:00:00','0000-00-00 00:00:00',NULL,'Ambas'),(75,'0-033-002-125-302-99-02-01-003  ','TASAS NACIONALES SCV ','1-1-122-03-01-0002              ','A','',0.00,2,'0000-00-00 00:00:00','0000-00-00 00:00:00',NULL,'Ambas'),(76,'0-033-002-125-302-99-02-02-001  ','ATERRIZAJE Y DESPEGUE DE AERONAVES','1-1-122-03-01-0002              ','A','',0.00,2,'0000-00-00 00:00:00','0000-00-00 00:00:00',NULL,'Ambas'),(77,'0-033-002-125-302-99-02-02-002  ','ESTACIONAMIENTO DE AERONAVES','1-1-122-03-01-0002              ','A','',0.00,2,'0000-00-00 00:00:00','0000-00-00 00:00:00',NULL,'Ambas'),(78,'0-033-002-125-302-99-02-02-003  ','HABILITACION','1-1-122-03-01-0002              ','A','',0.00,2,'0000-00-00 00:00:00','0000-00-00 00:00:00',NULL,'Ambas'),(79,'0-033-002-125-302-99-02-02-004  ','FORMULARIO DOSA','1-1-122-03-01-0002              ','A','',0.00,2,'0000-00-00 00:00:00','0000-00-00 00:00:00',NULL,'Ambas'),(80,'0-033-002-125-302-99-02-02-005  ','JET WAY','1-1-122-03-01-0002              ','A','',0.00,2,'0000-00-00 00:00:00','0000-00-00 00:00:00',NULL,'Ambas'),(81,'0-033-002-125-302-99-02-02-006  ','CARGA','1-1-122-03-01-0002              ','A','',0.00,2,'0000-00-00 00:00:00','0000-00-00 00:00:00',NULL,'Ambas'),(82,'0-033-002-125-302-99-02-03-000  ','CANON DE ARRENDAMIENTO','1-1-122-03-01-0003              ','A','',0.00,2,'0000-00-00 00:00:00','0000-00-00 00:00:00',NULL,'Ambas'),(83,'0-033-002-125-302-99-02-04-000  ','ESTACIONAMIENTO DE VEHICULOS','1-1-122-03-01-0004              ','A','',0.00,2,'0000-00-00 00:00:00','0000-00-00 00:00:00',NULL,'Ambas'),(84,'0-033-002-125-302-99-02-05-000  ','PUBLICIDAD','1-1-122-03-01-0005              ','A','',0.00,2,'0000-00-00 00:00:00','0000-00-00 00:00:00',NULL,'Ambas'),(85,'0-033-002-125-302-99-02-06-000  ','OTROS INGRESOS','1-1-122-03-01-0007              ','A','',0.00,2,'0000-00-00 00:00:00','0000-00-00 00:00:00',NULL,'Ambas'),(86,'0-033-002-125-302-99-02-06-001  ','TARJETAS DE IDENTIFICACI?N','1-1-122-03-01-0007              ','A','',0.00,2,'0000-00-00 00:00:00','0000-00-00 00:00:00',NULL,'Ambas'),(87,'0-033-002-125-302-99-02-06-002  ','TARJETAS DE ESTACIONAMIENTO','1-1-122-03-01-0007              ','A','',0.00,2,'0000-00-00 00:00:00','0000-00-00 00:00:00',NULL,'Ambas'),(88,'0-033-002-125-302-99-02-06-003  ','FORMULARIOS ANULADOS','1-1-122-03-01-0007              ','A','',0.00,2,'0000-00-00 00:00:00','0000-00-00 00:00:00',NULL,'Ambas'),(89,'0-033-002-125-302-99-02-07-001  ','ATERRIZAJE Y DESPEGUE CREDITO ','1-1-122-03-01-0002              ','A','',0.00,2,'0000-00-00 00:00:00','0000-00-00 00:00:00',NULL,'Ambas'),(90,'0-033-002-125-302-99-02-07-002  ','ESTACIONAMIENTO DE AERONAVES CREDITO','1-1-122-03-01-0002              ','A','',0.00,2,'0000-00-00 00:00:00','0000-00-00 00:00:00',NULL,'Ambas'),(91,'0-033-002-125-302-99-02-07-003  ',' FORMULARIO DOSA CREDITO','1-1-122-03-01-0002              ','A','',0.00,2,'0000-00-00 00:00:00','0000-00-00 00:00:00',NULL,'Ambas'),(92,'0-033-003-126-301-09-02-01-002  ','TASAS AEROPORTUARIAS NACIONALES','1-1-122-04-01-0001              ','A','',0.00,3,'0000-00-00 00:00:00','0000-00-00 00:00:00',NULL,'Ambas'),(93,'0-033-003-126-301-09-02-02-001  ','ATERRIZAJE Y DESPEGUE DE AERONAVES','1-1-122-04-01-0002              ','A','',0.00,3,'0000-00-00 00:00:00','0000-00-00 00:00:00',NULL,'Ambas'),(94,'0-033-003-126-301-09-02-02-002  ','ESTACIONAMIENTO DE AERONAVES','1-1-122-04-01-0002              ','A','',0.00,3,'0000-00-00 00:00:00','0000-00-00 00:00:00',NULL,'Ambas'),(95,'0-033-003-126-301-09-02-02-003  ','FORMULARIO DOSA','1-1-122-04-01-0002              ','A','',0.00,3,'0000-00-00 00:00:00','0000-00-00 00:00:00',NULL,'Ambas'),(96,'0-033-003-126-301-09-02-03-000  ','CANON DE ARRENDAMIENTO','1-1-122-04-01-0003              ','A','',0.00,3,'0000-00-00 00:00:00','0000-00-00 00:00:00',NULL,'Ambas'),(97,'0-033-003-126-301-09-02-06-001  ','OTROS INGRESOS TARJETA DE IDENTIFICACION','1-1-122-04-01-0007              ','A','',0.00,3,'0000-00-00 00:00:00','0000-00-00 00:00:00',NULL,'Ambas'),(98,'0-033-003-126-301-09-02-06-002  ','OTROS INGRESOS FORMULARIOS ANULADOS','1-1-122-04-01-0007              ','A','',0.00,3,'0000-00-00 00:00:00','0000-00-00 00:00:00',NULL,'Ambas');
/*!40000 ALTER TABLE `conceptos` ENABLE KEYS */;
UNLOCK TABLES;

--
-- Table structure for table `concils`
--

DROP TABLE IF EXISTS `concils`;
/*!40101 SET @saved_cs_client     = @@character_set_client */;
/*!40101 SET character_set_client = utf8 */;
CREATE TABLE `concils` (
  `id` int(10) unsigned NOT NULL AUTO_INCREMENT,
  `encargado` varchar(150) COLLATE utf8_unicode_ci NOT NULL,
  `codbarras` varchar(150) COLLATE utf8_unicode_ci NOT NULL,
  `fVer` varchar(10) COLLATE utf8_unicode_ci NOT NULL,
  `hVer` time NOT NULL,
  `serie` text COLLATE utf8_unicode_ci NOT NULL,
  `codtas` varchar(4) COLLATE utf8_unicode_ci NOT NULL,
  `tiptas` int(11) NOT NULL,
  `valor` double(14,2) NOT NULL,
  `created_at` timestamp NOT NULL DEFAULT '0000-00-00 00:00:00',
  `updated_at` timestamp NOT NULL DEFAULT '0000-00-00 00:00:00',
  PRIMARY KEY (`id`)
) ENGINE=InnoDB DEFAULT CHARSET=utf8 COLLATE=utf8_unicode_ci;
/*!40101 SET character_set_client = @saved_cs_client */;

--
-- Dumping data for table `concils`
--

LOCK TABLES `concils` WRITE;
/*!40000 ALTER TABLE `concils` DISABLE KEYS */;
/*!40000 ALTER TABLE `concils` ENABLE KEYS */;
UNLOCK TABLES;

--
-- Table structure for table `contratos`
--

DROP TABLE IF EXISTS `contratos`;
/*!40101 SET @saved_cs_client     = @@character_set_client */;
/*!40101 SET character_set_client = utf8 */;
CREATE TABLE `contratos` (
  `id` int(10) unsigned NOT NULL AUTO_INCREMENT,
  `nContrato` varchar(100) COLLATE utf8_unicode_ci NOT NULL,
  `cliente_id` int(10) unsigned NOT NULL,
  `concepto_id` int(10) unsigned NOT NULL,
  `monto` double(8,2) unsigned NOT NULL,
  `montoTipo` enum('Mensual','Anual') COLLATE utf8_unicode_ci NOT NULL,
  `fechaInicio` date NOT NULL,
  `fechaVencimiento` date NOT NULL,
  `isReanudacionAutomatica` tinyint(1) NOT NULL,
  `mesesReanudacion` int(11) NOT NULL,
  `isGeneracionAutomaticaFactura` tinyint(1) NOT NULL,
  `diaGeneracion` int(11) NOT NULL,
  `consideracion` text COLLATE utf8_unicode_ci NOT NULL,
  `metros` varchar(100) COLLATE utf8_unicode_ci NOT NULL,
  `responsable` varchar(255) COLLATE utf8_unicode_ci NOT NULL,
  `telefono` varchar(100) COLLATE utf8_unicode_ci NOT NULL,
  `ubicacion` text COLLATE utf8_unicode_ci NOT NULL,
  `descripcion` text COLLATE utf8_unicode_ci NOT NULL,
  `imagen` text COLLATE utf8_unicode_ci NOT NULL,
  `created_at` timestamp NOT NULL DEFAULT '0000-00-00 00:00:00',
  `updated_at` timestamp NOT NULL DEFAULT '0000-00-00 00:00:00',
  PRIMARY KEY (`id`),
  UNIQUE KEY `contratos_ncontrato_unique` (`nContrato`),
  KEY `contratos_cliente_id_foreign` (`cliente_id`),
  KEY `contratos_concepto_id_foreign` (`concepto_id`),
  CONSTRAINT `contratos_cliente_id_foreign` FOREIGN KEY (`cliente_id`) REFERENCES `clientes` (`id`),
  CONSTRAINT `contratos_concepto_id_foreign` FOREIGN KEY (`concepto_id`) REFERENCES `conceptos` (`id`)
) ENGINE=InnoDB AUTO_INCREMENT=72 DEFAULT CHARSET=utf8 COLLATE=utf8_unicode_ci;
/*!40101 SET character_set_client = @saved_cs_client */;

--
-- Dumping data for table `contratos`
--

LOCK TABLES `contratos` WRITE;
/*!40000 ALTER TABLE `contratos` DISABLE KEYS */;
INSERT INTO `contratos` VALUES (4,'A-0001',2,60,5529.60,'Mensual','2013-01-01','2016-12-31',1,12,1,3,'AEROPUERTO INTERNACIONAL  MANUEL PIAR DE CIUDAD GUAYANA ( LOCAL PB-24)','TRES METROS CON OCHENTA Y TRES CENTIMETROS CUADRADOS (3.83 Mtrs2)','LUCIO ALFONZO COVONE BELLO','(0212) 2749311','','','','2016-01-26 23:20:43','2016-02-10 23:17:56'),(5,'A-0002',9,60,5529.60,'Mensual','2010-01-01','2016-12-31',1,12,1,3,'AEROPUERTO INTERNACIONAL  MANUEL PIAR DE CIUDAD GUAYANA ( LOCAL PB-13 )','ONCE METROS CON CINCUENTA CENTIMETROS CUADRADOS (11,50mTRS2)','HENRY ALBERTO VILLARROEL LOPEZ','','','','','2016-01-26 23:38:05','2016-02-10 23:17:56'),(6,'A-0003',13,60,8640.00,'Mensual','2015-01-01','2016-12-31',1,12,1,3,'AEROPUERTO INTERNACIONAL  MANUEL PIAR DE CIUDAD GUAYANA ( LOCAL PB-06 )','TREINTA Y SEIS METROS CON NOVENTA CENTIMETROS CUADRADOS (36.90 Mtrs2)','EDUARDO LEGASPI ZUAZUA','','','','','2016-01-26 23:43:08','2016-02-10 23:17:56'),(7,'A-0004',5,60,8930.30,'Mensual','2013-01-01','2016-12-31',1,12,1,3,'AEROPUERTO INTERNACIONAL  MANUEL PIAR DE CIUDAD GUAYANA ( LOCAL HO-05 )','MIL DOSCIENTOS NOVENTA Y DOS METROS CUADRADOS (1.292 Mtrs2)','JUAN CARLOS GONZALEZ INFANTE','','','','','2016-01-27 00:06:24','2016-02-10 23:17:56'),(8,'A-0005',6,60,11059.20,'Mensual','2015-01-01','2016-12-31',1,12,1,3,'AEROPUERTO INTERNACIONAL  MANUEL PIAR DE CIUDAD GUAYANA ( LOCAL HO-06 )','MIL SEISCIENTOS METROS CUADRADOS (1.600 Mtrs2)','CARLOS ENRIQUEZ GONZALEZ HENRIQUEZ  Y  ASTRID VANESSA GONZALEZ MORALES','','','','','2016-01-27 00:28:10','2016-02-10 23:17:56'),(9,'A-0006',19,60,6912.00,'Mensual','2010-01-01','2016-04-01',1,3,1,3,'AEROPUERTO INTERNACIONAL  MANUEL PIAR DE CIUDAD GUAYANA ( LOCAL PB-41 )','DOCE METROS CON DOS CENTIMETROS CUADRADOS (12.02 Mtrs2)','LUCIANO CHAVEZ GARCIA','','','','','2016-01-27 00:30:03','2016-02-10 23:17:56'),(10,'A-0007',20,60,4147.20,'Mensual','2010-01-01','2016-12-31',1,12,1,3,'AEROPUERTO INTERNACIONAL  MANUEL PIAR DE CIUDAD GUAYANA ( LOCAL PB-37 )','OCHO METROS CON VEINTIUN CENTIMETRO CUADRADOS (8.21Mtrs2)','ANTONIO GIORGIO COLACICCO','','','','','2016-01-27 00:38:10','2016-02-10 23:17:56'),(11,'A-0008',18,60,6912.00,'Mensual','2010-01-01','2016-12-31',1,12,1,3,'AEROPUERTO INTERNACIONAL  MANUEL PIAR DE CIUDAD GUAYANA ( LOCAL PB-40 )','DOCE METROS CON DOS CENTIMETROS CUADRADOS (12.02 Mtrs2)','RICHARD SAAVEDRA','','','','','2016-01-27 00:41:43','2016-02-10 23:17:56'),(12,'A-0009',29,60,6480.00,'Mensual','2010-01-01','2016-12-31',1,12,1,3,'AEROPUERTO INTERNACIONAL  MANUEL PIAR DE CIUDAD GUAYANA ( LOCAL HO-01 )','QUINIENTOS METROS CUADRADOS (500 Mtrs2)','ABRAMO FALINI','','','','','2016-01-27 00:51:03','2016-02-10 23:17:56'),(13,'A-0010',38,60,1658.88,'Mensual','2010-01-01','2016-12-31',1,12,1,3,'AEROPUERTO INTERNACIONAL  MANUEL PIAR DE CIUDAD GUAYANA ( LOCAL PA-01 )','SEIS METROS TREINTA CENTIMETROS CUADRADOS (6.30 Mtrs2)','MARY ANNIS GALETTI ALVES','','','','','2016-01-27 00:54:41','2016-02-10 23:17:56'),(14,'A-0011',37,60,1658.88,'Mensual','2014-01-01','2016-12-31',1,12,1,3,'AEROPUERTO INTERNACIONAL  MANUEL PIAR DE CIUDAD GUAYANA ( LOCAL PA-04 )','SEIS METROS TREINTA CENTIMETROS CUADRADOS (6.30 Mtrs2)','MILAGROS COROMOTO MEJIAS SURMAY  Y WLADIMIR RAMON MICHELANGELLI MEJIAS','','','EN FECHA 22/07/2014  EN EL PUNTO DE CUENTA Nª SB-0018-07-2014 SE APROBO LA SOLICITUD DEL CAMBIO DE PERSONALIDAD JURIDICA DE FIRMA PERSONAL ARTESANIA SHURUATA  A COMPAÑIA ANONIMA CON LA SIGUIENTE DENOMINACION SOCIEDAD MERCANTIL ARTESANIAS AUTOCTONAS SHURUATA CA. \r\n(0007 	ARTESANIA SHURUATA 	V041405500 	No Aeronáutico) NO EXISTE.','','2016-01-27 01:24:58','2016-02-10 23:17:56'),(15,'A-0012',36,60,1658.88,'Mensual','2010-01-01','2016-12-31',1,12,1,3,'AEROPUERTO INTERNACIONAL  MANUEL PIAR DE CIUDAD GUAYANA ( LOCAL PA-05)','SEIS METROS TREINTA CENTIMETROS CUADRADOS (6.30 Mtrs2)','LEONIDAS HERNANDEZ SILVA','','','','','2016-01-27 01:28:34','2016-02-10 23:17:56'),(16,'A-0013',40,60,8640.00,'Mensual','2010-01-01','2016-12-31',1,12,1,3,'AEROPUERTO INTERNACIONAL  MANUEL PIAR DE CIUDAD GUAYANA ( LOCAL PB-04 )','TREINTA Y SEIS METROS CON NOVENTA CENTIMETROS CUADRADOS (36.90 Mtrs2)','SIMEON RAFAEL GARCIA','','','','','2016-01-27 01:33:30','2016-02-10 23:17:56'),(17,'A-0014',43,60,5529.60,'Mensual','2011-01-01','2016-12-31',1,12,1,3,'AEROPUERTO INTERNACIONAL  MANUEL PIAR DE CIUDAD GUAYANA ( LOCAL PB-30 )','CINCO METROS TREINTA CENTIMETROS CUADRADOS (5,30 Mtrs)','CARLOS EDUARDO GUILLEN CABRERA','','','','','2016-01-27 01:36:57','2016-02-10 23:17:56'),(18,'A-0015',45,60,8640.00,'Mensual','2011-01-01','2016-12-31',1,12,1,3,'AEROPUERTO INTERNACIONAL  MANUEL PIAR DE CIUDAD GUAYANA ( LOCAL PB-03 )','TREINTA Y SEIS METROS CON NOVENTA CENTIMETROS CUADRADOS (36.90 Mtrs2)','ERWIN GENIE LORETO ','','','','','2016-01-27 01:41:12','2016-02-10 23:17:56'),(19,'B-0001',46,60,1658.88,'Mensual','2010-01-01','2016-12-31',1,12,1,3,'AEROPUERTO INTERNACIONAL  MANUEL PIAR DE CIUDAD GUAYANA ( LOCAL PB-14)','DOS METROS CUADRADOS (2 Mtrs2)','EDGAR GILBERT HEREDIA ','','','','','2016-01-27 01:46:52','2016-02-10 23:17:56'),(20,'B-0002',105,60,4147.20,'Mensual','2010-01-01','2016-12-31',1,12,1,3,'AEROPUERTO INTERNACIONAL  MANUEL PIAR DE CIUDAD GUAYANA ( LOCAL PB-36 )','UN METRO CON CINCUENTA CENTIMETROS CUADRADOS (1.50 Mtrs2)','GUSTAVO A. MARTURET','','','','','2016-01-27 17:26:32','2016-02-10 23:17:56'),(21,'B-0003',50,60,70118.82,'Mensual','2015-01-01','2016-12-31',1,12,1,3,'AEROPUERTO INTERNACIONAL  MANUEL PIAR DE CIUDAD GUAYANA ( LOCAL HE-04 )','CUATROCIENTOS METROS CUADRADOS (400 Mtrs2)','XAVIER MARIN BELLO Y JESUS ALFREDO VERGARA','','','','','2016-01-27 17:30:15','2016-02-10 23:17:56'),(22,'C-0001',55,60,8640.00,'Mensual','2011-01-01','2016-12-31',1,12,1,3,'AEROPUERTO INTERNACIONAL  MANUEL PIAR DE CIUDAD GUAYANA ( LOCAL PB-02 )','TREINTA Y SEIS METROS CON NOVENTA CENTIMETROS CUADRADOS (36.90 Mtrs2)','ROSA MERCEDES GARCIA FERNANDEZ','','','','','2016-01-27 17:36:33','2016-02-10 23:17:56'),(23,'C-0002',56,60,2600.00,'Mensual','2010-01-01','2016-12-31',1,12,1,3,'','TRES METROS CON OCHENTA Y TRES CENTIMETROS CUADRADOS (3.83 Mtrs2)','ELIANA MENEGOLA BARDI','','','','','2016-01-27 17:53:07','2016-02-10 23:17:56'),(24,'C-0004',63,60,5000.00,'Mensual','2010-01-01','2016-12-31',1,12,1,3,'AEROPUERTO INTERNACIONAL  MANUEL PIAR DE CIUDAD GUAYANA ( LOCAL PB-07 )','TREINTA Y SEIS METROS CON NOVENTA CENTIMETROS CUADRADOS (36.90 Mtrs2)','NORIS AMPARO NEGRON RANGEL','','','','','2016-01-27 17:56:32','2016-02-10 23:17:56'),(25,'C-0005',62,60,10368.00,'Mensual','2010-01-01','2016-12-31',1,12,1,3,'AEROPUERTO INTERNACIONAL  MANUEL PIAR DE CIUDAD GUAYANA ( LOCAL HE-06 )','CUATROCIENTOS METROS CUADRADOS (400 Mtrs2)','OSCAR ANTONIO PATIÑO TORRES Y JAMEL GHMRA','','','','','2016-01-27 17:59:22','2016-02-10 23:17:56'),(26,'C-0003',65,60,4838.40,'Mensual','2009-01-01','2016-12-31',1,12,1,3,'AEROPUERTO INTERNACIONAL  MANUEL PIAR DE CIUDAD GUAYANA ( LOCAL PB-26 )','TRES METROS CON OCHENTA Y TRES CENTIMETROS CUADRADOS (3.83 Mtrs2)','JOSE LUIS ZAMORA LUGO','','','','','2016-01-27 18:05:03','2016-02-10 23:17:56'),(27,'A-0016',16,60,1658.88,'Mensual','2010-01-01','2016-12-31',1,12,1,3,'AEROPUERTO INTERNACIONAL  MANUEL PIAR DE CIUDAD GUAYANA ( LOCAL PB-48)','DOS METROS CUADRADOS (2.00 Mtrs2)','ANTONIO RAMON SANCHEZ','','','','','2016-01-27 18:07:45','2016-02-10 23:17:56'),(28,'C-0007',59,60,5529.60,'Mensual','2010-01-01','2016-12-31',1,12,1,3,'AEROPUERTO INTERNACIONAL  MANUEL PIAR DE CIUDAD GUAYANA ( LOCAL PB-10)','DIECISIETE METROS CON CUATRO CENTIMETROS CUADRADOS (17.4 Mtrs2)','RUT MARY VARGAS','','','','','2016-01-27 18:15:20','2016-02-10 23:17:56'),(29,'D-0001',69,60,5529.60,'Mensual','2010-01-01','2016-12-31',1,12,1,3,'AEROPUERTO INTERNACIONAL  MANUEL PIAR DE CIUDAD GUAYANA ( LOCAL PA-08 )','CUARENTA Y UN METRO CON VEINTE CENTIMETROS CUADRADOS (41.20Mtrs2)','FRANCISCO ARMANDO NOGUERA TINOCO','','','','','2016-01-27 18:47:25','2016-02-10 23:17:56'),(30,'D-0002',66,60,1658.88,'Mensual','2010-01-01','2016-04-01',1,3,1,3,'AEROPUERTO INTERNACIONAL  MANUEL PIAR DE CIUDAD GUAYANA ( LOCAL PA-02 )','SEIS METROS TREINTA CENTIMETROS CUADRADOS (6.30 Mtrs2)','INES ANTONIA CARRILLO','','','','','2016-01-27 19:35:20','2016-02-10 23:17:56'),(31,'D-0003',70,60,2764.80,'Mensual','2010-01-01','2016-12-31',1,12,1,3,'AEROPUERTO INTERNACIONAL  MANUEL PIAR DE CIUDAD GUAYANA ( LOCAL PA-06)','SEIS METROS CON CINCUENTA Y SESEIS CENTIMETROS CUADRADOS (6.56 Mtrs2)','ANDRES ELOY GUAIPO FLORES','','','','','2016-01-27 19:41:36','2016-02-10 23:17:56'),(33,'E-0001',76,60,3369.60,'Mensual','2010-01-01','2016-12-31',1,12,1,3,'','CINCO METROS CON DIECISEIS CENTIMETROS CUADRADOS (5,16 Mtrs)','ANTONIO JOSE BASTARDO CAMPANINI Y EDNA MERCEDES RIVERO MARTINEZ','','','','','2016-01-27 20:16:57','2016-02-10 23:17:56'),(34,'E-0002',75,60,1332.86,'Mensual','2011-01-01','2016-12-31',1,12,1,3,'','DOSCIENTOS SETENTA Y SIETE METROS CON SESENTA Y OCHO CENTIMETROS CUADRADOS (277.68 Mtrs2)','HUMBERTO BETANCOURT VASQUEZ','','','','','2016-01-27 20:20:51','2016-02-10 23:17:56'),(35,'E-0003',73,60,5529.60,'Mensual','2013-01-01','2016-12-31',1,12,1,3,'','CINCO METROS  CUADRADOS (5,00 Mtrs)','ALEJANDRO GALINDO','','','','','2016-01-27 20:26:21','2016-02-10 23:17:56'),(36,'E-0004',78,60,6912.00,'Mensual','2010-01-01','2016-12-31',1,12,1,3,'','DOCE METROS CON DOS CENTIMETROS CUADRADOS (12.02 Mtrs2)','JOSE RAFAEL ARANA','','','','','2016-01-27 20:56:21','2016-02-10 23:17:56'),(37,'G-0001',83,60,3840.00,'Mensual','2011-01-01','2016-12-31',1,12,1,3,'','QUINCE METROS CON SESENTA CENTIMETROS CUADRADOS (15.60 Mtrs2)','GIOVANNI ANTONIO LOZANO PARDO','','','','','2016-01-27 23:29:46','2016-02-10 23:17:56'),(38,'F-0001',81,60,11059.20,'Mensual','2010-01-01','2016-12-31',1,12,1,3,'AEROPUERTO INTERNACIONAL  MANUEL PIAR DE CIUDAD GUAYANA ( LOCAL PB-11)','SESENTA METROS  CUADRADOS (60.00 Mtrs2)','ANIBAL SEGUNDO BAEZ','','','','','2016-01-27 23:49:15','2016-02-10 23:17:56'),(39,'G-0002',86,60,4000.00,'Mensual','2010-01-01','2016-04-01',1,3,1,3,'','CUATROCIENTOS METROS CUADRADOS (400 Mtrs2)','WALTER LINDO F','','','','','2016-01-27 23:58:01','2016-02-10 23:17:56'),(40,'I-0001',88,60,2764.80,'Mensual','2010-01-01','2016-12-31',1,12,0,3,'','CUATRO METROS CUADRADOS (4.00 Mtrs2)','ROBERTO EDUARDO NAHMENS RAMIREZ','','','','','2016-01-28 00:00:32','2016-02-10 23:17:56'),(41,'I-0002',90,60,8640.00,'Mensual','2015-01-01','2016-12-31',1,12,1,3,'AEROPUERTO INTERNACIONAL  MANUEL PIAR DE CIUDAD GUAYANA ( LOCAL PB-05 )','TREINTA Y SEIS METROS CON NOVENTA CENTIMETROS CUADRADOS (36.90 Mtrs2)','ALBERT JAKOB KLUIJVER','','','','','2016-01-28 00:05:49','2016-02-10 23:17:56'),(42,'I-0003',149,60,1250.00,'Mensual','2013-01-01','2016-12-31',1,12,1,3,'AEROPUERTO INTERNACIONAL  MANUEL PIAR DE CIUDAD GUAYANA ( LOCAL PB-16 )','CINCO METROS  CUADRADOS (5,00 Mtrs)','LINDA MIREYA MUÑOS PEÑA','','','','','2016-01-28 00:09:42','2016-02-10 23:17:56'),(43,'I-0004',96,60,9953.28,'Mensual','2012-01-01','2016-12-31',1,12,1,3,'','DIEZE METROS CON VEINTE CENTIMETROS CUADRADOS (10.20 Mtrs2)','RUTH TORRES ESTRELLA','','','','','2016-01-28 00:23:50','2016-02-10 23:17:56'),(44,'I-0005',95,60,2880.58,'Mensual','2011-01-01','2017-01-27',1,12,1,3,'','NUEVE METROS CON SEIS CENTIMETROS CUADRADOS (9,6 Mtrs)','MARIA ISABEL SANCHEZ AZUAJE','','','','','2016-01-28 00:26:19','2016-02-10 23:17:56'),(45,'L-0001',97,60,5529.60,'Mensual','2011-01-01','2016-12-31',1,12,1,3,'','TRES METROS CON OCHENTA Y TRES CENTIMETROS CUADRADOS (3.83 Mtrs2)','RAFAEL OMAR SILVA FERENCZUK','','','','','2016-01-28 00:29:05','2016-02-10 23:17:56'),(46,'L-0002',98,60,1892.50,'Mensual','2010-01-01','2016-12-31',1,12,1,3,'AEROPUERTO INTERNACIONAL  MANUEL PIAR DE CIUDAD GUAYANA ( LOCAL PB-15 )','SIETE METROS CON CINCUENTA Y SIETE CENTIMETROS CUADRADOS (7.57 Mtrs2)','IBET TERESA VILORIA DE PEREZ','','','','','2016-01-28 00:31:49','2016-02-10 23:17:56'),(47,'L-0003',101,60,1210.41,'Mensual','2011-01-01','2016-12-31',1,12,1,3,'','DOSCIENTOS CINCUENTA Y DOS METROS CON DIECISIETE CENTIMETROS CUADRADOS (252.17 Mtrs2)','PEDRO J. FERRER','','','','','2016-01-28 00:48:38','2016-02-10 23:17:56'),(48,'M-0001',106,60,4147.20,'Mensual','2012-01-01','2016-12-31',1,12,1,3,'','CINCO METROS TREINTA CENTIMETROS CUADRADOS (5,30 Mtrs)','RENE VICENTE TORO','','','','','2016-01-28 00:51:57','2016-02-10 23:17:56'),(49,'R-0001',122,60,5529.60,'Mensual','2010-01-01','2016-12-31',1,12,1,3,'','TRES METROS CON OCHENTA Y TRES CENTIMETROS CUADRADOS (3.83 Mtrs2)','FRANCESCO PILEGGI','','','','','2016-01-28 01:03:40','2016-02-10 23:17:56'),(50,'R-0002',118,60,4147.20,'Mensual','2010-01-01','2016-12-31',1,12,1,3,'','CINCO METROS TREINTA CENTIMETROS CUADRADOS (5,30 Mtrs)','JONIER RODOLFO JIMENEZ TRUFFINO Y GABRIELA LUISA MARIA TRUFFINO DE JIMENEZ ','','','','','2016-01-28 01:06:51','2016-02-10 23:17:56'),(51,'R-0003',119,60,1569.60,'Mensual','2011-01-01','2016-12-31',1,12,1,3,'','TRESCIENTOS VEINTISIETE METROS CUADRADOS (327.00 Mtrs2)','JUAN MIGUEL GUARESCHI BUSCHIAZZO','','','','','2016-01-28 01:10:14','2016-02-10 23:17:56'),(52,'R-0004',120,60,1680.00,'Mensual','2011-01-01','2016-12-31',1,12,1,3,'','DIEZE METROS  CUADRADOS (10.00 Mtrs2)','MARIELA ALEXANDRA MAGALLANES CARRILLO','','','','','2016-01-28 01:12:14','2016-02-10 23:17:56'),(53,'R-0005',117,60,5529.60,'Mensual','2010-01-01','2016-12-31',1,12,1,3,'','TRES METROS CON OCHENTA Y TRES CENTIMETROS CUADRADOS (3.83 Mtrs2)','ALBERTO VILLASMIL RINCON','','','','','2016-01-28 01:14:31','2016-02-10 23:17:56'),(54,'P-0001',113,60,5760.00,'Mensual','2012-01-01','2016-12-31',1,12,1,3,'','CINCUENTA  Y  OCHO METROS CON CINCUENTA Y DOS  CENTIMETROS CUADRADOS (58,52 Mtrs)','FABIAN PONCE ALBAN','','','','','2016-01-28 01:19:14','2016-02-10 23:17:56'),(55,'O-0001',110,60,1416.00,'Mensual','2011-01-01','2016-12-31',1,12,1,3,'','DOSCIENTOS NOVENTA Y CINCO METROS CUADRADO (295.00 Mtrs2)','PEDRO FERRER','','','','','2016-01-28 01:22:41','2016-02-10 23:17:56'),(56,'O-0002',109,60,957.50,'Mensual','2010-01-01','2016-12-31',1,12,1,3,'AEROPUERTO INTERNACIONAL  MANUEL PIAR DE CIUDAD GUAYANA ( LOCAL PB-19)','TRES METROS CON OCHENTA Y TRES CENTIMETROS CUADRADOS (3.83 Mtrs2)','HUGO RAFAEL QUINTERO','','','','','2016-01-28 01:24:11','2016-02-10 23:17:56'),(57,'N-0001',107,60,1250.00,'Mensual','2010-01-01','2016-12-31',1,12,1,3,'AEROPUERTO INTERNACIONAL  MANUEL PIAR DE CIUDAD GUAYANA ( LOCAL PB-17 )','CINCO METROS  CUADRADOS (5,00 Mtrs)','JUAN CARLOS BONYORNI','','','','','2016-01-28 01:25:48','2016-02-10 23:17:56'),(58,'N-0002',108,60,5529.60,'Mensual','2010-01-01','2016-12-31',1,12,1,3,'','TRES METROS CON OCHENTA Y TRES CENTIMETROS CUADRADOS (3.83 Mtrs2)','IGNACIO LUIS RODRIGUEZ','','','','','2016-01-28 01:28:33','2016-02-10 23:17:56'),(59,'V-0001',146,60,780.00,'Mensual','2010-01-01','2016-12-31',1,12,1,3,'','VEINTIDOS METROS CON NOVENTA CENTIMETROS CUADRADOS (22.90 Mtrs2)','MARCELLA MICHELANGELLI DE POZO','','','','','2016-01-28 01:36:23','2016-02-10 23:17:56'),(60,'T-0001',136,60,8317.00,'Mensual','2013-01-01','2016-12-31',1,12,1,3,'','OCHENTA Y TRES METROS CON CUARENTA Y OCHO CENTIMETROS CUADRADOS (83.48 Mtrs2)','JAIME FERNANDO MIÑO YEPEZ Y JUAN BAUTISTA COMERMA BRETO','','','','','2016-01-28 01:46:47','2016-02-10 23:17:56'),(61,'S-0001',125,60,1339.20,'Mensual','2011-01-01','2016-12-31',1,12,1,3,'','DOSCIENTOSSETENTA Y NUEVE METROS CUADRADO (279.00 Mtrs2)','CLEMENTE RICARDO SILVA','','','','','2016-01-28 01:49:30','2016-02-10 23:17:56'),(62,'S-0002',135,60,2764.80,'Mensual','2013-01-01','2016-12-31',1,12,1,3,'','SIETE METROS CUADRADOS (7.00 Mtrs2)','JUSTO PASTOR SERRANO PENOT','','','','','2016-01-28 01:51:28','2016-02-10 23:17:56'),(63,'S-0003',133,60,1281.60,'Mensual','2011-01-01','2016-12-31',1,12,1,3,'','DOSCIENTOS SETENTA Y SIETE METROS CUADRADO (267.00 Mtrs2)','CLEMENTE RICARDO SILVA LEZAMA','','','','','2016-01-28 01:55:02','2016-02-10 23:17:56'),(64,'S-0004',163,60,16312.19,'Mensual','2015-01-01','2016-12-31',1,12,1,3,'','TREINTA Y TRES METROS CON CUARENTA Y CUATRO CENTIMETROS CUADRADOS (33.44 Mtrs2)','GIANLUCA CRESCINI BARBATO','','','','','2016-01-28 01:58:09','2016-02-10 23:17:56'),(65,'R-0006',124,60,8640.00,'Mensual','2015-01-01','2016-12-31',1,12,1,3,'AEROPUERTO INTERNACIONAL  MANUEL PIAR DE CIUDAD GUAYANA ( LOCAL PB-08 )','TREINTA Y SEIS METROS CON NOVENTA CENTIMETROS CUADRADOS (36.90 Mtrs2)','CARLOS ALBERTO SILVA CARABALLO','','','','','2016-01-28 02:05:01','2016-02-10 23:17:56'),(66,'U-0001',145,60,7500.00,'Mensual','2010-01-01','2016-12-31',1,12,1,3,'','TRECE METROS CON VEINTESEIS CENTIMETROS CUADRADOS (13.26 Mtrs2)','LUIS ALFREDO SALAZAR CUEVAS','','','','','2016-01-28 17:42:23','2016-02-10 23:17:56'),(67,'A-0017',45,60,10368.00,'Mensual','2011-01-01','2016-12-31',1,12,1,3,'AEROPUERTO INTERNACIONAL  MANUEL PIAR DE CIUDAD GUAYANA ( LOCAL HO-03 )\r\nHANGAR','DOS MIL NOVECIENTOS METROS  CUADRADOS (2.900 Mtrs2)','ERWIN GENIE LORETO','','','','','2016-02-10 18:59:38','2016-02-10 23:17:56'),(68,'A-0018',40,60,230750.00,'Mensual','2010-01-01','2016-12-31',1,12,1,3,'AEROPUERTO INTERNACIONAL  MANUEL PIAR DE CIUDAD GUAYANA ( LOCAL PA-15)\r\nOFICINA','NUEVE METROS CON VEINTITRES CENTIMETROS CUADRADOS (9,23 Mtrs)','SIMEON RAFAEL GARCIA RODRIGUEZ','','','','','2016-02-10 19:15:32','2016-02-10 23:17:56'),(69,'A-0019',40,60,4147.02,'Mensual','2010-01-01','2016-12-31',1,12,1,3,'AEROPUERTO INTERNACIONAL  MANUEL PIAR DE CIUDAD GUAYANA ( LOCAL HO-02 )\r\nHANGAR','CUATROCIENTOS METROS CUADRADOS (400 Mtrs2)','SIMEON RAFAEL GARCIA RODRIGUEZ','','','','','2016-02-10 19:20:38','2016-02-10 23:17:56'),(70,'B-0004',48,60,6912.00,'Mensual','2016-01-01','2016-12-31',1,12,1,3,'AEROPUERTO INTERNACIONAL  MANUEL PIAR DE CIUDAD GUAYANA ( LOCAL PB-09 )','DIECISIETE METROS CON CUATRO CENTIMETROS CUADRADOS (17.4 Mtrs2)','','','','','','2016-02-10 19:32:22','2016-02-10 23:17:56'),(71,'C-0006',53,60,1220.00,'Mensual','2016-01-01','2016-12-01',1,12,1,3,'AEROPUERTO INTERNACIONAL  MANUEL PIAR DE CIUDAD GUAYANA ( LOCAL PB-57)','DOS METROS CUADRADOS (2.00 Mtrs2)','','','','','','2016-02-10 20:11:51','2016-02-10 23:17:56');
/*!40000 ALTER TABLE `contratos` ENABLE KEYS */;
UNLOCK TABLES;

--
-- Table structure for table `departamentos`
--

DROP TABLE IF EXISTS `departamentos`;
/*!40101 SET @saved_cs_client     = @@character_set_client */;
/*!40101 SET character_set_client = utf8 */;
CREATE TABLE `departamentos` (
  `id` int(10) unsigned NOT NULL AUTO_INCREMENT,
  `nombre` varchar(150) COLLATE utf8_unicode_ci NOT NULL,
  `created_at` timestamp NOT NULL DEFAULT '0000-00-00 00:00:00',
  `updated_at` timestamp NOT NULL DEFAULT '0000-00-00 00:00:00',
  PRIMARY KEY (`id`)
) ENGINE=InnoDB AUTO_INCREMENT=2 DEFAULT CHARSET=utf8 COLLATE=utf8_unicode_ci;
/*!40101 SET character_set_client = @saved_cs_client */;

--
-- Dumping data for table `departamentos`
--

LOCK TABLES `departamentos` WRITE;
/*!40000 ALTER TABLE `departamentos` DISABLE KEYS */;
INSERT INTO `departamentos` VALUES (1,'Departamento 1','0000-00-00 00:00:00','0000-00-00 00:00:00');
/*!40000 ALTER TABLE `departamentos` ENABLE KEYS */;
UNLOCK TABLES;

--
-- Table structure for table `despegue_otros_cargo`
--

DROP TABLE IF EXISTS `despegue_otros_cargo`;
/*!40101 SET @saved_cs_client     = @@character_set_client */;
/*!40101 SET character_set_client = utf8 */;
CREATE TABLE `despegue_otros_cargo` (
  `id` int(10) unsigned NOT NULL AUTO_INCREMENT,
  `despegue_id` int(10) unsigned NOT NULL,
  `otrosCargo_id` int(10) unsigned NOT NULL,
  `monto` double(8,2) NOT NULL,
  `created_at` timestamp NOT NULL DEFAULT '0000-00-00 00:00:00',
  `updated_at` timestamp NOT NULL DEFAULT '0000-00-00 00:00:00',
  PRIMARY KEY (`id`),
  KEY `despegue_otros_cargo_despegue_id_foreign` (`despegue_id`),
  KEY `despegue_otros_cargo_otroscargo_id_foreign` (`otrosCargo_id`),
  CONSTRAINT `despegue_otros_cargo_despegue_id_foreign` FOREIGN KEY (`despegue_id`) REFERENCES `despegues` (`id`),
  CONSTRAINT `despegue_otros_cargo_otroscargo_id_foreign` FOREIGN KEY (`otrosCargo_id`) REFERENCES `otros_cargos` (`id`)
) ENGINE=InnoDB DEFAULT CHARSET=utf8 COLLATE=utf8_unicode_ci;
/*!40101 SET character_set_client = @saved_cs_client */;

--
-- Dumping data for table `despegue_otros_cargo`
--

LOCK TABLES `despegue_otros_cargo` WRITE;
/*!40000 ALTER TABLE `despegue_otros_cargo` DISABLE KEYS */;
/*!40000 ALTER TABLE `despegue_otros_cargo` ENABLE KEYS */;
UNLOCK TABLES;

--
-- Table structure for table `despegues`
--

DROP TABLE IF EXISTS `despegues`;
/*!40101 SET @saved_cs_client     = @@character_set_client */;
/*!40101 SET character_set_client = utf8 */;
CREATE TABLE `despegues` (
  `id` int(10) unsigned NOT NULL AUTO_INCREMENT,
  `hora` time NOT NULL,
  `fecha` date NOT NULL,
  `num_vuelo` int(11) DEFAULT NULL,
  `aeronave_id` int(10) unsigned NOT NULL,
  `aeropuerto_id` int(10) unsigned DEFAULT NULL,
  `puerto_id` int(10) unsigned DEFAULT NULL,
  `piloto_id` int(10) unsigned DEFAULT NULL,
  `tipoMatricula_id` int(10) unsigned NOT NULL,
  `nacionalidadVuelo_id` int(10) unsigned DEFAULT NULL,
  `cliente_id` int(10) unsigned DEFAULT NULL,
  `embarqueAdultos` int(11) NOT NULL DEFAULT '0',
  `embarqueInfante` int(11) NOT NULL DEFAULT '0',
  `embarqueTercera` int(11) NOT NULL DEFAULT '0',
  `transitoAdultos` int(11) NOT NULL DEFAULT '0',
  `transitoInfante` int(11) NOT NULL DEFAULT '0',
  `transitoTercera` int(11) NOT NULL DEFAULT '0',
  `tiempo_estacionamiento` double(8,2) DEFAULT NULL,
  `numero_puenteAbordaje` int(11) DEFAULT NULL,
  `tiempo_puenteAbord` double(8,2) DEFAULT NULL,
  `peso_embarcado` double(8,2) DEFAULT NULL,
  `peso_desembarcado` double(8,2) DEFAULT NULL,
  `cobrar_estacionamiento` int(11) DEFAULT NULL,
  `cobrar_puenteAbordaje` int(11) DEFAULT NULL,
  `cobrar_Formulario` int(11) DEFAULT NULL,
  `cobrar_AterDesp` int(11) DEFAULT NULL,
  `cobrar_carga` int(11) DEFAULT NULL,
  `cobrar_habilitacion` int(11) DEFAULT NULL,
  `cobrar_otrosCargos` int(11) DEFAULT NULL,
  `otrosCargo_id` int(10) unsigned DEFAULT NULL,
  `aterrizaje_id` int(10) unsigned NOT NULL,
  `factura_id` int(10) unsigned DEFAULT NULL,
  `condicionPago` varchar(255) COLLATE utf8_unicode_ci DEFAULT NULL,
  `facturado` int(11) NOT NULL DEFAULT '0',
  `pagado` int(11) NOT NULL DEFAULT '0',
  `created_at` timestamp NOT NULL DEFAULT '0000-00-00 00:00:00',
  `updated_at` timestamp NOT NULL DEFAULT '0000-00-00 00:00:00',
  PRIMARY KEY (`id`),
  KEY `despegues_aeropuerto_id_foreign` (`aeropuerto_id`),
  KEY `despegues_puerto_id_foreign` (`puerto_id`),
  KEY `despegues_piloto_id_foreign` (`piloto_id`),
  KEY `despegues_tipomatricula_id_foreign` (`tipoMatricula_id`),
  KEY `despegues_nacionalidadvuelo_id_foreign` (`nacionalidadVuelo_id`),
  KEY `despegues_aeronave_id_foreign` (`aeronave_id`),
  KEY `despegues_cliente_id_foreign` (`cliente_id`),
  KEY `despegues_otroscargo_id_foreign` (`otrosCargo_id`),
  KEY `despegues_aterrizaje_id_foreign` (`aterrizaje_id`),
  KEY `despegues_factura_id_foreign` (`factura_id`),
  CONSTRAINT `despegues_aeronave_id_foreign` FOREIGN KEY (`aeronave_id`) REFERENCES `aeronaves` (`id`),
  CONSTRAINT `despegues_aeropuerto_id_foreign` FOREIGN KEY (`aeropuerto_id`) REFERENCES `aeropuertos` (`id`),
  CONSTRAINT `despegues_aterrizaje_id_foreign` FOREIGN KEY (`aterrizaje_id`) REFERENCES `aterrizajes` (`id`),
  CONSTRAINT `despegues_cliente_id_foreign` FOREIGN KEY (`cliente_id`) REFERENCES `clientes` (`id`),
  CONSTRAINT `despegues_factura_id_foreign` FOREIGN KEY (`factura_id`) REFERENCES `facturas` (`id`),
  CONSTRAINT `despegues_nacionalidadvuelo_id_foreign` FOREIGN KEY (`nacionalidadVuelo_id`) REFERENCES `nacionalidad_vuelos` (`id`),
  CONSTRAINT `despegues_otroscargo_id_foreign` FOREIGN KEY (`otrosCargo_id`) REFERENCES `otros_cargos` (`id`),
  CONSTRAINT `despegues_piloto_id_foreign` FOREIGN KEY (`piloto_id`) REFERENCES `pilotos` (`id`),
  CONSTRAINT `despegues_puerto_id_foreign` FOREIGN KEY (`puerto_id`) REFERENCES `puertos` (`id`),
  CONSTRAINT `despegues_tipomatricula_id_foreign` FOREIGN KEY (`tipoMatricula_id`) REFERENCES `tipo_matriculas` (`id`)
) ENGINE=InnoDB AUTO_INCREMENT=777 DEFAULT CHARSET=utf8 COLLATE=utf8_unicode_ci;
/*!40101 SET character_set_client = @saved_cs_client */;

--
-- Dumping data for table `despegues`
--

LOCK TABLES `despegues` WRITE;
/*!40000 ALTER TABLE `despegues` DISABLE KEYS */;
INSERT INTO `despegues` VALUES (1,'08:35:00','2016-01-01',0,24,1,7,6,2,NULL,125,0,0,0,0,0,0,1289.00,0,0.00,0.00,0.00,0,0,1,1,0,0,0,NULL,1,1,'Crédito',0,0,'2016-01-05 23:34:56','2016-01-05 23:35:15'),(2,'15:37:00','2016-01-01',2385,43,1,3,98,3,NULL,63,79,0,0,0,0,0,57.00,3,1.00,0.00,0.00,0,1,1,0,0,0,0,NULL,2,2,'Crédito',0,0,'2016-01-06 00:04:20','2016-01-06 00:06:47'),(3,'15:52:00','2016-01-01',2353,39,1,8,72,3,NULL,63,100,0,0,0,0,0,69.00,2,1.00,0.00,0.00,0,1,1,0,0,0,0,NULL,3,3,'Crédito',0,0,'2016-01-06 00:13:24','2016-01-06 00:14:28'),(4,'16:33:00','2016-01-01',971,15,1,4,24,3,1,40,80,0,0,0,0,0,48.00,2,1.00,0.00,0.00,1,1,1,1,0,0,0,NULL,4,57,'Crédito',0,0,'2016-01-06 00:34:21','2016-01-06 22:56:50'),(5,'16:44:00','2016-01-01',746,14,1,3,39,3,NULL,40,80,0,0,0,0,0,49.00,3,1.00,0.00,0.00,1,1,1,1,0,0,0,NULL,5,4,'Crédito',0,0,'2016-01-06 00:44:17','2016-01-06 00:46:45'),(6,'09:54:00','2015-12-29',0,27,1,9,6,2,NULL,139,19,0,0,0,0,0,1341.00,0,0.00,0.00,0.00,0,0,1,1,0,0,0,NULL,6,5,'Crédito',0,0,'2016-01-06 01:14:53','2016-01-06 01:15:20'),(7,'10:00:00','2015-12-29',0,28,1,9,7,2,NULL,139,19,0,0,0,0,0,1340.00,0,0.00,0.00,0.00,0,0,1,1,0,0,0,NULL,7,6,'Crédito',0,0,'2016-01-06 01:17:50','2016-01-06 01:18:09'),(8,'13:37:00','2015-12-29',0,21,1,9,NULL,2,NULL,139,7,0,0,0,0,0,1555.00,0,0.00,0.00,0.00,0,0,1,1,0,0,0,NULL,8,7,'Crédito',0,0,'2016-01-06 03:51:36','2016-01-06 03:52:07'),(9,'09:05:00','2015-12-30',0,28,1,9,NULL,2,NULL,139,19,0,0,0,0,0,1245.00,0,0.00,0.00,0.00,0,0,1,1,0,0,0,NULL,9,8,'Crédito',0,0,'2016-01-06 03:54:02','2016-01-06 03:55:24'),(10,'18:58:18','2016-01-05',0,27,1,9,NULL,2,NULL,139,19,0,0,0,0,0,10501.00,0,0.00,0.00,0.00,0,0,1,1,0,0,0,NULL,10,9,'Crédito',0,0,'2016-01-06 03:58:49','2016-01-06 03:59:08'),(11,'19:00:36','2016-01-05',0,21,1,9,NULL,2,NULL,139,13,0,0,0,0,0,10395.00,0,0.00,0.00,0.00,0,0,1,1,0,0,0,NULL,11,10,'Crédito',0,0,'2016-01-06 04:00:58','2016-01-06 04:01:11'),(12,'09:12:00','2015-12-31',0,27,1,9,6,2,NULL,139,19,0,0,0,0,0,40182.00,0,0.00,0.00,0.00,0,0,1,1,1,0,0,NULL,12,11,'Crédito',0,0,'2016-01-06 04:03:04','2016-01-06 04:03:20'),(13,'09:00:00','2015-12-31',0,21,1,9,NULL,2,NULL,139,19,0,0,0,0,0,40132.00,0,0.00,0.00,0.00,0,0,1,1,0,0,0,NULL,13,12,'Crédito',0,0,'2016-01-06 04:06:54','2016-01-06 04:07:14'),(14,'11:00:00','2015-12-31',0,28,1,9,6,2,NULL,139,0,0,0,0,0,0,40292.00,0,0.00,0.00,0.00,0,0,1,1,0,0,0,NULL,14,13,'Crédito',0,0,'2016-01-06 04:09:23','2016-01-06 04:09:41'),(15,'19:05:00','2016-01-01',315,4,1,8,12,3,NULL,124,68,0,0,0,0,0,40.00,3,1.00,0.00,0.00,1,1,1,1,0,0,0,NULL,15,90,'Crédito',0,0,'2016-01-06 04:13:34','2016-01-07 19:42:15'),(16,'10:00:00','2016-01-02',0,53,1,7,142,1,NULL,101,0,0,0,0,0,0,42961.00,0,0.00,0.00,0.00,0,0,1,1,0,0,0,NULL,17,91,'Contado',0,0,'2016-01-08 02:05:50','2016-01-08 02:07:48'),(17,'20:50:00','2016-01-01',351,54,1,3,109,3,NULL,13,80,0,0,0,0,0,18.00,3,1.00,0.00,0.00,1,1,1,1,0,0,0,NULL,18,92,'Crédito',0,0,'2016-01-08 02:36:38','2016-01-08 02:45:53'),(18,'09:30:00','2016-01-02',0,55,1,9,143,1,NULL,54,5,0,0,0,0,0,42990.00,0,0.00,0.00,0.00,0,0,1,1,0,0,0,NULL,19,93,'Contado',0,0,'2016-01-08 03:03:13','2016-01-08 03:04:55'),(19,'10:00:00','2016-01-02',0,56,1,10,144,1,NULL,150,4,0,0,0,0,0,6608.00,0,0.00,0.00,0.00,0,0,1,1,0,0,0,NULL,20,94,'Contado',0,0,'2016-01-08 03:20:28','2016-01-08 03:24:22'),(20,'09:18:00','2016-01-02',0,21,1,9,136,2,NULL,139,19,0,0,0,0,0,2756.00,0,0.00,0.00,0.00,0,0,1,1,0,0,0,NULL,21,95,'Crédito',0,0,'2016-01-08 07:37:05','2016-01-08 07:41:36'),(21,'09:26:00','2016-01-02',0,27,1,9,139,2,NULL,139,19,0,0,0,0,0,2729.00,0,0.00,0.00,0.00,0,0,1,1,0,0,0,NULL,22,96,'Crédito',0,0,'2016-01-08 07:43:37','2016-01-08 07:44:14'),(22,'09:13:00','2016-01-02',0,26,1,9,138,2,NULL,139,19,0,0,0,0,0,5593.00,0,0.00,0.00,0.00,0,0,1,1,0,0,0,NULL,23,97,'Crédito',0,0,'2016-01-08 07:45:58','2016-01-08 07:46:28'),(23,'10:14:00','2016-01-02',0,28,1,9,145,2,NULL,139,14,0,0,0,0,0,33.00,0,0.00,0.00,0.00,0,0,1,1,0,0,0,NULL,24,98,'Crédito',0,0,'2016-01-08 07:49:54','2016-01-08 07:50:31'),(24,'07:43:00','2016-01-02',0,57,1,11,146,2,NULL,139,0,0,0,0,0,0,1233.00,0,0.00,0.00,0.00,1,0,1,1,0,0,0,NULL,25,99,'Crédito',0,0,'2016-01-08 07:58:42','2016-01-08 07:59:24'),(25,'14:37:00','2015-12-28',0,57,1,11,146,2,NULL,139,0,0,0,0,0,0,63.00,0,0.00,0.00,0.00,1,0,1,1,0,0,0,NULL,26,100,'Crédito',0,0,'2016-01-08 08:00:54','2016-01-08 08:01:31'),(26,'11:27:00','2015-12-30',0,58,1,9,145,2,NULL,139,0,0,0,0,0,0,1112.00,0,0.00,0.00,0.00,1,0,1,1,0,0,0,NULL,27,101,'Contado',0,0,'2016-01-08 08:05:22','2016-01-08 20:05:22'),(27,'12:30:00','2016-01-02',0,59,1,8,7,1,NULL,106,0,0,0,0,0,0,42780.00,0,0.00,0.00,0.00,0,0,1,1,0,0,0,NULL,28,102,'Contado',0,0,'2016-01-09 01:35:26','2016-01-09 01:37:12'),(28,'13:40:00','2016-01-02',0,60,1,7,44,1,NULL,128,0,0,0,8,0,0,11563.00,0,0.00,0.00,0.00,0,0,1,1,0,0,0,NULL,29,137,'Contado',0,0,'2016-01-09 01:44:55','2016-01-11 02:38:49'),(30,'05:50:00','2016-01-02',740,16,1,3,9,3,NULL,40,122,0,0,0,0,0,565.00,2,3.00,0.00,0.00,1,1,1,1,0,0,0,NULL,31,103,'Crédito',0,0,'2016-01-09 02:11:23','2016-01-09 02:11:57'),(31,'10:00:00','2016-01-02',970,15,1,8,147,3,NULL,40,124,0,0,0,0,0,44.00,2,1.00,0.00,0.00,1,1,1,1,0,0,0,NULL,32,104,'Crédito',0,0,'2016-01-09 02:15:32','2016-01-09 02:16:13'),(32,'00:06:40','2016-01-02',307,4,1,3,12,3,NULL,124,108,0,0,0,0,0,575.00,2,5.00,0.00,0.00,1,1,1,1,0,0,0,NULL,33,105,'Crédito',0,0,'2016-01-09 02:20:18','2016-01-09 02:20:46'),(33,'09:49:00','2016-01-02',310,2,1,3,12,3,NULL,124,119,0,0,0,0,0,44.00,3,1.00,0.00,0.00,1,1,1,1,0,0,0,NULL,34,106,'Crédito',0,0,'2016-01-09 02:23:34','2016-01-09 02:25:33'),(34,'18:00:00','2016-01-02',0,62,1,8,9,1,NULL,154,8,0,0,0,0,0,45.00,0,0.00,0.00,0.00,1,0,1,1,0,0,0,NULL,35,107,'Contado',0,0,'2016-01-09 02:31:16','2016-01-09 02:31:39'),(35,'16:10:00','2016-01-02',971,15,1,4,41,3,NULL,40,140,0,0,0,0,0,40.00,2,1.00,0.00,0.00,1,1,1,1,0,0,0,NULL,36,108,'Crédito',0,0,'2016-01-09 02:34:04','2016-01-09 02:34:18'),(36,'17:30:00','2016-01-02',746,14,1,3,18,3,NULL,40,133,0,0,0,0,0,36.00,2,1.00,0.00,0.00,1,1,1,1,0,0,0,NULL,37,109,'Crédito',0,0,'2016-01-09 02:38:27','2016-01-09 02:39:03'),(37,'18:30:00','2016-01-02',0,63,1,5,148,1,NULL,155,0,0,0,0,0,0,40.00,0,0.00,0.00,0.00,1,0,1,1,0,0,0,NULL,38,136,'Contado',0,0,'2016-01-09 02:45:00','2016-01-11 02:27:26'),(38,'09:00:00','2016-01-03',0,59,1,13,149,1,NULL,106,0,0,0,0,0,0,1133.00,0,0.00,0.00,0.00,0,0,1,1,0,0,0,NULL,39,110,'Contado',0,0,'2016-01-09 02:57:10','2016-01-09 02:59:19'),(39,'09:00:00','2016-01-03',0,64,1,9,150,1,NULL,156,5,0,0,0,0,0,60.00,0,0.00,0.00,0.00,1,0,1,1,0,0,0,NULL,40,111,'Contado',0,0,'2016-01-09 03:48:35','2016-01-09 03:49:04'),(40,'09:00:00','2016-01-03',0,65,1,11,151,1,NULL,157,2,0,0,0,0,0,60.00,0,0.00,0.00,0.00,1,0,1,1,0,0,0,NULL,41,112,'Contado',0,0,'2016-01-09 04:41:00','2016-01-09 04:41:29'),(41,'09:30:00','2016-01-03',0,66,1,5,152,1,NULL,158,5,0,0,0,0,0,60.00,0,0.00,0.00,0.00,1,0,1,1,0,0,0,NULL,42,113,'Contado',0,0,'2016-01-09 04:57:23','2016-01-09 04:57:42'),(42,'09:30:00','2016-01-03',0,53,1,7,96,1,NULL,101,3,0,0,0,0,0,1020.00,0,0.00,0.00,0.00,0,0,1,1,0,0,0,NULL,43,138,'Contado',0,0,'2016-01-09 05:22:07','2016-01-11 02:44:16'),(43,'15:40:00','2016-01-02',2385,40,1,3,93,3,NULL,63,90,0,0,0,0,0,64.00,3,1.00,0.00,0.00,0,1,1,0,0,0,0,NULL,44,124,'Crédito',0,0,'2016-01-09 05:34:50','2016-01-11 00:45:00'),(44,'17:29:00','2016-01-02',2353,43,1,8,98,3,NULL,63,102,0,0,0,0,0,43.00,3,1.00,0.00,0.00,0,1,1,0,0,0,0,NULL,45,122,'Crédito',0,0,'2016-01-09 05:39:48','2016-01-11 00:41:57'),(45,'10:15:00','2016-01-03',0,67,1,23,156,1,NULL,148,8,0,0,0,0,0,15795.00,0,0.00,0.00,0.00,1,0,1,1,0,0,0,NULL,46,114,'Contado',0,0,'2016-01-10 20:05:20','2016-01-10 20:08:44'),(46,'10:30:00','2016-01-03',0,68,1,9,157,1,NULL,156,5,0,0,0,0,0,40.00,0,0.00,0.00,0.00,1,0,1,1,0,0,0,NULL,47,115,'Contado',0,0,'2016-01-10 20:25:45','2016-01-10 20:26:06'),(47,'10:45:00','2016-01-03',0,69,1,9,158,1,NULL,156,5,0,0,0,0,0,40.00,0,0.00,0.00,0.00,1,0,1,1,0,0,0,NULL,48,116,'Contado',0,0,'2016-01-10 20:29:43','2016-01-10 20:30:04'),(48,'11:20:00','2016-01-03',0,70,1,8,159,1,NULL,58,0,0,0,0,0,0,4010.00,0,0.00,0.00,0.00,1,0,1,1,0,0,0,NULL,49,117,'Contado',0,0,'2016-01-10 20:35:35','2016-01-10 20:37:20'),(49,'05:56:00','2016-01-03',307,2,1,3,12,3,NULL,124,116,0,0,0,0,0,706.00,3,2.00,0.00,0.00,1,1,1,1,0,0,0,NULL,50,140,'Crédito',0,0,'2016-01-10 20:39:22','2016-01-11 18:11:32'),(50,'09:37:00','2016-01-03',310,4,1,3,12,3,NULL,124,109,0,0,0,0,0,39.00,3,1.00,0.00,0.00,1,1,1,1,0,0,0,NULL,51,118,'Crédito',0,0,'2016-01-10 20:46:03','2016-01-10 20:46:40'),(51,'06:37:00','2016-01-03',742,11,1,3,38,3,NULL,40,156,0,0,0,0,0,617.00,2,2.00,0.00,0.00,1,1,1,1,0,0,0,NULL,52,119,'Crédito',0,0,'2016-01-10 20:49:02','2016-01-10 20:49:39'),(52,'09:34:00','2016-01-03',9701,15,1,8,6,3,NULL,40,134,0,0,0,0,0,42.00,2,1.00,0.00,0.00,1,1,1,1,0,0,0,NULL,53,120,'Crédito',0,0,'2016-01-10 20:56:06','2016-01-10 20:56:27'),(53,'11:26:00','2016-01-03',2970,71,1,9,160,2,NULL,63,10,0,0,0,0,0,53.00,0,0.00,0.00,0.00,0,0,1,0,0,0,0,NULL,54,123,'Crédito',0,0,'2016-01-10 21:01:23','2016-01-11 00:42:56'),(54,'15:43:00','2016-01-03',2385,43,1,3,85,3,NULL,63,103,0,0,0,0,0,64.00,3,1.00,0.00,0.00,0,1,1,0,0,0,0,NULL,55,121,'Crédito',0,0,'2016-01-10 21:03:39','2016-01-11 00:40:14'),(55,'00:00:00','2016-01-03',2353,44,1,8,67,3,NULL,63,93,0,0,0,0,0,56.00,2,1.00,0.00,0.00,0,1,1,0,0,0,0,NULL,56,125,'Crédito',0,0,'2016-01-11 00:48:56','2016-01-11 00:50:35'),(56,'16:41:00','2016-01-03',971,15,1,4,161,3,NULL,40,136,0,0,0,0,0,41.00,3,1.00,0.00,0.00,1,1,1,1,0,0,0,NULL,57,126,'Crédito',0,0,'2016-01-11 00:53:39','2016-01-11 00:54:32'),(57,'17:30:00','2016-01-03',746,11,1,3,162,3,NULL,40,158,0,0,0,0,0,46.00,2,1.00,0.00,0.00,1,1,1,1,0,0,0,NULL,58,127,'Crédito',0,0,'2016-01-11 00:57:54','2016-01-11 00:58:18'),(58,'05:30:00','2016-01-04',0,72,1,65,163,1,NULL,15,0,0,0,0,0,0,360.00,0,0.00,0.00,0.00,1,0,1,1,0,0,0,NULL,59,139,'Contado',0,0,'2016-01-11 01:18:54','2016-01-11 18:09:49'),(59,'05:50:00','2016-01-04',802,73,1,4,164,2,NULL,45,104,0,0,0,0,0,505.00,0,0.00,0.00,0.00,1,0,1,1,0,0,0,NULL,61,128,'Crédito',0,0,'2016-01-11 01:31:29','2016-01-11 01:31:58'),(60,'07:40:00','2016-01-02',345,6,1,3,165,3,NULL,13,143,0,0,0,0,0,45.00,1,1.00,0.00,0.00,1,1,1,1,0,0,0,NULL,62,129,'Crédito',0,0,'2016-01-11 01:36:55','2016-01-11 01:38:14'),(61,'20:40:00','2016-01-03',351,5,1,3,110,3,NULL,13,119,0,0,0,0,0,35.00,2,1.00,0.00,0.00,1,1,1,1,0,0,0,NULL,63,130,'Crédito',0,0,'2016-01-11 01:40:51','2016-01-11 01:41:18'),(62,'07:50:00','2016-01-04',0,53,1,7,153,1,NULL,101,0,0,0,0,0,0,1238.00,0,0.00,0.00,0.00,0,0,1,1,0,0,0,NULL,64,131,'Contado',0,0,'2016-01-11 01:42:43','2016-01-11 01:43:16'),(63,'09:00:00','2016-01-04',0,74,1,9,166,1,NULL,54,5,0,0,0,0,0,2632.00,0,0.00,0.00,0.00,0,0,1,1,0,0,0,NULL,65,132,'Contado',0,0,'2016-01-11 01:48:15','2016-01-11 01:48:39'),(64,'09:30:00','2016-01-04',0,75,1,18,167,1,NULL,159,5,0,0,0,0,0,1089.00,0,0.00,0.00,0.00,1,0,1,1,0,0,0,NULL,66,133,'Contado',0,0,'2016-01-11 01:55:00','2016-01-11 01:57:45'),(65,'10:45:00','2016-01-04',0,76,1,3,168,1,NULL,160,1,0,0,0,0,0,50.00,0,0.00,0.00,0.00,1,0,1,1,0,0,0,NULL,67,134,'Contado',0,0,'2016-01-11 02:04:21','2016-01-11 02:04:58'),(66,'12:00:00','2016-01-04',0,77,1,8,144,1,NULL,74,2,0,0,0,0,0,45816.00,0,0.00,0.00,0.00,0,0,1,1,0,0,0,NULL,68,135,'Contado',0,0,'2016-01-11 02:22:36','2016-01-11 02:24:37'),(67,'14:30:00','2016-01-02',0,61,1,8,8,1,NULL,153,0,0,0,0,0,0,17250.00,0,0.00,0.00,0.00,1,0,1,1,0,0,0,NULL,30,141,'Contado',0,0,'2016-01-11 18:15:16','2016-01-11 18:24:42'),(68,'11:30:00','2016-01-04',0,78,1,5,169,1,NULL,161,0,0,0,0,0,0,36.00,0,0.00,0.00,0.00,1,0,1,1,0,0,0,NULL,69,143,'Contado',0,0,'2016-01-14 00:49:03','2016-01-14 00:51:20'),(69,'09:42:00','2016-01-04',970,15,1,8,39,3,NULL,40,139,0,0,0,0,0,42.00,3,1.00,0.00,0.00,1,1,1,1,0,0,0,NULL,70,144,'Crédito',0,0,'2016-01-14 01:01:49','2016-01-14 01:02:49'),(71,'18:30:00','2016-01-03',315,2,1,8,7,3,NULL,124,118,0,0,0,0,0,32.00,3,1.00,0.00,0.00,1,1,1,1,0,0,0,NULL,71,145,'Crédito',0,0,'2016-01-14 01:26:57','2016-01-14 01:37:04'),(72,'05:50:00','2016-01-04',307,2,1,3,7,3,NULL,124,119,0,0,0,0,0,544.00,2,3.00,0.00,0.00,1,1,1,1,0,0,0,NULL,72,146,'Crédito',0,0,'2016-01-14 01:45:39','2016-01-14 01:46:20'),(73,'09:30:00','2016-01-04',310,2,1,3,7,3,NULL,124,113,0,0,0,0,0,38.00,2,1.00,0.00,0.00,1,1,1,1,0,0,0,NULL,73,147,'Crédito',0,0,'2016-01-14 01:49:32','2016-01-14 01:50:11'),(74,'14:30:00','2016-01-04',0,79,1,26,171,1,NULL,162,5,0,0,0,0,0,72.00,0,0.00,0.00,0.00,1,0,1,1,0,0,0,NULL,74,148,'Contado',0,0,'2016-01-14 02:21:32','2016-01-14 02:22:20'),(75,'09:50:00','2016-01-03',0,26,1,9,138,2,NULL,139,19,0,0,0,0,0,1341.00,0,0.00,0.00,0.00,0,0,1,1,0,0,0,NULL,75,149,'Crédito',0,0,'2016-01-14 03:03:47','2016-01-14 03:04:22'),(76,'09:02:00','2016-01-03',0,21,1,9,136,2,NULL,139,19,0,0,0,0,0,1247.00,0,0.00,0.00,0.00,0,0,1,1,0,0,0,NULL,76,150,'Crédito',0,0,'2016-01-14 03:07:07','2016-01-14 03:07:46'),(77,'09:30:00','2016-01-03',0,27,1,9,135,2,NULL,139,19,0,0,0,0,0,1330.00,0,0.00,0.00,0.00,0,0,1,1,0,0,0,NULL,77,151,'Crédito',0,0,'2016-01-14 03:11:13','2016-01-14 03:11:39'),(78,'08:42:00','2016-01-04',0,27,1,9,135,2,NULL,139,8,0,0,0,0,0,1195.00,0,0.00,0.00,0.00,0,0,1,1,0,0,0,NULL,78,152,'Crédito',0,0,'2016-01-14 03:12:48','2016-01-14 03:13:10'),(79,'09:10:00','2016-01-04',0,21,1,9,140,2,NULL,139,18,0,0,0,0,0,1273.00,0,0.00,0.00,0.00,0,0,1,1,0,0,0,NULL,79,153,'Crédito',0,0,'2016-01-14 03:15:48','2016-01-14 03:16:17'),(80,'08:56:00','2016-01-04',0,26,1,9,138,2,NULL,139,19,0,0,0,0,0,1207.00,0,0.00,0.00,0.00,0,0,1,1,0,0,0,NULL,80,154,'Crédito',0,0,'2016-01-14 03:17:21','2016-01-14 03:17:45'),(81,'15:56:00','2016-01-04',2385,49,1,3,172,3,NULL,63,94,0,0,0,0,0,78.00,2,1.00,0.00,0.00,0,1,1,0,0,0,0,NULL,81,155,'Crédito',0,0,'2016-01-14 03:20:38','2016-01-14 03:22:26'),(82,'15:47:00','2016-01-04',2353,50,1,8,63,3,NULL,63,99,0,0,0,0,0,46.00,3,1.00,0.00,0.00,0,1,1,0,0,0,0,NULL,82,156,'Crédito',0,0,'2016-01-14 03:26:16','2016-01-14 03:27:31'),(83,'16:35:00','2016-01-04',971,14,1,4,6,3,NULL,40,129,0,0,0,0,0,51.00,3,1.00,0.00,0.00,1,1,1,1,0,0,0,NULL,83,157,'Crédito',0,0,'2016-01-14 03:29:36','2016-01-14 03:29:59'),(84,'06:32:00','2016-01-04',0,24,1,7,134,2,NULL,125,0,0,0,0,0,0,1199.00,0,0.00,0.00,0.00,0,0,1,1,0,0,0,NULL,84,158,'Crédito',0,0,'2016-01-14 03:31:51','2016-01-14 03:32:22'),(85,'07:24:00','2016-01-04',345,54,1,3,173,3,NULL,13,157,0,0,0,0,0,35.00,2,1.00,0.00,0.00,1,1,1,1,0,0,0,NULL,85,159,'Crédito',0,0,'2016-01-14 03:35:26','2016-01-14 03:36:15'),(86,'07:00:00','2016-01-05',0,56,1,5,144,1,NULL,150,2,0,0,0,0,0,3941.00,0,0.00,0.00,0.00,0,0,1,1,0,0,0,NULL,86,160,'Contado',0,0,'2016-01-14 03:38:16','2016-01-14 03:38:41'),(87,'06:51:00','2016-01-05',0,24,1,7,134,2,NULL,125,1,0,0,0,0,0,1221.00,0,0.00,0.00,0.00,0,0,1,1,0,0,0,NULL,87,161,'Crédito',0,0,'2016-01-14 03:40:14','2016-01-14 03:40:51'),(88,'22:11:00','2016-01-04',351,5,1,3,109,3,NULL,13,120,0,0,0,0,0,67.00,0,0.00,0.00,0.00,1,0,1,1,0,0,0,NULL,88,162,'Crédito',0,0,'2016-01-14 03:42:54','2016-01-14 03:43:24'),(89,'09:30:00','2016-01-05',0,80,1,9,174,1,NULL,163,19,0,0,0,0,0,1410.00,0,0.00,0.00,0.00,1,0,1,1,0,0,0,NULL,89,163,'Contado',0,0,'2016-01-14 03:50:18','2016-01-14 03:50:44'),(90,'05:55:00','2016-01-05',802,73,1,4,175,2,NULL,45,0,0,0,0,0,0,505.00,0,0.00,0.00,0.00,1,0,1,1,0,0,0,NULL,90,164,'Crédito',0,0,'2016-01-14 03:54:03','2016-01-14 03:54:34'),(93,'08:30:00','2016-01-05',0,53,1,7,141,1,NULL,101,1,0,0,0,0,0,1290.00,0,0.00,0.00,0.00,0,0,1,1,0,0,0,NULL,92,166,'Contado',0,0,'2016-01-14 04:09:51','2016-01-14 04:10:13'),(94,'09:30:00','2016-01-05',0,55,1,9,143,1,NULL,54,4,0,0,0,0,0,73.00,0,0.00,0.00,0.00,0,0,1,1,0,0,0,NULL,93,167,'Contado',0,0,'2016-01-14 17:47:35','2016-01-14 17:49:34'),(95,'09:00:00','2016-01-05',0,81,1,16,176,1,NULL,164,4,0,0,0,0,0,50.00,0,0.00,0.00,0.00,1,0,1,1,0,0,0,NULL,94,168,'Contado',0,0,'2016-01-14 17:57:10','2016-01-14 17:57:40'),(96,'10:00:00','2016-01-05',0,82,1,9,177,1,NULL,54,4,0,0,0,0,0,4134.00,0,0.00,0.00,0.00,0,0,1,1,0,0,0,NULL,95,169,'Contado',0,0,'2016-01-14 18:02:46','2016-01-14 18:03:12'),(97,'10:15:00','2016-01-05',0,83,1,9,178,1,NULL,165,0,0,0,0,0,0,985.00,0,0.00,0.00,0.00,1,0,1,1,0,0,0,NULL,96,170,'Contado',0,0,'2016-01-14 18:12:44','2016-01-14 18:13:26'),(98,'11:30:00','2016-01-05',0,84,1,3,179,1,NULL,166,7,0,0,0,0,0,142.00,0,0.00,0.00,0.00,1,0,1,1,0,0,0,NULL,97,171,'Contado',0,0,'2016-01-14 18:21:34','2016-01-14 18:22:30'),(99,'15:00:00','2016-01-05',0,85,1,5,180,1,NULL,80,1,0,0,0,0,0,290.00,0,0.00,0.00,0.00,1,0,1,1,0,0,0,NULL,98,172,'Contado',0,0,'2016-01-14 18:28:00','2016-01-14 18:28:29'),(100,'11:40:00','2016-01-05',0,86,1,23,181,1,NULL,22,0,0,0,0,0,0,165.00,0,0.00,0.00,0.00,0,0,1,1,0,0,0,NULL,99,173,'Contado',0,0,'2016-01-14 18:36:03','2016-01-14 18:36:36'),(101,'13:00:00','2016-01-05',0,87,1,3,182,1,NULL,167,2,0,0,0,0,0,154.00,0,0.00,0.00,0.00,1,0,1,1,0,0,0,NULL,100,174,'Contado',0,0,'2016-01-14 18:42:41','2016-01-14 18:43:17'),(102,'12:00:00','2016-01-05',0,88,1,5,183,1,NULL,121,0,0,0,0,0,0,55.00,0,0.00,0.00,0.00,1,0,1,1,0,0,0,NULL,101,175,'Contado',0,0,'2016-01-14 18:52:55','2016-01-14 18:53:27'),(103,'12:10:00','2016-01-05',0,89,1,5,184,1,NULL,121,0,0,0,0,0,0,31.00,0,0.00,0.00,0.00,1,0,1,1,0,0,0,NULL,102,176,'Contado',0,0,'2016-01-14 18:57:11','2016-01-14 18:57:35'),(104,'09:00:00','2016-01-05',0,21,1,9,140,2,NULL,139,17,0,0,0,0,0,1232.00,0,0.00,0.00,0.00,0,0,1,1,0,0,0,NULL,103,177,'Crédito',0,0,'2016-01-14 18:59:32','2016-01-14 19:00:21'),(105,'09:14:00','2016-01-05',0,26,1,9,136,2,NULL,139,18,0,0,0,0,0,1266.00,0,0.00,0.00,0.00,0,0,1,1,0,0,0,NULL,104,178,'Crédito',0,0,'2016-01-14 19:03:00','2016-01-14 19:03:30'),(106,'09:30:00','2016-01-05',0,27,1,9,135,2,NULL,139,6,0,0,0,0,0,1325.00,0,0.00,0.00,0.00,0,0,1,1,0,0,0,NULL,105,179,'Crédito',0,0,'2016-01-14 19:05:43','2016-01-14 19:06:28'),(107,'05:48:00','2016-01-05',740,16,1,3,24,3,NULL,40,139,0,0,0,0,0,538.00,3,3.00,0.00,0.00,1,1,1,1,0,0,0,NULL,106,180,'Crédito',0,0,'2016-01-14 19:09:03','2016-01-14 19:09:43'),(108,'09:55:00','2016-01-05',970,14,1,8,185,3,NULL,40,130,0,0,0,0,0,33.00,3,1.00,0.00,0.00,1,1,1,1,0,0,0,NULL,107,181,'Crédito',0,0,'2016-01-14 19:13:13','2016-01-14 19:13:59'),(109,'14:45:00','2016-01-05',0,90,1,28,186,1,NULL,168,6,0,0,0,0,0,75.00,0,0.00,0.00,0.00,1,0,1,1,0,0,0,NULL,108,182,'Contado',0,0,'2016-01-14 19:22:24','2016-01-14 19:22:47'),(110,'14:30:00','2016-01-05',0,91,1,11,137,2,NULL,139,0,0,0,0,0,0,30.00,0,0.00,0.00,0.00,0,0,1,1,0,0,0,NULL,109,183,'Crédito',0,0,'2016-01-14 19:27:25','2016-01-14 19:27:58'),(111,'15:00:00','2016-01-05',0,64,1,11,150,1,NULL,156,0,0,0,0,0,0,30.00,0,0.00,0.00,0.00,1,0,1,1,0,0,0,NULL,110,184,'Contado',0,0,'2016-01-14 19:30:12','2016-01-14 19:31:51'),(112,'15:00:00','2016-01-05',0,92,1,11,187,1,NULL,156,0,0,0,0,0,0,28.00,0,0.00,0.00,0.00,1,0,1,1,0,0,0,NULL,111,185,'Contado',0,0,'2016-01-14 19:37:04','2016-01-14 19:37:27'),(113,'15:30:00','2016-01-05',0,62,1,5,154,1,NULL,154,1,0,0,0,0,0,315.00,0,0.00,0.00,0.00,1,0,1,1,0,0,0,NULL,112,186,'Contado',0,0,'2016-01-14 19:39:42','2016-01-14 19:40:06'),(114,'15:50:00','2016-01-05',2385,49,1,3,188,3,NULL,63,97,0,0,0,0,0,73.00,2,2.00,0.00,0.00,0,1,1,0,0,0,0,NULL,113,187,'Crédito',0,0,'2016-01-14 19:44:12','2016-01-14 19:47:02'),(115,'15:44:00','2016-01-05',2353,45,1,8,133,3,NULL,63,97,0,0,0,0,0,48.00,3,1.00,0.00,0.00,0,1,1,0,0,0,0,NULL,114,188,'Crédito',0,0,'2016-01-14 19:49:34','2016-01-14 19:50:10'),(116,'16:57:00','2016-01-04',313,4,1,3,11,3,NULL,124,112,0,0,0,0,0,41.00,2,1.00,0.00,0.00,1,1,1,1,0,0,0,NULL,115,189,'Crédito',0,0,'2016-01-14 19:51:56','2016-01-14 19:52:30'),(117,'05:55:00','2016-01-05',307,4,1,3,11,3,NULL,124,117,0,0,0,0,0,592.00,2,3.00,0.00,0.00,1,1,1,1,0,0,0,NULL,116,190,'Crédito',0,0,'2016-01-14 19:54:35','2016-01-14 19:55:14'),(118,'09:45:00','2016-01-05',310,4,1,3,12,3,NULL,124,120,0,0,0,0,0,48.00,2,1.00,0.00,0.00,1,1,1,1,0,0,0,NULL,117,191,'Crédito',0,0,'2016-01-14 20:03:05','2016-01-14 20:03:46'),(119,'09:30:00','2016-01-05',0,93,1,3,189,1,NULL,12,0,0,0,0,0,0,25.00,0,0.00,0.00,0.00,1,0,1,1,0,0,0,NULL,118,192,'Contado',0,0,'2016-01-14 20:08:13','2016-01-14 20:08:33'),(120,'16:25:00','2016-01-05',971,16,1,4,161,3,NULL,40,107,0,0,0,0,0,53.00,0,0.00,0.00,0.00,1,0,1,1,0,0,0,NULL,119,193,'Crédito',0,0,'2016-01-14 20:10:05','2016-01-14 20:10:32'),(121,'18:04:00','2016-01-05',746,11,1,3,49,3,NULL,40,163,0,0,0,0,0,64.00,2,1.00,0.00,0.00,1,1,1,1,0,0,0,NULL,120,194,'Crédito',0,0,'2016-01-14 20:12:13','2016-01-14 20:13:07'),(122,'08:00:00','2016-01-06',0,67,1,23,156,1,NULL,148,0,0,0,0,0,0,1185.00,0,0.00,0.00,0.00,1,0,1,1,0,0,0,NULL,121,195,'Contado',0,0,'2016-01-14 20:14:56','2016-01-14 20:16:32'),(123,'08:30:00','2016-01-06',0,56,1,5,144,1,NULL,150,3,0,0,0,0,0,947.00,0,0.00,0.00,0.00,1,0,1,1,0,0,0,NULL,122,196,'Contado',0,0,'2016-01-14 20:18:28','2016-01-14 20:18:50'),(124,'08:30:00','2016-01-06',0,75,1,21,167,1,NULL,159,4,0,0,0,0,0,990.00,0,0.00,0.00,0.00,1,0,1,1,0,0,0,NULL,123,197,'Contado',0,0,'2016-01-14 20:22:00','2016-01-14 20:22:19'),(125,'08:45:00','2016-01-06',0,94,1,18,190,1,NULL,168,0,0,0,0,0,0,11145.00,0,0.00,0.00,0.00,1,0,1,1,0,0,0,NULL,124,198,'Contado',0,0,'2016-01-14 20:27:28','2016-01-14 20:27:46'),(127,'15:00:00','2016-01-06',0,25,1,5,191,1,NULL,24,2,0,0,0,0,0,415.00,0,0.00,0.00,0.00,1,0,1,1,0,0,0,NULL,125,199,'Contado',0,0,'2016-01-14 20:36:16','2016-01-14 20:36:33'),(128,'08:30:00','2016-01-06',0,86,1,3,181,1,NULL,22,0,0,0,0,0,0,540.00,0,0.00,0.00,0.00,0,0,1,1,0,0,0,NULL,126,200,'Contado',0,0,'2016-01-14 20:43:29','2016-01-14 20:43:53'),(129,'12:00:00','2016-01-06',0,59,1,56,149,1,NULL,106,7,0,0,0,0,0,4170.00,0,0.00,0.00,0.00,0,0,1,1,0,0,0,NULL,127,201,'Contado',0,0,'2016-01-14 20:45:21','2016-01-14 20:45:42'),(130,'12:00:00','2016-01-06',0,55,1,9,192,1,NULL,54,4,0,0,0,0,0,1412.00,0,0.00,0.00,0.00,0,0,1,1,0,0,0,NULL,128,202,'Contado',0,0,'2016-01-14 20:48:42','2016-01-14 20:49:04'),(131,'12:30:00','2016-01-06',0,95,1,5,193,1,NULL,169,0,0,0,0,0,0,52.00,0,0.00,0.00,0.00,1,0,1,1,0,0,0,NULL,129,203,'Contado',0,0,'2016-01-14 20:54:09','2016-01-14 20:54:24'),(132,'13:30:00','2016-01-06',0,69,1,11,158,1,NULL,156,0,0,0,0,0,0,27.00,0,0.00,0.00,0.00,1,0,1,1,0,0,0,NULL,130,204,'Contado',0,0,'2016-01-14 20:55:47','2016-01-14 20:56:17'),(133,'06:30:00','2016-01-02',1121,73,1,4,194,3,NULL,45,58,0,0,0,0,0,565.00,0,0.00,0.00,0.00,1,0,1,1,0,0,0,NULL,131,205,'Crédito',0,0,'2016-01-14 21:00:15','2016-01-14 21:01:25'),(134,'06:55:00','2016-01-06',802,96,1,4,195,3,NULL,45,106,0,0,0,0,0,585.00,0,0.00,0.00,0.00,1,0,1,1,0,0,0,NULL,132,206,'Crédito',0,0,'2016-01-14 21:07:34','2016-01-14 21:08:25'),(135,'21:00:00','2016-01-05',351,5,1,3,109,3,NULL,13,90,0,0,0,0,0,26.00,3,1.00,0.00,0.00,1,1,1,1,0,0,0,NULL,133,226,'Crédito',0,0,'2016-01-14 21:10:04','2016-01-15 02:20:11'),(136,'07:22:00','2016-01-05',345,54,1,3,119,3,NULL,13,142,0,0,0,0,0,32.00,2,1.00,0.00,0.00,1,1,1,1,0,0,0,NULL,134,215,'Crédito',0,0,'2016-01-14 21:12:36','2016-01-15 00:35:45'),(137,'17:12:00','2016-01-05',313,4,1,3,12,3,NULL,124,115,0,0,0,0,0,42.00,2,1.00,0.00,0.00,1,1,1,1,0,0,0,NULL,135,208,'Crédito',0,0,'2016-01-14 23:51:56','2016-01-14 23:54:06'),(138,'11:24:00','2015-12-29',0,58,1,9,145,2,NULL,139,0,0,0,0,0,0,4231.00,0,0.00,0.00,0.00,1,0,1,1,0,0,0,NULL,136,227,'Contado',0,0,'2016-01-15 03:16:30','2016-01-15 03:17:03'),(139,'05:55:00','2016-01-04',740,16,1,3,31,3,NULL,40,131,0,0,0,0,0,549.00,3,3.00,0.00,0.00,1,1,1,1,0,0,0,NULL,137,228,'Crédito',0,0,'2016-01-15 03:31:23','2016-01-15 03:32:16'),(140,'09:00:00','2016-01-04',0,97,1,9,177,1,NULL,54,4,0,0,0,0,0,8515.00,0,0.00,0.00,0.00,0,0,1,1,0,0,0,NULL,138,229,'Contado',0,0,'2016-01-15 03:35:37','2016-01-15 03:36:13'),(141,'05:59:00','2016-01-06',307,4,1,3,13,3,NULL,124,120,0,0,0,0,0,594.00,2,2.00,0.00,0.00,1,1,1,1,0,0,0,NULL,139,230,'Crédito',0,0,'2016-01-15 20:03:11','2016-01-15 20:03:47'),(142,'10:19:00','2016-01-06',310,2,1,3,7,3,NULL,124,119,0,0,0,0,0,36.00,0,0.00,0.00,0.00,1,0,1,1,0,0,0,NULL,140,231,'Crédito',0,0,'2016-01-15 20:50:05','2016-01-15 20:50:40'),(143,'05:45:00','2016-01-06',740,14,1,3,22,3,NULL,40,134,0,0,0,0,0,519.00,0,0.00,0.00,0.00,1,0,1,1,0,0,0,NULL,141,232,'Crédito',0,0,'2016-01-15 20:53:49','2016-01-15 20:54:42'),(144,'10:06:00','2016-01-06',970,16,1,8,31,3,NULL,40,135,0,0,0,0,0,46.00,0,0.00,0.00,0.00,1,0,1,1,0,0,0,NULL,142,233,'Crédito',0,0,'2016-01-15 20:58:35','2016-01-15 20:58:59'),(145,'16:00:00','2016-01-06',0,67,1,23,156,1,NULL,148,0,0,0,0,0,0,50.00,0,0.00,0.00,0.00,1,0,1,1,0,0,0,NULL,143,234,'Contado',0,0,'2016-01-15 21:05:04','2016-01-15 21:05:37'),(146,'08:00:00','2016-01-06',0,27,1,9,135,2,NULL,139,5,0,0,0,0,0,1200.00,0,0.00,0.00,0.00,0,0,1,1,0,0,0,NULL,144,235,'Crédito',0,0,'2016-01-15 21:07:11','2016-01-15 21:07:39'),(147,'08:55:00','2016-01-06',0,21,1,9,140,2,NULL,139,19,0,0,0,0,0,1270.00,0,0.00,0.00,0.00,0,0,1,1,0,0,0,NULL,145,236,'Crédito',0,0,'2016-01-15 21:09:04','2016-01-15 21:10:21'),(148,'09:40:00','2016-01-06',0,26,1,9,136,2,NULL,139,17,0,0,0,0,0,1270.00,0,0.00,0.00,0.00,0,0,1,1,0,0,0,NULL,146,237,'Crédito',0,0,'2016-01-15 21:12:19','2016-01-15 21:13:28'),(149,'11:30:00','2016-01-06',0,27,1,9,140,2,NULL,139,3,0,0,0,0,0,20.00,0,0.00,0.00,0.00,0,0,1,1,0,0,0,NULL,147,238,'Crédito',0,0,'2016-01-15 21:17:24','2016-01-15 21:18:13'),(150,'15:51:35','2016-01-06',2353,50,1,8,92,3,NULL,63,86,0,0,0,0,0,13011.00,2,1.00,0.00,0.00,0,1,1,0,0,0,0,NULL,148,240,'Crédito',0,0,'2016-01-16 00:54:11','2016-01-16 00:54:36'),(151,'16:51:00','2016-01-06',2385,45,1,3,70,3,NULL,63,101,0,0,0,0,0,54.00,2,1.00,0.00,0.00,0,1,1,0,0,0,0,NULL,149,241,'Crédito',0,0,'2016-01-16 00:56:38','2016-01-16 00:56:57'),(152,'17:26:00','2016-01-06',971,16,1,4,42,3,NULL,40,117,0,0,0,0,0,42.00,2,1.00,0.00,0.00,1,1,1,1,0,0,0,NULL,150,242,'Crédito',0,0,'2016-01-16 00:58:54','2016-01-16 00:59:36'),(153,'17:10:00','2016-01-06',746,14,1,3,6,3,NULL,40,139,0,0,0,0,0,64.00,3,1.00,0.00,0.00,1,1,1,1,0,0,0,NULL,151,243,'Crédito',0,0,'2016-01-16 01:02:03','2016-01-16 01:02:24'),(154,'19:00:00','2016-01-06',0,98,1,5,196,1,NULL,170,0,0,0,0,0,0,60.00,0,0.00,0.00,0.00,1,0,1,1,0,0,0,NULL,152,244,'Contado',0,0,'2016-01-16 01:08:52','2016-01-16 01:10:03'),(155,'07:00:00','2016-01-07',0,69,1,11,158,1,NULL,156,0,0,0,0,0,0,990.00,0,0.00,0.00,0.00,1,0,1,1,0,0,0,NULL,153,245,'Contado',0,0,'2016-01-16 01:11:54','2016-01-16 01:12:31'),(156,'08:00:00','2016-01-07',0,62,1,55,154,1,NULL,154,6,0,0,0,0,0,640.00,0,0.00,0.00,0.00,1,0,1,1,0,0,0,NULL,154,246,'Contado',0,0,'2016-01-16 01:13:40','2016-01-16 01:14:01'),(157,'09:30:00','2016-01-07',0,99,1,3,197,1,NULL,116,3,0,0,0,0,0,12515.00,0,0.00,0.00,0.00,0,0,1,1,0,0,0,NULL,155,247,'Contado',0,0,'2016-01-16 01:48:21','2016-01-16 01:48:57'),(158,'08:35:00','2016-01-06',345,6,1,3,103,3,NULL,13,135,0,0,0,0,0,84.00,2,1.00,0.00,0.00,1,1,1,1,0,0,0,NULL,156,248,'Crédito',0,0,'2016-01-16 02:02:39','2016-01-16 02:03:47'),(159,'07:50:00','2016-01-07',345,54,1,3,108,3,NULL,13,136,0,0,0,0,0,55.00,2,1.00,0.00,0.00,1,1,1,1,0,0,0,NULL,157,249,'Crédito',0,0,'2016-01-16 02:05:56','2016-01-16 02:06:34'),(160,'13:00:00','2016-01-07',0,67,1,23,156,1,NULL,148,0,0,0,0,0,0,870.00,0,0.00,0.00,0.00,1,0,1,1,0,0,0,NULL,158,250,'Contado',0,0,'2016-01-16 02:33:47','2016-01-16 02:36:24'),(161,'17:45:00','2016-01-06',313,3,1,3,198,3,NULL,124,120,0,0,0,0,0,60.00,0,0.00,0.00,0.00,1,0,1,1,0,0,0,NULL,159,251,'Crédito',0,0,'2016-01-16 23:27:29','2016-01-16 23:28:33'),(163,'06:05:00','2016-01-07',307,3,1,3,198,3,NULL,124,118,0,0,0,0,0,480.00,3,3.00,0.00,0.00,1,1,1,1,0,0,0,NULL,160,439,'Crédito',0,0,'2016-01-16 23:49:56','2016-02-03 01:16:20'),(164,'09:35:00','2016-01-07',310,4,1,3,11,3,NULL,124,118,0,0,0,0,0,55.00,3,1.00,0.00,0.00,1,1,1,1,0,0,0,NULL,161,253,'Crédito',0,0,'2016-01-17 00:03:58','2016-01-17 00:04:59'),(165,'11:00:00','2016-01-07',0,100,1,11,199,1,NULL,171,0,0,0,0,0,0,27.00,0,0.00,0.00,0.00,1,0,1,1,0,0,0,NULL,162,254,'Contado',0,0,'2016-01-17 00:13:21','2016-01-17 00:14:14'),(166,'05:50:00','2016-01-07',740,15,1,3,20,3,NULL,40,134,0,0,0,0,0,514.00,2,3.00,0.00,0.00,1,1,1,1,0,0,0,NULL,163,255,'Crédito',0,0,'2016-01-17 00:17:31','2016-01-17 00:18:05'),(167,'09:40:00','2016-01-07',0,101,1,25,200,1,NULL,172,1,0,0,0,0,0,1000.00,0,0.00,0.00,0.00,1,0,1,1,0,0,0,NULL,164,256,'Contado',0,0,'2016-01-17 00:31:50','2016-01-17 00:37:51'),(168,'12:30:00','2016-01-07',0,76,1,3,168,1,NULL,160,0,0,0,0,0,0,45.00,0,0.00,0.00,0.00,1,0,1,1,0,0,0,NULL,165,257,'Contado',0,0,'2016-01-17 00:45:13','2016-01-17 00:45:34'),(170,'13:30:00','2016-01-07',0,102,1,5,201,1,NULL,174,2,0,0,0,0,0,1173.00,0,0.00,0.00,0.00,1,0,1,1,0,0,0,NULL,166,258,'Contado',0,0,'2016-01-17 01:49:07','2016-01-17 01:50:57'),(171,'13:00:00','2016-01-07',0,64,1,11,150,1,NULL,156,0,0,0,0,0,0,29.00,0,0.00,0.00,0.00,1,0,1,1,0,0,0,NULL,167,259,'Contado',0,0,'2016-01-17 01:53:03','2016-01-17 01:56:20'),(172,'13:00:00','2016-01-07',0,68,1,9,157,1,NULL,156,0,0,0,0,0,0,27.00,0,0.00,0.00,0.00,1,0,1,1,0,0,0,NULL,168,260,'Contado',0,0,'2016-01-17 01:57:58','2016-01-17 01:58:20'),(176,'13:30:00','2016-01-07',0,69,1,11,158,1,NULL,156,0,0,0,0,0,0,50.00,0,0.00,0.00,0.00,1,0,1,1,0,0,0,NULL,169,303,'Contado',0,0,'2016-01-22 01:31:53','2016-01-22 01:32:16'),(180,'13:30:00','2016-01-07',0,55,1,11,192,1,NULL,54,0,0,0,0,0,0,90.00,0,0.00,0.00,0.00,0,0,1,1,0,0,0,NULL,172,370,'Contado',0,0,'2016-02-02 16:55:24','2016-02-02 16:55:43'),(181,'12:12:00','2016-01-07',0,23,1,1,202,1,NULL,130,4,0,0,0,0,0,2693.00,0,0.00,0.00,0.00,1,0,1,1,0,0,0,NULL,175,379,'Contado',0,0,'2016-02-02 16:58:20','2016-02-02 18:12:51'),(182,'14:00:00','2016-01-07',0,103,1,9,203,1,NULL,175,0,0,0,0,0,0,82.00,0,0.00,0.00,0.00,1,0,1,1,0,0,0,NULL,176,371,'Contado',0,0,'2016-02-02 17:05:27','2016-02-02 17:05:58'),(183,'14:00:00','2016-01-07',0,104,1,9,204,1,NULL,175,2,0,0,0,0,0,85.00,0,0.00,0.00,0.00,1,0,1,1,0,0,0,NULL,177,372,'Contado',0,0,'2016-02-02 17:10:18','2016-02-02 17:10:37'),(184,'16:00:00','2016-01-07',0,105,1,8,205,1,NULL,6,0,0,0,0,0,0,11361.00,0,0.00,0.00,0.00,0,0,1,1,0,0,0,NULL,178,373,'Contado',0,0,'2016-02-02 17:23:53','2016-02-02 17:25:07'),(185,'15:00:00','2016-01-07',0,106,1,29,206,1,NULL,176,0,0,0,0,0,0,80.00,0,0.00,0.00,0.00,1,0,1,1,0,0,0,NULL,179,374,'Contado',0,0,'2016-02-02 17:30:48','2016-02-02 17:31:14'),(186,'15:00:00','2016-01-07',0,107,1,4,207,1,NULL,177,0,0,0,0,0,0,80.00,0,0.00,0.00,0.00,1,0,1,1,0,0,0,NULL,180,375,'Contado',0,0,'2016-02-02 17:36:46','2016-02-02 17:37:15'),(187,'13:44:00','2016-01-01',0,86,1,9,181,1,NULL,22,0,0,0,0,0,0,1314.00,0,0.00,0.00,0.00,0,0,1,1,0,0,0,NULL,181,376,'Contado',0,0,'2016-02-02 17:38:55','2016-02-02 17:40:07'),(188,'17:00:00','2016-01-07',0,86,1,23,181,1,NULL,22,0,0,0,0,0,0,1537.00,0,0.00,0.00,0.00,0,0,1,1,0,0,0,NULL,182,377,'Contado',0,0,'2016-02-02 17:41:42','2016-02-02 17:42:21'),(189,'10:07:00','2016-01-07',970,16,1,8,38,3,NULL,40,115,0,0,0,0,0,49.00,2,1.00,0.00,0.00,1,1,1,1,0,0,0,NULL,183,378,'Crédito',0,0,'2016-02-02 17:52:46','2016-02-02 17:53:28'),(190,'16:22:00','2016-01-07',2385,47,1,3,90,3,NULL,63,102,0,0,0,0,0,59.00,2,1.00,0.00,0.00,0,1,1,0,0,0,0,NULL,184,380,'Crédito',0,0,'2016-02-02 18:23:39','2016-02-02 18:24:17'),(191,'15:58:00','2016-01-07',2353,50,1,8,80,3,NULL,63,96,0,0,0,0,0,45.00,0,0.00,0.00,0.00,0,0,1,0,0,0,0,NULL,185,381,'Crédito',0,0,'2016-02-02 18:25:44','2016-02-02 18:26:18'),(192,'12:25:00','2016-01-07',3032,108,1,3,208,2,NULL,63,0,0,0,11,0,0,56.00,0,0.00,0.00,0.00,0,0,1,0,0,0,0,NULL,186,383,'Crédito',0,0,'2016-02-02 19:12:10','2016-02-02 19:15:05'),(193,'16:22:00','2016-01-07',971,16,1,4,40,3,NULL,40,119,0,0,0,0,0,37.00,0,0.00,0.00,0.00,1,0,1,1,0,0,0,NULL,187,384,'Crédito',0,0,'2016-02-02 19:16:33','2016-02-02 19:17:10'),(194,'07:28:00','2016-01-07',0,27,1,9,140,2,NULL,139,0,0,0,0,0,0,1018.00,0,0.00,0.00,0.00,0,0,1,1,0,0,0,NULL,188,386,'Crédito',0,0,'2016-02-02 19:18:39','2016-02-02 19:20:02'),(195,'09:20:00','2016-01-07',0,26,1,9,136,2,NULL,139,19,0,0,0,0,0,1294.00,0,0.00,0.00,0.00,0,0,1,1,0,0,0,NULL,189,387,'Crédito',0,0,'2016-02-02 19:26:25','2016-02-02 19:27:36'),(197,'06:00:00','2016-02-01',0,109,1,5,209,1,NULL,74,2,0,0,0,0,0,600.00,0,0.00,0.00,0.00,1,0,1,1,0,0,0,NULL,192,402,'Contado',0,0,'2016-02-02 23:33:10','2016-02-02 23:38:21'),(198,'08:30:00','2016-01-08',0,74,1,9,192,1,NULL,54,6,0,0,0,0,0,1221.00,0,0.00,0.00,0.00,0,0,1,1,0,0,0,NULL,193,404,'Contado',0,0,'2016-02-02 23:44:18','2016-02-02 23:44:51'),(199,'10:16:00','2016-01-07',0,53,1,7,141,1,NULL,101,0,0,0,0,0,0,2567.00,0,0.00,0.00,0.00,0,0,1,1,0,0,0,NULL,194,407,'Contado',0,0,'2016-02-02 23:57:37','2016-02-02 23:58:53'),(200,'08:30:00','2016-01-08',0,53,1,67,141,1,NULL,101,1,0,0,0,0,0,1120.00,0,0.00,0.00,0.00,0,0,1,1,0,0,0,NULL,195,412,'Contado',0,0,'2016-02-03 00:13:50','2016-02-03 00:14:42'),(201,'09:00:00','2016-01-08',0,82,1,9,146,1,NULL,54,3,0,0,0,0,0,1256.00,0,0.00,0.00,0.00,0,0,1,1,0,0,0,NULL,196,413,'Contado',0,0,'2016-02-03 00:18:25','2016-02-03 00:19:14'),(202,'10:30:00','2016-01-08',0,86,1,23,181,1,NULL,22,0,0,0,0,0,0,717.00,0,0.00,0.00,0.00,0,0,1,1,0,0,0,NULL,197,415,'Contado',0,0,'2016-02-03 00:20:22','2016-02-03 00:21:23'),(203,'09:36:00','2016-01-07',0,28,1,9,210,2,NULL,139,0,0,0,0,0,0,1316.00,0,0.00,0.00,0.00,0,0,1,1,0,0,0,NULL,198,418,'Crédito',0,0,'2016-02-03 00:30:43','2016-02-03 00:32:12'),(204,'12:00:00','2016-01-08',0,110,1,5,211,1,NULL,121,3,0,0,0,0,0,1130.00,0,0.00,0.00,0.00,1,0,1,1,0,0,0,NULL,199,420,'Contado',0,0,'2016-02-03 00:35:27','2016-02-03 00:36:16'),(205,'12:00:00','2016-01-08',0,62,1,5,154,1,NULL,154,5,0,0,0,0,0,50.00,0,0.00,0.00,0.00,1,0,1,1,0,0,0,NULL,200,421,'Contado',0,0,'2016-02-03 00:37:34','2016-02-03 00:38:10'),(206,'12:00:00','2016-01-08',0,95,1,5,212,1,NULL,178,0,0,0,0,0,0,90.00,0,0.00,0.00,0.00,1,0,1,1,0,0,0,NULL,201,426,'Contado',0,0,'2016-02-03 00:47:05','2016-02-03 00:47:59'),(207,'13:00:00','2016-01-08',0,111,1,5,169,1,NULL,179,2,0,0,0,0,0,108.00,0,0.00,0.00,0.00,1,0,1,1,0,0,0,NULL,202,429,'Contado',0,0,'2016-02-03 00:53:51','2016-02-03 00:55:03'),(208,'08:26:00','2016-01-08',0,27,1,68,140,2,NULL,139,0,0,0,0,0,0,1265.00,0,0.00,0.00,0.00,0,0,1,1,0,0,0,NULL,203,430,'Crédito',0,0,'2016-02-03 00:58:31','2016-02-03 00:59:23'),(209,'08:42:00','2016-01-08',0,28,1,9,138,2,NULL,139,19,0,0,0,0,0,1225.00,0,0.00,0.00,0.00,0,0,1,1,0,0,0,NULL,204,432,'Crédito',0,0,'2016-02-03 01:01:38','2016-02-03 01:02:31'),(210,'14:00:00','2016-01-08',0,112,1,4,213,1,NULL,180,1,0,0,0,0,0,72.00,0,0.00,0.00,0.00,1,0,1,1,0,0,0,NULL,205,435,'Contado',0,0,'2016-02-03 01:08:00','2016-02-03 01:09:06'),(211,'09:28:00','2016-01-08',0,21,1,9,135,2,NULL,139,13,0,0,0,0,0,2728.00,0,0.00,0.00,0.00,0,0,1,1,0,0,0,NULL,206,438,'Crédito',0,0,'2016-02-03 01:12:43','2016-02-03 01:15:08'),(212,'18:10:00','2016-01-08',0,113,1,24,202,1,NULL,181,2,0,0,0,0,0,430.00,0,0.00,0.00,0.00,1,0,1,1,0,0,0,NULL,207,442,'Contado',0,0,'2016-02-03 01:55:03','2016-02-03 02:00:31'),(213,'09:00:00','2016-01-09',0,59,1,8,149,1,NULL,106,0,0,0,0,0,0,868.00,0,0.00,0.00,0.00,0,0,1,1,0,0,0,NULL,208,443,'Contado',0,0,'2016-02-03 02:05:50','2016-02-03 02:07:16'),(214,'08:00:00','2016-01-09',0,53,1,7,141,1,NULL,101,0,0,0,0,0,0,1000.00,0,0.00,0.00,0.00,0,0,1,1,0,0,0,NULL,209,444,'Contado',0,0,'2016-02-03 02:08:49','2016-02-03 02:09:54'),(215,'08:30:00','2016-01-09',0,67,1,31,156,1,NULL,148,5,0,0,0,0,0,948.00,0,0.00,0.00,0.00,1,0,1,1,0,0,0,NULL,210,445,'Contado',0,0,'2016-02-03 02:11:54','2016-02-03 02:15:27'),(216,'10:00:00','2016-01-09',0,60,1,18,159,1,NULL,128,0,0,0,0,0,0,9630.00,0,0.00,0.00,0.00,1,0,1,1,0,0,0,NULL,211,446,'Contado',0,0,'2016-02-03 02:20:41','2016-02-03 02:21:21'),(217,'09:22:00','2016-01-09',0,28,1,9,136,2,NULL,139,19,0,0,0,0,0,1282.00,0,0.00,0.00,0.00,0,0,1,1,0,0,0,NULL,212,447,'Crédito',0,0,'2016-02-03 03:41:40','2016-02-03 03:42:17'),(218,'09:39:00','2016-01-09',0,21,1,9,140,2,NULL,139,6,0,0,0,0,0,1304.00,0,0.00,0.00,0.00,0,0,1,1,0,0,0,NULL,213,448,'Crédito',0,0,'2016-02-03 03:43:43','2016-02-03 03:44:48'),(219,'15:00:00','2016-01-09',0,114,1,3,214,1,NULL,182,6,0,0,0,0,0,310.00,0,0.00,0.00,0.00,1,0,1,1,0,0,0,NULL,214,449,'Contado',0,0,'2016-02-03 18:18:30','2016-02-03 18:29:41'),(220,'07:30:00','2016-01-08',345,6,1,3,119,3,NULL,13,153,0,0,0,0,0,40.00,2,1.00,0.00,0.00,1,1,1,1,0,0,0,NULL,215,450,'Crédito',0,0,'2016-02-03 18:32:28','2016-02-03 18:33:22'),(221,'06:25:00','2016-01-07',802,96,1,4,164,3,NULL,45,102,0,0,0,0,0,520.00,0,0.00,0.00,0.00,1,0,1,1,0,0,0,NULL,216,451,'Crédito',0,0,'2016-02-03 18:34:55','2016-02-03 18:35:33'),(222,'06:30:00','2016-01-08',802,96,1,4,215,3,NULL,45,104,0,0,0,0,0,550.00,0,0.00,0.00,0.00,1,0,1,1,0,0,0,NULL,217,452,'Crédito',0,0,'2016-02-03 18:39:05','2016-02-03 18:39:34'),(223,'06:20:00','2016-01-09',1121,115,1,4,216,3,NULL,45,56,0,0,0,0,0,545.00,2,2.00,0.00,0.00,1,1,1,1,0,0,0,NULL,218,453,'Crédito',0,0,'2016-02-03 18:42:57','2016-02-03 18:43:27'),(224,'23:07:00','2016-01-07',351,5,1,3,110,3,NULL,13,125,0,0,0,0,0,48.00,0,0.00,0.00,0.00,1,0,1,1,0,0,0,NULL,219,454,'Crédito',0,0,'2016-02-03 18:44:51','2016-02-03 18:45:24'),(225,'06:08:00','2016-01-08',307,2,1,3,10,3,NULL,124,108,0,0,0,0,0,558.00,3,2.00,0.00,0.00,1,1,1,1,0,0,0,NULL,220,455,'Crédito',0,0,'2016-02-03 18:53:04','2016-02-03 18:53:33'),(226,'09:55:00','2016-01-08',310,4,1,3,13,3,NULL,124,119,0,0,0,0,0,55.00,2,1.00,0.00,0.00,1,1,1,1,0,0,0,NULL,221,456,'Crédito',0,0,'2016-02-03 18:55:43','2016-02-03 18:56:10'),(227,'18:37:00','2016-01-08',313,3,1,3,217,3,NULL,124,120,0,0,0,0,0,44.00,3,1.00,0.00,0.00,1,1,1,1,0,0,0,NULL,222,457,'Crédito',0,0,'2016-02-03 18:58:50','2016-02-03 18:59:15'),(228,'19:30:00','2016-01-08',315,2,1,8,11,3,NULL,124,95,0,0,0,0,0,48.00,3,1.00,0.00,0.00,1,1,1,1,0,0,0,NULL,223,458,'Crédito',0,0,'2016-02-03 19:00:16','2016-02-03 19:00:43'),(229,'05:44:00','2016-01-08',740,14,1,3,19,3,NULL,40,129,0,0,0,0,0,544.00,2,2.00,0.00,0.00,1,1,1,1,0,0,0,NULL,224,459,'Crédito',0,0,'2016-02-03 19:01:50','2016-02-03 19:02:22'),(230,'10:02:00','2016-01-08',970,16,1,8,31,3,NULL,40,102,0,0,0,0,0,35.00,0,0.00,0.00,0.00,1,0,1,1,0,0,0,NULL,225,460,'Crédito',0,0,'2016-02-03 19:03:55','2016-02-03 19:04:22'),(231,'19:22:00','2016-01-08',971,16,1,4,131,3,NULL,40,133,0,0,0,0,0,46.00,0,0.00,0.00,0.00,1,0,1,1,0,0,0,NULL,226,461,'Crédito',0,0,'2016-02-03 19:05:31','2016-02-03 19:06:05'),(232,'19:30:00','2016-01-08',746,11,1,3,19,3,NULL,40,156,0,0,0,0,0,60.00,0,0.00,0.00,0.00,1,0,1,1,0,0,0,NULL,227,462,'Crédito',0,0,'2016-02-03 19:07:46','2016-02-03 19:08:13'),(234,'05:45:00','2016-01-09',740,15,1,3,18,3,NULL,40,134,0,0,0,0,0,351.00,0,0.00,0.00,0.00,1,0,1,1,0,0,0,NULL,228,463,'Crédito',0,0,'2016-02-03 19:11:07','2016-02-03 19:11:35'),(235,'14:00:00','2016-01-09',0,116,1,5,55,1,NULL,183,5,0,0,0,0,0,90.00,0,0.00,0.00,0.00,1,0,1,1,0,0,0,NULL,229,464,'Contado',0,0,'2016-02-03 19:14:37','2016-02-03 19:15:04'),(236,'14:30:00','2016-01-09',0,75,1,18,167,1,NULL,159,0,0,0,0,0,0,80.00,0,0.00,0.00,0.00,1,0,1,1,0,0,0,NULL,230,465,'Contado',0,0,'2016-02-03 19:16:12','2016-02-03 19:16:43'),(237,'10:05:00','2016-01-09',970,16,1,8,6,3,NULL,40,114,0,0,0,0,0,36.00,0,0.00,0.00,0.00,1,0,1,1,0,0,0,NULL,231,466,'Crédito',0,0,'2016-02-03 19:18:10','2016-02-03 19:18:54'),(238,'17:09:00','2016-01-08',2353,49,1,8,73,3,NULL,63,94,0,0,0,0,0,129.00,0,0.00,0.00,0.00,0,0,1,0,0,0,0,NULL,232,467,'Crédito',0,0,'2016-02-03 19:19:56','2016-02-03 19:20:20'),(239,'19:00:00','2016-01-08',2385,47,1,3,172,3,NULL,63,89,0,0,0,0,0,45.00,2,1.00,0.00,0.00,0,1,1,0,0,0,0,NULL,233,468,'Crédito',0,0,'2016-02-03 19:21:48','2016-02-03 19:22:21'),(240,'15:45:00','2016-01-09',0,60,1,3,159,1,NULL,128,0,0,0,0,0,0,45.00,0,0.00,0.00,0.00,1,0,1,1,0,0,0,NULL,234,469,'Contado',0,0,'2016-02-03 19:23:30','2016-02-03 19:24:00'),(241,'15:18:00','2016-01-09',0,86,1,23,181,1,NULL,22,0,0,0,0,0,0,1103.00,0,0.00,0.00,0.00,0,0,1,1,0,0,0,NULL,235,470,'Contado',0,0,'2016-02-03 19:25:56','2016-02-03 19:26:24'),(242,'15:54:00','2016-01-09',2385,50,1,3,89,3,NULL,63,91,0,0,0,0,0,87.00,3,1.00,0.00,0.00,0,1,1,0,0,0,0,NULL,236,471,'Crédito',0,0,'2016-02-03 19:27:40','2016-02-03 19:28:14'),(243,'15:59:00','2016-01-09',2353,40,1,8,73,3,NULL,63,89,0,0,0,0,0,61.00,2,1.00,0.00,0.00,0,1,1,0,0,0,0,NULL,237,472,'Crédito',0,0,'2016-02-03 19:29:18','2016-02-03 19:29:45'),(244,'17:17:00','2016-01-09',971,16,1,4,185,3,NULL,40,120,0,0,0,0,0,46.00,3,1.00,0.00,0.00,1,1,1,1,0,0,0,NULL,238,473,'Crédito',0,0,'2016-02-03 19:30:50','2016-02-03 19:31:15'),(245,'17:18:00','2016-01-09',746,11,1,3,31,3,NULL,40,153,0,0,0,0,0,54.00,2,1.00,0.00,0.00,1,1,1,1,0,0,0,NULL,239,474,'Crédito',0,0,'2016-02-03 19:32:21','2016-02-03 19:32:46'),(246,'05:56:00','2016-01-09',307,2,1,3,11,3,NULL,124,108,0,0,0,0,0,511.00,3,2.00,0.00,0.00,1,1,1,1,0,0,0,NULL,240,475,'Crédito',0,0,'2016-02-03 19:33:51','2016-02-03 19:34:31'),(247,'09:32:00','2016-01-09',310,4,1,3,11,3,NULL,124,108,0,0,0,0,0,39.00,2,1.00,0.00,0.00,1,1,1,1,0,0,0,NULL,241,476,'Crédito',0,0,'2016-02-03 19:35:35','2016-02-03 19:36:04'),(248,'08:30:00','2016-01-10',0,117,1,7,142,1,NULL,101,0,0,0,0,0,0,15632.00,0,0.00,0.00,0.00,0,0,1,1,0,0,0,NULL,242,477,'Contado',0,0,'2016-02-03 19:40:12','2016-02-03 19:40:36'),(249,'07:01:00','2016-01-10',742,9,1,3,22,3,NULL,40,145,0,0,0,0,0,591.00,2,3.00,0.00,0.00,1,1,1,1,0,0,0,NULL,243,478,'Crédito',0,0,'2016-02-03 19:41:41','2016-02-03 19:42:07'),(250,'10:20:00','2016-01-10',970,16,1,8,45,3,NULL,40,87,0,0,0,0,0,32.00,2,1.00,0.00,0.00,1,1,1,1,0,0,0,NULL,244,479,'Crédito',0,0,'2016-02-03 19:43:24','2016-02-03 19:44:09'),(251,'18:33:00','2016-01-07',313,2,1,3,10,3,NULL,124,119,0,0,0,0,0,48.00,2,1.00,0.00,0.00,1,1,1,1,0,0,0,NULL,245,480,'Crédito',0,0,'2016-02-03 19:48:01','2016-02-03 19:48:47'),(254,'10:10:00','2016-01-10',310,4,1,3,198,3,NULL,124,120,0,0,0,0,0,50.00,3,1.00,0.00,0.00,1,1,1,1,0,0,0,NULL,247,482,'Crédito',0,0,'2016-02-03 20:01:37','2016-02-03 20:02:04'),(255,'13:00:00','2016-01-10',0,75,1,21,167,1,NULL,159,5,0,0,0,0,0,100.00,0,0.00,0.00,0.00,1,0,1,1,0,0,0,NULL,248,483,'Contado',0,0,'2016-02-03 20:03:26','2016-02-03 20:03:55'),(256,'14:30:00','2016-01-10',0,56,1,10,144,1,NULL,150,0,0,0,0,0,0,1181.00,0,0.00,0.00,0.00,0,0,1,1,0,0,0,NULL,249,484,'Contado',0,0,'2016-02-03 20:05:14','2016-02-03 20:06:19'),(257,'15:00:00','2016-01-10',0,118,1,5,219,1,NULL,184,0,0,0,0,0,0,60.00,0,0.00,0.00,0.00,1,0,1,1,0,0,0,NULL,250,485,'Contado',0,0,'2016-02-03 20:11:02','2016-02-03 20:11:36'),(258,'16:00:00','2016-01-10',0,62,1,5,154,1,NULL,154,4,0,0,0,0,0,1300.00,0,0.00,0.00,0.00,1,0,1,1,0,0,0,NULL,251,486,'Contado',0,0,'2016-02-03 20:13:10','2016-02-03 20:13:34'),(259,'15:54:00','2016-01-10',2385,47,1,3,81,3,NULL,63,98,0,0,0,0,0,80.00,3,1.00,0.00,0.00,0,1,1,0,0,0,0,NULL,252,487,'Crédito',0,0,'2016-02-03 20:14:43','2016-02-03 20:15:06'),(260,'15:59:00','2016-01-10',2353,42,1,8,73,3,NULL,63,100,0,0,0,0,0,47.00,2,1.00,0.00,0.00,0,1,1,0,0,0,0,NULL,253,488,'Crédito',0,0,'2016-02-03 20:16:19','2016-02-03 20:17:56'),(261,'20:40:00','2016-01-08',351,6,1,3,110,3,NULL,13,111,0,0,0,0,0,60.00,2,1.00,0.00,0.00,1,1,1,1,0,0,0,NULL,254,489,'Crédito',0,0,'2016-02-03 20:19:38','2016-02-03 20:20:23'),(262,'07:20:00','2016-01-09',345,54,1,3,103,3,NULL,13,152,0,0,0,0,0,30.00,2,1.00,0.00,0.00,1,1,1,1,0,0,0,NULL,255,490,'Crédito',0,0,'2016-02-03 20:41:57','2016-02-03 20:42:36'),(263,'16:55:00','2016-01-10',971,16,1,4,24,3,NULL,40,140,0,0,0,0,0,49.00,3,1.00,0.00,0.00,1,1,1,1,0,0,0,NULL,256,491,'Crédito',0,0,'2016-02-03 20:44:53','2016-02-03 20:45:39'),(264,'20:30:00','2016-01-10',0,67,1,70,156,1,NULL,148,0,0,0,0,0,0,1728.00,0,0.00,0.00,0.00,1,0,1,1,0,0,0,NULL,257,492,'Contado',0,0,'2016-02-03 23:33:35','2016-02-03 23:36:17'),(265,'06:00:00','2016-01-11',0,59,1,71,149,1,NULL,106,0,0,0,0,0,0,2190.00,0,0.00,0.00,0.00,0,0,1,1,0,0,0,NULL,258,493,'Contado',0,0,'2016-02-03 23:51:14','2016-02-03 23:52:37'),(266,'08:30:00','2016-01-11',0,74,1,9,192,1,NULL,54,5,0,0,0,0,0,4146.00,0,0.00,0.00,0.00,0,0,1,1,0,0,0,NULL,259,494,'Contado',0,0,'2016-02-04 00:12:42','2016-02-04 00:13:47'),(267,'08:35:00','2016-01-11',0,97,1,9,166,1,NULL,54,0,0,0,0,0,0,1159.00,0,0.00,0.00,0.00,0,0,1,1,0,0,0,NULL,260,495,'Contado',0,0,'2016-02-04 00:18:22','2016-02-04 00:19:07'),(268,'08:40:00','2016-01-11',0,82,1,9,177,1,NULL,54,3,0,0,0,0,0,4060.00,0,0.00,0.00,0.00,0,0,1,1,0,0,0,NULL,261,496,'Contado',0,0,'2016-02-04 00:20:38','2016-02-04 00:21:00'),(269,'10:00:00','2016-01-11',0,80,1,29,174,1,NULL,163,0,0,0,0,0,0,35.00,0,0.00,0.00,0.00,1,0,1,1,0,0,0,NULL,262,497,'Contado',0,0,'2016-02-04 00:22:27','2016-02-04 00:22:48'),(270,'13:00:00','2016-01-11',0,78,1,6,170,1,NULL,161,0,0,0,0,0,0,30.00,0,0.00,0.00,0.00,1,0,1,1,0,0,0,NULL,263,498,'Contado',0,0,'2016-02-04 00:24:39','2016-02-04 00:25:08'),(271,'21:30:00','2016-01-10',351,5,1,3,110,3,NULL,13,107,0,0,0,0,0,65.00,2,1.00,0.00,0.00,1,1,1,1,0,0,0,NULL,264,499,'Crédito',0,0,'2016-02-04 00:26:37','2016-02-04 00:27:09'),(272,'18:39:00','2016-01-10',315,3,1,8,7,3,NULL,124,107,0,0,0,0,0,36.00,3,1.00,0.00,0.00,1,1,1,1,0,0,0,NULL,265,500,'Crédito',0,0,'2016-02-04 00:29:09','2016-02-04 00:29:35'),(273,'06:22:00','2016-01-11',307,3,1,3,7,3,NULL,124,119,0,0,0,0,0,572.00,3,2.00,0.00,0.00,1,1,1,1,0,0,0,NULL,266,501,'Crédito',0,0,'2016-02-04 00:31:28','2016-02-04 00:31:54'),(274,'10:07:00','2016-01-11',310,4,1,3,198,3,NULL,124,114,0,0,0,0,0,67.00,3,1.00,0.00,0.00,1,1,1,1,0,0,0,NULL,267,502,'Crédito',0,0,'2016-02-04 00:33:11','2016-02-04 00:33:42'),(275,'05:45:00','2016-01-11',740,14,1,3,161,3,NULL,40,130,0,0,0,0,0,515.00,0,0.00,0.00,0.00,1,0,1,1,0,0,0,NULL,268,503,'Crédito',0,0,'2016-02-04 00:38:44','2016-02-04 00:39:06'),(276,'09:53:00','2016-01-11',970,16,1,8,131,3,NULL,40,95,0,0,0,0,0,43.00,2,1.00,0.00,0.00,1,1,1,1,0,0,0,NULL,269,504,'Crédito',0,0,'2016-02-04 00:41:12','2016-02-04 00:41:37'),(277,'15:00:00','2016-01-11',0,59,1,3,149,1,NULL,106,8,0,0,0,0,0,340.00,0,0.00,0.00,0.00,0,0,1,1,0,0,0,NULL,270,505,'Contado',0,0,'2016-02-04 00:43:05','2016-02-04 00:44:18'),(278,'14:45:00','2016-01-11',0,82,1,48,177,1,NULL,54,0,0,0,0,0,0,185.00,0,0.00,0.00,0.00,0,0,1,1,0,0,0,NULL,271,506,'Contado',0,0,'2016-02-04 00:45:46','2016-02-04 00:46:18'),(279,'09:10:00','2016-01-11',0,21,1,9,138,2,NULL,139,13,0,0,0,0,0,1250.00,0,0.00,0.00,0.00,0,0,1,1,0,0,0,NULL,272,507,'Crédito',0,0,'2016-02-04 00:47:44','2016-02-04 00:48:11'),(280,'15:49:00','2016-01-11',2385,47,1,3,64,3,NULL,63,82,0,0,0,0,0,64.00,3,1.00,0.00,0.00,0,1,1,0,0,0,0,NULL,273,508,'Crédito',0,0,'2016-02-04 00:52:14','2016-02-04 00:53:00'),(281,'16:14:00','2016-01-11',2353,42,1,8,89,3,NULL,63,79,0,0,0,0,0,53.00,2,1.00,0.00,0.00,0,1,1,0,0,0,0,NULL,274,509,'Crédito',0,0,'2016-02-04 00:54:42','2016-02-04 00:55:10'),(282,'18:00:00','2016-01-11',0,119,1,4,220,1,NULL,185,5,0,0,0,0,0,255.00,0,0.00,0.00,0.00,1,0,1,1,0,0,0,NULL,275,510,'Contado',0,0,'2016-02-04 01:02:27','2016-02-04 01:06:09'),(283,'16:30:00','2016-01-11',971,16,1,4,31,3,NULL,40,128,0,0,0,0,0,42.00,3,1.00,0.00,0.00,1,1,1,1,0,0,0,NULL,276,511,'Crédito',0,0,'2016-02-04 01:08:11','2016-02-04 01:08:34'),(284,'18:22:00','2016-01-11',746,14,1,3,22,3,NULL,40,122,0,0,0,0,0,40.00,3,1.00,0.00,0.00,1,1,1,1,0,0,0,NULL,277,512,'Crédito',0,0,'2016-02-04 01:10:03','2016-02-04 01:10:25'),(285,'09:05:00','2016-01-06',0,93,1,3,221,1,NULL,12,0,0,0,0,0,0,30.00,0,0.00,0.00,0.00,1,0,1,1,0,0,0,NULL,278,513,'Contado',0,0,'2016-02-04 01:48:09','2016-02-04 01:48:55'),(286,'07:30:00','2016-01-12',0,105,1,14,205,1,NULL,6,2,0,0,0,0,0,6596.00,0,0.00,0.00,0.00,0,0,1,1,0,0,0,NULL,279,514,'Contado',0,0,'2016-02-04 01:50:10','2016-02-04 01:50:45'),(287,'08:30:00','2016-01-12',0,99,1,3,197,1,NULL,116,0,0,0,0,0,0,6774.00,0,0.00,0.00,0.00,0,0,1,1,0,0,0,NULL,280,515,'Contado',0,0,'2016-02-04 01:51:46','2016-02-04 01:52:44'),(288,'08:20:00','2016-01-12',0,53,1,7,142,1,NULL,101,0,0,0,0,0,0,2600.00,0,0.00,0.00,0.00,0,0,1,1,0,0,0,NULL,281,516,'Contado',0,0,'2016-02-04 01:54:01','2016-02-04 01:54:28'),(289,'09:30:00','2016-01-12',0,80,1,9,174,1,NULL,163,14,0,0,0,0,0,1030.00,0,0.00,0.00,0.00,1,0,1,1,0,0,0,NULL,282,517,'Contado',0,0,'2016-02-04 01:57:10','2016-02-04 01:57:45'),(290,'10:00:00','2016-01-12',0,59,1,1,149,1,NULL,106,7,0,0,0,0,0,730.00,0,0.00,0.00,0.00,0,0,1,1,0,0,0,NULL,283,518,'Contado',0,0,'2016-02-04 01:59:27','2016-02-04 02:00:01'),(291,'08:05:00','2016-01-12',0,113,1,24,181,1,NULL,181,1,0,0,0,0,0,712.00,0,0.00,0.00,0.00,1,0,1,1,0,0,0,NULL,284,519,'Contado',0,0,'2016-02-04 02:01:32','2016-02-04 02:06:34'),(292,'05:50:00','2016-01-12',740,15,1,3,49,3,NULL,40,140,0,0,0,0,0,530.00,3,2.00,0.00,0.00,1,1,1,1,0,0,0,NULL,285,520,'Crédito',0,0,'2016-02-04 02:08:16','2016-02-04 02:09:07'),(293,'10:35:00','2016-01-12',0,120,1,3,222,2,NULL,12,0,0,0,0,0,0,56.00,0,0.00,0.00,0.00,1,0,1,1,0,0,0,NULL,286,521,'Crédito',0,0,'2016-02-04 02:19:24','2016-02-04 02:19:56'),(294,'17:12:00','2016-01-11',313,2,1,3,13,3,NULL,124,113,0,0,0,0,0,37.00,2,1.00,0.00,0.00,1,1,1,1,0,0,0,NULL,287,522,'Crédito',0,0,'2016-02-04 02:21:16','2016-02-04 02:21:58'),(295,'05:53:00','2016-01-12',307,3,1,3,10,3,NULL,124,118,0,0,0,0,0,560.00,2,3.00,0.00,0.00,1,1,1,1,0,0,0,NULL,288,523,'Crédito',0,0,'2016-02-04 02:23:03','2016-02-04 02:23:42'),(297,'12:00:00','2016-01-12',0,81,1,5,176,1,NULL,164,0,0,0,0,0,0,31.00,0,0.00,0.00,0.00,1,0,1,1,0,0,0,NULL,289,524,'Contado',0,0,'2016-02-04 20:33:14','2016-02-04 20:35:00'),(298,'18:00:00','2016-01-12',0,99,1,3,197,1,NULL,116,6,0,0,0,0,0,379.00,0,0.00,0.00,0.00,0,0,1,1,0,0,0,NULL,292,525,'Contado',0,0,'2016-02-04 22:45:26','2016-02-04 22:46:22'),(299,'14:30:00','2016-01-12',0,121,1,5,223,1,NULL,17,0,0,0,0,0,0,1479.00,0,0.00,0.00,0.00,1,0,1,1,0,0,0,NULL,293,526,'Contado',0,0,'2016-02-04 22:50:26','2016-02-04 22:51:11'),(301,'14:30:00','2016-01-12',0,103,1,5,203,1,NULL,175,4,0,0,0,0,0,1350.00,0,0.00,0.00,0.00,1,0,1,1,0,0,0,NULL,294,527,'Contado',0,0,'2016-02-04 22:56:34','2016-02-04 22:57:08'),(302,'14:35:00','2016-01-12',0,104,1,5,204,1,NULL,175,3,0,0,0,0,0,1354.00,0,0.00,0.00,0.00,1,0,1,1,0,0,0,NULL,295,528,'Contado',0,0,'2016-02-04 22:59:10','2016-02-04 22:59:45'),(303,'14:36:00','2016-01-12',0,122,1,5,224,1,NULL,186,3,0,0,0,0,0,352.00,0,0.00,0.00,0.00,1,0,1,1,0,0,0,NULL,296,529,'Contado',0,0,'2016-02-04 23:06:16','2016-02-04 23:07:47'),(304,'15:30:00','2016-01-12',0,123,1,3,225,1,NULL,187,3,0,0,0,0,0,323.00,0,0.00,0.00,0.00,1,0,1,1,0,0,0,NULL,297,530,'Contado',0,0,'2016-02-04 23:15:31','2016-02-04 23:17:10'),(305,'16:30:00','2016-01-12',0,62,1,5,154,1,NULL,154,0,0,0,0,0,0,115.00,0,0.00,0.00,0.00,1,0,1,1,0,0,0,NULL,298,531,'Contado',0,0,'2016-02-04 23:18:53','2016-02-04 23:19:23'),(306,'09:09:00','2016-01-12',0,28,1,9,135,2,NULL,139,3,0,0,0,0,0,4149.00,0,0.00,0.00,0.00,0,0,1,1,0,0,0,NULL,299,532,'Crédito',0,0,'2016-02-04 23:22:29','2016-02-04 23:24:24'),(307,'10:00:00','2016-01-10',0,21,1,9,140,2,NULL,139,5,0,0,0,0,0,1287.00,0,0.00,0.00,0.00,0,0,1,1,0,0,0,NULL,300,533,'Crédito',0,0,'2016-02-04 23:27:15','2016-02-04 23:28:11'),(308,'09:19:00','2016-01-12',0,21,1,9,138,2,NULL,139,16,0,0,0,0,0,1244.00,0,0.00,0.00,0.00,0,0,1,1,0,0,0,NULL,301,534,'Crédito',0,0,'2016-02-04 23:30:04','2016-02-04 23:31:04'),(309,'09:37:00','2016-01-12',310,2,1,3,10,3,NULL,124,119,0,0,0,0,0,38.00,2,1.00,0.00,0.00,1,1,1,1,0,0,0,NULL,302,535,'Crédito',0,0,'2016-02-04 23:33:47','2016-02-04 23:34:23'),(310,'19:00:00','2016-01-12',0,59,1,3,149,1,NULL,106,3,0,0,0,0,0,44682.00,0,0.00,0.00,0.00,0,0,1,1,0,0,0,NULL,303,536,'Contado',0,0,'2016-02-04 23:37:28','2016-02-04 23:38:19'),(311,'15:56:00','2016-01-12',2353,50,1,8,70,3,NULL,63,104,0,0,0,0,0,54.00,2,1.00,0.00,0.00,0,1,1,0,0,0,0,NULL,304,537,'Crédito',0,0,'2016-02-04 23:40:49','2016-02-04 23:43:08'),(312,'16:16:00','2016-01-12',2385,47,1,3,92,3,NULL,63,81,0,0,0,0,0,79.00,3,1.00,0.00,0.00,0,1,1,0,0,0,0,NULL,305,538,'Crédito',0,0,'2016-02-04 23:45:03','2016-02-04 23:45:48'),(313,'09:50:00','2016-01-12',970,16,1,8,24,3,NULL,40,98,0,0,0,0,0,34.00,3,1.00,0.00,0.00,1,1,1,1,0,0,0,NULL,306,539,'Crédito',0,0,'2016-02-04 23:47:34','2016-02-04 23:48:41'),(314,'16:14:00','2016-01-12',971,16,1,4,38,3,NULL,40,105,0,0,0,0,0,41.00,0,0.00,0.00,0.00,1,0,1,1,0,0,0,NULL,307,540,'Crédito',0,0,'2016-02-04 23:50:17','2016-02-04 23:51:02'),(315,'18:30:00','2016-01-12',0,124,1,5,148,1,NULL,155,0,0,0,0,0,0,25.00,0,0.00,0.00,0.00,1,0,1,1,0,0,0,NULL,308,541,'Contado',0,0,'2016-02-04 23:53:48','2016-02-04 23:55:34'),(316,'21:35:00','2016-01-31',351,5,1,3,108,3,NULL,13,83,0,0,0,0,0,25.00,0,0.00,0.00,0.00,1,0,1,1,0,0,0,NULL,309,542,'Crédito',0,0,'2016-02-04 23:56:59','2016-02-04 23:58:21'),(317,'16:50:00','2016-01-12',746,14,1,3,6,3,NULL,40,133,0,0,0,0,0,50.00,2,1.00,0.00,0.00,1,1,1,1,0,0,0,NULL,310,543,'Crédito',0,0,'2016-02-04 23:59:46','2016-02-05 00:02:27'),(318,'05:55:00','2016-02-01',802,115,1,4,164,3,NULL,45,84,0,0,0,0,0,505.00,0,0.00,0.00,0.00,1,0,1,1,0,0,0,NULL,312,544,'Crédito',0,0,'2016-02-05 00:29:11','2016-02-05 00:30:22'),(319,'09:00:00','2016-02-01',0,59,1,16,149,1,NULL,106,2,0,0,0,0,0,848.00,0,0.00,0.00,0.00,1,0,1,1,0,0,0,NULL,313,545,'Contado',0,0,'2016-02-05 00:33:29','2016-02-05 01:02:55'),(320,'07:46:00','2016-01-11',345,54,1,3,119,3,NULL,13,158,0,0,0,0,0,49.00,2,1.00,0.00,0.00,1,1,1,1,0,0,0,NULL,314,546,'Crédito',0,0,'2016-02-05 01:03:26','2016-02-05 01:06:09'),(321,'07:44:00','2016-02-01',345,125,1,3,110,2,NULL,13,149,0,0,0,0,0,30.00,2,1.00,0.00,0.00,1,1,1,1,0,0,0,NULL,315,547,'Crédito',0,0,'2016-02-05 01:11:32','2016-02-05 01:12:47'),(322,'22:25:00','2016-01-11',351,125,1,3,118,2,NULL,13,100,0,0,0,0,0,31.00,0,0.00,0.00,0.00,1,0,1,1,0,0,0,NULL,316,548,'Crédito',0,0,'2016-02-05 01:13:14','2016-02-05 01:14:03'),(323,'07:35:00','2016-01-12',345,6,1,3,165,3,NULL,13,151,0,0,0,0,0,21.00,2,1.00,0.00,0.00,1,1,1,1,0,0,0,NULL,317,549,'Crédito',0,0,'2016-02-05 01:15:57','2016-02-05 01:16:48'),(324,'20:20:00','2016-01-12',351,5,1,3,113,3,NULL,13,106,0,0,0,0,0,24.00,2,1.00,0.00,0.00,1,1,1,1,0,0,0,NULL,318,550,'Crédito',0,0,'2016-02-05 01:18:26','2016-02-05 01:19:20'),(325,'09:30:00','2016-01-13',0,82,1,9,166,1,NULL,54,0,0,0,0,0,0,1020.00,0,0.00,0.00,0.00,0,0,1,1,0,0,0,NULL,319,551,'Contado',0,0,'2016-02-05 01:20:40','2016-02-05 01:21:24'),(326,'09:30:00','2016-01-13',0,99,1,21,197,1,NULL,116,6,0,0,0,0,0,660.00,0,0.00,0.00,0.00,0,0,1,1,0,0,0,NULL,320,552,'Contado',0,0,'2016-02-05 01:22:49','2016-02-05 01:23:32'),(327,'07:20:00','2016-01-13',345,6,1,3,114,3,NULL,13,144,0,0,0,0,0,24.00,2,1.00,0.00,0.00,1,1,1,1,0,0,0,NULL,321,553,'Crédito',0,0,'2016-02-05 01:24:58','2016-02-05 01:25:40'),(328,'05:46:00','2016-01-13',740,15,1,3,161,3,NULL,40,128,0,0,0,0,0,554.00,0,0.00,0.00,0.00,1,0,1,1,0,0,0,NULL,322,554,'Crédito',0,0,'2016-02-05 01:27:16','2016-02-05 01:28:11'),(329,'09:55:00','2016-01-13',970,16,1,8,51,3,NULL,40,96,0,0,0,0,0,30.00,2,1.00,0.00,0.00,1,1,1,1,0,0,0,NULL,323,555,'Crédito',0,0,'2016-02-05 01:29:32','2016-02-05 01:30:23'),(330,'09:45:00','2016-02-01',0,82,1,9,226,1,NULL,54,0,0,0,0,0,0,1300.00,0,0.00,0.00,0.00,0,0,1,1,0,0,0,NULL,324,556,'Contado',0,0,'2016-02-05 01:33:31','2016-02-05 01:34:13'),(331,'11:30:00','2016-01-13',0,126,1,3,227,1,NULL,188,3,0,0,0,0,0,990.00,0,0.00,0.00,0.00,1,0,1,1,0,0,0,NULL,325,557,'Contado',0,0,'2016-02-05 01:35:51','2016-02-05 01:36:38'),(332,'16:00:00','2016-01-13',0,127,1,4,180,1,NULL,80,2,0,0,0,0,0,373.00,0,0.00,0.00,0.00,1,0,1,1,0,0,0,NULL,326,558,'Contado',0,0,'2016-02-05 01:40:15','2016-02-05 01:41:10'),(333,'11:00:00','2016-01-13',0,78,1,15,170,1,NULL,161,4,0,0,0,0,0,24.00,0,0.00,0.00,0.00,1,0,1,1,0,0,0,NULL,327,559,'Contado',0,0,'2016-02-05 01:45:10','2016-02-05 01:45:47'),(334,'13:30:00','2016-01-13',0,59,1,3,149,1,NULL,106,0,0,0,0,0,0,78.00,0,0.00,0.00,0.00,0,0,1,1,0,0,0,NULL,328,560,'Contado',0,0,'2016-02-05 01:48:50','2016-02-05 01:49:28'),(335,'09:00:00','2016-02-01',0,128,1,18,228,1,NULL,32,2,0,0,0,0,0,8340.00,0,0.00,0.00,0.00,1,0,1,1,0,0,0,NULL,329,561,'Contado',0,0,'2016-02-05 01:51:23','2016-02-05 01:53:58'),(336,'17:14:00','2016-01-12',313,3,1,3,217,3,NULL,124,107,0,0,0,0,0,54.00,3,1.00,0.00,0.00,1,1,1,1,0,0,0,NULL,330,562,'Crédito',0,0,'2016-02-05 01:52:39','2016-02-05 01:54:11'),(337,'05:58:00','2016-01-13',307,3,1,3,11,3,NULL,124,0,0,0,0,0,0,578.00,3,4.00,0.00,0.00,1,1,1,1,0,0,0,NULL,331,563,'Crédito',0,0,'2016-02-05 01:55:42','2016-02-05 01:56:58'),(338,'10:15:00','2016-02-01',0,117,1,7,229,1,NULL,101,0,0,0,0,0,0,1110.00,0,0.00,0.00,0.00,0,0,1,1,0,0,0,NULL,332,564,'Contado',0,0,'2016-02-05 01:57:33','2016-02-05 01:59:17'),(339,'09:37:00','2016-01-13',310,2,1,3,11,3,NULL,124,118,0,0,0,0,0,37.00,3,1.00,0.00,0.00,1,1,1,1,0,0,0,NULL,333,565,'Crédito',0,0,'2016-02-05 01:59:04','2016-02-05 01:59:54'),(340,'05:40:00','2016-02-01',740,9,1,3,161,3,NULL,40,134,0,0,0,0,0,515.00,2,2.00,0.00,0.00,1,1,1,1,0,0,0,NULL,334,566,'Crédito',0,0,'2016-02-05 02:01:38','2016-02-05 02:02:54'),(341,'11:25:00','2016-02-01',970,16,1,8,41,3,NULL,40,42,0,0,0,0,0,35.00,2,1.00,0.00,0.00,1,1,1,1,0,0,0,NULL,335,567,'Crédito',0,0,'2016-02-05 02:04:53','2016-02-05 02:05:28'),(342,'14:00:00','2016-01-13',0,129,1,18,230,1,NULL,190,2,0,0,0,0,0,280.00,0,0.00,0.00,0.00,1,0,1,1,0,0,0,NULL,336,568,'Contado',0,0,'2016-02-05 02:05:16','2016-02-05 02:06:28'),(343,'18:28:00','2016-01-31',315,2,1,8,11,3,NULL,124,34,0,0,0,0,0,16.00,3,1.00,0.00,0.00,1,1,1,1,0,0,0,NULL,337,569,'Crédito',0,0,'2016-02-05 02:07:09','2016-02-05 02:07:48'),(344,'09:02:00','2016-01-13',0,27,1,9,136,2,NULL,139,16,0,0,0,0,0,6700.00,0,0.00,0.00,0.00,0,0,1,1,0,0,0,NULL,338,571,'Crédito',0,0,'2016-02-05 02:10:44','2016-02-05 02:12:30'),(345,'05:48:00','2016-02-01',307,2,1,3,11,3,NULL,124,117,0,0,0,0,0,552.00,3,3.00,0.00,0.00,1,1,1,1,0,0,0,NULL,339,570,'Crédito',0,0,'2016-02-05 02:11:13','2016-02-05 02:12:00'),(346,'09:38:00','2016-02-01',310,2,1,3,217,3,NULL,124,115,0,0,0,0,0,38.00,3,1.00,0.00,0.00,1,1,1,1,0,0,0,NULL,340,572,'Crédito',0,0,'2016-02-05 02:13:32','2016-02-05 02:14:33'),(347,'09:00:00','2016-01-30',0,27,1,9,140,2,NULL,139,14,0,0,0,0,0,-43350.00,0,0.00,0.00,0.00,0,0,1,1,0,0,0,NULL,341,573,'Crédito',0,0,'2016-02-05 02:16:50','2016-02-05 02:17:19'),(348,'09:03:00','2016-01-31',0,21,1,9,231,2,NULL,139,10,0,0,0,0,0,4193.00,0,0.00,0.00,0.00,0,0,1,1,0,0,0,NULL,342,574,'Crédito',0,0,'2016-02-05 02:20:46','2016-02-05 02:21:18'),(349,'15:30:00','2016-01-13',0,130,1,4,232,1,NULL,191,0,0,0,0,0,0,40.00,0,0.00,0.00,0.00,1,0,1,1,0,0,0,NULL,343,575,'Contado',0,0,'2016-02-05 02:21:51','2016-02-05 02:22:55'),(350,'08:50:00','2016-02-01',0,27,1,9,140,2,NULL,139,19,0,0,0,0,0,2740.00,0,0.00,0.00,0.00,0,0,1,1,0,0,0,NULL,344,576,'Crédito',0,0,'2016-02-05 02:22:26','2016-02-05 02:23:03'),(351,'16:45:00','2016-01-13',0,79,1,25,171,1,NULL,162,0,0,0,0,0,0,89.00,0,0.00,0.00,0.00,1,0,1,1,0,0,0,NULL,345,578,'Contado',0,0,'2016-02-05 02:24:19','2016-02-05 02:24:56'),(352,'09:42:00','2016-02-01',0,20,1,9,138,2,NULL,139,19,0,0,0,0,0,7020.00,0,0.00,0.00,0.00,0,0,1,1,0,0,0,NULL,346,577,'Crédito',0,0,'2016-02-05 02:24:27','2016-02-05 02:24:55'),(353,'15:55:00','2016-02-01',2385,39,1,3,78,3,NULL,63,91,0,0,0,0,0,84.00,3,1.00,0.00,0.00,0,1,1,0,0,0,0,NULL,347,579,'Crédito',0,0,'2016-02-05 02:26:36','2016-02-05 02:28:01'),(354,'15:54:00','2016-01-13',2353,44,1,8,72,3,NULL,63,98,0,0,0,0,0,52.00,2,1.00,0.00,0.00,0,1,1,0,0,0,0,NULL,348,580,'Crédito',0,0,'2016-02-05 02:27:13','2016-02-05 02:29:00'),(355,'16:09:00','2016-02-01',2353,42,1,8,172,3,NULL,63,71,0,0,0,0,0,46.00,2,1.00,0.00,0.00,0,1,1,0,0,0,0,NULL,349,581,'Crédito',0,0,'2016-02-05 02:29:52','2016-02-05 02:30:18'),(356,'16:23:00','2016-01-13',2385,47,1,3,131,3,NULL,63,0,0,0,0,0,0,51.00,3,1.00,0.00,0.00,0,1,1,0,0,0,0,NULL,350,583,'Crédito',0,0,'2016-02-05 02:32:07','2016-02-05 02:33:13'),(357,'17:00:00','2016-02-01',971,16,1,4,40,3,NULL,40,66,0,0,0,0,0,45.00,2,1.00,0.00,0.00,1,1,1,1,0,0,0,NULL,351,582,'Crédito',0,0,'2016-02-05 02:32:37','2016-02-05 02:33:06'),(358,'16:42:00','2016-02-01',746,10,1,3,24,3,NULL,40,125,0,0,0,0,0,52.00,3,1.00,0.00,0.00,1,1,1,1,0,0,0,NULL,352,584,'Crédito',0,0,'2016-02-05 02:34:31','2016-02-05 02:35:13'),(359,'18:30:00','2016-01-13',0,131,1,72,233,1,NULL,17,0,0,0,0,0,0,4230.00,0,0.00,0.00,0.00,1,0,1,1,0,0,0,NULL,353,585,'Contado',0,0,'2016-02-05 02:44:46','2016-02-05 02:45:48'),(360,'16:55:00','2016-01-13',971,15,1,4,29,3,NULL,40,112,0,0,0,0,0,80.00,0,0.00,0.00,0.00,1,0,1,1,0,0,0,NULL,354,586,'Crédito',0,0,'2016-02-05 02:49:30','2016-02-05 02:50:09'),(361,'17:11:00','2016-01-13',746,10,1,3,50,3,NULL,40,134,0,0,0,0,0,44.00,3,1.00,0.00,0.00,1,1,1,1,0,0,0,NULL,355,587,'Crédito',0,0,'2016-02-05 02:51:30','2016-02-05 02:52:06'),(362,'17:12:00','2016-01-13',313,4,1,3,13,3,NULL,124,103,0,0,0,0,0,47.00,2,1.00,0.00,0.00,1,1,1,1,0,0,0,NULL,356,588,'Crédito',0,0,'2016-02-05 02:53:30','2016-02-05 02:54:01'),(363,'07:30:00','2016-01-14',0,25,1,5,191,1,NULL,24,5,0,0,0,0,0,2820.00,0,0.00,0.00,0.00,1,0,1,1,0,0,0,NULL,357,589,'Contado',0,0,'2016-02-05 17:32:05','2016-02-05 17:39:35'),(364,'07:30:00','2016-01-14',0,24,1,7,134,2,NULL,125,1,0,0,0,0,0,14130.00,0,0.00,0.00,0.00,0,0,1,1,0,0,0,NULL,358,590,'Crédito',0,0,'2016-02-05 17:37:24','2016-02-05 17:40:57'),(365,'08:00:00','2016-01-14',0,53,1,7,142,1,NULL,101,1,0,0,0,0,0,2460.00,0,0.00,0.00,0.00,0,0,1,1,0,0,0,NULL,359,591,'Contado',0,0,'2016-02-05 17:42:49','2016-02-05 17:43:36'),(366,'07:10:00','2016-01-14',345,54,1,3,106,3,NULL,13,142,0,0,0,0,0,25.00,2,1.00,0.00,0.00,1,1,1,1,0,0,0,NULL,360,592,'Crédito',0,0,'2016-02-05 17:45:18','2016-02-05 17:46:04'),(367,'05:50:00','2016-01-14',740,14,1,3,131,3,NULL,40,119,0,0,0,0,0,534.00,2,3.00,0.00,0.00,1,1,1,1,0,0,0,NULL,361,593,'Crédito',0,0,'2016-02-05 17:47:29','2016-02-05 17:48:05'),(368,'08:12:00','2016-01-14',0,86,1,3,181,1,NULL,22,6,0,0,0,0,0,2713.00,0,0.00,0.00,0.00,0,0,1,1,0,0,0,NULL,362,594,'Contado',0,0,'2016-02-05 17:49:09','2016-02-05 17:50:09'),(369,'11:15:00','2016-01-14',0,132,1,4,234,1,NULL,192,0,0,0,0,0,0,59.00,0,0.00,0.00,0.00,1,0,1,1,0,0,0,NULL,363,595,'Contado',0,0,'2016-02-05 17:56:38','2016-02-05 17:57:18'),(370,'12:00:00','2016-01-14',0,67,1,4,156,1,NULL,193,2,0,0,0,0,0,1140.00,0,0.00,0.00,0.00,1,0,1,1,0,0,0,NULL,364,596,'Contado',0,0,'2016-02-05 18:03:02','2016-02-05 18:04:43'),(371,'13:00:00','2016-01-14',0,130,1,3,232,1,NULL,191,1,0,0,0,0,0,1140.00,0,0.00,0.00,0.00,1,0,1,1,0,0,0,NULL,365,597,'Contado',0,0,'2016-02-05 18:11:23','2016-02-05 18:17:02'),(372,'06:17:00','2016-01-14',307,3,1,3,13,3,NULL,124,116,0,0,0,0,0,611.00,3,4.00,0.00,0.00,1,1,1,1,0,0,0,NULL,366,598,'Crédito',0,0,'2016-02-05 18:23:38','2016-02-05 18:24:42'),(373,'10:24:00','2016-01-14',310,4,1,3,198,3,NULL,124,111,0,0,0,0,0,54.00,3,1.00,0.00,0.00,1,1,1,1,0,0,0,NULL,367,599,'Crédito',0,0,'2016-02-05 18:27:32','2016-02-05 18:28:25'),(374,'10:00:00','2016-01-14',970,15,1,8,22,3,NULL,40,88,0,0,0,0,0,30.00,2,1.00,0.00,0.00,1,1,1,1,0,0,0,NULL,368,600,'Crédito',0,0,'2016-02-05 18:29:46','2016-02-05 18:30:25'),(375,'07:45:00','2016-01-14',0,28,1,9,139,2,NULL,139,0,0,0,0,0,0,1185.00,0,0.00,0.00,0.00,0,0,1,1,0,0,0,NULL,369,601,'Crédito',0,0,'2016-02-05 18:31:37','2016-02-05 18:32:13'),(376,'09:05:00','2016-01-14',0,27,1,9,140,2,NULL,139,18,0,0,0,0,0,1291.00,0,0.00,0.00,0.00,0,0,1,1,0,0,0,NULL,370,602,'Crédito',0,0,'2016-02-05 18:33:27','2016-02-05 18:34:04'),(377,'16:15:00','2016-01-14',0,76,1,5,168,1,NULL,160,2,0,0,0,0,0,3201.00,0,0.00,0.00,0.00,1,0,1,1,0,0,0,NULL,371,603,'Contado',0,0,'2016-02-05 18:35:09','2016-02-05 18:35:47'),(378,'17:15:00','2016-01-14',0,130,1,3,232,1,NULL,191,6,0,0,0,0,0,60.00,0,0.00,0.00,0.00,1,0,1,1,0,0,0,NULL,372,604,'Contado',0,0,'2016-02-05 18:36:50','2016-02-05 18:37:48'),(379,'15:44:00','2016-01-14',2385,39,1,3,81,3,NULL,63,80,0,0,0,0,0,71.00,3,1.00,0.00,0.00,0,1,1,0,0,0,0,NULL,373,605,'Crédito',0,0,'2016-02-05 18:44:29','2016-02-05 18:45:25'),(380,'16:00:00','2016-01-14',2353,43,1,8,79,3,NULL,63,92,0,0,0,0,0,56.00,2,1.00,0.00,0.00,0,1,1,0,0,0,0,NULL,374,606,'Crédito',0,0,'2016-02-05 18:47:59','2016-02-05 18:48:43'),(381,'18:10:00','2016-01-14',0,87,1,3,182,1,NULL,167,3,0,0,0,0,0,50.00,0,0.00,0.00,0.00,1,0,1,1,0,0,0,NULL,375,607,'Contado',0,0,'2016-02-05 18:53:06','2016-02-05 18:53:44'),(382,'10:23:00','2016-01-14',0,93,1,32,221,1,NULL,12,0,0,0,0,0,0,86.00,0,0.00,0.00,0.00,1,0,1,1,0,0,0,NULL,376,608,'Crédito',0,0,'2016-02-05 18:55:31','2016-02-05 18:56:23'),(383,'18:00:00','2016-01-14',0,23,1,24,202,1,NULL,181,4,0,0,0,0,0,4420.00,0,0.00,0.00,0.00,1,0,1,1,0,0,0,NULL,377,609,'Contado',0,0,'2016-02-05 18:59:34','2016-02-05 19:02:49'),(384,'19:30:00','2016-01-14',0,133,1,5,235,1,NULL,194,0,0,0,0,0,0,42.00,0,0.00,0.00,0.00,1,0,1,1,0,0,0,NULL,378,610,'Contado',0,0,'2016-02-05 19:08:16','2016-02-05 19:09:00'),(385,'20:10:00','2016-01-14',0,76,1,5,168,1,NULL,160,0,0,0,0,0,0,42.00,0,0.00,0.00,0.00,1,0,1,1,0,0,0,NULL,379,611,'Contado',0,0,'2016-02-05 19:10:29','2016-02-05 19:11:07'),(386,'16:28:00','2016-01-14',971,15,1,4,18,3,NULL,40,104,0,0,0,0,0,46.00,3,1.00,0.00,0.00,1,1,1,1,0,0,0,NULL,380,612,'Crédito',0,0,'2016-02-05 19:12:29','2016-02-05 19:12:59'),(387,'16:44:00','2016-01-14',746,16,1,3,31,3,NULL,40,129,0,0,0,0,0,36.00,2,1.00,0.00,0.00,1,1,1,1,0,0,0,NULL,381,613,'Crédito',0,0,'2016-02-05 19:14:14','2016-02-05 19:14:53'),(388,'07:00:00','2016-01-15',0,56,1,5,144,1,NULL,150,2,0,0,0,0,0,2370.00,0,0.00,0.00,0.00,1,0,1,1,0,0,0,NULL,382,614,'Contado',0,0,'2016-02-06 00:19:41','2016-02-06 00:32:47'),(389,'04:45:00','2016-01-15',740,14,1,3,51,3,NULL,40,124,0,0,0,0,0,480.00,0,0.00,0.00,0.00,1,0,1,1,0,0,0,NULL,383,615,'Crédito',0,0,'2016-02-06 00:35:53','2016-02-06 00:38:42'),(390,'05:20:00','2016-01-11',802,96,1,4,236,3,NULL,45,108,0,0,0,0,0,420.00,2,2.00,0.00,0.00,1,1,1,1,0,0,0,NULL,384,616,'Crédito',0,0,'2016-02-06 00:41:11','2016-02-06 00:42:49'),(391,'06:10:00','2016-01-12',802,96,1,4,164,3,NULL,45,81,0,0,0,0,0,460.00,0,0.00,0.00,0.00,1,0,1,1,0,0,0,NULL,385,617,'Crédito',0,0,'2016-02-06 00:44:11','2016-02-06 00:45:13'),(392,'06:00:00','2016-01-13',802,96,1,4,57,3,NULL,45,67,0,0,0,0,0,460.00,2,2.00,0.00,0.00,1,1,1,1,0,0,0,NULL,386,618,'Crédito',0,0,'2016-02-06 00:46:28','2016-02-06 00:47:23'),(393,'06:00:00','2016-01-14',802,96,1,8,237,3,NULL,45,55,0,0,0,0,0,455.00,0,0.00,0.00,0.00,1,0,1,1,0,0,0,NULL,387,619,'Crédito',0,0,'2016-02-06 00:55:27','2016-02-06 00:56:16'),(394,'09:00:00','2016-01-15',0,53,1,7,218,1,NULL,101,0,0,0,0,0,0,1085.00,0,0.00,0.00,0.00,0,0,1,1,0,0,0,NULL,388,620,'Contado',0,0,'2016-02-06 00:57:49','2016-02-06 00:58:30'),(395,'06:00:00','2016-01-15',802,96,1,4,215,3,NULL,45,105,0,0,0,0,0,515.00,2,2.00,0.00,0.00,1,1,1,1,0,0,0,NULL,389,621,'Crédito',0,0,'2016-02-06 01:04:19','2016-02-06 01:05:07'),(396,'20:54:00','2016-01-14',351,5,1,3,108,3,NULL,13,89,0,0,0,0,0,30.00,2,1.00,0.00,0.00,1,1,1,1,0,0,0,NULL,390,622,'Crédito',0,0,'2016-02-06 01:06:30','2016-02-06 01:07:44'),(397,'07:05:00','2016-01-15',345,6,1,3,116,3,NULL,13,97,0,0,0,0,0,26.00,2,1.00,0.00,0.00,1,1,1,1,0,0,0,NULL,391,623,'Crédito',0,0,'2016-02-06 01:09:01','2016-02-06 01:09:39'),(398,'09:45:00','2016-01-15',0,107,1,53,207,1,NULL,177,1,0,0,0,0,0,35.00,0,0.00,0.00,0.00,1,0,1,1,0,0,0,NULL,392,624,'Contado',0,0,'2016-02-06 01:10:48','2016-02-06 01:11:35'),(399,'10:00:00','2016-01-15',0,67,1,4,156,1,NULL,193,7,0,0,0,0,0,1243.00,0,0.00,0.00,0.00,1,0,1,1,0,0,0,NULL,393,625,'Contado',0,0,'2016-02-06 01:12:45','2016-02-06 01:17:49'),(400,'16:00:00','2016-01-15',0,84,1,5,238,1,NULL,99,5,0,0,0,0,0,454.00,0,0.00,0.00,0.00,1,0,1,1,0,0,0,NULL,394,626,'Contado',0,0,'2016-02-06 01:22:35','2016-02-06 01:23:17'),(401,'09:15:00','2016-01-15',0,27,1,9,135,2,NULL,139,19,0,0,0,0,0,1325.00,0,0.00,0.00,0.00,0,0,1,1,0,0,0,NULL,395,627,'Crédito',0,0,'2016-02-06 01:30:39','2016-02-06 01:31:34'),(402,'13:00:00','2016-01-15',0,134,1,4,239,1,NULL,195,1,0,0,0,0,0,1337.00,0,0.00,0.00,0.00,1,0,1,1,0,0,0,NULL,396,628,'Contado',0,0,'2016-02-06 01:37:51','2016-02-06 01:38:38'),(404,'14:30:00','2016-01-15',0,135,1,5,240,1,NULL,196,4,0,0,0,0,0,409.00,0,0.00,0.00,0.00,1,0,1,1,0,0,0,NULL,396,629,'Contado',0,0,'2016-02-06 02:36:19','2016-02-06 02:37:44'),(405,'14:30:00','2016-01-15',0,136,1,11,241,1,NULL,197,0,0,0,0,0,0,35.00,0,0.00,0.00,0.00,1,0,1,1,0,0,0,NULL,397,630,'Contado',0,0,'2016-02-06 02:45:33','2016-02-06 02:46:35'),(406,'17:14:00','2016-01-14',313,4,1,3,11,3,NULL,124,94,0,0,0,0,0,34.00,3,1.00,0.00,0.00,1,1,1,1,0,0,0,NULL,398,631,'Crédito',0,0,'2016-02-06 02:49:45','2016-02-06 02:50:35'),(407,'05:45:00','2016-01-15',307,2,1,3,11,3,NULL,124,88,0,0,0,0,0,572.00,3,3.00,0.00,0.00,1,1,1,1,0,0,0,NULL,399,632,'Crédito',0,0,'2016-02-06 02:52:10','2016-02-06 02:53:34'),(408,'09:35:00','2016-01-15',310,3,1,3,198,3,NULL,124,113,0,0,0,0,0,35.00,3,1.00,0.00,0.00,1,1,1,1,0,0,0,NULL,400,633,'Crédito',0,0,'2016-02-06 02:54:52','2016-02-06 02:55:48'),(409,'16:06:00','2016-01-15',2385,47,1,3,67,3,NULL,63,73,0,0,0,0,0,80.00,3,1.00,0.00,0.00,0,1,1,0,0,0,0,NULL,401,634,'Crédito',0,0,'2016-02-06 03:12:07','2016-02-06 03:13:58'),(410,'15:50:00','2016-01-15',2353,45,1,8,242,3,NULL,63,86,0,0,0,0,0,49.00,2,1.00,0.00,0.00,0,1,1,0,0,0,0,NULL,402,635,'Crédito',0,0,'2016-02-06 03:20:03','2016-02-06 03:20:42'),(411,'10:15:00','2016-01-15',970,15,1,8,24,3,NULL,40,97,0,0,0,0,0,28.00,2,1.00,0.00,0.00,1,1,1,1,0,0,0,NULL,403,636,'Crédito',0,0,'2016-02-06 03:23:00','2016-02-06 03:23:46'),(412,'16:22:00','2016-01-15',971,15,1,4,162,3,NULL,40,131,0,0,0,0,0,52.00,0,0.00,0.00,0.00,1,0,1,1,0,0,0,NULL,404,637,'Crédito',0,0,'2016-02-06 03:25:02','2016-02-06 03:27:55'),(413,'16:50:00','2016-01-15',746,16,1,3,6,3,NULL,40,129,0,0,0,0,0,45.00,2,1.00,0.00,0.00,1,1,1,1,0,0,0,NULL,405,638,'Crédito',0,0,'2016-02-06 03:29:45','2016-02-06 03:30:28'),(414,'08:00:00','2016-01-16',0,59,1,19,149,1,NULL,106,6,0,0,0,0,0,3915.00,0,0.00,0.00,0.00,0,0,1,1,0,0,0,NULL,406,639,'Contado',0,0,'2016-02-06 22:52:55','2016-02-06 22:53:39'),(415,'20:55:00','2016-01-15',351,5,1,3,108,3,NULL,13,37,0,0,0,0,0,24.00,2,1.00,0.00,0.00,1,1,1,1,0,0,0,NULL,407,640,'Crédito',0,0,'2016-02-06 22:56:21','2016-02-06 22:57:02'),(416,'07:10:00','2016-01-16',345,6,1,3,106,3,NULL,13,86,0,0,0,0,0,19.00,2,1.00,0.00,0.00,1,1,1,1,0,0,0,NULL,408,641,'Crédito',0,0,'2016-02-06 23:41:59','2016-02-06 23:42:43'),(417,'05:40:00','2016-01-16',740,14,1,3,50,3,NULL,40,116,0,0,0,0,0,535.00,3,2.00,0.00,0.00,1,1,1,1,0,0,0,NULL,409,642,'Crédito',0,0,'2016-02-06 23:45:17','2016-02-06 23:46:28'),(418,'09:30:00','2016-01-16',0,53,1,7,218,1,NULL,101,1,0,0,0,0,0,1300.00,0,0.00,0.00,0.00,0,0,1,1,0,0,0,NULL,410,643,'Contado',0,0,'2016-02-06 23:48:02','2016-02-06 23:48:59'),(419,'10:30:00','2016-01-16',0,137,1,18,243,1,NULL,198,0,0,0,0,0,0,1460.00,0,0.00,0.00,0.00,1,0,1,1,0,0,0,NULL,411,644,'Contado',0,0,'2016-02-06 23:54:51','2016-02-06 23:56:30'),(420,'16:00:00','2016-01-16',0,138,1,5,244,1,NULL,174,2,0,0,0,0,0,384.00,0,0.00,0.00,0.00,1,0,1,1,0,0,0,NULL,412,645,'Contado',0,0,'2016-02-07 00:00:58','2016-02-07 00:01:38'),(421,'09:50:00','2016-01-16',970,15,1,8,45,3,NULL,40,60,0,0,0,0,0,29.00,2,1.00,0.00,0.00,1,1,1,1,0,0,0,NULL,413,646,'Crédito',0,0,'2016-02-07 00:03:26','2016-02-07 00:04:03'),(422,'12:00:00','2016-01-16',0,56,1,4,144,1,NULL,150,1,0,0,0,0,0,1360.00,0,0.00,0.00,0.00,0,0,1,1,0,0,0,NULL,414,647,'Contado',0,0,'2016-02-07 00:08:17','2016-02-07 00:09:08'),(423,'12:30:00','2016-01-16',0,95,1,11,212,1,NULL,178,0,0,0,0,0,0,56.00,0,0.00,0.00,0.00,1,0,1,1,0,0,0,NULL,415,648,'Contado',0,0,'2016-02-07 00:11:24','2016-02-07 00:12:13'),(425,'16:00:00','2016-01-16',746,14,1,3,131,3,NULL,40,112,0,0,0,0,0,0.00,3,1.00,0.00,0.00,1,1,1,1,0,0,0,NULL,417,649,'Crédito',0,0,'2016-02-07 00:58:56','2016-02-07 00:59:37'),(426,'16:55:00','2016-01-16',971,10,1,4,147,3,NULL,40,110,0,0,14,0,0,36.00,2,1.00,0.00,0.00,1,1,1,1,0,0,0,NULL,418,650,'Crédito',0,0,'2016-02-07 01:01:27','2016-02-07 01:02:23'),(427,'17:15:00','2016-01-15',313,3,1,3,7,3,NULL,124,106,0,0,0,0,0,37.00,3,1.00,0.00,0.00,1,1,1,1,0,0,0,NULL,419,651,'Crédito',0,0,'2016-02-07 01:04:30','2016-02-07 01:05:16'),(429,'18:51:00','2016-01-15',315,2,1,8,13,3,NULL,124,97,0,0,0,0,0,31.00,3,1.00,0.00,0.00,1,1,1,1,0,0,0,NULL,420,652,'Crédito',0,0,'2016-02-07 01:08:20','2016-02-07 01:08:54'),(430,'06:00:00','2016-01-16',307,2,1,3,13,3,NULL,124,55,0,0,0,0,0,550.00,0,0.00,0.00,0.00,1,0,1,1,0,0,0,NULL,421,653,'Crédito',0,0,'2016-02-07 01:10:08','2016-02-07 01:10:55'),(431,'10:30:00','2016-01-16',310,4,1,3,12,3,NULL,124,102,0,0,0,0,0,55.00,3,1.00,0.00,0.00,1,1,1,1,0,0,0,NULL,422,654,'Crédito',0,0,'2016-02-07 01:12:22','2016-02-07 01:13:03'),(432,'16:15:00','2016-01-16',2385,45,1,3,85,3,NULL,63,87,0,0,0,0,0,60.00,2,1.00,0.00,0.00,0,1,1,0,0,0,0,NULL,423,655,'Crédito',0,0,'2016-02-07 01:15:33','2016-02-07 01:16:09'),(433,'15:55:00','2016-01-16',2353,39,1,8,100,3,NULL,63,76,0,0,0,0,0,54.00,3,1.00,0.00,0.00,0,1,1,0,0,0,0,NULL,424,656,'Crédito',0,0,'2016-02-07 01:17:36','2016-02-07 01:18:12'),(434,'08:30:00','2016-01-17',0,99,1,26,197,1,NULL,116,4,0,0,0,0,0,2524.00,0,0.00,0.00,0.00,0,0,1,1,0,0,0,NULL,425,657,'Contado',0,0,'2016-02-07 01:25:13','2016-02-07 01:25:44'),(435,'09:22:00','2016-01-17',0,24,1,7,246,2,NULL,125,3,0,0,0,0,0,1222.00,0,0.00,0.00,0.00,0,0,1,1,0,0,0,NULL,426,658,'Crédito',0,0,'2016-02-07 01:28:11','2016-02-07 01:28:47'),(436,'10:40:00','2016-01-17',0,97,1,11,192,1,NULL,54,1,0,0,0,0,0,4242.00,0,0.00,0.00,0.00,0,0,1,1,0,0,0,NULL,427,659,'Contado',0,0,'2016-02-07 01:30:17','2016-02-07 01:31:00'),(437,'06:37:00','2016-01-17',742,16,1,3,31,3,NULL,40,105,0,0,0,0,0,612.00,2,2.00,0.00,0.00,1,1,1,1,0,0,0,NULL,428,660,'Crédito',0,0,'2016-02-07 01:32:57','2016-02-07 01:33:39'),(438,'10:10:00','2016-01-17',970,10,1,8,51,3,NULL,40,62,0,0,0,0,0,45.00,2,1.00,0.00,0.00,1,1,1,1,0,0,0,NULL,429,661,'Crédito',0,0,'2016-02-07 01:36:02','2016-02-07 01:36:40'),(439,'06:10:00','2016-01-17',307,3,1,3,217,3,NULL,124,85,0,0,0,0,0,710.00,3,3.00,0.00,0.00,1,1,1,1,0,0,0,NULL,430,662,'Crédito',0,0,'2016-02-07 01:38:03','2016-02-07 01:38:39'),(440,'10:42:00','2016-01-17',310,4,1,3,198,3,NULL,124,113,0,0,0,0,0,50.00,3,1.00,0.00,0.00,1,1,1,1,0,0,0,NULL,431,663,'Crédito',0,0,'2016-02-07 01:58:37','2016-02-07 01:59:13'),(441,'15:00:00','2016-01-17',0,121,1,5,223,1,NULL,17,0,0,0,0,0,0,98.00,0,0.00,0.00,0.00,1,0,1,1,0,0,0,NULL,432,664,'Contado',0,0,'2016-02-07 02:01:31','2016-02-07 02:02:05'),(442,'17:00:00','2016-01-17',0,59,1,3,149,1,NULL,106,1,0,0,0,0,0,1285.00,0,0.00,0.00,0.00,0,0,1,1,0,0,0,NULL,433,665,'Contado',0,0,'2016-02-07 02:10:00','2016-02-07 02:10:53'),(443,'15:41:00','2016-01-17',2385,44,1,3,92,3,NULL,63,95,0,0,0,0,0,64.00,3,1.00,0.00,0.00,0,1,1,0,0,0,0,NULL,434,666,'Crédito',0,0,'2016-02-07 02:12:48','2016-02-07 02:13:21'),(444,'15:36:00','2016-01-17',2353,45,1,8,100,3,NULL,63,93,0,0,0,0,0,52.00,2,1.00,0.00,0.00,0,1,1,0,0,0,0,NULL,435,667,'Crédito',0,0,'2016-02-07 02:15:45','2016-02-07 02:16:38'),(445,'17:30:00','2016-01-17',0,140,1,5,247,1,NULL,199,0,0,0,0,0,0,97.00,0,0.00,0.00,0.00,1,0,1,1,0,0,0,NULL,436,668,'Contado',0,0,'2016-02-07 02:39:46','2016-02-07 02:40:13'),(446,'17:30:00','2016-01-17',0,141,1,24,248,1,NULL,200,2,0,0,0,0,0,120.00,0,0.00,0.00,0.00,1,0,1,1,0,0,0,NULL,437,669,'Contado',0,0,'2016-02-07 02:44:14','2016-02-07 02:44:43'),(447,'16:20:00','2016-01-17',971,15,1,4,161,3,NULL,40,107,0,0,0,0,0,36.00,3,1.00,0.00,0.00,1,1,1,1,0,0,0,NULL,438,670,'Crédito',0,0,'2016-02-07 02:46:09','2016-02-07 02:46:50'),(448,'16:48:00','2016-01-17',746,16,1,3,131,3,NULL,40,132,0,0,0,0,0,44.00,2,1.00,0.00,0.00,1,1,1,1,0,0,0,NULL,439,671,'Crédito',0,0,'2016-02-07 02:48:13','2016-02-07 02:48:42'),(449,'09:00:00','2016-01-18',0,24,1,7,246,2,NULL,125,0,0,0,0,0,0,1140.00,0,0.00,0.00,0.00,0,0,1,1,0,0,0,NULL,440,672,'Crédito',0,0,'2016-02-07 02:51:17','2016-02-07 02:51:53'),(450,'08:30:00','2016-01-18',0,53,1,7,218,1,NULL,101,0,0,0,0,0,0,2460.00,0,0.00,0.00,0.00,0,0,1,1,0,0,0,NULL,441,673,'Contado',0,0,'2016-02-07 02:55:47','2016-02-07 02:56:30'),(451,'05:41:00','2016-01-18',740,14,1,3,6,3,NULL,40,129,0,0,0,0,0,531.00,2,2.00,0.00,0.00,1,1,1,1,0,0,0,NULL,442,674,'Crédito',0,0,'2016-02-07 02:58:28','2016-02-07 02:58:55'),(452,'08:30:00','2016-01-18',0,86,1,1,181,1,NULL,22,2,0,0,0,0,0,5321.00,0,0.00,0.00,0.00,0,0,1,1,0,0,0,NULL,443,675,'Contado',0,0,'2016-02-07 03:00:06','2016-02-07 03:01:42'),(453,'20:20:00','2016-01-17',351,5,1,3,113,3,NULL,13,100,0,0,0,0,0,22.00,2,1.00,0.00,0.00,1,1,1,1,0,0,0,NULL,444,676,'Crédito',0,0,'2016-02-07 03:04:38','2016-02-07 03:05:36'),(454,'07:30:00','2016-01-18',345,125,1,3,249,2,NULL,13,135,0,0,0,0,0,31.00,2,1.00,0.00,0.00,1,1,1,1,0,0,0,NULL,445,677,'Crédito',0,0,'2016-02-07 03:07:54','2016-02-07 03:10:02'),(455,'15:00:00','2016-01-18',0,142,1,5,250,1,NULL,201,5,0,0,0,0,0,303.00,0,0.00,0.00,0.00,1,0,1,1,0,0,0,NULL,446,678,'Contado',0,0,'2016-02-07 03:15:53','2016-02-07 03:16:29'),(456,'15:00:00','2016-01-18',0,143,1,5,214,1,NULL,202,7,0,0,0,0,0,295.00,0,0.00,0.00,0.00,1,0,1,1,0,0,0,NULL,447,679,'Contado',0,0,'2016-02-07 03:20:35','2016-02-07 03:21:30'),(457,'18:45:00','2016-01-17',315,3,1,8,11,3,NULL,124,54,0,0,0,0,0,35.00,3,1.00,0.00,0.00,1,1,1,1,0,0,0,NULL,448,680,'Crédito',0,0,'2016-02-07 03:22:57','2016-02-07 03:23:36'),(458,'05:51:00','2016-01-18',307,3,1,3,11,3,NULL,124,114,0,0,0,0,0,541.00,3,4.00,0.00,0.00,1,1,1,1,0,0,0,NULL,449,681,'Crédito',0,0,'2016-02-07 03:28:11','2016-02-07 03:28:51'),(459,'12:00:00','2016-01-18',0,128,1,18,228,1,NULL,32,1,0,0,0,0,0,36238.00,0,0.00,0.00,0.00,0,0,1,1,0,0,0,NULL,450,682,'Contado',0,0,'2016-02-07 03:30:22','2016-02-07 03:31:13'),(460,'15:00:00','2016-01-18',0,144,1,5,251,1,NULL,203,9,0,0,0,0,0,1089.00,0,0.00,0.00,0.00,1,0,1,1,0,0,0,NULL,451,683,'Contado',0,0,'2016-02-07 03:38:21','2016-02-07 03:40:24'),(461,'10:17:00','2016-01-18',310,4,1,3,217,3,NULL,124,109,0,0,0,0,0,45.00,3,1.00,0.00,0.00,1,1,1,1,0,0,0,NULL,452,684,'Crédito',0,0,'2016-02-07 04:43:07','2016-02-07 04:43:42'),(462,'09:44:00','2016-01-18',970,15,1,8,38,3,NULL,40,32,0,0,0,0,0,34.00,2,1.00,0.00,0.00,1,1,1,1,0,0,0,NULL,453,685,'Crédito',0,0,'2016-02-07 04:45:11','2016-02-07 04:46:14'),(463,'15:30:00','2016-01-18',0,67,1,3,156,1,NULL,193,0,0,0,0,0,0,2940.00,0,0.00,0.00,0.00,1,0,1,1,0,0,0,NULL,454,686,'Contado',0,0,'2016-02-07 04:47:46','2016-02-07 04:51:31'),(464,'06:30:00','2016-01-16',802,96,1,4,57,3,NULL,45,33,0,0,0,0,0,345.00,2,2.00,0.00,0.00,1,1,1,1,0,1,0,NULL,455,687,'Crédito',0,0,'2016-02-07 04:53:31','2016-02-07 05:05:45'),(465,'16:45:00','2016-01-18',0,145,1,73,166,2,NULL,54,0,0,0,0,0,0,77835.00,0,0.00,0.00,0.00,0,0,1,1,0,0,0,NULL,456,688,'Contado',0,0,'2016-02-07 05:14:35','2016-02-07 05:15:34'),(466,'09:08:00','2016-01-16',0,27,1,9,135,2,NULL,139,19,0,0,0,0,0,1318.00,0,0.00,0.00,0.00,0,0,1,1,0,0,0,NULL,457,689,'Crédito',0,0,'2016-02-07 05:19:32','2016-02-07 05:20:18'),(467,'09:05:00','2016-01-16',0,21,1,9,231,2,NULL,139,2,0,0,0,0,0,5575.00,0,0.00,0.00,0.00,0,0,1,1,0,0,0,NULL,458,690,'Crédito',0,0,'2016-02-07 05:22:00','2016-02-07 05:22:48'),(468,'09:21:00','2016-01-17',0,27,1,9,138,2,NULL,139,19,0,0,0,0,0,1323.00,0,0.00,0.00,0.00,0,0,1,1,0,0,0,NULL,459,691,'Crédito',0,0,'2016-02-07 05:24:12','2016-02-07 05:25:06'),(469,'09:32:00','2016-01-17',0,21,1,9,231,2,NULL,139,8,0,0,0,0,0,1312.00,0,0.00,0.00,0.00,0,0,1,1,0,0,0,NULL,460,692,'Crédito',0,0,'2016-02-07 05:26:53','2016-02-07 05:28:45'),(470,'09:10:00','2016-01-18',0,27,1,9,136,2,NULL,139,9,0,0,0,0,0,1295.00,0,0.00,0.00,0.00,0,0,1,1,0,0,0,NULL,461,693,'Crédito',0,0,'2016-02-07 05:35:04','2016-02-07 05:36:11'),(471,'15:58:00','2016-01-18',971,15,1,4,18,3,NULL,40,83,0,0,0,0,0,34.00,0,0.00,0.00,0.00,1,0,1,1,0,0,0,NULL,462,694,'Crédito',0,0,'2016-02-07 05:38:09','2016-02-07 05:38:53'),(472,'16:53:00','2016-01-18',746,10,1,3,29,3,NULL,40,112,0,0,0,0,0,47.00,3,1.00,0.00,0.00,1,1,1,1,0,0,0,NULL,463,695,'Crédito',0,0,'2016-02-07 05:42:41','2016-02-07 05:43:21'),(473,'15:42:00','2016-01-18',2385,47,1,3,63,3,NULL,63,88,0,0,0,0,0,57.00,3,1.00,0.00,0.00,0,1,1,0,0,0,0,NULL,464,696,'Crédito',0,0,'2016-02-07 05:45:10','2016-02-07 05:45:44'),(474,'16:05:00','2016-01-18',2353,49,1,8,89,3,NULL,63,93,0,0,0,0,0,55.00,2,1.00,0.00,0.00,0,1,1,0,0,0,0,NULL,465,697,'Crédito',0,0,'2016-02-07 05:47:17','2016-02-07 05:47:50'),(475,'19:15:00','2016-01-18',0,76,1,5,168,1,NULL,160,0,0,0,0,0,0,50.00,0,0.00,0.00,0.00,1,0,1,1,0,0,0,NULL,466,698,'Contado',0,0,'2016-02-07 05:48:54','2016-02-07 05:49:35'),(476,'05:45:00','2016-02-02',802,115,1,4,253,3,NULL,45,0,0,0,0,0,0,505.00,0,0.00,0.00,0.00,1,0,1,1,0,0,0,NULL,467,699,'Crédito',0,0,'2016-02-07 15:51:38','2016-02-07 15:52:47'),(477,'08:00:00','2016-02-02',0,55,1,11,143,1,NULL,54,0,0,0,0,0,0,4101.00,0,0.00,0.00,0.00,0,0,1,1,0,0,0,NULL,468,700,'Contado',0,0,'2016-02-07 15:58:06','2016-02-07 15:58:49'),(478,'10:30:00','2016-02-02',0,134,1,4,239,1,NULL,195,2,0,0,0,0,0,944.00,0,0.00,0.00,0.00,1,0,1,1,0,0,0,NULL,469,701,'Contado',0,0,'2016-02-07 16:21:38','2016-02-07 16:22:16'),(479,'08:35:00','2016-02-02',0,146,1,49,254,2,NULL,12,0,0,0,0,0,0,27.00,0,0.00,0.00,0.00,1,0,1,1,0,0,0,NULL,470,702,'Crédito',0,0,'2016-02-07 16:26:44','2016-02-07 16:27:27'),(480,'08:02:00','2016-02-02',345,54,1,3,110,3,NULL,13,131,0,0,0,0,0,37.00,2,1.00,0.00,0.00,1,1,1,1,0,0,0,NULL,471,703,'Crédito',0,0,'2016-02-07 16:29:38','2016-02-07 16:30:05'),(481,'11:30:00','2016-02-02',0,147,1,5,255,1,NULL,204,0,0,0,0,0,0,60.00,0,0.00,0.00,0.00,1,0,1,1,0,0,0,NULL,472,704,'Contado',0,0,'2016-02-07 16:37:06','2016-02-07 16:37:31'),(482,'17:20:00','2016-02-01',313,2,1,3,198,3,NULL,124,111,0,0,0,0,0,36.00,0,0.00,0.00,0.00,1,0,1,1,0,0,0,NULL,473,705,'Crédito',0,0,'2016-02-07 16:39:32','2016-02-07 16:40:31'),(483,'05:54:00','2016-02-02',307,2,1,3,198,3,NULL,124,110,0,0,0,0,0,550.00,3,2.00,0.00,0.00,1,1,1,1,0,0,0,NULL,474,706,'Crédito',0,0,'2016-02-07 16:43:49','2016-02-07 16:44:34'),(484,'09:44:00','2016-02-02',310,2,1,3,198,3,NULL,124,112,0,0,0,0,0,43.00,3,1.00,0.00,0.00,1,1,1,1,0,0,0,NULL,475,707,'Crédito',0,0,'2016-02-07 16:46:35','2016-02-07 16:47:11'),(485,'13:00:00','2016-02-02',0,128,1,31,228,1,NULL,32,2,0,0,0,0,0,105.00,0,0.00,0.00,0.00,1,0,1,1,0,0,0,NULL,476,708,'Contado',0,0,'2016-02-07 16:48:41','2016-02-07 16:49:05'),(486,'12:35:00','2016-02-02',0,88,1,5,256,1,NULL,121,0,0,0,0,0,0,49.00,0,0.00,0.00,0.00,1,0,1,1,0,0,0,NULL,477,709,'Contado',0,0,'2016-02-07 16:52:43','2016-02-07 16:53:12'),(487,'12:17:00','2016-02-02',0,146,1,3,254,2,NULL,12,0,0,0,0,0,0,42.00,0,0.00,0.00,0.00,1,0,1,1,0,0,0,NULL,478,710,'Crédito',0,0,'2016-02-07 16:54:34','2016-02-07 16:55:14'),(488,'09:13:00','2016-02-02',0,28,1,9,231,2,NULL,139,8,0,0,0,0,0,7059.00,0,0.00,0.00,0.00,0,0,1,1,0,0,0,NULL,479,711,'Crédito',0,0,'2016-02-07 16:58:31','2016-02-07 16:59:45'),(489,'22:10:00','2016-02-02',0,148,1,3,257,1,NULL,84,0,0,0,0,0,0,45.00,0,0.00,0.00,0.00,1,0,1,1,0,0,0,NULL,480,712,'Contado',0,0,'2016-02-07 17:04:05','2016-02-07 17:05:04'),(490,'05:40:00','2016-02-02',740,10,1,3,21,3,NULL,40,124,0,0,0,0,0,525.00,2,2.00,0.00,0.00,1,1,1,1,0,0,0,NULL,481,713,'Crédito',0,0,'2016-02-07 17:08:26','2016-02-07 17:08:56'),(491,'10:52:00','2016-02-02',970,16,1,8,22,3,NULL,40,39,0,0,0,0,0,32.00,2,1.00,0.00,0.00,1,1,1,1,0,0,0,NULL,482,714,'Crédito',0,0,'2016-02-07 17:10:58','2016-02-07 17:11:48'),(492,'17:02:00','2016-02-02',971,15,1,4,147,3,NULL,40,74,0,0,0,0,0,42.00,2,1.00,0.00,0.00,1,1,1,1,0,0,0,NULL,483,715,'Crédito',0,0,'2016-02-07 17:15:45','2016-02-07 17:16:08'),(493,'17:35:00','2016-02-02',746,16,1,3,24,3,NULL,40,89,0,0,0,0,0,35.00,0,0.00,0.00,0.00,1,0,1,1,0,0,0,NULL,484,716,'Crédito',0,0,'2016-02-07 17:18:02','2016-02-07 17:18:33'),(494,'06:40:00','2016-02-03',802,115,1,4,30,3,NULL,45,48,0,0,0,0,0,545.00,0,0.00,0.00,0.00,1,0,1,1,0,0,0,NULL,485,717,'Crédito',0,0,'2016-02-07 17:34:27','2016-02-07 17:35:34'),(495,'08:00:00','2016-02-03',0,105,1,8,205,1,NULL,6,0,0,0,0,0,0,31393.00,0,0.00,0.00,0.00,0,0,1,1,0,0,0,NULL,486,718,'Contado',0,0,'2016-02-07 17:38:32','2016-02-07 17:40:20'),(496,'07:30:00','2016-02-03',0,149,1,74,258,2,NULL,125,3,0,0,0,0,0,5510.00,0,0.00,0.00,0.00,0,0,1,1,0,0,0,NULL,487,719,'Crédito',0,0,'2016-02-07 17:52:38','2016-02-07 17:53:13'),(497,'10:30:00','2016-02-03',0,25,1,5,191,1,NULL,24,4,0,0,0,0,0,1594.00,0,0.00,0.00,0.00,1,0,1,1,0,0,0,NULL,488,720,'Contado',0,0,'2016-02-07 18:00:16','2016-02-07 18:00:42'),(498,'09:30:00','2016-02-03',0,118,1,5,219,1,NULL,184,5,0,0,0,0,0,55.00,0,0.00,0.00,0.00,1,0,1,1,0,0,0,NULL,489,721,'Contado',0,0,'2016-02-07 18:03:28','2016-02-07 18:04:02'),(499,'11:00:00','2016-02-03',0,67,1,27,156,1,NULL,193,5,0,0,0,0,0,3702.00,0,0.00,0.00,0.00,1,0,1,1,0,0,0,NULL,490,722,'Contado',0,0,'2016-02-07 18:06:22','2016-02-07 18:08:57'),(500,'12:00:00','2016-02-03',0,150,1,4,259,1,NULL,10,5,0,0,0,0,0,207.00,0,0.00,0.00,0.00,1,0,1,1,0,0,0,NULL,491,723,'Contado',0,0,'2016-02-07 18:12:48','2016-02-07 18:13:12'),(501,'08:57:00','2016-02-03',0,151,1,7,142,1,NULL,101,0,0,0,0,0,0,68967.00,0,0.00,0.00,0.00,0,0,1,1,0,0,0,NULL,492,724,'Contado',0,0,'2016-02-07 18:16:52','2016-02-07 18:17:19'),(502,'09:33:00','2016-02-03',0,53,1,75,141,1,NULL,101,2,0,0,0,0,0,1158.00,0,0.00,0.00,0.00,0,0,1,1,0,0,0,NULL,493,725,'Contado',0,0,'2016-02-07 18:19:31','2016-02-07 18:19:55'),(503,'15:00:00','2016-02-03',0,152,1,5,180,1,NULL,80,1,0,0,0,0,0,315.00,0,0.00,0.00,0.00,1,0,1,1,0,0,0,NULL,494,726,'Contado',0,0,'2016-02-07 18:24:15','2016-02-07 18:24:40'),(504,'11:30:00','2016-02-03',0,59,1,3,149,1,NULL,106,3,0,0,0,0,0,2888.00,0,0.00,0.00,0.00,0,0,1,1,0,0,0,NULL,495,727,'Contado',0,0,'2016-02-07 18:27:04','2016-02-07 18:27:51'),(505,'05:43:00','2016-02-03',740,9,1,3,20,3,NULL,40,116,0,0,0,0,0,539.00,2,2.00,0.00,0.00,1,1,1,1,0,0,0,NULL,496,728,'Crédito',0,0,'2016-02-07 18:29:29','2016-02-07 18:32:27'),(506,'12:00:00','2016-02-03',0,153,1,11,260,1,NULL,205,0,0,0,0,0,0,64.00,0,0.00,0.00,0.00,1,0,1,1,0,0,0,NULL,497,729,'Contado',0,0,'2016-02-07 18:44:51','2016-02-07 18:45:27'),(507,'14:00:00','2016-02-03',0,118,1,13,219,1,NULL,184,3,0,0,0,0,0,50.00,0,0.00,0.00,0.00,1,0,1,1,0,0,0,NULL,498,730,'Contado',0,0,'2016-02-07 18:46:57','2016-02-07 18:47:32'),(508,'08:00:00','2016-01-30',0,154,1,18,190,1,NULL,168,0,0,0,0,0,0,5430.00,0,0.00,0.00,0.00,1,0,1,1,0,0,0,NULL,499,731,'Contado',0,0,'2016-02-07 18:55:23','2016-02-07 18:56:38'),(509,'14:00:00','2016-02-03',0,154,1,18,190,1,NULL,168,0,0,0,0,0,0,33.00,0,0.00,0.00,0.00,1,0,1,1,0,0,0,NULL,500,732,'Contado',0,0,'2016-02-07 18:59:52','2016-02-07 19:00:21'),(510,'15:00:00','2016-02-03',0,155,1,5,261,1,NULL,206,7,0,0,0,0,0,396.00,0,0.00,0.00,0.00,1,0,1,1,0,0,0,NULL,501,733,'Contado',0,0,'2016-02-07 19:24:46','2016-02-07 19:26:36'),(511,'15:00:00','2016-02-03',0,151,1,7,142,1,NULL,101,1,0,0,0,0,0,150.00,0,0.00,0.00,0.00,0,0,1,1,0,0,0,NULL,502,734,'Contado',0,0,'2016-02-07 19:28:53','2016-02-07 19:29:23'),(512,'17:00:00','2016-02-03',0,119,1,3,220,1,NULL,185,0,0,0,0,0,0,105.00,0,0.00,0.00,0.00,1,0,1,1,0,0,0,NULL,503,735,'Contado',0,0,'2016-02-07 19:31:24','2016-02-07 19:32:04'),(513,'16:00:00','2016-02-03',0,156,1,5,262,1,NULL,207,2,0,0,0,0,0,3350.00,0,0.00,0.00,0.00,1,0,1,1,0,0,0,NULL,504,736,'Contado',0,0,'2016-02-07 19:45:17','2016-02-07 19:46:06'),(514,'16:30:00','2016-02-03',0,124,1,5,263,1,NULL,155,2,0,0,0,0,0,49.00,0,0.00,0.00,0.00,1,0,1,1,0,0,0,NULL,505,737,'Contado',0,0,'2016-02-07 19:51:51','2016-02-07 19:52:17'),(515,'15:35:00','2016-02-02',2385,47,1,3,82,3,NULL,63,84,0,0,0,0,0,68.00,3,1.00,0.00,0.00,0,1,1,0,0,0,0,NULL,506,738,'Crédito',0,0,'2016-02-07 19:57:03','2016-02-07 19:58:51'),(516,'15:46:00','2016-02-02',2353,39,1,8,79,3,NULL,63,77,0,0,0,0,0,49.00,2,1.00,0.00,0.00,0,1,1,0,0,0,0,NULL,507,739,'Crédito',0,0,'2016-02-07 20:01:43','2016-02-07 20:02:32'),(517,'18:30:00','2016-02-03',0,130,1,5,232,1,NULL,191,0,0,0,0,0,0,545.00,0,0.00,0.00,0.00,1,0,1,1,0,0,0,NULL,508,740,'Contado',0,0,'2016-02-07 20:04:56','2016-02-07 20:06:41'),(518,'21:15:00','2016-02-02',0,62,1,8,264,1,NULL,154,0,0,0,0,0,0,33.00,0,0.00,0.00,0.00,1,0,1,1,0,0,0,NULL,509,741,'Contado',0,0,'2016-02-07 20:17:28','2016-02-07 20:18:00'),(519,'16:33:00','2016-02-03',0,113,1,1,202,1,NULL,181,3,0,0,0,0,0,1423.00,0,0.00,0.00,0.00,1,0,1,1,0,0,0,NULL,510,742,'Contado',0,0,'2016-02-07 20:19:42','2016-02-07 20:21:30'),(520,'09:52:00','2016-02-03',970,15,1,8,45,3,NULL,40,36,0,0,0,0,0,30.00,3,1.00,0.00,0.00,1,1,1,1,0,0,0,NULL,511,743,'Crédito',0,0,'2016-02-07 20:23:08','2016-02-07 20:23:40'),(521,'16:10:00','2016-02-03',971,15,1,4,161,3,NULL,40,0,0,0,0,0,0,24.00,2,1.00,0.00,0.00,1,1,1,1,0,0,0,NULL,512,744,'Crédito',0,0,'2016-02-07 20:25:09','2016-02-07 20:25:45'),(522,'17:00:00','2016-02-03',746,16,1,3,29,3,NULL,40,118,0,0,0,0,0,40.00,0,0.00,0.00,0.00,1,0,1,1,0,0,0,NULL,513,745,'Crédito',0,0,'2016-02-07 20:27:19','2016-02-07 20:27:47'),(523,'16:00:00','2016-02-03',2385,39,1,3,92,3,NULL,63,101,0,0,0,0,0,64.00,3,1.00,0.00,0.00,0,1,1,0,0,0,0,NULL,514,746,'Crédito',0,0,'2016-02-07 20:29:32','2016-02-07 20:30:03'),(524,'16:22:00','2016-02-03',2353,51,1,8,61,3,NULL,63,100,0,0,0,0,0,47.00,2,1.00,0.00,0.00,0,1,1,0,0,0,0,NULL,515,747,'Crédito',0,0,'2016-02-07 20:31:42','2016-02-07 20:32:15'),(525,'08:22:00','2016-02-03',0,93,1,3,189,1,NULL,12,0,0,0,0,0,0,56.00,0,0.00,0.00,0.00,1,0,1,1,0,0,0,NULL,516,748,'Crédito',0,0,'2016-02-07 20:48:43','2016-02-07 20:49:33'),(526,'17:20:00','2016-02-02',313,3,1,3,217,3,NULL,124,107,0,0,0,0,0,60.00,3,1.00,0.00,0.00,1,1,1,1,0,0,0,NULL,517,749,'Crédito',0,0,'2016-02-07 20:52:53','2016-02-07 20:54:00'),(527,'05:50:00','2016-02-03',307,4,1,3,14,3,NULL,124,114,0,0,0,0,0,586.00,3,2.00,0.00,0.00,1,1,1,1,0,0,0,NULL,518,750,'Crédito',0,0,'2016-02-07 20:55:34','2016-02-07 20:56:08'),(528,'09:35:00','2016-02-03',310,4,1,3,217,3,NULL,124,112,0,0,0,0,0,55.00,2,1.00,0.00,0.00,1,1,1,1,0,0,0,NULL,519,751,'Crédito',0,0,'2016-02-07 20:57:38','2016-02-07 20:58:06'),(529,'17:20:00','2016-02-03',313,3,1,3,11,3,NULL,124,106,0,0,0,0,0,38.00,3,1.00,0.00,0.00,1,1,1,1,0,0,0,NULL,520,752,'Crédito',0,0,'2016-02-07 20:59:37','2016-02-07 21:00:04'),(530,'08:45:00','2016-02-04',0,149,1,74,258,2,NULL,125,4,0,0,0,0,0,1215.00,0,0.00,0.00,0.00,0,0,1,1,0,0,0,NULL,521,754,'Crédito',0,0,'2016-02-07 21:04:24','2016-02-07 21:21:35'),(531,'06:30:00','2016-02-04',0,157,1,25,265,1,NULL,208,4,0,0,0,0,0,9728.00,0,0.00,0.00,0.00,1,0,1,1,0,0,0,NULL,522,753,'Contado',0,0,'2016-02-07 21:14:01','2016-02-07 21:14:55'),(532,'10:00:00','2016-02-04',0,158,1,11,266,1,NULL,209,1,0,0,0,0,0,2469.00,0,0.00,0.00,0.00,1,0,1,1,0,0,0,NULL,523,755,'Contado',0,0,'2016-02-07 22:31:01','2016-02-07 22:31:54'),(533,'11:00:00','2016-02-04',0,97,1,9,166,1,NULL,54,0,0,0,0,0,0,5692.00,0,0.00,0.00,0.00,0,0,1,1,0,0,0,NULL,524,756,'Contado',0,0,'2016-02-07 22:33:28','2016-02-07 22:33:51'),(534,'15:30:00','2016-02-04',0,102,1,5,201,1,NULL,174,1,0,0,0,0,0,270.00,0,0.00,0.00,0.00,1,0,1,1,0,0,0,NULL,525,757,'Contado',0,0,'2016-02-07 22:40:17','2016-02-07 22:40:50'),(535,'13:00:00','2016-02-04',0,67,1,3,156,1,NULL,193,4,0,0,0,0,0,116.00,0,0.00,0.00,0.00,1,0,1,1,0,0,0,NULL,526,758,'Contado',0,0,'2016-02-07 22:43:37','2016-02-07 22:44:31'),(536,'12:45:00','2016-02-04',0,118,1,5,219,1,NULL,184,5,0,0,0,0,0,152.00,0,0.00,0.00,0.00,1,0,1,1,0,0,0,NULL,527,759,'Contado',0,0,'2016-02-07 22:45:40','2016-02-07 22:46:07'),(537,'12:40:00','2016-02-04',0,76,1,3,168,1,NULL,160,3,0,0,0,0,0,1605.00,0,0.00,0.00,0.00,1,0,1,1,0,0,0,NULL,528,760,'Contado',0,0,'2016-02-07 22:47:26','2016-02-07 22:47:56'),(538,'07:22:00','2016-02-03',345,54,1,3,249,3,NULL,13,151,0,0,0,0,0,32.00,2,1.00,0.00,0.00,1,1,1,1,0,0,0,NULL,529,761,'Crédito',0,0,'2016-02-07 22:50:06','2016-02-07 22:50:49'),(539,'07:25:00','2016-02-04',345,54,1,3,104,3,NULL,13,143,0,0,0,0,0,27.00,2,1.00,0.00,0.00,1,1,1,1,0,0,0,NULL,530,762,'Crédito',0,0,'2016-02-07 22:53:33','2016-02-07 22:54:22'),(540,'05:40:00','2016-02-04',802,115,1,4,215,3,NULL,45,83,0,0,0,0,0,455.00,0,0.00,0.00,0.00,1,0,1,1,0,0,0,NULL,531,763,'Crédito',0,0,'2016-02-07 22:56:54','2016-02-07 22:57:19'),(541,'14:20:00','2016-02-04',0,159,1,73,267,1,NULL,210,1,0,0,0,0,0,50.00,0,0.00,0.00,0.00,1,0,1,1,0,0,0,NULL,532,764,'Contado',0,0,'2016-02-07 23:02:29','2016-02-07 23:02:54'),(542,'05:55:00','2016-02-04',740,9,1,3,131,3,NULL,40,145,0,0,0,0,0,547.00,2,2.00,0.00,0.00,1,1,1,1,0,0,0,NULL,533,765,'Crédito',0,0,'2016-02-07 23:04:30','2016-02-07 23:05:02'),(543,'09:55:00','2016-02-04',970,15,1,8,147,3,NULL,40,139,0,0,0,0,0,45.00,3,1.00,0.00,0.00,1,1,1,1,0,0,0,NULL,534,766,'Crédito',0,0,'2016-02-07 23:06:53','2016-02-07 23:07:17'),(544,'08:15:00','2016-02-03',0,21,1,9,231,2,NULL,139,1,0,0,0,0,0,4105.00,0,0.00,0.00,0.00,0,0,1,1,0,0,0,NULL,535,767,'Crédito',0,0,'2016-02-07 23:08:34','2016-02-07 23:09:12'),(545,'08:00:00','2016-02-03',0,27,1,68,140,2,NULL,139,0,0,0,0,0,0,2650.00,0,0.00,0.00,0.00,0,0,1,1,0,0,0,NULL,536,768,'Crédito',0,0,'2016-02-07 23:10:28','2016-02-07 23:11:00'),(546,'09:02:00','2016-02-03',0,26,1,9,140,2,NULL,139,3,0,0,0,0,0,1262.00,0,0.00,0.00,0.00,0,0,1,1,0,0,0,NULL,537,769,'Crédito',0,0,'2016-02-07 23:12:38','2016-02-07 23:13:55'),(547,'09:10:00','2016-02-04',0,26,1,9,138,2,NULL,139,11,0,0,0,0,0,1270.00,0,0.00,0.00,0.00,0,0,1,1,0,0,0,NULL,538,770,'Crédito',0,0,'2016-02-07 23:17:59','2016-02-07 23:18:24'),(548,'15:30:00','2016-02-04',0,160,1,3,268,1,NULL,211,4,0,0,0,0,0,312.00,0,0.00,0.00,0.00,1,0,1,1,0,0,0,NULL,539,771,'Contado',0,0,'2016-02-07 23:24:47','2016-02-07 23:26:07'),(549,'16:00:00','2016-02-04',0,119,1,3,220,1,NULL,185,3,0,0,0,0,0,52.00,0,0.00,0.00,0.00,1,0,1,1,0,0,0,NULL,540,772,'Contado',0,0,'2016-02-07 23:27:29','2016-02-07 23:27:52'),(550,'16:10:00','2016-02-04',971,15,1,4,49,3,NULL,40,118,0,0,0,0,0,41.00,0,0.00,0.00,0.00,1,0,1,1,0,0,0,NULL,541,773,'Crédito',0,0,'2016-02-07 23:29:21','2016-02-07 23:29:48'),(551,'17:15:00','2016-02-04',746,14,1,3,54,3,NULL,40,125,0,0,0,0,0,58.00,3,1.00,0.00,0.00,1,1,1,1,0,0,0,NULL,542,774,'Crédito',0,0,'2016-02-07 23:33:45','2016-02-07 23:34:06'),(552,'06:10:00','2016-02-04',307,3,1,3,11,3,NULL,124,119,0,0,0,0,0,562.00,3,2.00,0.00,0.00,1,1,1,1,0,0,0,NULL,543,775,'Crédito',0,0,'2016-02-07 23:36:31','2016-02-07 23:37:12'),(553,'10:01:00','2016-02-04',310,2,1,3,7,3,NULL,124,116,0,0,0,0,0,52.00,2,1.00,0.00,0.00,1,1,1,1,0,0,0,NULL,544,776,'Crédito',0,0,'2016-02-07 23:38:25','2016-02-07 23:39:41'),(554,'00:16:13','2016-02-04',2385,50,1,3,75,3,NULL,63,94,0,0,0,0,0,79.00,2,1.00,0.00,0.00,0,1,1,0,0,0,0,NULL,545,777,'Crédito',0,0,'2016-02-07 23:41:31','2016-02-07 23:42:03'),(555,'00:15:59','2016-02-04',2353,42,1,8,90,3,NULL,63,93,0,0,0,0,0,52.00,3,1.00,0.00,0.00,0,1,1,0,0,0,0,NULL,546,778,'Crédito',0,0,'2016-02-07 23:43:37','2016-02-07 23:44:02'),(556,'19:30:00','2016-02-04',0,121,1,5,105,1,NULL,17,0,0,0,0,0,0,2850.00,0,0.00,0.00,0.00,1,0,1,1,0,0,0,NULL,547,779,'Contado',0,0,'2016-02-07 23:45:37','2016-02-07 23:45:58'),(557,'07:00:00','2016-02-05',0,117,1,7,229,1,NULL,101,0,0,0,0,0,0,3780.00,0,0.00,0.00,0.00,0,0,1,1,0,0,0,NULL,548,780,'Contado',0,0,'2016-02-08 00:17:47','2016-02-08 00:18:10'),(558,'07:45:00','2016-02-05',0,128,1,18,228,1,NULL,32,5,0,0,0,0,0,3766.00,0,0.00,0.00,0.00,1,0,1,1,0,0,0,NULL,549,781,'Contado',0,0,'2016-02-08 00:20:09','2016-02-08 00:20:49'),(559,'08:30:00','2016-02-05',0,161,1,77,269,1,NULL,212,2,0,0,0,0,0,30.00,0,0.00,0.00,0.00,1,0,1,1,0,0,0,NULL,550,782,'Contado',0,0,'2016-02-08 00:27:42','2016-02-08 00:28:02'),(560,'08:30:00','2016-02-05',0,149,1,7,258,2,NULL,125,2,0,0,0,0,0,1230.00,0,0.00,0.00,0.00,0,0,1,1,0,0,0,NULL,551,783,'Crédito',0,0,'2016-02-08 00:31:02','2016-02-08 00:34:18'),(561,'09:00:00','2016-02-05',0,109,1,4,209,1,NULL,74,0,0,0,0,0,0,3777.00,0,0.00,0.00,0.00,0,0,1,1,0,0,0,NULL,552,784,'Contado',0,0,'2016-02-08 00:36:25','2016-02-08 00:36:54'),(562,'10:30:00','2016-02-05',0,82,1,9,166,1,NULL,54,5,0,0,0,0,0,1290.00,0,0.00,0.00,0.00,0,0,1,1,0,0,0,NULL,553,785,'Contado',0,0,'2016-02-08 00:38:29','2016-02-08 00:38:45'),(563,'09:50:00','2016-02-05',0,55,1,9,143,1,NULL,54,3,0,0,0,0,0,38.00,0,0.00,0.00,0.00,0,0,1,1,0,0,0,NULL,554,786,'Contado',0,0,'2016-02-08 00:39:56','2016-02-08 00:40:13'),(564,'10:31:00','2016-02-05',0,97,1,9,226,1,NULL,54,5,0,0,0,0,0,1281.00,0,0.00,0.00,0.00,0,0,1,1,0,0,0,NULL,555,787,'Contado',0,0,'2016-02-08 00:41:42','2016-02-08 00:42:16'),(565,'10:35:00','2016-02-05',0,74,1,9,166,1,NULL,54,6,0,0,0,0,0,8575.00,0,0.00,0.00,0.00,0,0,1,1,0,0,0,NULL,556,788,'Contado',0,0,'2016-02-08 00:44:09','2016-02-08 00:44:39'),(566,'08:00:00','2016-02-05',0,93,1,8,189,2,NULL,12,0,0,0,0,0,0,29.00,0,0.00,0.00,0.00,1,0,1,1,0,0,0,NULL,557,789,'Crédito',0,0,'2016-02-08 00:45:55','2016-02-08 00:46:14'),(567,'07:20:00','2016-02-05',345,125,1,3,249,2,NULL,13,132,0,0,0,0,0,29.00,2,1.00,0.00,0.00,1,1,1,1,0,0,0,NULL,558,790,'Crédito',0,0,'2016-02-08 00:48:01','2016-02-08 00:49:35'),(568,'11:30:00','2016-02-05',0,62,1,8,264,1,NULL,154,8,0,0,0,0,0,81.00,0,0.00,0.00,0.00,1,0,1,1,0,0,0,NULL,559,791,'Contado',0,0,'2016-02-08 00:51:28','2016-02-08 00:52:00'),(569,'11:30:00','2016-02-05',0,162,1,11,270,1,NULL,213,3,0,0,0,0,0,2610.00,0,0.00,0.00,0.00,1,0,1,1,0,0,0,NULL,560,792,'Contado',0,0,'2016-02-08 00:58:07','2016-02-08 00:58:30'),(570,'17:35:00','2016-02-04',313,3,1,3,271,3,NULL,124,111,0,0,0,0,0,58.00,2,1.00,0.00,0.00,1,1,1,1,0,0,0,NULL,561,793,'Crédito',0,0,'2016-02-08 01:02:24','2016-02-08 01:04:11'),(571,'05:39:00','2016-02-05',307,3,1,3,271,3,NULL,124,96,0,0,0,0,0,529.00,2,2.00,0.00,0.00,1,1,1,1,0,0,0,NULL,562,794,'Crédito',0,0,'2016-02-08 01:09:02','2016-02-08 01:09:39'),(572,'08:50:00','2016-02-05',0,21,1,9,231,2,NULL,139,14,0,0,0,0,0,2750.00,0,0.00,0.00,0.00,0,0,1,1,0,0,0,NULL,563,795,'Crédito',0,0,'2016-02-08 01:12:08','2016-02-08 01:13:17'),(573,'14:00:00','2016-02-05',0,163,1,3,272,1,NULL,214,1,0,0,0,0,0,175.00,0,0.00,0.00,0.00,1,0,1,1,0,0,0,NULL,564,796,'Contado',0,0,'2016-02-08 01:18:41','2016-02-08 01:19:06'),(574,'09:59:00','2016-02-05',310,4,1,3,271,3,NULL,124,113,0,0,0,0,0,46.00,3,1.00,0.00,0.00,1,1,1,1,0,0,0,NULL,565,797,'Crédito',0,0,'2016-02-08 01:20:46','2016-02-08 01:22:00'),(575,'05:50:00','2016-02-05',740,16,1,3,6,3,NULL,40,129,0,0,0,0,0,498.00,0,0.00,0.00,0.00,1,0,1,1,0,0,0,NULL,566,798,'Crédito',0,0,'2016-02-08 01:24:36','2016-02-08 01:25:49'),(576,'09:38:00','2016-02-05',970,14,1,8,162,3,NULL,40,124,0,0,0,0,0,43.00,3,1.00,0.00,0.00,1,1,1,1,0,0,0,NULL,567,799,'Crédito',0,0,'2016-02-08 01:28:14','2016-02-08 01:28:34'),(577,'12:17:00','2016-02-05',0,113,1,64,202,1,NULL,181,1,0,0,0,0,0,53.00,0,0.00,0.00,0.00,1,0,1,1,0,0,0,NULL,568,800,'Contado',0,0,'2016-02-08 01:30:51','2016-02-08 01:31:14'),(578,'16:00:00','2016-02-05',0,121,1,4,223,1,NULL,17,6,0,0,0,0,0,270.00,0,0.00,0.00,0.00,1,0,1,1,0,0,0,NULL,569,801,'Contado',0,0,'2016-02-08 01:32:38','2016-02-08 01:33:00'),(579,'17:00:00','2016-02-05',0,164,1,6,273,1,NULL,44,3,0,0,0,0,0,250.00,0,0.00,0.00,0.00,1,0,1,1,0,0,0,NULL,570,802,'Contado',0,0,'2016-02-08 01:36:14','2016-02-08 01:36:36'),(580,'17:00:00','2016-02-05',0,76,1,6,168,1,NULL,160,0,0,0,0,0,0,55.00,0,0.00,0.00,0.00,1,0,1,1,0,0,0,NULL,571,803,'Contado',0,0,'2016-02-08 01:37:52','2016-02-08 01:38:14'),(581,'18:00:00','2016-02-05',0,165,1,8,274,1,NULL,215,3,0,0,0,0,0,136.00,0,0.00,0.00,0.00,1,0,1,1,0,0,0,NULL,572,804,'Contado',0,0,'2016-02-08 01:41:56','2016-02-08 01:42:13'),(582,'17:50:00','2016-02-05',971,14,1,4,161,3,NULL,40,139,0,0,0,0,0,40.00,0,0.00,0.00,0.00,1,0,1,1,0,0,0,NULL,573,805,'Crédito',0,0,'2016-02-08 01:44:06','2016-02-08 01:44:25'),(584,'05:40:00','2016-02-05',802,166,1,4,236,3,NULL,45,71,0,0,0,0,0,530.00,3,2.00,0.00,0.00,1,1,1,1,0,0,0,NULL,574,806,'Crédito',0,0,'2016-02-08 01:54:51','2016-02-08 01:55:22'),(585,'09:00:00','2016-02-06',0,101,1,64,200,1,NULL,172,5,0,0,0,0,0,928.00,0,0.00,0.00,0.00,1,0,1,1,0,0,0,NULL,575,807,'Contado',0,0,'2016-02-08 02:05:53','2016-02-08 02:07:23'),(586,'09:00:00','2016-02-06',0,167,1,11,275,1,NULL,216,6,0,0,0,0,0,40.00,0,0.00,0.00,0.00,1,0,1,1,0,0,0,NULL,576,808,'Contado',0,0,'2016-02-08 02:12:35','2016-02-08 02:13:03'),(587,'20:25:00','2016-02-05',746,10,1,3,18,3,NULL,40,132,0,0,0,0,0,40.00,3,1.00,0.00,0.00,1,1,1,1,0,0,0,NULL,577,809,'Crédito',0,0,'2016-02-08 02:14:46','2016-02-08 02:15:13'),(588,'10:30:00','2016-02-06',0,59,1,8,149,1,NULL,106,3,0,0,0,0,0,3825.00,0,0.00,0.00,0.00,0,0,1,1,0,0,0,NULL,578,810,'Contado',0,0,'2016-02-08 02:16:35','2016-02-08 02:16:54'),(589,'05:32:00','2016-02-06',740,14,1,3,54,3,NULL,40,118,0,0,0,0,0,472.00,3,2.00,0.00,0.00,1,1,1,1,0,0,0,NULL,579,811,'Crédito',0,0,'2016-02-08 02:18:34','2016-02-08 02:19:17'),(590,'10:30:00','2016-02-06',0,55,1,9,143,1,NULL,54,2,0,0,0,0,0,1080.00,0,0.00,0.00,0.00,0,0,1,1,0,0,0,NULL,580,812,'Contado',0,0,'2016-02-08 02:20:29','2016-02-08 02:20:46'),(591,'09:38:00','2016-02-06',970,15,1,8,147,3,NULL,40,138,0,0,0,0,0,55.00,3,1.00,0.00,0.00,1,1,1,1,0,0,0,NULL,581,813,'Crédito',0,0,'2016-02-08 02:22:12','2016-02-08 02:22:39'),(592,'18:20:00','2016-02-05',313,2,1,3,7,3,NULL,124,115,0,0,0,0,0,83.00,2,1.00,0.00,0.00,1,1,1,1,0,0,0,NULL,582,814,'Crédito',0,0,'2016-02-08 02:24:03','2016-02-08 02:24:35'),(593,'19:55:00','2016-02-05',315,3,1,8,10,3,NULL,124,112,0,0,0,0,0,55.00,2,1.00,0.00,0.00,1,1,1,1,0,0,0,NULL,583,815,'Crédito',0,0,'2016-02-08 02:25:51','2016-02-08 02:26:10'),(594,'05:59:00','2016-02-06',307,3,1,3,10,3,NULL,124,66,0,0,0,0,0,499.00,2,3.00,0.00,0.00,1,1,1,1,0,0,0,NULL,584,816,'Crédito',0,0,'2016-02-08 02:27:24','2016-02-08 02:28:12'),(595,'09:59:00','2016-02-06',310,4,1,3,11,3,NULL,124,99,0,0,0,0,0,38.00,2,1.00,0.00,0.00,1,1,1,1,0,0,0,NULL,585,817,'Crédito',0,0,'2016-02-08 02:29:41','2016-02-08 02:30:03'),(596,'22:38:00','2016-02-05',1351,54,1,3,116,3,NULL,13,8,0,0,0,0,0,-1409.00,0,0.00,0.00,0.00,1,0,1,1,0,0,0,NULL,587,818,'Crédito',0,0,'2016-02-08 02:38:41','2016-02-08 02:39:05'),(597,'07:20:00','2016-02-06',345,125,1,3,173,2,NULL,13,150,0,0,0,0,0,35.00,2,1.00,0.00,0.00,1,1,1,1,0,0,0,NULL,588,819,'Crédito',0,0,'2016-02-08 02:40:29','2016-02-08 02:41:49'),(598,'15:57:00','2016-02-05',2385,48,1,3,188,3,NULL,63,99,0,0,0,0,0,40.00,3,1.00,0.00,0.00,0,1,1,0,0,0,0,NULL,586,820,'Crédito',0,0,'2016-02-08 02:43:44','2016-02-08 02:45:16'),(599,'17:23:00','2016-02-05',2353,42,1,8,276,3,NULL,63,92,0,0,0,0,0,37.00,3,1.00,0.00,0.00,0,1,1,0,0,0,0,NULL,589,821,'Crédito',0,0,'2016-02-08 02:48:43','2016-02-08 02:49:39'),(600,'12:00:00','2016-02-06',0,155,1,5,261,1,NULL,206,4,0,0,0,0,0,54.00,0,0.00,0.00,0.00,1,0,1,1,0,0,0,NULL,590,822,'Contado',0,0,'2016-02-08 02:50:55','2016-02-08 02:51:22'),(601,'09:02:00','2016-02-06',0,53,1,9,229,1,NULL,101,4,0,0,0,0,0,3992.00,0,0.00,0.00,0.00,0,0,1,1,0,0,0,NULL,591,823,'Contado',0,0,'2016-02-08 02:53:17','2016-02-08 02:53:46'),(602,'10:00:00','2016-02-06',0,117,1,7,229,1,NULL,101,1,0,0,0,0,0,1110.00,0,0.00,0.00,0.00,0,0,1,1,0,0,0,NULL,592,824,'Contado',0,0,'2016-02-08 02:56:09','2016-02-08 02:56:26'),(603,'16:00:00','2016-02-06',0,161,1,11,269,1,NULL,212,0,0,0,0,0,0,45.00,0,0.00,0.00,0.00,1,0,1,1,0,0,0,NULL,593,825,'Contado',0,0,'2016-02-08 02:58:25','2016-02-08 02:59:06'),(604,'17:55:00','2016-02-06',971,15,1,4,51,3,NULL,40,118,0,0,0,0,0,45.00,3,1.00,0.00,0.00,1,1,1,1,0,0,0,NULL,594,826,'Crédito',0,0,'2016-02-08 03:05:23','2016-02-08 03:06:09'),(605,'15:50:00','2016-02-06',2385,48,1,3,69,3,NULL,63,91,0,0,0,0,0,60.00,3,1.00,0.00,0.00,0,1,1,0,0,0,0,NULL,595,827,'Crédito',0,0,'2016-02-08 03:08:25','2016-02-08 03:08:45'),(606,'16:10:00','2016-02-06',2353,47,1,8,77,3,NULL,63,104,0,0,0,0,0,65.00,2,1.00,0.00,0.00,0,1,1,0,0,0,0,NULL,596,828,'Crédito',0,0,'2016-02-08 03:10:09','2016-02-08 03:10:28'),(607,'08:40:00','2016-02-07',0,70,1,11,159,1,NULL,58,4,0,0,0,0,0,956.00,0,0.00,0.00,0.00,1,0,1,1,0,0,0,NULL,597,829,'Contado',0,0,'2016-02-08 17:18:24','2016-02-08 17:19:09'),(608,'10:00:00','2016-02-07',0,86,1,18,181,1,NULL,22,5,0,0,0,0,0,11336.00,0,0.00,0.00,0.00,0,0,1,1,0,0,0,NULL,598,830,'Contado',0,0,'2016-02-08 17:20:57','2016-02-08 17:21:54'),(609,'11:30:00','2016-02-07',0,128,1,9,228,1,NULL,32,4,0,0,0,0,0,2973.00,0,0.00,0.00,0.00,1,0,1,1,0,0,0,NULL,599,831,'Contado',0,0,'2016-02-08 17:25:40','2016-02-08 17:26:09'),(610,'13:30:00','2016-02-07',0,139,1,8,245,1,NULL,23,0,0,0,0,0,0,60.00,0,0.00,0.00,0.00,1,0,1,1,0,0,0,NULL,600,832,'Contado',0,0,'2016-02-08 17:30:45','2016-02-08 17:31:18'),(611,'16:00:00','2016-02-07',0,118,1,70,277,1,NULL,184,4,0,0,0,0,0,50.00,0,0.00,0.00,0.00,1,0,1,1,0,0,0,NULL,601,833,'Contado',0,0,'2016-02-08 17:34:36','2016-02-08 17:35:01'),(612,'20:50:00','2016-02-06',746,16,1,3,22,3,NULL,40,102,0,0,0,0,0,29.00,3,1.00,0.00,0.00,1,1,1,1,0,0,0,NULL,602,834,'Crédito',0,0,'2016-02-08 17:36:25','2016-02-08 17:36:54'),(613,'06:25:00','2016-02-07',742,10,1,3,38,3,NULL,40,43,0,0,0,0,0,580.00,0,0.00,0.00,0.00,1,0,1,1,0,0,0,NULL,603,835,'Crédito',0,0,'2016-02-08 17:38:09','2016-02-08 17:38:50'),(614,'09:52:00','2016-02-07',970,15,1,8,39,3,NULL,40,120,0,0,0,0,0,32.00,2,1.00,0.00,0.00,1,1,1,1,0,0,0,NULL,604,836,'Crédito',0,0,'2016-02-08 17:50:56','2016-02-08 17:51:58'),(615,'16:06:00','2016-02-07',971,15,1,4,147,3,NULL,40,117,0,0,0,0,0,52.00,0,0.00,0.00,0.00,1,0,1,1,0,0,0,NULL,605,837,'Crédito',0,0,'2016-02-08 17:53:30','2016-02-08 17:54:32'),(616,'16:30:00','2016-02-07',746,14,1,3,24,3,NULL,40,42,0,0,0,0,0,50.00,0,0.00,0.00,0.00,1,0,1,1,0,0,0,NULL,606,838,'Crédito',0,0,'2016-02-08 17:56:15','2016-02-08 17:56:50'),(617,'15:55:00','2016-02-07',2385,42,1,3,81,3,NULL,63,85,0,0,0,0,0,72.00,0,0.00,0.00,0.00,0,0,1,0,0,0,0,NULL,607,839,'Crédito',0,0,'2016-02-08 18:02:03','2016-02-08 18:04:00'),(618,'16:00:00','2016-02-07',2353,48,1,8,133,3,NULL,63,98,0,0,0,0,0,60.00,0,0.00,0.00,0.00,0,0,1,0,0,0,0,NULL,608,840,'Crédito',0,0,'2016-02-08 18:06:11','2016-02-08 18:06:47'),(619,'08:38:00','2016-02-04',0,93,1,3,254,2,NULL,12,0,0,0,0,0,0,30.00,0,0.00,0.00,0.00,1,0,1,1,0,0,0,NULL,609,841,'Crédito',0,0,'2016-02-08 18:33:06','2016-02-08 18:33:51'),(620,'13:35:00','2016-02-04',0,93,1,3,254,2,NULL,12,0,0,0,0,0,0,35.00,0,0.00,0.00,0.00,1,0,1,1,0,0,0,NULL,610,842,'Crédito',0,0,'2016-02-08 18:34:49','2016-02-08 18:35:29'),(621,'06:02:00','2016-02-07',307,2,1,3,14,3,NULL,124,76,0,0,0,0,0,550.00,2,2.00,0.00,0.00,1,1,1,1,0,0,0,NULL,611,843,'Crédito',0,0,'2016-02-08 18:38:58','2016-02-08 18:39:47'),(622,'10:20:00','2016-02-07',310,4,1,3,198,3,NULL,124,101,0,0,0,0,0,40.00,2,1.00,0.00,0.00,1,1,1,1,0,0,0,NULL,612,844,'Crédito',0,0,'2016-02-08 18:41:17','2016-02-08 18:41:52'),(623,'06:00:00','2016-01-18',802,168,1,4,278,3,NULL,45,74,0,0,0,0,0,470.00,0,0.00,0.00,0.00,1,0,1,1,0,0,0,NULL,613,845,'Crédito',0,0,'2016-02-08 20:35:14','2016-02-08 20:37:23'),(624,'05:50:00','2016-01-19',802,169,1,4,279,3,NULL,45,48,0,0,0,0,0,505.00,0,0.00,0.00,0.00,1,0,1,1,0,0,0,NULL,614,846,'Crédito',0,0,'2016-02-08 20:48:59','2016-02-08 20:50:48'),(625,'06:00:00','2016-01-19',740,14,1,3,161,3,NULL,40,132,0,0,0,0,0,544.00,2,3.00,0.00,0.00,1,1,1,1,0,0,0,NULL,615,847,'Crédito',0,0,'2016-02-08 20:52:30','2016-02-08 20:53:21'),(626,'08:00:00','2016-01-19',0,24,1,74,246,2,NULL,125,3,0,0,0,0,0,900.00,0,0.00,0.00,0.00,0,0,1,1,0,0,0,NULL,616,848,'Crédito',0,0,'2016-02-08 20:54:53','2016-02-08 20:56:12'),(627,'08:30:00','2016-01-19',0,118,1,5,219,1,NULL,184,4,0,0,0,0,0,830.00,0,0.00,0.00,0.00,1,0,1,1,0,0,0,NULL,617,849,'Contado',0,0,'2016-02-08 20:58:16','2016-02-08 21:00:42'),(628,'20:30:00','2016-01-18',351,5,1,3,106,3,NULL,13,81,0,0,0,0,0,24.00,2,1.00,0.00,0.00,1,1,1,1,0,0,0,NULL,618,850,'Crédito',0,0,'2016-02-08 21:02:28','2016-02-08 21:03:43'),(629,'07:25:00','2016-01-19',345,54,1,3,114,3,NULL,13,136,0,0,0,0,0,31.00,2,1.00,0.00,0.00,1,1,1,1,0,0,0,NULL,619,851,'Crédito',0,0,'2016-02-08 21:05:15','2016-02-08 21:06:16'),(630,'15:00:00','2016-01-19',0,25,1,5,191,1,NULL,24,4,0,0,0,0,0,404.00,0,0.00,0.00,0.00,1,0,1,1,0,0,0,NULL,620,852,'Contado',0,0,'2016-02-08 21:07:38','2016-02-08 21:08:41'),(631,'07:30:00','2016-02-08',0,109,1,41,209,1,NULL,74,5,0,0,0,0,0,4012.00,0,0.00,0.00,0.00,0,0,1,1,0,0,0,NULL,621,853,'Contado',0,0,'2016-02-08 23:25:54','2016-02-08 23:26:38'),(632,'08:30:00','2016-02-08',0,128,1,9,228,1,NULL,32,0,0,0,0,0,0,957.00,0,0.00,0.00,0.00,1,0,1,1,0,0,0,NULL,622,854,'Contado',0,0,'2016-02-08 23:58:31','2016-02-08 23:58:57'),(633,'05:40:00','2016-02-08',802,115,1,4,164,3,NULL,45,38,0,0,0,0,0,495.00,0,0.00,0.00,0.00,1,0,1,1,0,0,0,NULL,623,855,'Crédito',0,0,'2016-02-09 00:00:24','2016-02-09 00:00:51'),(634,'09:00:00','2016-02-08',0,149,1,7,258,2,NULL,125,3,0,0,0,0,0,2640.00,0,0.00,0.00,0.00,0,0,1,1,0,0,0,NULL,624,856,'Crédito',0,0,'2016-02-09 00:03:31','2016-02-09 00:03:57'),(635,'11:00:00','2016-02-08',0,59,1,3,149,1,NULL,106,5,0,0,0,0,0,2790.00,0,0.00,0.00,0.00,0,0,1,1,0,0,0,NULL,625,857,'Contado',0,0,'2016-02-09 00:06:21','2016-02-09 00:06:54'),(636,'05:45:00','2016-02-08',740,16,1,3,161,3,NULL,40,60,0,0,0,0,0,545.00,2,2.00,0.00,0.00,1,1,1,1,0,0,0,NULL,626,858,'Crédito',0,0,'2016-02-09 00:08:34','2016-02-09 00:09:24'),(637,'09:33:00','2016-02-08',970,15,1,8,40,3,NULL,40,121,0,0,0,0,0,60.00,3,1.00,0.00,0.00,1,1,1,1,0,0,0,NULL,627,859,'Crédito',0,0,'2016-02-09 00:15:21','2016-02-09 00:16:07'),(638,'13:00:00','2016-02-08',0,155,1,27,261,1,NULL,206,6,0,0,0,0,0,1515.00,0,0.00,0.00,0.00,1,0,1,1,0,0,0,NULL,628,861,'Contado',0,0,'2016-02-09 00:18:08','2016-02-09 00:25:04'),(639,'11:00:00','2016-02-08',0,121,1,10,223,1,NULL,17,1,0,0,0,0,0,55.00,0,0.00,0.00,0.00,1,0,1,1,0,0,0,NULL,629,860,'Contado',0,0,'2016-02-09 00:23:07','2016-02-09 00:23:33'),(640,'17:30:00','2016-02-08',0,107,1,5,207,1,NULL,177,4,0,0,0,0,0,373.00,0,0.00,0.00,0.00,1,0,1,1,0,0,0,NULL,630,862,'Contado',0,0,'2016-02-09 00:26:15','2016-02-09 00:26:41'),(641,'14:30:00','2016-02-08',0,97,1,9,226,1,NULL,54,2,0,0,0,0,0,180.00,0,0.00,0.00,0.00,0,0,1,1,0,0,0,NULL,631,863,'Contado',0,0,'2016-02-09 00:28:25','2016-02-09 00:28:50'),(642,'16:00:00','2016-02-08',0,117,1,78,141,1,NULL,101,0,0,0,0,0,0,2960.00,0,0.00,0.00,0.00,0,0,1,1,0,0,0,NULL,632,864,'Contado',0,0,'2016-02-09 02:05:04','2016-02-09 02:06:43'),(643,'19:07:00','2016-02-07',315,4,1,8,7,3,NULL,124,120,0,0,0,0,0,42.00,3,1.00,0.00,0.00,1,1,1,1,0,0,0,NULL,633,865,'Crédito',0,0,'2016-02-09 02:14:04','2016-02-09 02:14:47'),(644,'06:02:00','2016-02-08',307,4,1,3,7,3,NULL,124,75,0,0,0,0,0,537.00,3,2.00,0.00,0.00,1,1,1,1,0,0,0,NULL,634,866,'Crédito',0,0,'2016-02-09 02:16:52','2016-02-09 02:17:21'),(645,'09:50:00','2016-02-08',310,4,1,3,7,3,NULL,124,101,0,0,0,0,0,45.00,2,1.00,0.00,0.00,1,1,1,1,0,0,0,NULL,635,867,'Crédito',0,0,'2016-02-09 02:18:24','2016-02-09 02:18:55'),(646,'15:38:00','2016-02-08',2385,50,1,3,67,3,NULL,63,81,0,0,0,0,0,70.00,0,0.00,0.00,0.00,0,0,1,0,0,0,0,NULL,636,868,'Crédito',0,0,'2016-02-09 02:20:23','2016-02-09 02:20:41'),(647,'15:52:00','2016-02-08',2353,48,1,8,92,3,NULL,63,91,0,0,0,0,0,56.00,2,1.00,0.00,0.00,0,1,1,0,0,0,0,NULL,637,869,'Crédito',0,0,'2016-02-09 02:22:19','2016-02-09 02:23:15'),(648,'16:00:00','2016-01-19',0,170,1,5,201,1,NULL,217,4,0,0,0,0,0,402.00,0,0.00,0.00,0.00,1,0,1,1,0,0,0,NULL,638,870,'Contado',0,0,'2016-02-09 02:54:12','2016-02-09 02:55:08'),(649,'11:00:00','2016-01-19',0,53,1,7,218,1,NULL,101,1,0,0,0,0,0,1110.00,0,0.00,0.00,0.00,0,0,1,1,0,0,0,NULL,639,871,'Contado',0,0,'2016-02-09 02:56:16','2016-02-09 02:57:18'),(650,'11:00:00','2016-01-19',0,124,1,5,148,1,NULL,155,3,0,0,0,0,0,37.00,0,0.00,0.00,0.00,1,0,1,1,0,0,0,NULL,640,872,'Contado',0,0,'2016-02-09 02:58:32','2016-02-09 02:59:25'),(651,'13:30:00','2016-01-19',0,127,1,30,180,1,NULL,80,2,0,0,0,0,0,198.00,0,0.00,0.00,0.00,1,0,1,1,0,0,0,NULL,641,873,'Contado',0,0,'2016-02-09 03:00:57','2016-02-09 03:04:28'),(652,'09:26:00','2016-01-19',970,15,1,8,147,3,NULL,40,44,0,0,0,0,0,40.00,2,1.00,0.00,0.00,1,1,1,1,0,0,0,NULL,642,874,'Crédito',0,0,'2016-02-09 03:02:36','2016-02-09 03:05:22'),(653,'17:30:00','2016-01-18',313,4,1,3,13,3,NULL,124,117,0,0,0,0,0,52.00,2,1.00,0.00,0.00,1,1,1,1,0,0,0,NULL,643,875,'Crédito',0,0,'2016-02-09 03:06:58','2016-02-09 03:07:58'),(654,'05:39:00','2016-01-19',307,3,1,3,10,3,NULL,124,98,0,0,0,0,0,547.00,3,3.00,0.00,0.00,1,1,1,1,0,0,0,NULL,644,876,'Crédito',0,0,'2016-02-09 03:09:47','2016-02-09 03:11:05'),(655,'09:38:00','2016-01-19',310,4,1,3,12,3,NULL,124,104,0,0,0,0,0,47.00,3,1.00,0.00,0.00,1,1,1,1,0,0,0,NULL,645,877,'Crédito',0,0,'2016-02-09 03:12:28','2016-02-09 03:13:36'),(656,'11:30:00','2016-01-19',0,76,1,5,168,1,NULL,160,1,0,0,0,0,0,35.00,0,0.00,0.00,0.00,1,0,1,1,0,0,0,NULL,646,878,'Contado',0,0,'2016-02-09 03:16:59','2016-02-09 03:17:41'),(657,'12:30:00','2016-01-19',0,67,1,3,156,1,NULL,193,8,0,0,0,0,0,960.00,0,0.00,0.00,0.00,1,0,1,1,0,0,0,NULL,647,879,'Contado',0,0,'2016-02-09 03:20:06','2016-02-09 03:24:25'),(658,'13:00:00','2016-01-19',0,138,1,10,280,1,NULL,174,1,0,0,0,0,0,120.00,0,0.00,0.00,0.00,1,0,1,1,0,0,0,NULL,648,880,'Contado',0,0,'2016-02-09 03:27:17','2016-02-09 03:28:06'),(659,'16:00:00','2016-01-19',0,171,1,5,281,1,NULL,15,1,0,0,0,0,0,180.00,0,0.00,0.00,0.00,1,0,1,1,0,0,0,NULL,649,881,'Contado',0,0,'2016-02-09 03:35:33','2016-02-09 03:37:12'),(660,'15:30:00','2016-01-19',0,172,1,36,282,1,NULL,8,3,0,0,0,0,0,145.00,0,0.00,0.00,0.00,1,0,1,1,0,0,0,NULL,650,882,'Contado',0,0,'2016-02-09 03:44:02','2016-02-09 03:44:48'),(661,'09:10:00','2016-01-19',0,28,1,9,135,2,NULL,139,10,0,0,0,0,0,6685.00,0,0.00,0.00,0.00,0,0,1,1,0,0,0,NULL,651,883,'Crédito',0,0,'2016-02-09 03:46:08','2016-02-09 03:46:53'),(662,'15:46:00','2016-01-19',2385,47,1,3,73,3,NULL,63,80,0,0,0,0,0,67.00,3,1.00,0.00,0.00,0,1,1,0,0,0,0,NULL,652,884,'Crédito',0,0,'2016-02-09 03:48:26','2016-02-09 03:49:17'),(663,'16:00:00','2016-01-19',2353,43,1,8,64,3,NULL,63,100,0,0,0,0,0,66.00,2,1.00,0.00,0.00,0,1,1,0,0,0,0,NULL,653,885,'Crédito',0,0,'2016-02-09 03:50:37','2016-02-09 03:51:31'),(664,'16:55:00','2016-01-19',746,16,1,3,41,3,NULL,40,115,0,0,0,0,0,75.00,0,0.00,0.00,0.00,1,0,1,1,0,0,0,NULL,654,886,'Crédito',0,0,'2016-02-09 03:53:36','2016-02-09 03:54:16'),(665,'16:48:00','2016-01-19',971,15,1,4,22,3,NULL,40,104,0,0,0,0,0,63.00,3,1.00,0.00,0.00,1,1,1,1,0,0,0,NULL,655,887,'Crédito',0,0,'2016-02-09 03:55:27','2016-02-09 03:56:32'),(666,'13:00:00','2016-01-20',0,59,1,3,149,1,NULL,106,0,0,0,0,0,0,120.00,0,0.00,0.00,0.00,0,0,1,1,0,0,0,NULL,656,888,'Contado',0,0,'2016-02-09 17:26:37','2016-02-09 17:28:41'),(667,'09:00:00','2016-01-20',0,28,1,9,140,2,NULL,139,18,0,0,0,0,0,1269.00,0,0.00,0.00,0.00,0,0,1,1,0,0,0,NULL,657,889,'Crédito',0,0,'2016-02-09 17:32:42','2016-02-09 17:34:17'),(668,'15:30:00','2016-01-20',0,173,1,3,283,1,NULL,218,2,0,0,0,0,0,90.00,0,0.00,0.00,0.00,1,0,1,1,0,0,0,NULL,658,890,'Contado',0,0,'2016-02-09 17:40:48','2016-02-09 17:41:37'),(669,'15:30:00','2016-01-20',0,97,1,11,192,1,NULL,54,0,0,0,0,0,0,4230.00,0,0.00,0.00,0.00,0,0,1,1,0,0,0,NULL,659,891,'Contado',0,0,'2016-02-09 17:44:07','2016-02-09 17:45:00'),(670,'20:18:00','2016-01-19',351,5,1,3,113,3,NULL,13,51,0,0,0,0,0,19.00,2,1.00,0.00,0.00,1,1,1,1,0,0,0,NULL,660,892,'Crédito',0,0,'2016-02-09 17:48:28','2016-02-09 17:50:45'),(671,'17:30:00','2016-01-20',0,144,1,5,251,1,NULL,203,4,0,0,0,0,0,82.00,0,0.00,0.00,0.00,1,0,1,1,0,0,0,NULL,661,893,'Contado',0,0,'2016-02-09 17:52:11','2016-02-09 17:53:28'),(672,'07:25:00','2016-01-20',345,125,1,3,119,2,NULL,13,121,0,0,0,0,0,45.00,2,1.00,0.00,0.00,1,1,1,1,0,0,0,NULL,662,894,'Crédito',0,0,'2016-02-09 17:58:49','2016-02-09 18:00:12'),(673,'06:00:00','2016-01-20',740,14,1,3,24,3,NULL,40,140,0,0,0,0,0,512.00,0,0.00,0.00,0.00,1,0,1,1,0,0,0,NULL,663,895,'Crédito',0,0,'2016-02-09 18:01:45','2016-02-09 18:02:31'),(674,'08:38:00','2016-01-20',0,53,1,7,218,1,NULL,101,1,0,0,0,0,0,998.00,0,0.00,0.00,0.00,0,0,1,1,0,0,0,NULL,664,896,'Contado',0,0,'2016-02-09 18:03:42','2016-02-09 18:04:22'),(675,'10:46:00','2016-01-20',970,15,1,8,45,3,NULL,40,47,0,0,0,0,0,19.00,2,1.00,0.00,0.00,1,1,1,1,0,0,0,NULL,665,897,'Crédito',0,0,'2016-02-09 18:18:26','2016-02-09 18:19:25'),(676,'15:57:00','2016-01-20',2385,47,1,3,63,3,NULL,63,85,0,0,0,0,0,80.00,3,1.00,0.00,0.00,0,1,1,0,0,0,0,NULL,666,898,'Crédito',0,0,'2016-02-09 18:21:50','2016-02-09 19:04:23'),(677,'16:09:00','2016-01-20',2353,42,1,8,188,3,NULL,63,95,0,0,0,0,0,56.00,2,1.00,0.00,0.00,0,1,1,0,0,0,0,NULL,667,899,'Crédito',0,0,'2016-02-09 19:06:11','2016-02-09 19:13:24'),(678,'16:10:00','2016-01-20',971,16,1,4,161,3,NULL,40,115,0,0,0,0,0,42.00,0,0.00,0.00,0.00,1,0,1,1,0,0,0,NULL,668,900,'Crédito',0,0,'2016-02-09 19:14:57','2016-02-09 19:15:41'),(679,'16:35:00','2016-01-20',746,14,1,3,38,3,NULL,40,104,0,0,0,0,0,49.00,3,1.00,0.00,0.00,1,1,1,1,0,0,0,NULL,669,901,'Crédito',0,0,'2016-02-09 19:17:07','2016-02-09 19:17:59'),(680,'10:10:00','2016-01-20',0,93,1,3,254,2,NULL,12,0,0,0,0,0,0,35.00,0,0.00,0.00,0.00,1,0,1,1,0,0,0,NULL,670,902,'Crédito',0,0,'2016-02-09 19:19:09','2016-02-09 19:19:50'),(681,'13:40:00','2016-01-19',0,56,1,5,144,1,NULL,150,0,0,0,0,0,0,3900.00,0,0.00,0.00,0.00,1,0,1,1,0,0,0,NULL,671,903,'Contado',0,0,'2016-02-09 19:32:04','2016-02-09 19:33:42'),(682,'13:00:00','2016-01-20',0,86,1,54,181,1,NULL,22,0,0,0,0,0,0,2344.00,0,0.00,0.00,0.00,0,0,1,1,0,0,0,NULL,672,904,'Contado',0,0,'2016-02-09 19:36:10','2016-02-09 19:36:47'),(683,'20:00:00','2016-01-20',0,174,1,5,285,1,NULL,219,0,0,0,0,0,0,30.00,0,0.00,0.00,0.00,1,0,1,1,0,0,0,NULL,673,905,'Contado',0,0,'2016-02-09 19:42:12','2016-02-09 19:42:55'),(684,'07:30:00','2016-01-21',0,149,1,7,246,2,NULL,125,0,0,0,0,0,0,2370.00,0,0.00,0.00,0.00,0,0,1,1,0,0,0,NULL,674,906,'Crédito',0,0,'2016-02-09 20:18:57','2016-02-09 20:20:04'),(685,'07:30:00','2016-01-21',0,135,1,8,240,1,NULL,196,1,0,0,0,0,0,925.00,0,0.00,0.00,0.00,1,0,1,1,0,0,0,NULL,675,907,'Contado',0,0,'2016-02-09 20:24:46','2016-02-09 20:25:42'),(686,'08:15:00','2016-01-21',0,128,1,3,228,1,NULL,32,4,0,0,0,0,0,1072.00,0,0.00,0.00,0.00,1,0,1,1,0,0,0,NULL,676,908,'Contado',0,0,'2016-02-09 20:27:23','2016-02-09 20:28:11'),(687,'08:30:00','2016-01-21',0,99,1,3,197,1,NULL,116,1,0,0,0,0,0,4975.00,0,0.00,0.00,0.00,0,0,1,1,0,0,0,NULL,677,909,'Contado',0,0,'2016-02-09 20:30:03','2016-02-09 20:31:06'),(688,'08:45:00','2016-01-21',0,82,1,12,166,1,NULL,54,5,0,0,0,0,0,9887.00,0,0.00,0.00,0.00,0,0,1,1,0,0,0,NULL,678,910,'Contado',0,0,'2016-02-09 20:32:44','2016-02-09 20:33:49'),(689,'09:00:00','2016-01-21',0,97,1,12,166,1,NULL,54,5,0,0,0,0,0,960.00,0,0.00,0.00,0.00,0,0,1,1,0,0,0,NULL,679,911,'Contado',0,0,'2016-02-09 20:57:45','2016-02-09 20:59:28'),(690,'09:15:00','2016-01-21',0,86,1,3,181,1,NULL,22,0,0,0,0,0,0,910.00,0,0.00,0.00,0.00,0,0,1,1,0,0,0,NULL,680,912,'Contado',0,0,'2016-02-09 21:14:27','2016-02-09 21:15:25'),(691,'20:00:00','2016-01-21',0,175,1,5,286,1,NULL,220,3,0,0,0,0,0,635.00,0,0.00,0.00,0.00,1,0,1,1,0,0,0,NULL,681,913,'Contado',0,0,'2016-02-09 21:24:50','2016-02-09 21:25:34'),(692,'13:00:00','2016-01-21',0,118,1,5,277,1,NULL,184,4,0,0,0,0,0,196.00,0,0.00,0.00,0.00,1,0,1,1,0,0,0,NULL,682,914,'Contado',0,0,'2016-02-09 21:27:23','2016-02-09 21:28:04'),(693,'07:55:00','2016-01-21',345,54,1,3,111,3,NULL,13,105,0,0,0,0,0,35.00,2,1.00,0.00,0.00,1,1,1,1,0,0,0,NULL,683,915,'Crédito',0,0,'2016-02-09 21:29:50','2016-02-09 21:30:27'),(694,'17:32:00','2016-01-19',313,3,1,3,11,3,NULL,124,102,0,0,0,0,0,34.00,3,1.00,0.00,0.00,1,1,1,1,0,0,0,NULL,684,916,'Crédito',0,0,'2016-02-09 21:34:08','2016-02-09 21:34:47'),(695,'05:57:00','2016-01-20',307,3,1,3,11,3,NULL,124,106,0,0,0,0,0,582.00,3,2.00,0.00,0.00,1,1,1,1,0,0,0,NULL,685,917,'Crédito',0,0,'2016-02-09 21:37:07','2016-02-09 21:37:44'),(696,'09:27:00','2016-01-20',310,4,1,3,7,3,NULL,124,117,0,0,0,0,0,52.00,3,1.00,0.00,0.00,1,1,1,1,0,0,0,NULL,686,918,'Crédito',0,0,'2016-02-09 21:41:43','2016-02-09 21:42:33'),(697,'17:24:00','2016-01-20',313,3,1,3,12,3,NULL,124,109,0,0,0,0,0,37.00,2,1.00,0.00,0.00,1,1,1,1,0,0,0,NULL,687,919,'Crédito',0,0,'2016-02-09 21:46:38','2016-02-09 21:47:58'),(698,'06:05:00','2016-01-21',307,3,1,3,217,3,NULL,124,94,0,0,0,0,0,565.00,3,2.00,0.00,0.00,1,1,1,1,0,0,0,NULL,688,920,'Crédito',0,0,'2016-02-09 22:33:25','2016-02-09 22:34:13'),(699,'13:00:00','2016-01-21',0,176,1,48,287,1,NULL,119,1,0,0,0,0,0,1635.00,0,0.00,0.00,0.00,1,0,1,1,0,0,0,NULL,689,921,'Contado',0,0,'2016-02-09 22:42:30','2016-02-09 22:45:32'),(700,'09:55:00','2016-01-21',310,2,1,3,12,3,NULL,124,111,0,0,0,0,0,57.00,3,1.00,0.00,0.00,1,1,1,1,0,0,0,NULL,690,922,'Crédito',0,0,'2016-02-09 22:59:22','2016-02-09 23:00:02'),(701,'05:38:00','2016-01-21',740,15,1,3,20,3,NULL,40,119,0,0,0,0,0,526.00,2,2.00,0.00,0.00,1,1,1,1,0,0,0,NULL,691,923,'Crédito',0,0,'2016-02-09 23:02:08','2016-02-09 23:04:57'),(702,'10:32:00','2016-01-21',970,16,1,8,42,3,NULL,40,75,0,0,1,0,0,32.00,2,1.00,0.00,0.00,1,1,1,1,0,0,0,NULL,692,924,'Crédito',0,0,'2016-02-09 23:06:42','2016-02-09 23:07:21'),(703,'14:00:00','2016-01-21',0,171,1,5,288,1,NULL,15,1,0,0,0,0,0,1267.00,0,0.00,0.00,0.00,1,0,1,1,0,0,0,NULL,693,925,'Contado',0,0,'2016-02-09 23:10:00','2016-02-09 23:10:38'),(704,'16:00:00','2016-01-21',0,177,1,16,105,1,NULL,214,4,0,0,0,0,0,253.00,0,0.00,0.00,0.00,1,0,1,1,0,0,0,NULL,694,926,'Contado',0,0,'2016-02-09 23:13:47','2016-02-09 23:14:29'),(705,'13:30:00','2016-01-21',0,152,1,5,180,1,NULL,80,1,0,0,0,0,0,45.00,0,0.00,0.00,0.00,1,0,1,1,0,0,0,NULL,695,927,'Contado',0,0,'2016-02-09 23:15:56','2016-02-09 23:16:39'),(706,'15:00:00','2016-01-21',0,121,1,5,289,1,NULL,17,3,0,0,0,0,0,1662.00,0,0.00,0.00,0.00,1,0,1,1,0,0,0,NULL,696,928,'Contado',0,0,'2016-02-09 23:19:12','2016-02-09 23:19:55'),(707,'09:00:00','2016-01-21',0,28,1,9,210,2,NULL,139,0,0,0,0,0,0,1300.00,0,0.00,0.00,0.00,0,0,1,1,0,0,0,NULL,697,929,'Crédito',0,0,'2016-02-09 23:21:38','2016-02-09 23:22:19'),(708,'15:10:00','2016-01-21',0,77,1,11,144,1,NULL,74,0,0,0,0,0,0,24276.00,0,0.00,0.00,0.00,0,0,1,1,0,0,0,NULL,698,930,'Contado',0,0,'2016-02-09 23:23:33','2016-02-09 23:24:14'),(709,'09:20:00','2016-01-21',0,21,1,9,231,2,NULL,139,12,0,0,0,0,0,5614.00,0,0.00,0.00,0.00,0,0,1,1,0,0,0,NULL,699,931,'Crédito',0,0,'2016-02-09 23:26:05','2016-02-09 23:27:09'),(710,'15:30:00','2016-01-21',0,130,1,5,232,1,NULL,191,4,0,0,0,0,0,1120.00,0,0.00,0.00,0.00,1,0,1,1,0,0,0,NULL,700,932,'Contado',0,0,'2016-02-09 23:28:46','2016-02-09 23:29:58'),(711,'18:30:00','2016-01-21',0,174,1,5,285,1,NULL,219,6,0,0,0,0,0,65.00,0,0.00,0.00,0.00,1,0,1,1,0,0,0,NULL,701,933,'Contado',0,0,'2016-02-09 23:34:04','2016-02-09 23:35:00'),(712,'15:51:00','2016-01-21',2385,47,1,3,63,3,NULL,63,92,0,0,0,0,0,70.00,3,1.00,0.00,0.00,0,1,1,0,0,0,0,NULL,702,934,'Crédito',0,0,'2016-02-09 23:40:27','2016-02-09 23:41:10'),(713,'17:26:00','2016-01-21',2353,42,1,8,188,3,NULL,63,94,0,0,0,0,0,37.00,3,1.00,0.00,0.00,0,1,1,0,0,0,0,NULL,703,935,'Crédito',0,0,'2016-02-09 23:42:37','2016-02-09 23:43:16'),(714,'16:16:00','2016-01-21',971,14,1,4,24,3,NULL,40,115,0,0,0,0,0,48.00,2,1.00,0.00,0.00,1,1,1,1,0,0,0,NULL,704,936,'Crédito',0,0,'2016-02-09 23:46:46','2016-02-09 23:47:29'),(715,'16:35:00','2016-01-21',746,16,1,3,22,3,NULL,40,106,0,0,0,0,0,49.00,3,1.00,0.00,0.00,1,1,1,1,0,0,0,NULL,705,937,'Crédito',0,0,'2016-02-09 23:49:02','2016-02-09 23:49:56'),(716,'20:30:00','2016-01-21',0,118,1,5,277,1,NULL,184,0,0,0,0,0,0,45.00,0,0.00,0.00,0.00,1,0,1,1,0,0,0,NULL,706,938,'Contado',0,0,'2016-02-09 23:51:08','2016-02-09 23:51:57'),(717,'16:11:00','2016-02-08',971,15,1,4,18,3,NULL,40,73,0,0,0,0,0,47.00,0,0.00,0.00,0.00,1,0,1,1,0,0,0,NULL,707,939,'Crédito',0,0,'2016-02-10 02:50:59','2016-02-10 02:58:13'),(719,'05:40:00','2016-02-09',740,14,1,3,49,3,NULL,40,118,0,0,0,0,0,536.00,0,0.00,0.00,0.00,1,0,1,1,0,0,0,NULL,708,940,'Crédito',0,0,'2016-02-10 03:09:35','2016-02-10 03:10:13'),(720,'08:30:00','2016-02-09',0,77,1,11,209,1,NULL,74,4,0,0,0,0,0,15210.00,0,0.00,0.00,0.00,0,0,1,1,0,0,0,NULL,709,941,'Contado',0,0,'2016-02-10 03:11:57','2016-02-10 03:12:43'),(721,'10:00:00','2016-02-09',0,24,1,7,290,2,NULL,125,2,0,0,0,0,0,5600.00,0,0.00,0.00,0.00,0,0,1,1,0,0,0,NULL,710,942,'Crédito',0,0,'2016-02-10 03:17:33','2016-02-10 03:18:09'),(722,'05:50:00','2016-02-06',1121,96,1,4,175,3,NULL,45,73,0,0,0,0,0,355.00,0,0.00,0.00,0.00,1,0,1,1,0,0,0,NULL,711,943,'Crédito',0,0,'2016-02-10 03:20:29','2016-02-10 03:21:17'),(723,'05:40:00','2016-02-09',802,73,1,4,215,2,NULL,45,71,0,0,0,0,0,505.00,0,0.00,0.00,0.00,1,0,1,1,0,0,0,NULL,712,944,'Crédito',0,0,'2016-02-10 03:22:40','2016-02-10 03:23:15'),(724,'08:23:00','2016-02-09',0,117,1,7,142,1,NULL,101,1,0,0,0,0,0,938.00,0,0.00,0.00,0.00,0,0,1,1,0,0,0,NULL,713,945,'Contado',0,0,'2016-02-10 03:24:41','2016-02-10 03:25:13'),(725,'14:00:00','2016-02-09',0,152,1,5,180,1,NULL,80,3,0,0,0,0,0,234.00,0,0.00,0.00,0.00,1,0,1,1,0,0,0,NULL,714,946,'Contado',0,0,'2016-02-10 03:26:15','2016-02-10 03:26:49'),(726,'14:30:00','2016-02-09',0,59,1,3,149,1,NULL,106,0,0,0,0,0,0,1530.00,0,0.00,0.00,0.00,0,0,1,1,0,0,0,NULL,715,947,'Contado',0,0,'2016-02-10 03:28:40','2016-02-10 03:29:13'),(727,'08:25:00','2016-02-06',0,28,1,9,135,2,NULL,139,19,0,0,0,0,0,5565.00,0,0.00,0.00,0.00,0,0,1,1,0,0,0,NULL,716,948,'Crédito',0,0,'2016-02-10 03:32:04','2016-02-10 03:32:51'),(728,'09:00:00','2016-02-06',0,21,1,9,231,2,NULL,139,19,0,0,0,0,0,1257.00,0,0.00,0.00,0.00,0,0,1,1,0,0,0,NULL,717,949,'Crédito',0,0,'2016-02-10 03:34:41','2016-02-10 03:35:16'),(729,'09:34:00','2016-02-06',0,26,1,9,138,2,NULL,139,9,0,0,0,0,0,2775.00,0,0.00,0.00,0.00,0,0,1,1,0,0,0,NULL,718,950,'Crédito',0,0,'2016-02-10 03:48:30','2016-02-10 03:49:25'),(730,'08:49:00','2016-02-06',0,27,1,9,139,2,NULL,139,15,0,0,0,0,0,4199.00,0,0.00,0.00,0.00,0,0,1,1,0,0,0,NULL,719,951,'Crédito',0,0,'2016-02-10 03:50:30','2016-02-10 03:51:13'),(731,'12:10:00','2016-02-06',0,28,1,9,135,2,NULL,139,6,0,0,0,0,0,102.00,0,0.00,0.00,0.00,0,0,1,1,0,0,0,NULL,720,952,'Crédito',0,0,'2016-02-10 03:52:34','2016-02-10 03:53:08'),(732,'13:36:00','2016-02-06',0,21,1,9,231,2,NULL,139,19,0,0,0,0,0,148.00,0,0.00,0.00,0.00,0,0,1,1,0,0,0,NULL,721,953,'Crédito',0,0,'2016-02-10 04:55:08','2016-02-10 04:56:35'),(733,'09:03:00','2016-02-07',0,21,1,9,138,2,NULL,139,15,0,0,0,0,0,1073.00,0,0.00,0.00,0.00,0,0,1,1,0,0,0,NULL,722,954,'Crédito',0,0,'2016-02-10 04:58:00','2016-02-10 04:59:39'),(734,'08:32:00','2016-02-07',0,28,1,9,135,2,NULL,139,6,0,0,0,0,0,1012.00,0,0.00,0.00,0.00,0,0,1,1,0,0,0,NULL,723,955,'Crédito',0,0,'2016-02-10 05:01:49','2016-02-10 05:03:02'),(735,'09:28:00','2016-02-08',0,21,1,9,231,2,NULL,139,13,0,0,0,0,0,1288.00,0,0.00,0.00,0.00,0,0,1,1,0,0,0,NULL,724,956,'Crédito',0,0,'2016-02-10 05:04:25','2016-02-10 05:05:02'),(736,'09:25:00','2016-02-08',0,28,1,9,135,2,NULL,139,17,0,0,0,0,0,990.00,0,0.00,0.00,0.00,0,0,1,1,0,0,0,NULL,725,957,'Crédito',0,0,'2016-02-10 05:06:09','2016-02-10 05:07:07'),(737,'09:10:00','2016-02-09',0,26,1,9,135,2,NULL,139,19,0,0,0,0,0,4130.00,0,0.00,0.00,0.00,0,0,1,1,0,0,0,NULL,726,958,'Crédito',0,0,'2016-02-10 05:08:38','2016-02-10 05:09:12'),(738,'09:15:00','2016-02-09',0,21,1,9,231,2,NULL,139,3,0,0,0,0,0,1203.00,0,0.00,0.00,0.00,0,0,1,1,0,0,0,NULL,727,959,'Crédito',0,0,'2016-02-10 05:10:50','2016-02-10 05:11:26'),(739,'06:05:00','2016-02-09',0,28,1,3,138,2,NULL,139,0,0,0,0,0,0,836.00,0,0.00,0.00,0.00,1,0,1,1,0,0,0,NULL,728,960,'Crédito',0,0,'2016-02-10 05:12:46','2016-02-10 05:13:22'),(740,'17:00:00','2016-02-09',0,109,1,11,209,1,NULL,74,2,0,0,0,0,0,1324.00,0,0.00,0.00,0.00,1,0,1,1,0,0,0,NULL,729,961,'Contado',0,0,'2016-02-10 05:14:31','2016-02-10 05:15:08'),(741,'17:35:00','2016-02-08',313,4,1,3,217,3,NULL,124,108,0,0,0,0,0,84.00,2,2.00,0.00,0.00,1,1,1,1,0,0,0,NULL,730,962,'Crédito',0,0,'2016-02-10 05:16:43','2016-02-10 05:17:18'),(742,'05:58:00','2016-02-09',307,4,1,3,217,3,NULL,124,91,0,0,0,0,0,573.00,2,4.00,0.00,0.00,1,1,1,1,0,0,0,NULL,731,963,'Crédito',0,0,'2016-02-10 05:18:50','2016-02-10 05:19:36'),(743,'09:42:00','2016-02-09',310,4,1,3,217,3,NULL,124,117,0,0,0,0,0,40.00,2,1.00,0.00,0.00,1,1,1,1,0,0,0,NULL,732,964,'Crédito',0,0,'2016-02-10 05:20:58','2016-02-10 05:21:26'),(744,'18:20:00','2016-02-09',313,3,1,3,10,3,NULL,124,119,0,0,0,0,0,33.00,3,1.00,0.00,0.00,1,1,1,1,0,0,0,NULL,733,965,'Crédito',0,0,'2016-02-10 05:23:48','2016-02-10 05:24:21'),(745,'09:37:00','2016-02-09',970,15,1,8,147,3,NULL,40,58,0,0,0,0,0,42.00,3,1.00,0.00,0.00,1,1,1,1,0,0,0,NULL,734,966,'Crédito',0,0,'2016-02-10 05:31:37','2016-02-10 05:32:34'),(746,'16:14:00','2016-02-09',971,10,1,4,40,3,NULL,40,112,0,0,0,0,0,56.00,0,0.00,0.00,0.00,1,0,1,1,0,0,0,NULL,735,967,'Crédito',0,0,'2016-02-10 05:34:13','2016-02-10 05:34:44'),(747,'16:30:00','2016-02-09',746,16,1,3,24,3,NULL,40,134,0,0,0,0,0,46.00,2,1.00,0.00,0.00,1,1,1,1,0,0,0,NULL,736,968,'Crédito',0,0,'2016-02-10 05:36:30','2016-02-10 05:37:02'),(748,'15:40:00','2016-02-09',2385,47,1,3,67,3,NULL,63,101,0,0,0,0,0,64.00,2,1.00,0.00,0.00,0,1,1,0,0,0,0,NULL,737,969,'Crédito',0,0,'2016-02-10 06:16:29','2016-02-10 06:16:54'),(749,'15:43:00','2016-02-09',2353,39,1,8,85,3,NULL,63,85,0,0,0,0,0,51.00,3,1.00,0.00,0.00,0,1,1,0,0,0,0,NULL,738,970,'Crédito',0,0,'2016-02-10 06:18:13','2016-02-10 06:18:47'),(750,'06:30:00','2016-02-10',0,59,1,8,149,1,NULL,106,1,0,0,0,0,0,690.00,0,0.00,0.00,0.00,1,0,1,1,0,0,0,NULL,739,1043,'Contado',0,0,'2016-02-10 19:34:16','2016-02-10 22:26:30'),(751,'08:00:00','2016-02-10',0,139,1,8,245,1,NULL,23,3,0,0,0,0,0,80.00,0,0.00,0.00,0.00,1,0,1,1,0,0,0,NULL,740,1044,'Contado',0,0,'2016-02-10 22:29:10','2016-02-10 22:29:38'),(752,'08:30:00','2016-02-10',0,149,1,7,258,2,NULL,125,2,0,0,0,0,0,2490.00,0,0.00,0.00,0.00,0,0,1,1,0,0,0,NULL,741,1045,'Crédito',0,0,'2016-02-10 22:31:21','2016-02-10 22:31:44'),(753,'08:45:00','2016-02-10',0,109,1,5,209,1,NULL,74,2,0,0,0,0,0,46.00,0,0.00,0.00,0.00,0,0,1,1,0,0,0,NULL,742,1046,'Contado',0,0,'2016-02-10 22:33:04','2016-02-10 22:33:28'),(754,'09:00:00','2016-02-10',0,55,1,9,143,1,NULL,54,0,0,0,0,0,0,1143.00,0,0.00,0.00,0.00,0,0,1,1,0,0,0,NULL,743,1047,'Contado',0,0,'2016-02-10 22:34:43','2016-02-10 22:35:07'),(755,'11:00:00','2016-02-10',0,128,1,4,228,1,NULL,32,0,0,0,0,0,0,2829.00,0,0.00,0.00,0.00,1,0,1,1,0,0,0,NULL,744,1048,'Contado',0,0,'2016-02-10 22:36:18','2016-02-10 22:36:40'),(756,'13:30:00','2016-02-10',0,152,1,5,180,1,NULL,80,3,0,0,0,0,0,215.00,0,0.00,0.00,0.00,1,0,1,1,0,0,0,NULL,745,1049,'Contado',0,0,'2016-02-10 22:38:17','2016-02-10 22:38:57'),(757,'11:30:00','2016-02-10',0,76,1,51,168,1,NULL,160,3,0,0,0,0,0,54.00,0,0.00,0.00,0.00,1,0,1,1,0,0,0,NULL,746,1050,'Contado',0,0,'2016-02-10 22:40:52','2016-02-10 22:41:15'),(758,'11:20:00','2016-02-10',0,159,1,30,267,1,NULL,210,0,0,0,0,0,0,30.00,0,0.00,0.00,0.00,1,0,1,1,0,0,0,NULL,747,1051,'Contado',0,0,'2016-02-10 22:43:30','2016-02-10 22:43:56'),(759,'15:00:00','2016-02-10',0,139,1,8,245,1,NULL,23,0,0,0,0,0,0,220.00,0,0.00,0.00,0.00,1,0,1,1,0,0,0,NULL,748,1052,'Contado',0,0,'2016-02-10 22:51:41','2016-02-10 22:52:29'),(760,'15:30:00','2016-02-10',0,121,1,5,223,1,NULL,17,1,0,0,0,0,0,1230.00,0,0.00,0.00,0.00,1,0,1,1,0,0,0,NULL,749,1053,'Contado',0,0,'2016-02-10 22:53:50','2016-02-10 22:54:10'),(761,'14:00:00','2016-02-10',0,118,1,5,219,1,NULL,184,0,0,0,0,0,0,30.00,0,0.00,0.00,0.00,1,0,1,1,0,0,0,NULL,750,1054,'Contado',0,0,'2016-02-10 22:55:18','2016-02-10 22:55:39'),(762,'06:05:00','2016-02-10',802,115,1,4,291,3,NULL,45,99,0,0,0,0,0,485.00,0,0.00,0.00,0.00,1,0,1,1,0,0,0,NULL,751,1056,'Crédito',0,0,'2016-02-10 23:04:53','2016-02-10 23:05:37'),(763,'06:18:00','2016-01-10',307,4,1,3,198,3,NULL,124,117,0,0,0,0,0,660.00,3,3.00,0.00,0.00,1,1,1,1,0,0,0,NULL,246,1078,'Crédito',0,0,'2016-02-11 00:24:22','2016-02-11 00:25:06'),(764,'14:00:00','2016-01-16',0,139,1,8,245,1,NULL,23,0,0,0,0,0,0,154500.00,0,0.00,0.00,0.00,1,0,1,1,0,0,0,NULL,416,1079,'Contado',0,0,'2016-02-11 00:42:49','2016-02-11 00:44:37'),(766,'15:00:00','2016-02-10',0,178,1,5,292,1,NULL,222,1,0,0,0,0,0,45.00,0,0.00,0.00,0.00,1,0,1,1,0,0,0,NULL,752,1080,'Contado',0,0,'2016-02-11 01:08:59','2016-02-11 01:09:34'),(767,'06:02:00','2016-02-10',307,4,1,3,10,3,NULL,124,106,0,0,0,0,0,515.00,3,2.00,0.00,0.00,1,1,1,1,0,0,0,NULL,753,1086,'Crédito',0,0,'2016-02-11 01:34:15','2016-02-11 01:34:46'),(768,'18:00:00','2016-02-10',0,179,1,5,293,1,NULL,10,2,0,0,0,0,0,220.00,0,0.00,0.00,0.00,1,0,1,1,0,0,0,NULL,754,1090,'Contado',0,0,'2016-02-11 01:39:07','2016-02-11 01:39:43'),(769,'09:49:00','2016-02-10',310,4,1,3,10,3,NULL,124,112,0,0,0,0,0,47.00,3,1.00,0.00,0.00,1,1,1,1,0,0,0,NULL,755,1092,'Crédito',0,0,'2016-02-11 01:41:49','2016-02-11 01:42:16'),(770,'05:38:00','2016-02-10',740,14,1,3,51,3,NULL,40,110,0,0,0,0,0,529.00,2,2.00,0.00,0.00,1,1,1,1,0,0,0,NULL,756,1095,'Crédito',0,0,'2016-02-11 01:44:20','2016-02-11 01:44:48'),(771,'09:15:00','2016-02-10',970,15,1,8,147,3,NULL,40,26,0,0,0,0,0,35.00,2,1.00,0.00,0.00,1,1,1,1,0,0,0,NULL,757,1098,'Crédito',0,0,'2016-02-11 01:46:04','2016-02-11 01:46:34'),(772,'09:10:00','2016-02-10',0,21,1,9,231,2,NULL,139,19,0,0,0,0,0,1285.00,0,0.00,0.00,0.00,0,0,1,1,0,0,0,NULL,758,1100,'Crédito',0,0,'2016-02-11 01:47:52','2016-02-11 01:48:24'),(773,'08:55:00','2016-02-10',0,28,1,9,138,2,NULL,139,14,0,0,0,0,0,1270.00,0,0.00,0.00,0.00,0,0,1,1,0,0,0,NULL,759,1102,'Crédito',0,0,'2016-02-11 01:49:29','2016-02-11 01:50:00'),(774,'09:07:00','2016-02-10',0,27,1,9,210,2,NULL,139,14,0,0,0,0,0,1267.00,0,0.00,0.00,0.00,0,0,1,1,0,0,0,NULL,760,1104,'Crédito',0,0,'2016-02-11 01:51:06','2016-02-11 01:51:35'),(775,'15:43:00','2016-02-10',2385,39,1,3,70,3,NULL,63,79,0,0,0,0,0,68.00,2,1.00,0.00,0.00,0,1,1,0,0,0,0,NULL,761,1109,'Crédito',0,0,'2016-02-11 01:55:52','2016-02-11 01:56:21'),(776,'16:57:53','2016-02-10',2353,48,1,8,92,3,NULL,63,91,0,0,0,0,0,124.00,3,1.00,0.00,0.00,0,1,1,0,0,0,0,NULL,762,1111,'Crédito',0,0,'2016-02-11 01:58:14','2016-02-11 01:58:40');
/*!40000 ALTER TABLE `despegues` ENABLE KEYS */;
UNLOCK TABLES;

--
-- Table structure for table `estacionamiento_aeronaves`
--

DROP TABLE IF EXISTS `estacionamiento_aeronaves`;
/*!40101 SET @saved_cs_client     = @@character_set_client */;
/*!40101 SET character_set_client = utf8 */;
CREATE TABLE `estacionamiento_aeronaves` (
  `id` int(10) unsigned NOT NULL AUTO_INCREMENT,
  `tiempoLibreInt` int(11) NOT NULL,
  `eq_bloqueInt` double(7,5) NOT NULL,
  `minBloqueInt` int(11) NOT NULL,
  `tiempoLibreNac` int(11) NOT NULL,
  `eq_bloqueNac` double(7,5) NOT NULL,
  `minBloqueNac` int(11) NOT NULL,
  `aeropuerto_id` int(10) unsigned NOT NULL,
  `conceptoCredito_id` int(10) unsigned NOT NULL,
  `conceptoContado_id` int(10) unsigned NOT NULL,
  `created_at` timestamp NOT NULL DEFAULT '0000-00-00 00:00:00',
  `updated_at` timestamp NOT NULL DEFAULT '0000-00-00 00:00:00',
  PRIMARY KEY (`id`),
  KEY `estacionamiento_aeronaves_aeropuerto_id_foreign` (`aeropuerto_id`),
  KEY `estacionamiento_aeronaves_conceptocredito_id_foreign` (`conceptoCredito_id`),
  KEY `estacionamiento_aeronaves_conceptocontado_id_foreign` (`conceptoContado_id`),
  CONSTRAINT `estacionamiento_aeronaves_aeropuerto_id_foreign` FOREIGN KEY (`aeropuerto_id`) REFERENCES `aeropuertos` (`id`),
  CONSTRAINT `estacionamiento_aeronaves_conceptocontado_id_foreign` FOREIGN KEY (`conceptoContado_id`) REFERENCES `conceptos` (`id`),
  CONSTRAINT `estacionamiento_aeronaves_conceptocredito_id_foreign` FOREIGN KEY (`conceptoCredito_id`) REFERENCES `conceptos` (`id`)
) ENGINE=InnoDB AUTO_INCREMENT=2 DEFAULT CHARSET=utf8 COLLATE=utf8_unicode_ci;
/*!40101 SET character_set_client = @saved_cs_client */;

--
-- Dumping data for table `estacionamiento_aeronaves`
--

LOCK TABLES `estacionamiento_aeronaves` WRITE;
/*!40000 ALTER TABLE `estacionamiento_aeronaves` DISABLE KEYS */;
INSERT INTO `estacionamiento_aeronaves` VALUES (1,120,0.09810,60,60,0.07480,60,1,69,55,'0000-00-00 00:00:00','2015-12-08 05:06:40');
/*!40000 ALTER TABLE `estacionamiento_aeronaves` ENABLE KEYS */;
UNLOCK TABLES;

--
-- Table structure for table `estacionamientoclientes`
--

DROP TABLE IF EXISTS `estacionamientoclientes`;
/*!40101 SET @saved_cs_client     = @@character_set_client */;
/*!40101 SET character_set_client = utf8 */;
CREATE TABLE `estacionamientoclientes` (
  `id` int(10) unsigned NOT NULL AUTO_INCREMENT,
  `nombre` char(150) COLLATE utf8_unicode_ci NOT NULL,
  `cantidad` int(11) NOT NULL,
  `costoUnidad` int(10) unsigned NOT NULL,
  `fechaSuscripcion` date NOT NULL,
  `isActivo` tinyint(1) NOT NULL,
  `nPagos` int(11) NOT NULL,
  `estacionamiento_id` int(10) unsigned NOT NULL,
  `created_at` timestamp NOT NULL DEFAULT '0000-00-00 00:00:00',
  `updated_at` timestamp NOT NULL DEFAULT '0000-00-00 00:00:00',
  PRIMARY KEY (`id`),
  KEY `estacionamientoclientes_estacionamiento_id_foreign` (`estacionamiento_id`),
  CONSTRAINT `estacionamientoclientes_estacionamiento_id_foreign` FOREIGN KEY (`estacionamiento_id`) REFERENCES `estacionamientos` (`id`)
) ENGINE=InnoDB AUTO_INCREMENT=8 DEFAULT CHARSET=utf8 COLLATE=utf8_unicode_ci;
/*!40101 SET character_set_client = @saved_cs_client */;

--
-- Dumping data for table `estacionamientoclientes`
--

LOCK TABLES `estacionamientoclientes` WRITE;
/*!40000 ALTER TABLE `estacionamientoclientes` DISABLE KEYS */;
INSERT INTO `estacionamientoclientes` VALUES (1,'AEROPANAMERICANO, C.A',0,0,'0000-00-00',0,0,1,'2016-01-19 02:51:22','2016-01-19 02:51:22'),(2,'AERO 1069 C.A.',2,400,'0000-00-00',0,0,1,'2016-01-22 02:25:36','2016-01-22 02:25:36'),(3,'AEROSERVICIOS SKYPPER, C.A.',1,0,'0000-00-00',0,0,1,'2016-01-22 02:35:07','2016-01-22 02:35:07'),(4,'AEROSERVICIOS SKYPPER, C.A.',1,100,'0000-00-00',0,0,1,'2016-01-22 02:35:33','2016-01-22 02:35:33'),(5,'EL TEKEÑAZO, C.A.',1,100,'0000-00-00',0,0,1,'2016-01-22 02:59:04','2016-01-22 02:59:04'),(6,'INVERSIONES GALETTE EXPRESS, C.A',2,100,'0000-00-00',0,0,1,'2016-01-22 19:22:10','2016-01-22 19:22:10'),(7,'AGENCIA DE VIAJES Y TURISMO DON VICTOR, C.A.',100,1,'0000-00-00',0,0,1,'2016-02-02 18:33:05','2016-02-02 18:33:05');
/*!40000 ALTER TABLE `estacionamientoclientes` ENABLE KEYS */;
UNLOCK TABLES;

--
-- Table structure for table `estacionamientoconceptos`
--

DROP TABLE IF EXISTS `estacionamientoconceptos`;
/*!40101 SET @saved_cs_client     = @@character_set_client */;
/*!40101 SET character_set_client = utf8 */;
CREATE TABLE `estacionamientoconceptos` (
  `id` int(10) unsigned NOT NULL AUTO_INCREMENT,
  `nombre` char(150) COLLATE utf8_unicode_ci NOT NULL,
  `costo` double(8,2) NOT NULL,
  `estacionamiento_id` int(10) unsigned NOT NULL,
  `created_at` timestamp NOT NULL DEFAULT '0000-00-00 00:00:00',
  `updated_at` timestamp NOT NULL DEFAULT '0000-00-00 00:00:00',
  PRIMARY KEY (`id`),
  KEY `estacionamientoconceptos_estacionamiento_id_foreign` (`estacionamiento_id`),
  CONSTRAINT `estacionamientoconceptos_estacionamiento_id_foreign` FOREIGN KEY (`estacionamiento_id`) REFERENCES `estacionamientos` (`id`)
) ENGINE=InnoDB AUTO_INCREMENT=14 DEFAULT CHARSET=utf8 COLLATE=utf8_unicode_ci;
/*!40101 SET character_set_client = @saved_cs_client */;

--
-- Dumping data for table `estacionamientoconceptos`
--

LOCK TABLES `estacionamientoconceptos` WRITE;
/*!40000 ALTER TABLE `estacionamientoconceptos` DISABLE KEYS */;
INSERT INTO `estacionamientoconceptos` VALUES (8,'TICKET MANUAL',5.00,1,'2016-01-22 02:20:21','2016-01-22 02:20:21'),(9,'TICKET EXTRAVIADO',50.00,1,'2016-01-22 02:20:21','2016-01-22 02:20:21'),(10,'TICKET PERNOCTA',40.00,1,'2016-01-22 02:20:21','2016-01-22 02:20:21'),(11,'TICKET COBRADO POR TAQUILLA',5.00,1,'2016-01-22 02:20:21','2016-01-22 02:20:21'),(12,'predeterminado',0.00,2,'2016-01-22 17:30:53','2016-01-22 17:30:53'),(13,'TICKET ELECTRÓNICOS',5.00,1,'2016-01-22 19:10:37','2016-01-22 19:10:37');
/*!40000 ALTER TABLE `estacionamientoconceptos` ENABLE KEYS */;
UNLOCK TABLES;

--
-- Table structure for table `estacionamientoops`
--

DROP TABLE IF EXISTS `estacionamientoops`;
/*!40101 SET @saved_cs_client     = @@character_set_client */;
/*!40101 SET character_set_client = utf8 */;
CREATE TABLE `estacionamientoops` (
  `id` int(10) unsigned NOT NULL AUTO_INCREMENT,
  `fecha` date NOT NULL,
  `nTaquillas` int(11) NOT NULL,
  `nTurnos` int(11) NOT NULL,
  `total` double(8,2) NOT NULL,
  `depositado` double(8,2) NOT NULL,
  `created_at` timestamp NOT NULL DEFAULT '0000-00-00 00:00:00',
  `updated_at` timestamp NOT NULL DEFAULT '0000-00-00 00:00:00',
  `estacionamiento_id` int(10) unsigned NOT NULL,
  PRIMARY KEY (`id`),
  KEY `estacionamientoops_estacionamiento_id_foreign` (`estacionamiento_id`),
  CONSTRAINT `estacionamientoops_estacionamiento_id_foreign` FOREIGN KEY (`estacionamiento_id`) REFERENCES `estacionamientos` (`id`)
) ENGINE=InnoDB AUTO_INCREMENT=9 DEFAULT CHARSET=utf8 COLLATE=utf8_unicode_ci;
/*!40101 SET character_set_client = @saved_cs_client */;

--
-- Dumping data for table `estacionamientoops`
--

LOCK TABLES `estacionamientoops` WRITE;
/*!40000 ALTER TABLE `estacionamientoops` DISABLE KEYS */;
INSERT INTO `estacionamientoops` VALUES (1,'2016-01-01',2,2,1825.00,1825.00,'2016-01-22 19:15:39','2016-01-22 19:15:39',1),(2,'2016-01-02',2,2,6960.00,6960.00,'2016-01-27 21:08:21','2016-01-27 21:08:21',1),(3,'2016-01-03',2,2,5260.00,5260.00,'2016-01-27 21:09:48','2016-01-27 21:09:48',1),(4,'2016-01-04',2,2,8235.00,8235.00,'2016-01-27 21:12:11','2016-01-27 21:12:11',1),(5,'2016-01-05',2,2,7740.00,7740.00,'2016-01-28 02:27:52','2016-01-28 02:27:52',1),(6,'2016-01-06',2,2,8185.00,8185.00,'2016-01-28 02:30:03','2016-01-28 02:30:03',1),(7,'2016-01-07',2,2,7380.00,7380.00,'2016-01-28 02:35:13','2016-01-28 02:35:13',1),(8,'2016-01-27',2,2,7715.00,7715.00,'2016-01-28 19:06:38','2016-01-28 19:06:38',1);
/*!40000 ALTER TABLE `estacionamientoops` ENABLE KEYS */;
UNLOCK TABLES;

--
-- Table structure for table `estacionamientooptarjetas`
--

DROP TABLE IF EXISTS `estacionamientooptarjetas`;
/*!40101 SET @saved_cs_client     = @@character_set_client */;
/*!40101 SET character_set_client = utf8 */;
CREATE TABLE `estacionamientooptarjetas` (
  `id` int(10) unsigned NOT NULL AUTO_INCREMENT,
  `fecha` date NOT NULL,
  `estacionamientocliente_id` int(10) unsigned NOT NULL,
  `cantidad` int(11) NOT NULL,
  `banco_id` int(10) unsigned NOT NULL,
  `bancoscuenta_id` int(10) unsigned NOT NULL,
  `total` double(8,2) NOT NULL,
  `deposito` char(150) COLLATE utf8_unicode_ci NOT NULL,
  `estacionamientoop_id` int(10) unsigned NOT NULL,
  `created_at` timestamp NOT NULL DEFAULT '0000-00-00 00:00:00',
  `updated_at` timestamp NOT NULL DEFAULT '0000-00-00 00:00:00',
  PRIMARY KEY (`id`),
  KEY `estacionamientooptarjetas_estacionamientocliente_id_foreign` (`estacionamientocliente_id`),
  KEY `estacionamientooptarjetas_estacionamientoop_id_foreign` (`estacionamientoop_id`),
  KEY `estacionamientooptarjetas_banco_id_foreign` (`banco_id`),
  KEY `estacionamientooptarjetas_bancoscuenta_id_foreign` (`bancoscuenta_id`),
  CONSTRAINT `estacionamientooptarjetas_bancoscuenta_id_foreign` FOREIGN KEY (`bancoscuenta_id`) REFERENCES `bancoscuentas` (`id`),
  CONSTRAINT `estacionamientooptarjetas_banco_id_foreign` FOREIGN KEY (`banco_id`) REFERENCES `bancos` (`id`),
  CONSTRAINT `estacionamientooptarjetas_estacionamientocliente_id_foreign` FOREIGN KEY (`estacionamientocliente_id`) REFERENCES `estacionamientoclientes` (`id`),
  CONSTRAINT `estacionamientooptarjetas_estacionamientoop_id_foreign` FOREIGN KEY (`estacionamientoop_id`) REFERENCES `estacionamientoops` (`id`)
) ENGINE=InnoDB AUTO_INCREMENT=2 DEFAULT CHARSET=utf8 COLLATE=utf8_unicode_ci;
/*!40101 SET character_set_client = @saved_cs_client */;

--
-- Dumping data for table `estacionamientooptarjetas`
--

LOCK TABLES `estacionamientooptarjetas` WRITE;
/*!40000 ALTER TABLE `estacionamientooptarjetas` DISABLE KEYS */;
INSERT INTO `estacionamientooptarjetas` VALUES (1,'2016-01-07',6,2400,1,1,240.00,'31109659',7,'2016-01-28 02:35:13','2016-01-28 02:35:13');
/*!40000 ALTER TABLE `estacionamientooptarjetas` ENABLE KEYS */;
UNLOCK TABLES;

--
-- Table structure for table `estacionamientooptickets`
--

DROP TABLE IF EXISTS `estacionamientooptickets`;
/*!40101 SET @saved_cs_client     = @@character_set_client */;
/*!40101 SET character_set_client = utf8 */;
CREATE TABLE `estacionamientooptickets` (
  `id` int(10) unsigned NOT NULL AUTO_INCREMENT,
  `econcepto_id` int(10) unsigned NOT NULL,
  `taquilla` int(11) NOT NULL,
  `turno` int(11) NOT NULL,
  `costo` double(8,2) NOT NULL,
  `cantidad` int(11) NOT NULL,
  `monto` double(8,2) NOT NULL,
  `estacionamientoop_id` int(10) unsigned NOT NULL,
  `created_at` timestamp NOT NULL DEFAULT '0000-00-00 00:00:00',
  `updated_at` timestamp NOT NULL DEFAULT '0000-00-00 00:00:00',
  PRIMARY KEY (`id`),
  KEY `estacionamientooptickets_econcepto_id_foreign` (`econcepto_id`),
  KEY `estacionamientooptickets_estacionamientoop_id_foreign` (`estacionamientoop_id`),
  CONSTRAINT `estacionamientooptickets_econcepto_id_foreign` FOREIGN KEY (`econcepto_id`) REFERENCES `estacionamientoconceptos` (`id`),
  CONSTRAINT `estacionamientooptickets_estacionamientoop_id_foreign` FOREIGN KEY (`estacionamientoop_id`) REFERENCES `estacionamientoops` (`id`)
) ENGINE=InnoDB AUTO_INCREMENT=161 DEFAULT CHARSET=utf8 COLLATE=utf8_unicode_ci;
/*!40101 SET character_set_client = @saved_cs_client */;

--
-- Dumping data for table `estacionamientooptickets`
--

LOCK TABLES `estacionamientooptickets` WRITE;
/*!40000 ALTER TABLE `estacionamientooptickets` DISABLE KEYS */;
INSERT INTO `estacionamientooptickets` VALUES (1,8,0,0,5.00,0,0.00,1,'2016-01-22 19:15:39','2016-01-22 19:15:39'),(2,8,0,1,5.00,356,1780.00,1,'2016-01-22 19:15:39','2016-01-22 19:15:39'),(3,8,1,0,5.00,0,0.00,1,'2016-01-22 19:15:39','2016-01-22 19:15:39'),(4,8,1,1,5.00,0,0.00,1,'2016-01-22 19:15:39','2016-01-22 19:15:39'),(5,9,0,0,50.00,0,0.00,1,'2016-01-22 19:15:39','2016-01-22 19:15:39'),(6,9,0,1,50.00,0,0.00,1,'2016-01-22 19:15:39','2016-01-22 19:15:39'),(7,9,1,0,50.00,0,0.00,1,'2016-01-22 19:15:39','2016-01-22 19:15:39'),(8,9,1,1,50.00,0,0.00,1,'2016-01-22 19:15:39','2016-01-22 19:15:39'),(9,10,0,0,40.00,0,0.00,1,'2016-01-22 19:15:39','2016-01-22 19:15:39'),(10,10,0,1,40.00,0,0.00,1,'2016-01-22 19:15:39','2016-01-22 19:15:39'),(11,10,1,0,40.00,0,0.00,1,'2016-01-22 19:15:39','2016-01-22 19:15:39'),(12,10,1,1,40.00,0,0.00,1,'2016-01-22 19:15:39','2016-01-22 19:15:39'),(13,11,0,0,5.00,0,0.00,1,'2016-01-22 19:15:39','2016-01-22 19:15:39'),(14,11,0,1,5.00,9,45.00,1,'2016-01-22 19:15:39','2016-01-22 19:15:39'),(15,11,1,0,5.00,0,0.00,1,'2016-01-22 19:15:39','2016-01-22 19:15:39'),(16,11,1,1,5.00,0,0.00,1,'2016-01-22 19:15:39','2016-01-22 19:15:39'),(17,13,0,0,5.00,0,0.00,1,'2016-01-22 19:15:39','2016-01-22 19:15:39'),(18,13,0,1,5.00,0,0.00,1,'2016-01-22 19:15:39','2016-01-22 19:15:39'),(19,13,1,0,5.00,0,0.00,1,'2016-01-22 19:15:39','2016-01-22 19:15:39'),(20,13,1,1,5.00,0,0.00,1,'2016-01-22 19:15:39','2016-01-22 19:15:39'),(21,8,0,0,5.00,318,1590.00,2,'2016-01-27 21:08:21','2016-01-27 21:08:21'),(22,8,0,1,5.00,860,4300.00,2,'2016-01-27 21:08:21','2016-01-27 21:08:21'),(23,8,1,0,5.00,0,0.00,2,'2016-01-27 21:08:21','2016-01-27 21:08:21'),(24,8,1,1,5.00,0,0.00,2,'2016-01-27 21:08:21','2016-01-27 21:08:21'),(25,9,0,0,50.00,0,0.00,2,'2016-01-27 21:08:21','2016-01-27 21:08:21'),(26,9,0,1,50.00,0,0.00,2,'2016-01-27 21:08:21','2016-01-27 21:08:21'),(27,9,1,0,50.00,0,0.00,2,'2016-01-27 21:08:21','2016-01-27 21:08:21'),(28,9,1,1,50.00,0,0.00,2,'2016-01-27 21:08:21','2016-01-27 21:08:21'),(29,10,0,0,40.00,18,720.00,2,'2016-01-27 21:08:21','2016-01-27 21:08:21'),(30,10,0,1,40.00,8,320.00,2,'2016-01-27 21:08:21','2016-01-27 21:08:21'),(31,10,1,0,40.00,0,0.00,2,'2016-01-27 21:08:21','2016-01-27 21:08:21'),(32,10,1,1,40.00,0,0.00,2,'2016-01-27 21:08:21','2016-01-27 21:08:21'),(33,11,0,0,5.00,0,0.00,2,'2016-01-27 21:08:21','2016-01-27 21:08:21'),(34,11,0,1,5.00,6,30.00,2,'2016-01-27 21:08:21','2016-01-27 21:08:21'),(35,11,1,0,5.00,0,0.00,2,'2016-01-27 21:08:21','2016-01-27 21:08:21'),(36,11,1,1,5.00,0,0.00,2,'2016-01-27 21:08:21','2016-01-27 21:08:21'),(37,13,0,0,5.00,0,0.00,2,'2016-01-27 21:08:21','2016-01-27 21:08:21'),(38,13,0,1,5.00,0,0.00,2,'2016-01-27 21:08:21','2016-01-27 21:08:21'),(39,13,1,0,5.00,0,0.00,2,'2016-01-27 21:08:21','2016-01-27 21:08:21'),(40,13,1,1,5.00,0,0.00,2,'2016-01-27 21:08:21','2016-01-27 21:08:21'),(41,8,0,0,5.00,199,995.00,3,'2016-01-27 21:09:48','2016-01-27 21:09:48'),(42,8,0,1,5.00,751,3755.00,3,'2016-01-27 21:09:48','2016-01-27 21:09:48'),(43,8,1,0,5.00,0,0.00,3,'2016-01-27 21:09:48','2016-01-27 21:09:48'),(44,8,1,1,5.00,0,0.00,3,'2016-01-27 21:09:48','2016-01-27 21:09:48'),(45,9,0,0,50.00,0,0.00,3,'2016-01-27 21:09:48','2016-01-27 21:09:48'),(46,9,0,1,50.00,0,0.00,3,'2016-01-27 21:09:48','2016-01-27 21:09:48'),(47,9,1,0,50.00,0,0.00,3,'2016-01-27 21:09:48','2016-01-27 21:09:48'),(48,9,1,1,50.00,0,0.00,3,'2016-01-27 21:09:48','2016-01-27 21:09:48'),(49,10,0,0,40.00,5,200.00,3,'2016-01-27 21:09:48','2016-01-27 21:09:48'),(50,10,0,1,40.00,7,280.00,3,'2016-01-27 21:09:48','2016-01-27 21:09:48'),(51,10,1,0,40.00,0,0.00,3,'2016-01-27 21:09:48','2016-01-27 21:09:48'),(52,10,1,1,40.00,0,0.00,3,'2016-01-27 21:09:48','2016-01-27 21:09:48'),(53,11,0,0,5.00,1,5.00,3,'2016-01-27 21:09:48','2016-01-27 21:09:48'),(54,11,0,1,5.00,5,25.00,3,'2016-01-27 21:09:48','2016-01-27 21:09:48'),(55,11,1,0,5.00,0,0.00,3,'2016-01-27 21:09:48','2016-01-27 21:09:48'),(56,11,1,1,5.00,0,0.00,3,'2016-01-27 21:09:48','2016-01-27 21:09:48'),(57,13,0,0,5.00,0,0.00,3,'2016-01-27 21:09:48','2016-01-27 21:09:48'),(58,13,0,1,5.00,0,0.00,3,'2016-01-27 21:09:48','2016-01-27 21:09:48'),(59,13,1,0,5.00,0,0.00,3,'2016-01-27 21:09:48','2016-01-27 21:09:48'),(60,13,1,1,5.00,0,0.00,3,'2016-01-27 21:09:48','2016-01-27 21:09:48'),(61,8,0,0,5.00,511,2555.00,4,'2016-01-27 21:12:11','2016-01-27 21:12:11'),(62,8,0,1,5.00,827,4135.00,4,'2016-01-27 21:12:11','2016-01-27 21:12:11'),(63,8,1,0,5.00,0,0.00,4,'2016-01-27 21:12:11','2016-01-27 21:12:11'),(64,8,1,1,5.00,0,0.00,4,'2016-01-27 21:12:11','2016-01-27 21:12:11'),(65,9,0,0,50.00,0,0.00,4,'2016-01-27 21:12:11','2016-01-27 21:12:11'),(66,9,0,1,50.00,0,0.00,4,'2016-01-27 21:12:11','2016-01-27 21:12:11'),(67,9,1,0,50.00,0,0.00,4,'2016-01-27 21:12:11','2016-01-27 21:12:11'),(68,9,1,1,50.00,0,0.00,4,'2016-01-27 21:12:11','2016-01-27 21:12:11'),(69,10,0,0,40.00,9,360.00,4,'2016-01-27 21:12:11','2016-01-27 21:12:11'),(70,10,0,1,40.00,29,1160.00,4,'2016-01-27 21:12:11','2016-01-27 21:12:11'),(71,10,1,0,40.00,0,0.00,4,'2016-01-27 21:12:11','2016-01-27 21:12:11'),(72,10,1,1,40.00,0,0.00,4,'2016-01-27 21:12:11','2016-01-27 21:12:11'),(73,11,0,0,5.00,5,25.00,4,'2016-01-27 21:12:11','2016-01-27 21:12:11'),(74,11,0,1,5.00,0,0.00,4,'2016-01-27 21:12:11','2016-01-27 21:12:11'),(75,11,1,0,5.00,0,0.00,4,'2016-01-27 21:12:11','2016-01-27 21:12:11'),(76,11,1,1,5.00,0,0.00,4,'2016-01-27 21:12:11','2016-01-27 21:12:11'),(77,13,0,0,5.00,0,0.00,4,'2016-01-27 21:12:11','2016-01-27 21:12:11'),(78,13,0,1,5.00,0,0.00,4,'2016-01-27 21:12:11','2016-01-27 21:12:11'),(79,13,1,0,5.00,0,0.00,4,'2016-01-27 21:12:11','2016-01-27 21:12:11'),(80,13,1,1,5.00,0,0.00,4,'2016-01-27 21:12:11','2016-01-27 21:12:11'),(81,8,0,0,5.00,372,1860.00,5,'2016-01-28 02:27:52','2016-01-28 02:27:52'),(82,8,0,1,5.00,780,3900.00,5,'2016-01-28 02:27:52','2016-01-28 02:27:52'),(83,8,1,0,5.00,0,0.00,5,'2016-01-28 02:27:52','2016-01-28 02:27:52'),(84,8,1,1,5.00,0,0.00,5,'2016-01-28 02:27:52','2016-01-28 02:27:52'),(85,9,0,0,50.00,2,100.00,5,'2016-01-28 02:27:52','2016-01-28 02:27:52'),(86,9,0,1,50.00,1,50.00,5,'2016-01-28 02:27:52','2016-01-28 02:27:52'),(87,9,1,0,50.00,0,0.00,5,'2016-01-28 02:27:52','2016-01-28 02:27:52'),(88,9,1,1,50.00,0,0.00,5,'2016-01-28 02:27:52','2016-01-28 02:27:52'),(89,10,0,0,40.00,22,880.00,5,'2016-01-28 02:27:52','2016-01-28 02:27:52'),(90,10,0,1,40.00,16,640.00,5,'2016-01-28 02:27:52','2016-01-28 02:27:52'),(91,10,1,0,40.00,0,0.00,5,'2016-01-28 02:27:52','2016-01-28 02:27:52'),(92,10,1,1,40.00,0,0.00,5,'2016-01-28 02:27:52','2016-01-28 02:27:52'),(93,11,0,0,5.00,18,90.00,5,'2016-01-28 02:27:53','2016-01-28 02:27:53'),(94,11,0,1,5.00,44,220.00,5,'2016-01-28 02:27:53','2016-01-28 02:27:53'),(95,11,1,0,5.00,0,0.00,5,'2016-01-28 02:27:53','2016-01-28 02:27:53'),(96,11,1,1,5.00,0,0.00,5,'2016-01-28 02:27:53','2016-01-28 02:27:53'),(97,13,0,0,5.00,0,0.00,5,'2016-01-28 02:27:53','2016-01-28 02:27:53'),(98,13,0,1,5.00,0,0.00,5,'2016-01-28 02:27:53','2016-01-28 02:27:53'),(99,13,1,0,5.00,0,0.00,5,'2016-01-28 02:27:53','2016-01-28 02:27:53'),(100,13,1,1,5.00,0,0.00,5,'2016-01-28 02:27:53','2016-01-28 02:27:53'),(101,8,0,0,5.00,389,1945.00,6,'2016-01-28 02:30:03','2016-01-28 02:30:03'),(102,8,0,1,5.00,1048,5240.00,6,'2016-01-28 02:30:03','2016-01-28 02:30:03'),(103,8,1,0,5.00,0,0.00,6,'2016-01-28 02:30:03','2016-01-28 02:30:03'),(104,8,1,1,5.00,0,0.00,6,'2016-01-28 02:30:03','2016-01-28 02:30:03'),(105,9,0,0,50.00,0,0.00,6,'2016-01-28 02:30:03','2016-01-28 02:30:03'),(106,9,0,1,50.00,1,50.00,6,'2016-01-28 02:30:03','2016-01-28 02:30:03'),(107,9,1,0,50.00,0,0.00,6,'2016-01-28 02:30:03','2016-01-28 02:30:03'),(108,9,1,1,50.00,0,0.00,6,'2016-01-28 02:30:03','2016-01-28 02:30:03'),(109,10,0,0,40.00,5,200.00,6,'2016-01-28 02:30:03','2016-01-28 02:30:03'),(110,10,0,1,40.00,10,400.00,6,'2016-01-28 02:30:03','2016-01-28 02:30:03'),(111,10,1,0,40.00,0,0.00,6,'2016-01-28 02:30:03','2016-01-28 02:30:03'),(112,10,1,1,40.00,0,0.00,6,'2016-01-28 02:30:03','2016-01-28 02:30:03'),(113,11,0,0,5.00,1,5.00,6,'2016-01-28 02:30:03','2016-01-28 02:30:03'),(114,11,0,1,5.00,69,345.00,6,'2016-01-28 02:30:03','2016-01-28 02:30:03'),(115,11,1,0,5.00,0,0.00,6,'2016-01-28 02:30:03','2016-01-28 02:30:03'),(116,11,1,1,5.00,0,0.00,6,'2016-01-28 02:30:03','2016-01-28 02:30:03'),(117,13,0,0,5.00,0,0.00,6,'2016-01-28 02:30:03','2016-01-28 02:30:03'),(118,13,0,1,5.00,0,0.00,6,'2016-01-28 02:30:03','2016-01-28 02:30:03'),(119,13,1,0,5.00,0,0.00,6,'2016-01-28 02:30:03','2016-01-28 02:30:03'),(120,13,1,1,5.00,0,0.00,6,'2016-01-28 02:30:03','2016-01-28 02:30:03'),(121,8,0,0,5.00,269,1345.00,7,'2016-01-28 02:35:13','2016-01-28 02:35:13'),(122,8,0,1,5.00,1023,5115.00,7,'2016-01-28 02:35:13','2016-01-28 02:35:13'),(123,8,1,0,5.00,0,0.00,7,'2016-01-28 02:35:13','2016-01-28 02:35:13'),(124,8,1,1,5.00,0,0.00,7,'2016-01-28 02:35:13','2016-01-28 02:35:13'),(125,9,0,0,50.00,0,0.00,7,'2016-01-28 02:35:13','2016-01-28 02:35:13'),(126,9,0,1,50.00,0,0.00,7,'2016-01-28 02:35:13','2016-01-28 02:35:13'),(127,9,1,0,50.00,0,0.00,7,'2016-01-28 02:35:13','2016-01-28 02:35:13'),(128,9,1,1,50.00,0,0.00,7,'2016-01-28 02:35:13','2016-01-28 02:35:13'),(129,10,0,0,40.00,3,120.00,7,'2016-01-28 02:35:13','2016-01-28 02:35:13'),(130,10,0,1,40.00,12,480.00,7,'2016-01-28 02:35:13','2016-01-28 02:35:13'),(131,10,1,0,40.00,0,0.00,7,'2016-01-28 02:35:13','2016-01-28 02:35:13'),(132,10,1,1,40.00,0,0.00,7,'2016-01-28 02:35:13','2016-01-28 02:35:13'),(133,11,0,0,5.00,6,30.00,7,'2016-01-28 02:35:13','2016-01-28 02:35:13'),(134,11,0,1,5.00,10,50.00,7,'2016-01-28 02:35:13','2016-01-28 02:35:13'),(135,11,1,0,5.00,0,0.00,7,'2016-01-28 02:35:13','2016-01-28 02:35:13'),(136,11,1,1,5.00,0,0.00,7,'2016-01-28 02:35:13','2016-01-28 02:35:13'),(137,13,0,0,5.00,0,0.00,7,'2016-01-28 02:35:13','2016-01-28 02:35:13'),(138,13,0,1,5.00,0,0.00,7,'2016-01-28 02:35:13','2016-01-28 02:35:13'),(139,13,1,0,5.00,0,0.00,7,'2016-01-28 02:35:13','2016-01-28 02:35:13'),(140,13,1,1,5.00,0,0.00,7,'2016-01-28 02:35:13','2016-01-28 02:35:13'),(141,8,0,0,5.00,454,2270.00,8,'2016-01-28 19:06:38','2016-01-28 19:06:38'),(142,8,0,1,5.00,484,2420.00,8,'2016-01-28 19:06:38','2016-01-28 19:06:38'),(143,8,1,0,5.00,498,2490.00,8,'2016-01-28 19:06:38','2016-01-28 19:06:38'),(144,8,1,1,5.00,0,0.00,8,'2016-01-28 19:06:38','2016-01-28 19:06:38'),(145,9,0,0,50.00,0,0.00,8,'2016-01-28 19:06:38','2016-01-28 19:06:38'),(146,9,0,1,50.00,0,0.00,8,'2016-01-28 19:06:38','2016-01-28 19:06:38'),(147,9,1,0,50.00,0,0.00,8,'2016-01-28 19:06:38','2016-01-28 19:06:38'),(148,9,1,1,50.00,0,0.00,8,'2016-01-28 19:06:38','2016-01-28 19:06:38'),(149,10,0,0,40.00,5,200.00,8,'2016-01-28 19:06:38','2016-01-28 19:06:38'),(150,10,0,1,40.00,3,120.00,8,'2016-01-28 19:06:38','2016-01-28 19:06:38'),(151,10,1,0,40.00,4,160.00,8,'2016-01-28 19:06:38','2016-01-28 19:06:38'),(152,10,1,1,40.00,0,0.00,8,'2016-01-28 19:06:38','2016-01-28 19:06:38'),(153,11,0,0,5.00,0,0.00,8,'2016-01-28 19:06:38','2016-01-28 19:06:38'),(154,11,0,1,5.00,11,55.00,8,'2016-01-28 19:06:38','2016-01-28 19:06:38'),(155,11,1,0,5.00,0,0.00,8,'2016-01-28 19:06:38','2016-01-28 19:06:38'),(156,11,1,1,5.00,0,0.00,8,'2016-01-28 19:06:38','2016-01-28 19:06:38'),(157,13,0,0,5.00,0,0.00,8,'2016-01-28 19:06:38','2016-01-28 19:06:38'),(158,13,0,1,5.00,0,0.00,8,'2016-01-28 19:06:38','2016-01-28 19:06:38'),(159,13,1,0,5.00,0,0.00,8,'2016-01-28 19:06:38','2016-01-28 19:06:38'),(160,13,1,1,5.00,0,0.00,8,'2016-01-28 19:06:38','2016-01-28 19:06:38');
/*!40000 ALTER TABLE `estacionamientooptickets` ENABLE KEYS */;
UNLOCK TABLES;

--
-- Table structure for table `estacionamientoopticketsdepositos`
--

DROP TABLE IF EXISTS `estacionamientoopticketsdepositos`;
/*!40101 SET @saved_cs_client     = @@character_set_client */;
/*!40101 SET character_set_client = utf8 */;
CREATE TABLE `estacionamientoopticketsdepositos` (
  `id` int(10) unsigned NOT NULL AUTO_INCREMENT,
  `fecha` date NOT NULL,
  `banco_id` int(10) unsigned NOT NULL,
  `bancoscuenta_id` int(10) unsigned NOT NULL,
  `total` double(8,2) NOT NULL,
  `deposito` char(150) COLLATE utf8_unicode_ci NOT NULL,
  `estacionamientoop_id` int(10) unsigned NOT NULL,
  `created_at` timestamp NOT NULL DEFAULT '0000-00-00 00:00:00',
  `updated_at` timestamp NOT NULL DEFAULT '0000-00-00 00:00:00',
  PRIMARY KEY (`id`),
  KEY `estacionamientoopticketsdepositos_estacionamientoop_id_foreign` (`estacionamientoop_id`),
  KEY `estacionamientoopticketsdepositos_banco_id_foreign` (`banco_id`),
  KEY `estacionamientoopticketsdepositos_bancoscuenta_id_foreign` (`bancoscuenta_id`),
  CONSTRAINT `estacionamientoopticketsdepositos_bancoscuenta_id_foreign` FOREIGN KEY (`bancoscuenta_id`) REFERENCES `bancoscuentas` (`id`),
  CONSTRAINT `estacionamientoopticketsdepositos_banco_id_foreign` FOREIGN KEY (`banco_id`) REFERENCES `bancos` (`id`),
  CONSTRAINT `estacionamientoopticketsdepositos_estacionamientoop_id_foreign` FOREIGN KEY (`estacionamientoop_id`) REFERENCES `estacionamientoops` (`id`)
) ENGINE=InnoDB AUTO_INCREMENT=9 DEFAULT CHARSET=utf8 COLLATE=utf8_unicode_ci;
/*!40101 SET character_set_client = @saved_cs_client */;

--
-- Dumping data for table `estacionamientoopticketsdepositos`
--

LOCK TABLES `estacionamientoopticketsdepositos` WRITE;
/*!40000 ALTER TABLE `estacionamientoopticketsdepositos` DISABLE KEYS */;
INSERT INTO `estacionamientoopticketsdepositos` VALUES (1,'2016-01-04',2,2,1825.00,'49039348',1,'2016-01-22 19:15:39','2016-01-22 19:15:39'),(2,'2016-01-03',2,2,6960.00,'49039349',2,'2016-01-27 21:08:21','2016-01-27 21:08:21'),(3,'2016-01-04',2,2,5260.00,'49039177',3,'2016-01-27 21:09:48','2016-01-27 21:09:48'),(4,'2016-01-05',2,2,8235.00,'49039178',4,'2016-01-27 21:12:11','2016-01-27 21:12:11'),(5,'2016-01-07',2,2,7740.00,'49039438',5,'2016-01-28 02:27:53','2016-01-28 02:27:53'),(6,'2016-01-07',2,2,8185.00,'49039439',6,'2016-01-28 02:30:03','2016-01-28 02:30:03'),(7,'2016-01-08',2,2,7140.00,'49039440',7,'2016-01-28 02:35:13','2016-01-28 02:35:13'),(8,'2016-01-28',2,2,7715.00,'49039463',8,'2016-01-28 19:06:38','2016-01-28 19:06:38');
/*!40000 ALTER TABLE `estacionamientoopticketsdepositos` ENABLE KEYS */;
UNLOCK TABLES;

--
-- Table structure for table `estacionamientoportons`
--

DROP TABLE IF EXISTS `estacionamientoportons`;
/*!40101 SET @saved_cs_client     = @@character_set_client */;
/*!40101 SET character_set_client = utf8 */;
CREATE TABLE `estacionamientoportons` (
  `id` int(10) unsigned NOT NULL AUTO_INCREMENT,
  `nombre` char(150) COLLATE utf8_unicode_ci NOT NULL,
  `estacionamiento_id` int(10) unsigned NOT NULL,
  `created_at` timestamp NOT NULL DEFAULT '0000-00-00 00:00:00',
  `updated_at` timestamp NOT NULL DEFAULT '0000-00-00 00:00:00',
  PRIMARY KEY (`id`),
  KEY `estacionamientoportons_estacionamiento_id_foreign` (`estacionamiento_id`),
  CONSTRAINT `estacionamientoportons_estacionamiento_id_foreign` FOREIGN KEY (`estacionamiento_id`) REFERENCES `estacionamientos` (`id`)
) ENGINE=InnoDB AUTO_INCREMENT=5 DEFAULT CHARSET=utf8 COLLATE=utf8_unicode_ci;
/*!40101 SET character_set_client = @saved_cs_client */;

--
-- Dumping data for table `estacionamientoportons`
--

LOCK TABLES `estacionamientoportons` WRITE;
/*!40000 ALTER TABLE `estacionamientoportons` DISABLE KEYS */;
INSERT INTO `estacionamientoportons` VALUES (2,'GUAYANA',1,'2016-01-22 02:11:18','2016-01-22 02:11:18'),(3,'BOLÍVAR',1,'2016-01-22 02:11:18','2016-01-22 02:11:18'),(4,'predeterminado',2,'2016-01-22 17:30:53','2016-01-22 17:30:53');
/*!40000 ALTER TABLE `estacionamientoportons` ENABLE KEYS */;
UNLOCK TABLES;

--
-- Table structure for table `estacionamientos`
--

DROP TABLE IF EXISTS `estacionamientos`;
/*!40101 SET @saved_cs_client     = @@character_set_client */;
/*!40101 SET character_set_client = utf8 */;
CREATE TABLE `estacionamientos` (
  `id` int(10) unsigned NOT NULL AUTO_INCREMENT,
  `nTaquillas` int(11) NOT NULL,
  `nTurnos` int(11) NOT NULL,
  `created_at` timestamp NOT NULL DEFAULT '0000-00-00 00:00:00',
  `updated_at` timestamp NOT NULL DEFAULT '0000-00-00 00:00:00',
  `aeropuerto_id` int(10) unsigned NOT NULL,
  PRIMARY KEY (`id`),
  KEY `estacionamientos_aeropuerto_id_foreign` (`aeropuerto_id`),
  CONSTRAINT `estacionamientos_aeropuerto_id_foreign` FOREIGN KEY (`aeropuerto_id`) REFERENCES `aeropuertos` (`id`)
) ENGINE=InnoDB AUTO_INCREMENT=3 DEFAULT CHARSET=utf8 COLLATE=utf8_unicode_ci;
/*!40101 SET character_set_client = @saved_cs_client */;

--
-- Dumping data for table `estacionamientos`
--

LOCK TABLES `estacionamientos` WRITE;
/*!40000 ALTER TABLE `estacionamientos` DISABLE KEYS */;
INSERT INTO `estacionamientos` VALUES (1,2,2,'2016-01-05 19:55:44','2016-01-22 02:11:18',1),(2,0,0,'2016-01-22 17:30:53','2016-01-22 17:30:53',2);
/*!40000 ALTER TABLE `estacionamientos` ENABLE KEYS */;
UNLOCK TABLES;

--
-- Table structure for table `facturadetalles`
--

DROP TABLE IF EXISTS `facturadetalles`;
/*!40101 SET @saved_cs_client     = @@character_set_client */;
/*!40101 SET character_set_client = utf8 */;
CREATE TABLE `facturadetalles` (
  `id` int(10) unsigned NOT NULL AUTO_INCREMENT,
  `factura_id` int(10) unsigned NOT NULL,
  `concepto_id` int(10) unsigned NOT NULL,
  `cantidadDes` int(10) unsigned NOT NULL,
  `montoDes` double(8,2) unsigned NOT NULL,
  `descuentoPerDes` double(8,2) unsigned NOT NULL,
  `descuentoTotalDes` double(8,2) unsigned NOT NULL,
  `ivaDes` double(8,2) unsigned NOT NULL,
  `recargoPerDes` double(8,2) unsigned NOT NULL,
  `recargoTotalDes` double(8,2) unsigned NOT NULL,
  `totalDes` double(8,2) unsigned NOT NULL,
  `created_at` timestamp NOT NULL DEFAULT '0000-00-00 00:00:00',
  `updated_at` timestamp NOT NULL DEFAULT '0000-00-00 00:00:00',
  PRIMARY KEY (`id`),
  KEY `facturadetalles_factura_id_foreign` (`factura_id`),
  KEY `facturadetalles_concepto_id_foreign` (`concepto_id`),
  CONSTRAINT `facturadetalles_concepto_id_foreign` FOREIGN KEY (`concepto_id`) REFERENCES `conceptos` (`id`),
  CONSTRAINT `facturadetalles_factura_id_foreign` FOREIGN KEY (`factura_id`) REFERENCES `facturas` (`id`)
) ENGINE=InnoDB AUTO_INCREMENT=3178 DEFAULT CHARSET=utf8 COLLATE=utf8_unicode_ci;
/*!40101 SET character_set_client = @saved_cs_client */;

--
-- Dumping data for table `facturadetalles`
--

LOCK TABLES `facturadetalles` WRITE;
/*!40000 ALTER TABLE `facturadetalles` DISABLE KEYS */;
INSERT INTO `facturadetalles` VALUES (29,14,60,1,8121.60,0.00,0.00,12.00,0.00,0.00,9096.19,'2016-01-06 19:37:17','2016-01-06 19:37:17'),(30,15,60,1,10368.00,0.00,0.00,12.00,0.00,0.00,11612.16,'2016-01-06 19:46:11','2016-01-06 19:46:11'),(31,16,60,1,8640.00,0.00,0.00,12.00,0.00,0.00,9676.80,'2016-01-06 19:50:14','2016-01-06 19:50:14'),(32,17,60,1,4147.20,0.00,0.00,12.00,0.00,0.00,4644.86,'2016-01-06 19:52:58','2016-01-06 19:52:58'),(33,18,60,1,8640.00,0.00,0.00,12.00,0.00,0.00,9676.80,'2016-01-06 19:55:31','2016-01-06 19:55:31'),(34,19,60,1,6912.00,0.00,0.00,12.00,0.00,0.00,7741.44,'2016-01-06 19:58:07','2016-01-06 19:58:07'),(35,20,60,1,1000.00,0.00,0.00,12.00,0.00,0.00,1120.00,'2016-01-06 20:01:17','2016-01-06 20:01:17'),(36,21,60,1,8640.00,0.00,0.00,12.00,0.00,0.00,9676.80,'2016-01-06 20:03:29','2016-01-06 20:03:29'),(37,22,60,1,6912.00,0.00,0.00,12.00,0.00,0.00,7741.44,'2016-01-06 20:05:25','2016-01-06 20:05:25'),(38,23,60,1,5529.60,0.00,0.00,12.00,0.00,0.00,6193.15,'2016-01-06 20:06:52','2016-01-06 20:06:52'),(39,24,60,1,11059.20,0.00,0.00,12.00,0.00,0.00,12386.30,'2016-01-06 20:09:17','2016-01-06 20:09:17'),(40,25,60,1,5529.60,0.00,0.00,12.00,0.00,0.00,6193.15,'2016-01-06 20:10:39','2016-01-06 20:10:39'),(41,26,60,1,5529.60,0.00,0.00,12.00,0.00,0.00,6193.15,'2016-01-06 20:12:09','2016-01-06 20:12:09'),(42,27,60,1,1658.88,0.00,0.00,12.00,0.00,0.00,1857.95,'2016-01-06 20:13:39','2016-01-06 20:13:39'),(43,28,60,1,6912.00,0.00,0.00,12.00,0.00,0.00,7741.44,'2016-01-06 20:14:48','2016-01-06 20:14:48'),(44,29,60,1,1658.88,0.00,0.00,12.00,0.00,0.00,1857.95,'2016-01-06 20:16:26','2016-01-06 20:16:26'),(45,30,60,1,4147.20,0.00,0.00,12.00,0.00,0.00,4644.86,'2016-01-06 20:28:06','2016-01-06 20:28:06'),(46,31,60,1,4147.20,0.00,0.00,12.00,0.00,0.00,4644.86,'2016-01-06 20:30:00','2016-01-06 20:30:00'),(47,32,60,1,5529.60,0.00,0.00,12.00,0.00,0.00,6193.15,'2016-01-06 20:31:09','2016-01-06 20:31:09'),(48,33,60,1,5529.60,0.00,0.00,12.00,0.00,0.00,6193.15,'2016-01-06 20:32:41','2016-01-06 20:32:41'),(49,34,60,1,5529.60,0.00,0.00,12.00,0.00,0.00,6193.15,'2016-01-06 20:35:31','2016-01-06 20:35:31'),(50,35,60,1,5529.60,0.00,0.00,12.00,0.00,0.00,6193.15,'2016-01-06 20:37:18','2016-01-06 20:37:18'),(51,36,60,1,5529.60,0.00,0.00,12.00,0.00,0.00,6193.15,'2016-01-06 20:40:34','2016-01-06 20:40:34'),(52,37,60,1,5529.60,0.00,0.00,12.00,0.00,0.00,6193.15,'2016-01-06 20:43:21','2016-01-06 20:43:21'),(53,38,60,1,5529.60,0.00,0.00,12.00,0.00,0.00,6193.15,'2016-01-06 20:45:02','2016-01-06 20:45:02'),(54,39,60,1,4838.40,0.00,0.00,12.00,0.00,0.00,5419.01,'2016-01-06 20:46:55','2016-01-06 20:46:55'),(55,40,60,1,9953.28,0.00,0.00,12.00,0.00,0.00,11147.67,'2016-01-06 20:49:43','2016-01-06 20:49:43'),(56,41,60,1,4147.20,0.00,0.00,12.00,0.00,0.00,4644.86,'2016-01-06 20:53:18','2016-01-06 20:53:18'),(57,42,60,1,4147.20,0.00,0.00,12.00,0.00,0.00,4644.86,'2016-01-06 21:10:49','2016-01-06 21:10:49'),(58,43,60,1,5529.60,0.00,0.00,12.00,0.00,0.00,6193.15,'2016-01-06 22:05:15','2016-01-06 22:05:15'),(59,44,60,1,4147.20,0.00,0.00,12.00,0.00,0.00,4644.86,'2016-01-06 22:08:13','2016-01-06 22:08:13'),(60,45,60,1,7500.00,0.00,0.00,12.00,0.00,0.00,8400.00,'2016-01-06 22:11:20','2016-01-06 22:11:20'),(61,46,60,1,4147.20,0.00,0.00,12.00,0.00,0.00,4644.86,'2016-01-06 22:14:46','2016-01-06 22:14:46'),(62,47,60,1,4147.20,0.00,0.00,12.00,0.00,0.00,4644.86,'2016-01-06 22:17:34','2016-01-06 22:17:34'),(63,48,60,1,2764.80,0.00,0.00,12.00,0.00,0.00,3096.58,'2016-01-06 22:18:57','2016-01-06 22:18:57'),(64,49,60,1,6912.00,0.00,0.00,12.00,0.00,0.00,7741.44,'2016-01-06 22:20:09','2016-01-06 22:20:09'),(65,50,60,1,6912.00,0.00,0.00,12.00,0.00,0.00,7741.44,'2016-01-06 22:21:32','2016-01-06 22:21:32'),(66,51,60,1,3840.00,0.00,0.00,12.00,0.00,0.00,4300.80,'2016-01-06 22:25:27','2016-01-06 22:25:27'),(67,52,60,1,8847.36,0.00,0.00,12.00,0.00,0.00,9909.04,'2016-01-06 22:27:16','2016-01-06 22:27:16'),(68,53,60,1,3369.60,0.00,0.00,12.00,0.00,0.00,3773.95,'2016-01-06 22:29:32','2016-01-06 22:29:32'),(69,54,60,1,2000.00,0.00,0.00,12.00,0.00,0.00,2240.00,'2016-01-06 22:48:54','2016-01-06 22:48:54'),(70,55,60,1,1658.88,0.00,0.00,12.00,0.00,0.00,1857.95,'2016-01-06 22:50:56','2016-01-06 22:50:56'),(71,56,60,1,1658.88,0.00,0.00,12.00,0.00,0.00,1857.95,'2016-01-06 22:53:31','2016-01-06 22:53:31'),(75,58,60,1,1658.88,0.00,0.00,12.00,0.00,0.00,1857.95,'2016-01-07 17:50:57','2016-01-07 17:50:57'),(76,59,60,1,1658.88,0.00,0.00,12.00,0.00,0.00,1857.95,'2016-01-07 17:53:34','2016-01-07 17:53:34'),(77,60,60,1,2764.80,0.00,0.00,12.00,0.00,0.00,3096.58,'2016-01-07 17:55:02','2016-01-07 17:55:02'),(78,61,60,1,6912.00,0.00,0.00,12.00,0.00,0.00,7741.44,'2016-01-07 17:57:03','2016-01-07 17:57:03'),(79,62,60,1,2419.20,0.00,0.00,12.00,0.00,0.00,2709.50,'2016-01-07 17:58:57','2016-01-07 17:58:57'),(80,63,60,1,2764.80,0.00,0.00,12.00,0.00,0.00,3096.58,'2016-01-07 18:00:58','2016-01-07 18:00:58'),(81,64,60,1,5529.60,0.00,0.00,12.00,0.00,0.00,6193.15,'2016-01-07 18:02:28','2016-01-07 18:02:28'),(82,65,60,1,13167.81,0.00,0.00,12.00,0.00,0.00,14747.95,'2016-01-07 18:05:23','2016-01-07 18:05:23'),(83,66,60,1,8640.00,0.00,0.00,12.00,0.00,0.00,9676.80,'2016-01-07 18:06:40','2016-01-07 18:06:40'),(84,67,60,1,4147.20,0.00,0.00,12.00,0.00,0.00,4644.86,'2016-01-07 18:08:38','2016-01-07 18:08:38'),(85,68,60,1,2880.58,0.00,0.00,12.00,0.00,0.00,3226.25,'2016-01-07 18:10:55','2016-01-07 18:10:55'),(86,69,60,1,1658.88,0.00,0.00,12.00,0.00,0.00,1857.95,'2016-01-07 18:13:38','2016-01-07 18:13:38'),(87,70,60,1,2419.20,0.00,0.00,12.00,0.00,0.00,2709.50,'2016-01-07 18:15:27','2016-01-07 18:15:27'),(88,71,60,1,6912.00,0.00,0.00,12.00,0.00,0.00,7741.44,'2016-01-07 18:16:53','2016-01-07 18:16:53'),(89,72,60,1,70118.82,0.00,0.00,12.00,0.00,0.00,78533.08,'2016-01-07 18:19:24','2016-01-07 18:19:24'),(90,73,60,1,6480.00,0.00,0.00,12.00,0.00,0.00,7257.60,'2016-01-07 18:22:17','2016-01-07 18:22:17'),(91,74,60,1,3456.00,0.00,0.00,12.00,0.00,0.00,3870.72,'2016-01-07 18:25:37','2016-01-07 18:25:37'),(92,75,60,1,8930.30,0.00,0.00,12.00,0.00,0.00,10001.94,'2016-01-07 18:28:13','2016-01-07 18:28:13'),(93,76,60,1,4098.82,0.00,0.00,12.00,0.00,0.00,4590.68,'2016-01-07 18:30:12','2016-01-07 18:30:12'),(94,77,60,1,3904.32,0.00,0.00,12.00,0.00,0.00,4372.84,'2016-01-07 18:32:02','2016-01-07 18:32:02'),(95,78,60,1,2260.22,0.00,0.00,12.00,0.00,0.00,2531.45,'2016-01-07 18:34:59','2016-01-07 18:34:59'),(96,79,60,1,1928.45,0.00,0.00,12.00,0.00,0.00,2159.86,'2016-01-07 18:36:16','2016-01-07 18:36:16'),(97,80,60,1,3725.57,0.00,0.00,12.00,0.00,0.00,4172.64,'2016-01-07 18:38:00','2016-01-07 18:38:00'),(98,81,60,1,1919.32,0.00,0.00,12.00,0.00,0.00,2149.64,'2016-01-07 18:41:14','2016-01-07 18:41:14'),(99,82,60,1,1658.88,0.00,0.00,12.00,0.00,0.00,1857.95,'2016-01-07 18:44:43','2016-01-07 18:44:43'),(100,83,60,1,67043.00,0.00,0.00,12.00,0.00,0.00,75088.16,'2016-01-07 18:46:23','2016-01-07 18:46:23'),(101,84,60,1,70118.82,0.00,0.00,12.00,0.00,0.00,78533.08,'2016-01-07 18:48:44','2016-01-07 18:48:44'),(102,85,60,1,22499.99,0.00,0.00,12.00,0.00,0.00,25199.99,'2016-01-07 18:51:12','2016-01-07 18:51:12'),(103,86,60,1,1220.00,0.00,0.00,12.00,0.00,0.00,1366.40,'2016-01-07 19:11:21','2016-01-07 19:11:21'),(104,87,60,1,70118.82,0.00,0.00,12.00,0.00,0.00,78533.08,'2016-01-07 19:19:15','2016-01-07 19:19:15'),(105,88,60,1,11059.20,0.00,0.00,12.00,0.00,0.00,12386.30,'2016-01-07 19:20:32','2016-01-07 19:20:32'),(106,89,60,1,8294.00,0.00,0.00,12.00,0.00,0.00,9289.28,'2016-01-07 19:22:05','2016-01-07 19:22:05'),(227,138,57,1,21.00,0.00,0.00,0.00,0.00,0.00,21.00,'2016-01-11 02:44:16','2016-01-11 02:44:16'),(228,138,54,1,61.50,0.00,0.00,0.00,0.00,0.00,61.50,'2016-01-11 02:44:16','2016-01-11 02:44:16'),(242,142,67,1,902402.28,0.00,0.00,12.00,0.00,0.00,999999.99,'2016-01-13 01:44:16','2016-01-13 01:44:16'),(243,143,57,1,21.00,0.00,0.00,0.00,0.00,0.00,21.00,'2016-01-14 00:51:20','2016-01-14 00:51:20'),(244,143,54,1,430.50,0.00,0.00,0.00,0.00,0.00,430.50,'2016-01-14 00:51:20','2016-01-14 00:51:20'),(245,144,71,1,21.00,0.00,0.00,0.00,0.00,0.00,21.00,'2016-01-14 01:02:49','2016-01-14 01:02:49'),(246,144,68,1,4428.00,0.00,0.00,0.00,0.00,0.00,4428.00,'2016-01-14 01:02:49','2016-01-14 01:02:49'),(247,144,72,1,771.00,0.00,0.00,0.00,0.00,0.00,771.00,'2016-01-14 01:02:49','2016-01-14 01:02:49'),(251,145,71,1,21.00,0.00,0.00,0.00,0.00,0.00,21.00,'2016-01-14 01:39:54','2016-01-14 01:39:54'),(252,145,68,1,4042.50,0.00,0.00,0.00,0.00,0.00,4042.50,'2016-01-14 01:39:54','2016-01-14 01:39:54'),(253,145,72,1,771.00,0.00,0.00,0.00,0.00,0.00,771.00,'2016-01-14 01:39:54','2016-01-14 01:39:54'),(254,146,71,1,21.00,0.00,0.00,0.00,0.00,0.00,21.00,'2016-01-14 01:46:20','2016-01-14 01:46:20'),(255,146,69,1,5553.90,0.00,0.00,0.00,0.00,0.00,5553.90,'2016-01-14 01:46:20','2016-01-14 01:46:20'),(256,146,68,1,4042.50,0.00,0.00,0.00,0.00,0.00,4042.50,'2016-01-14 01:46:20','2016-01-14 01:46:20'),(257,146,72,1,2313.00,0.00,0.00,0.00,0.00,0.00,2313.00,'2016-01-14 01:46:20','2016-01-14 01:46:20'),(258,147,71,1,21.00,0.00,0.00,0.00,0.00,0.00,21.00,'2016-01-14 01:50:11','2016-01-14 01:50:11'),(259,147,68,1,3382.50,0.00,0.00,0.00,0.00,0.00,3382.50,'2016-01-14 01:50:11','2016-01-14 01:50:11'),(260,147,72,1,771.00,0.00,0.00,0.00,0.00,0.00,771.00,'2016-01-14 01:50:11','2016-01-14 01:50:11'),(279,157,71,1,21.00,0.00,0.00,0.00,0.00,0.00,21.00,'2016-01-14 03:29:59','2016-01-14 03:29:59'),(280,157,68,1,4428.00,0.00,0.00,0.00,0.00,0.00,4428.00,'2016-01-14 03:29:59','2016-01-14 03:29:59'),(281,157,72,1,771.00,0.00,0.00,0.00,0.00,0.00,771.00,'2016-01-14 03:29:59','2016-01-14 03:29:59'),(282,158,71,1,21.00,0.00,0.00,0.00,0.00,0.00,21.00,'2016-01-14 03:32:22','2016-01-14 03:32:22'),(283,158,68,1,61.50,0.00,0.00,0.00,0.00,0.00,61.50,'2016-01-14 03:32:22','2016-01-14 03:32:22'),(284,159,71,1,21.00,0.00,0.00,0.00,0.00,0.00,21.00,'2016-01-14 03:36:15','2016-01-14 03:36:15'),(285,159,68,1,3936.00,0.00,0.00,0.00,0.00,0.00,3936.00,'2016-01-14 03:36:15','2016-01-14 03:36:15'),(286,159,72,1,771.00,0.00,0.00,0.00,0.00,0.00,771.00,'2016-01-14 03:36:15','2016-01-14 03:36:15'),(287,160,57,1,21.00,0.00,0.00,0.00,0.00,0.00,21.00,'2016-01-14 03:38:41','2016-01-14 03:38:41'),(288,160,54,1,255.00,0.00,0.00,0.00,0.00,0.00,255.00,'2016-01-14 03:38:41','2016-01-14 03:38:41'),(289,161,71,1,21.00,0.00,0.00,0.00,0.00,0.00,21.00,'2016-01-14 03:40:51','2016-01-14 03:40:51'),(290,161,68,1,61.50,0.00,0.00,0.00,0.00,0.00,61.50,'2016-01-14 03:40:51','2016-01-14 03:40:51'),(291,162,71,1,21.00,0.00,0.00,0.00,0.00,0.00,21.00,'2016-01-14 03:43:24','2016-01-14 03:43:24'),(292,162,69,1,617.10,0.00,0.00,0.00,0.00,0.00,617.10,'2016-01-14 03:43:24','2016-01-14 03:43:24'),(293,162,68,1,4042.50,0.00,0.00,0.00,0.00,0.00,4042.50,'2016-01-14 03:43:24','2016-01-14 03:43:24'),(294,163,57,1,21.00,0.00,0.00,0.00,0.00,0.00,21.00,'2016-01-14 03:50:44','2016-01-14 03:50:44'),(295,163,55,1,1806.42,0.00,0.00,0.00,0.00,0.00,1806.42,'2016-01-14 03:50:44','2016-01-14 03:50:44'),(296,163,54,1,430.50,0.00,0.00,0.00,0.00,0.00,430.50,'2016-01-14 03:50:44','2016-01-14 03:50:44'),(303,166,57,1,21.00,0.00,0.00,0.00,0.00,0.00,21.00,'2016-01-14 04:10:13','2016-01-14 04:10:13'),(304,166,54,1,61.50,0.00,0.00,0.00,0.00,0.00,61.50,'2016-01-14 04:10:13','2016-01-14 04:10:13'),(305,167,57,1,21.00,0.00,0.00,0.00,0.00,0.00,21.00,'2016-01-14 17:49:34','2016-01-14 17:49:34'),(306,167,54,1,123.00,0.00,0.00,0.00,0.00,0.00,123.00,'2016-01-14 17:49:34','2016-01-14 17:49:34'),(307,168,57,1,21.00,0.00,0.00,0.00,0.00,0.00,21.00,'2016-01-14 17:57:40','2016-01-14 17:57:40'),(308,168,54,1,307.50,0.00,0.00,0.00,0.00,0.00,307.50,'2016-01-14 17:57:40','2016-01-14 17:57:40'),(309,169,57,1,21.00,0.00,0.00,0.00,0.00,0.00,21.00,'2016-01-14 18:03:12','2016-01-14 18:03:12'),(310,169,54,1,123.00,0.00,0.00,0.00,0.00,0.00,123.00,'2016-01-14 18:03:12','2016-01-14 18:03:12'),(311,170,57,1,21.00,0.00,0.00,0.00,0.00,0.00,21.00,'2016-01-14 18:13:26','2016-01-14 18:13:26'),(312,170,55,1,359.04,0.00,0.00,0.00,0.00,0.00,359.04,'2016-01-14 18:13:26','2016-01-14 18:13:26'),(313,170,54,1,123.00,0.00,0.00,0.00,0.00,0.00,123.00,'2016-01-14 18:13:26','2016-01-14 18:13:26'),(314,171,57,1,21.00,0.00,0.00,0.00,0.00,0.00,21.00,'2016-01-14 18:22:30','2016-01-14 18:22:30'),(315,171,55,1,134.64,0.00,0.00,0.00,0.00,0.00,134.64,'2016-01-14 18:22:30','2016-01-14 18:22:30'),(316,171,54,1,369.00,0.00,0.00,0.00,0.00,0.00,369.00,'2016-01-14 18:22:30','2016-01-14 18:22:30'),(317,172,57,1,21.00,0.00,0.00,0.00,0.00,0.00,21.00,'2016-01-14 18:28:29','2016-01-14 18:28:29'),(318,172,55,1,89.76,0.00,0.00,0.00,0.00,0.00,89.76,'2016-01-14 18:28:29','2016-01-14 18:28:29'),(319,172,54,1,123.00,0.00,0.00,0.00,0.00,0.00,123.00,'2016-01-14 18:28:29','2016-01-14 18:28:29'),(320,173,57,1,21.00,0.00,0.00,0.00,0.00,0.00,21.00,'2016-01-14 18:36:36','2016-01-14 18:36:36'),(321,173,54,1,430.50,0.00,0.00,0.00,0.00,0.00,430.50,'2016-01-14 18:36:36','2016-01-14 18:36:36'),(322,174,57,1,21.00,0.00,0.00,0.00,0.00,0.00,21.00,'2016-01-14 18:43:17','2016-01-14 18:43:17'),(323,174,55,1,157.08,0.00,0.00,0.00,0.00,0.00,157.08,'2016-01-14 18:43:17','2016-01-14 18:43:17'),(324,174,54,1,430.50,0.00,0.00,0.00,0.00,0.00,430.50,'2016-01-14 18:43:17','2016-01-14 18:43:17'),(325,175,57,1,21.00,0.00,0.00,0.00,0.00,0.00,21.00,'2016-01-14 18:53:27','2016-01-14 18:53:27'),(326,175,54,1,1530.00,0.00,0.00,0.00,0.00,0.00,1530.00,'2016-01-14 18:53:27','2016-01-14 18:53:27'),(327,176,57,1,21.00,0.00,0.00,0.00,0.00,0.00,21.00,'2016-01-14 18:57:35','2016-01-14 18:57:35'),(328,176,54,1,637.50,0.00,0.00,0.00,0.00,0.00,637.50,'2016-01-14 18:57:35','2016-01-14 18:57:35'),(329,177,71,1,21.00,0.00,0.00,0.00,0.00,0.00,21.00,'2016-01-14 19:00:21','2016-01-14 19:00:21'),(330,177,68,1,307.50,0.00,0.00,0.00,0.00,0.00,307.50,'2016-01-14 19:00:21','2016-01-14 19:00:21'),(331,178,71,1,21.00,0.00,0.00,0.00,0.00,0.00,21.00,'2016-01-14 19:03:30','2016-01-14 19:03:30'),(332,178,68,1,307.50,0.00,0.00,0.00,0.00,0.00,307.50,'2016-01-14 19:03:30','2016-01-14 19:03:30'),(333,179,71,1,21.00,0.00,0.00,0.00,0.00,0.00,21.00,'2016-01-14 19:06:28','2016-01-14 19:06:28'),(334,179,68,1,307.50,0.00,0.00,0.00,0.00,0.00,307.50,'2016-01-14 19:06:28','2016-01-14 19:06:28'),(335,180,71,1,21.00,0.00,0.00,0.00,0.00,0.00,21.00,'2016-01-14 19:09:43','2016-01-14 19:09:43'),(336,180,69,1,5744.64,0.00,0.00,0.00,0.00,0.00,5744.64,'2016-01-14 19:09:43','2016-01-14 19:09:43'),(337,180,68,1,4704.00,0.00,0.00,0.00,0.00,0.00,4704.00,'2016-01-14 19:09:43','2016-01-14 19:09:43'),(338,180,72,1,2313.00,0.00,0.00,0.00,0.00,0.00,2313.00,'2016-01-14 19:09:43','2016-01-14 19:09:43'),(339,181,71,1,21.00,0.00,0.00,0.00,0.00,0.00,21.00,'2016-01-14 19:13:59','2016-01-14 19:13:59'),(340,181,68,1,4428.00,0.00,0.00,0.00,0.00,0.00,4428.00,'2016-01-14 19:13:59','2016-01-14 19:13:59'),(341,181,72,1,771.00,0.00,0.00,0.00,0.00,0.00,771.00,'2016-01-14 19:13:59','2016-01-14 19:13:59'),(344,3,71,1,21.00,0.00,0.00,0.00,0.00,0.00,21.00,'2016-01-14 19:16:29','2016-01-14 19:16:29'),(345,3,72,1,771.00,0.00,0.00,0.00,0.00,0.00,771.00,'2016-01-14 19:16:29','2016-01-14 19:16:29'),(346,4,71,1,21.00,0.00,0.00,0.00,0.00,0.00,21.00,'2016-01-14 19:20:07','2016-01-14 19:20:07'),(347,4,68,1,4428.00,0.00,0.00,0.00,0.00,0.00,4428.00,'2016-01-14 19:20:07','2016-01-14 19:20:07'),(348,4,72,1,771.00,0.00,0.00,0.00,0.00,0.00,771.00,'2016-01-14 19:20:07','2016-01-14 19:20:07'),(349,5,71,1,21.00,0.00,0.00,0.00,0.00,0.00,21.00,'2016-01-14 19:20:57','2016-01-14 19:20:57'),(350,5,68,1,307.50,0.00,0.00,0.00,0.00,0.00,307.50,'2016-01-14 19:20:57','2016-01-14 19:20:57'),(351,6,71,1,21.00,0.00,0.00,0.00,0.00,0.00,21.00,'2016-01-14 19:21:24','2016-01-14 19:21:24'),(352,6,68,1,307.50,0.00,0.00,0.00,0.00,0.00,307.50,'2016-01-14 19:21:24','2016-01-14 19:21:24'),(353,7,71,1,21.00,0.00,0.00,0.00,0.00,0.00,21.00,'2016-01-14 19:21:43','2016-01-14 19:21:43'),(354,7,68,1,307.50,0.00,0.00,0.00,0.00,0.00,307.50,'2016-01-14 19:21:43','2016-01-14 19:21:43'),(357,182,57,1,21.00,0.00,0.00,0.00,0.00,0.00,21.00,'2016-01-14 19:22:47','2016-01-14 19:22:47'),(358,182,54,1,765.00,0.00,0.00,0.00,0.00,0.00,765.00,'2016-01-14 19:22:47','2016-01-14 19:22:47'),(359,8,71,1,21.00,0.00,0.00,0.00,0.00,0.00,21.00,'2016-01-14 19:23:16','2016-01-14 19:23:16'),(360,8,68,1,307.50,0.00,0.00,0.00,0.00,0.00,307.50,'2016-01-14 19:23:16','2016-01-14 19:23:16'),(361,183,71,1,21.00,0.00,0.00,0.00,0.00,0.00,21.00,'2016-01-14 19:27:58','2016-01-14 19:27:58'),(362,183,68,1,123.00,0.00,0.00,0.00,0.00,0.00,123.00,'2016-01-14 19:27:58','2016-01-14 19:27:58'),(368,2,71,1,21.00,0.00,0.00,0.00,0.00,0.00,21.00,'2016-01-14 19:31:18','2016-01-14 19:31:18'),(369,2,72,1,771.00,0.00,0.00,0.00,0.00,0.00,771.00,'2016-01-14 19:31:18','2016-01-14 19:31:18'),(372,184,57,1,21.00,0.00,0.00,0.00,0.00,0.00,21.00,'2016-01-14 19:31:51','2016-01-14 19:31:51'),(373,184,54,1,123.00,0.00,0.00,0.00,0.00,0.00,123.00,'2016-01-14 19:31:51','2016-01-14 19:31:51'),(374,11,71,1,21.00,0.00,0.00,0.00,0.00,0.00,21.00,'2016-01-14 19:32:00','2016-01-14 19:32:00'),(375,11,68,1,307.50,0.00,0.00,0.00,0.00,0.00,307.50,'2016-01-14 19:32:00','2016-01-14 19:32:00'),(376,11,73,1,0.00,0.00,0.00,0.00,0.00,0.00,0.00,'2016-01-14 19:32:00','2016-01-14 19:32:00'),(379,12,71,1,21.00,0.00,0.00,0.00,0.00,0.00,21.00,'2016-01-14 19:32:51','2016-01-14 19:32:51'),(380,12,68,1,307.50,0.00,0.00,0.00,0.00,0.00,307.50,'2016-01-14 19:32:51','2016-01-14 19:32:51'),(381,13,71,1,21.00,0.00,0.00,0.00,0.00,0.00,21.00,'2016-01-14 19:35:46','2016-01-14 19:35:46'),(382,13,68,1,307.50,0.00,0.00,0.00,0.00,0.00,307.50,'2016-01-14 19:35:46','2016-01-14 19:35:46'),(383,57,71,1,21.00,0.00,0.00,0.00,0.00,0.00,21.00,'2016-01-14 19:36:38','2016-01-14 19:36:38'),(384,57,68,1,4428.00,0.00,0.00,0.00,0.00,0.00,4428.00,'2016-01-14 19:36:38','2016-01-14 19:36:38'),(385,57,72,1,771.00,0.00,0.00,0.00,0.00,0.00,771.00,'2016-01-14 19:36:38','2016-01-14 19:36:38'),(386,90,71,1,21.00,0.00,0.00,0.00,0.00,0.00,21.00,'2016-01-14 19:37:01','2016-01-14 19:37:01'),(387,90,68,1,3895.50,0.00,0.00,0.00,0.00,0.00,3895.50,'2016-01-14 19:37:01','2016-01-14 19:37:01'),(388,90,72,1,771.00,0.00,0.00,0.00,0.00,0.00,771.00,'2016-01-14 19:37:01','2016-01-14 19:37:01'),(391,185,57,1,21.00,0.00,0.00,0.00,0.00,0.00,21.00,'2016-01-14 19:37:27','2016-01-14 19:37:27'),(392,185,54,1,123.00,0.00,0.00,0.00,0.00,0.00,123.00,'2016-01-14 19:37:27','2016-01-14 19:37:27'),(393,92,71,1,21.00,0.00,0.00,0.00,0.00,0.00,21.00,'2016-01-14 19:38:04','2016-01-14 19:38:04'),(394,92,68,1,4704.00,0.00,0.00,0.00,0.00,0.00,4704.00,'2016-01-14 19:38:04','2016-01-14 19:38:04'),(395,92,72,1,771.00,0.00,0.00,0.00,0.00,0.00,771.00,'2016-01-14 19:38:04','2016-01-14 19:38:04'),(398,186,57,1,21.00,0.00,0.00,0.00,0.00,0.00,21.00,'2016-01-14 19:40:06','2016-01-14 19:40:06'),(399,186,55,1,336.60,0.00,0.00,0.00,0.00,0.00,336.60,'2016-01-14 19:40:06','2016-01-14 19:40:06'),(400,186,54,1,369.00,0.00,0.00,0.00,0.00,0.00,369.00,'2016-01-14 19:40:06','2016-01-14 19:40:06'),(401,93,57,1,21.00,0.00,0.00,0.00,0.00,0.00,21.00,'2016-01-14 19:40:18','2016-01-14 19:40:18'),(402,93,54,1,123.00,0.00,0.00,0.00,0.00,0.00,123.00,'2016-01-14 19:40:18','2016-01-14 19:40:18'),(403,94,57,1,21.00,0.00,0.00,0.00,0.00,0.00,21.00,'2016-01-14 19:40:47','2016-01-14 19:40:47'),(404,94,54,1,147.00,0.00,0.00,0.00,0.00,0.00,147.00,'2016-01-14 19:40:47','2016-01-14 19:40:47'),(405,95,71,1,21.00,0.00,0.00,0.00,0.00,0.00,21.00,'2016-01-14 19:41:14','2016-01-14 19:41:14'),(406,95,68,1,307.50,0.00,0.00,0.00,0.00,0.00,307.50,'2016-01-14 19:41:14','2016-01-14 19:41:14'),(407,96,71,1,21.00,0.00,0.00,0.00,0.00,0.00,21.00,'2016-01-14 19:42:01','2016-01-14 19:42:01'),(408,96,68,1,307.50,0.00,0.00,0.00,0.00,0.00,307.50,'2016-01-14 19:42:01','2016-01-14 19:42:01'),(409,98,71,1,21.00,0.00,0.00,0.00,0.00,0.00,21.00,'2016-01-14 19:42:41','2016-01-14 19:42:41'),(410,98,68,1,307.50,0.00,0.00,0.00,0.00,0.00,307.50,'2016-01-14 19:42:41','2016-01-14 19:42:41'),(411,97,71,1,21.00,0.00,0.00,0.00,0.00,0.00,21.00,'2016-01-14 19:43:03','2016-01-14 19:43:03'),(412,97,68,1,307.50,0.00,0.00,0.00,0.00,0.00,307.50,'2016-01-14 19:43:03','2016-01-14 19:43:03'),(413,99,71,1,21.00,0.00,0.00,0.00,0.00,0.00,21.00,'2016-01-14 19:43:35','2016-01-14 19:43:35'),(414,99,69,1,448.80,0.00,0.00,0.00,0.00,0.00,448.80,'2016-01-14 19:43:35','2016-01-14 19:43:35'),(415,99,68,1,123.00,0.00,0.00,0.00,0.00,0.00,123.00,'2016-01-14 19:43:35','2016-01-14 19:43:35'),(416,100,71,1,21.00,0.00,0.00,0.00,0.00,0.00,21.00,'2016-01-14 19:43:58','2016-01-14 19:43:58'),(417,100,69,1,22.44,0.00,0.00,0.00,0.00,0.00,22.44,'2016-01-14 19:43:58','2016-01-14 19:43:58'),(418,100,68,1,123.00,0.00,0.00,0.00,0.00,0.00,123.00,'2016-01-14 19:43:58','2016-01-14 19:43:58'),(419,101,57,1,21.00,0.00,0.00,0.00,0.00,0.00,21.00,'2016-01-14 19:45:04','2016-01-14 19:45:04'),(420,101,55,1,403.92,0.00,0.00,0.00,0.00,0.00,403.92,'2016-01-14 19:45:04','2016-01-14 19:45:04'),(421,101,54,1,123.00,0.00,0.00,0.00,0.00,0.00,123.00,'2016-01-14 19:45:04','2016-01-14 19:45:04'),(422,102,57,1,21.00,0.00,0.00,0.00,0.00,0.00,21.00,'2016-01-14 19:45:47','2016-01-14 19:45:47'),(423,102,54,1,1732.50,0.00,0.00,0.00,0.00,0.00,1732.50,'2016-01-14 19:45:47','2016-01-14 19:45:47'),(424,187,71,1,21.00,0.00,0.00,0.00,0.00,0.00,21.00,'2016-01-14 19:47:02','2016-01-14 19:47:02'),(425,187,72,1,1542.00,0.00,0.00,0.00,0.00,0.00,1542.00,'2016-01-14 19:47:02','2016-01-14 19:47:02'),(430,104,71,1,21.00,0.00,0.00,0.00,0.00,0.00,21.00,'2016-01-14 19:48:21','2016-01-14 19:48:21'),(431,104,68,1,4428.00,0.00,0.00,0.00,0.00,0.00,4428.00,'2016-01-14 19:48:21','2016-01-14 19:48:21'),(432,104,72,1,771.00,0.00,0.00,0.00,0.00,0.00,771.00,'2016-01-14 19:48:21','2016-01-14 19:48:21'),(433,105,71,1,21.00,0.00,0.00,0.00,0.00,0.00,21.00,'2016-01-14 19:49:02','2016-01-14 19:49:02'),(434,105,69,1,5351.94,0.00,0.00,0.00,0.00,0.00,5351.94,'2016-01-14 19:49:02','2016-01-14 19:49:02'),(435,105,68,1,3895.50,0.00,0.00,0.00,0.00,0.00,3895.50,'2016-01-14 19:49:02','2016-01-14 19:49:02'),(436,105,72,1,3855.00,0.00,0.00,0.00,0.00,0.00,3855.00,'2016-01-14 19:49:02','2016-01-14 19:49:02'),(437,106,71,1,21.00,0.00,0.00,0.00,0.00,0.00,21.00,'2016-01-14 19:49:32','2016-01-14 19:49:32'),(438,106,68,1,3382.50,0.00,0.00,0.00,0.00,0.00,3382.50,'2016-01-14 19:49:32','2016-01-14 19:49:32'),(439,106,72,1,771.00,0.00,0.00,0.00,0.00,0.00,771.00,'2016-01-14 19:49:32','2016-01-14 19:49:32'),(440,107,57,1,21.00,0.00,0.00,0.00,0.00,0.00,21.00,'2016-01-14 19:50:06','2016-01-14 19:50:06'),(441,107,54,1,369.00,0.00,0.00,0.00,0.00,0.00,369.00,'2016-01-14 19:50:06','2016-01-14 19:50:06'),(442,188,71,1,21.00,0.00,0.00,0.00,0.00,0.00,21.00,'2016-01-14 19:50:10','2016-01-14 19:50:10'),(443,188,72,1,771.00,0.00,0.00,0.00,0.00,0.00,771.00,'2016-01-14 19:50:10','2016-01-14 19:50:10'),(444,108,71,1,21.00,0.00,0.00,0.00,0.00,0.00,21.00,'2016-01-14 19:50:59','2016-01-14 19:50:59'),(445,108,68,1,4428.00,0.00,0.00,0.00,0.00,0.00,4428.00,'2016-01-14 19:50:59','2016-01-14 19:50:59'),(446,108,72,1,771.00,0.00,0.00,0.00,0.00,0.00,771.00,'2016-01-14 19:50:59','2016-01-14 19:50:59'),(447,109,71,1,21.00,0.00,0.00,0.00,0.00,0.00,21.00,'2016-01-14 19:51:22','2016-01-14 19:51:22'),(448,109,68,1,4428.00,0.00,0.00,0.00,0.00,0.00,4428.00,'2016-01-14 19:51:22','2016-01-14 19:51:22'),(449,109,72,1,771.00,0.00,0.00,0.00,0.00,0.00,771.00,'2016-01-14 19:51:22','2016-01-14 19:51:22'),(450,136,57,1,21.00,0.00,0.00,0.00,0.00,0.00,21.00,'2016-01-14 19:52:25','2016-01-14 19:52:25'),(451,136,54,1,246.00,0.00,0.00,0.00,0.00,0.00,246.00,'2016-01-14 19:52:25','2016-01-14 19:52:25'),(452,189,71,1,21.00,0.00,0.00,0.00,0.00,0.00,21.00,'2016-01-14 19:52:30','2016-01-14 19:52:30'),(453,189,68,1,3259.50,0.00,0.00,0.00,0.00,0.00,3259.50,'2016-01-14 19:52:30','2016-01-14 19:52:30'),(454,189,72,1,771.00,0.00,0.00,0.00,0.00,0.00,771.00,'2016-01-14 19:52:30','2016-01-14 19:52:30'),(455,141,57,1,21.00,0.00,0.00,0.00,0.00,0.00,21.00,'2016-01-14 19:53:38','2016-01-14 19:53:38'),(456,141,55,1,42084.90,0.00,0.00,0.00,0.00,0.00,42084.90,'2016-01-14 19:53:38','2016-01-14 19:53:38'),(457,141,54,1,1275.00,0.00,0.00,0.00,0.00,0.00,1275.00,'2016-01-14 19:53:38','2016-01-14 19:53:38'),(458,137,57,1,21.00,0.00,0.00,0.00,0.00,0.00,21.00,'2016-01-14 19:54:29','2016-01-14 19:54:29'),(459,137,54,1,307.50,0.00,0.00,0.00,0.00,0.00,307.50,'2016-01-14 19:54:29','2016-01-14 19:54:29'),(460,190,71,1,21.00,0.00,0.00,0.00,0.00,0.00,21.00,'2016-01-14 19:55:14','2016-01-14 19:55:14'),(461,190,69,1,5351.94,0.00,0.00,0.00,0.00,0.00,5351.94,'2016-01-14 19:55:14','2016-01-14 19:55:14'),(462,190,68,1,3895.50,0.00,0.00,0.00,0.00,0.00,3895.50,'2016-01-14 19:55:14','2016-01-14 19:55:14'),(463,190,72,1,2313.00,0.00,0.00,0.00,0.00,0.00,2313.00,'2016-01-14 19:55:14','2016-01-14 19:55:14'),(464,191,71,1,21.00,0.00,0.00,0.00,0.00,0.00,21.00,'2016-01-14 20:03:46','2016-01-14 20:03:46'),(465,191,68,1,3259.50,0.00,0.00,0.00,0.00,0.00,3259.50,'2016-01-14 20:03:46','2016-01-14 20:03:46'),(466,191,72,1,771.00,0.00,0.00,0.00,0.00,0.00,771.00,'2016-01-14 20:03:46','2016-01-14 20:03:46'),(467,110,57,1,21.00,0.00,0.00,0.00,0.00,0.00,21.00,'2016-01-14 20:07:47','2016-01-14 20:07:47'),(468,110,54,1,430.50,0.00,0.00,0.00,0.00,0.00,430.50,'2016-01-14 20:07:47','2016-01-14 20:07:47'),(471,111,57,1,21.00,0.00,0.00,0.00,0.00,0.00,21.00,'2016-01-14 20:09:15','2016-01-14 20:09:15'),(472,111,54,1,123.00,0.00,0.00,0.00,0.00,0.00,123.00,'2016-01-14 20:09:15','2016-01-14 20:09:15'),(473,112,57,1,21.00,0.00,0.00,0.00,0.00,0.00,21.00,'2016-01-14 20:09:40','2016-01-14 20:09:40'),(474,112,54,1,123.00,0.00,0.00,0.00,0.00,0.00,123.00,'2016-01-14 20:09:40','2016-01-14 20:09:40'),(475,113,57,1,21.00,0.00,0.00,0.00,0.00,0.00,21.00,'2016-01-14 20:10:07','2016-01-14 20:10:07'),(476,113,54,1,307.50,0.00,0.00,0.00,0.00,0.00,307.50,'2016-01-14 20:10:07','2016-01-14 20:10:07'),(477,193,71,1,21.00,0.00,0.00,0.00,0.00,0.00,21.00,'2016-01-14 20:10:32','2016-01-14 20:10:32'),(478,193,68,1,3936.00,0.00,0.00,0.00,0.00,0.00,3936.00,'2016-01-14 20:10:32','2016-01-14 20:10:32'),(479,194,71,1,21.00,0.00,0.00,0.00,0.00,0.00,21.00,'2016-01-14 20:13:07','2016-01-14 20:13:07'),(480,194,69,1,819.06,0.00,0.00,0.00,0.00,0.00,819.06,'2016-01-14 20:13:07','2016-01-14 20:13:07'),(481,194,68,1,4489.50,0.00,0.00,0.00,0.00,0.00,4489.50,'2016-01-14 20:13:07','2016-01-14 20:13:07'),(482,194,72,1,771.00,0.00,0.00,0.00,0.00,0.00,771.00,'2016-01-14 20:13:07','2016-01-14 20:13:07'),(483,114,57,1,21.00,0.00,0.00,0.00,0.00,0.00,21.00,'2016-01-14 20:15:02','2016-01-14 20:15:02'),(484,114,55,1,34697.97,0.00,0.00,0.00,0.00,0.00,34697.97,'2016-01-14 20:15:02','2016-01-14 20:15:02'),(485,114,54,1,1147.50,0.00,0.00,0.00,0.00,0.00,1147.50,'2016-01-14 20:15:02','2016-01-14 20:15:02'),(486,115,57,1,21.00,0.00,0.00,0.00,0.00,0.00,21.00,'2016-01-14 20:15:38','2016-01-14 20:15:38'),(487,115,54,1,123.00,0.00,0.00,0.00,0.00,0.00,123.00,'2016-01-14 20:15:38','2016-01-14 20:15:38'),(491,116,57,1,21.00,0.00,0.00,0.00,0.00,0.00,21.00,'2016-01-14 20:16:51','2016-01-14 20:16:51'),(492,116,54,1,123.00,0.00,0.00,0.00,0.00,0.00,123.00,'2016-01-14 20:16:51','2016-01-14 20:16:51'),(496,196,57,1,21.00,0.00,0.00,0.00,0.00,0.00,21.00,'2016-01-14 20:18:50','2016-01-14 20:18:50'),(497,196,55,1,336.60,0.00,0.00,0.00,0.00,0.00,336.60,'2016-01-14 20:18:50','2016-01-14 20:18:50'),(498,196,54,1,123.00,0.00,0.00,0.00,0.00,0.00,123.00,'2016-01-14 20:18:50','2016-01-14 20:18:50'),(499,118,71,1,21.00,0.00,0.00,0.00,0.00,0.00,21.00,'2016-01-14 20:18:57','2016-01-14 20:18:57'),(500,118,68,1,3259.50,0.00,0.00,0.00,0.00,0.00,3259.50,'2016-01-14 20:18:57','2016-01-14 20:18:57'),(501,118,72,1,771.00,0.00,0.00,0.00,0.00,0.00,771.00,'2016-01-14 20:18:57','2016-01-14 20:18:57'),(502,140,71,1,21.00,0.00,0.00,0.00,0.00,0.00,21.00,'2016-01-14 20:22:18','2016-01-14 20:22:18'),(503,140,69,1,6788.10,0.00,0.00,0.00,0.00,0.00,6788.10,'2016-01-14 20:22:18','2016-01-14 20:22:18'),(504,140,68,1,4042.50,0.00,0.00,0.00,0.00,0.00,4042.50,'2016-01-14 20:22:18','2016-01-14 20:22:18'),(505,140,72,1,1542.00,0.00,0.00,0.00,0.00,0.00,1542.00,'2016-01-14 20:22:18','2016-01-14 20:22:18'),(506,197,57,1,21.00,0.00,0.00,0.00,0.00,0.00,21.00,'2016-01-14 20:22:19','2016-01-14 20:22:19'),(507,197,55,1,538.56,0.00,0.00,0.00,0.00,0.00,538.56,'2016-01-14 20:22:19','2016-01-14 20:22:19'),(508,197,54,1,184.50,0.00,0.00,0.00,0.00,0.00,184.50,'2016-01-14 20:22:19','2016-01-14 20:22:19'),(514,125,71,1,21.00,0.00,0.00,0.00,0.00,0.00,21.00,'2016-01-14 20:24:48','2016-01-14 20:24:48'),(515,125,72,1,771.00,0.00,0.00,0.00,0.00,0.00,771.00,'2016-01-14 20:24:48','2016-01-14 20:24:48'),(516,124,71,1,21.00,0.00,0.00,0.00,0.00,0.00,21.00,'2016-01-14 20:25:09','2016-01-14 20:25:09'),(517,124,72,1,771.00,0.00,0.00,0.00,0.00,0.00,771.00,'2016-01-14 20:25:09','2016-01-14 20:25:09'),(518,123,71,1,21.00,0.00,0.00,0.00,0.00,0.00,21.00,'2016-01-14 20:25:31','2016-01-14 20:25:31'),(521,121,71,1,21.00,0.00,0.00,0.00,0.00,0.00,21.00,'2016-01-14 20:26:49','2016-01-14 20:26:49'),(522,121,72,1,771.00,0.00,0.00,0.00,0.00,0.00,771.00,'2016-01-14 20:26:49','2016-01-14 20:26:49'),(523,122,71,1,21.00,0.00,0.00,0.00,0.00,0.00,21.00,'2016-01-14 20:27:11','2016-01-14 20:27:11'),(524,122,72,1,771.00,0.00,0.00,0.00,0.00,0.00,771.00,'2016-01-14 20:27:11','2016-01-14 20:27:11'),(530,119,71,1,21.00,0.00,0.00,0.00,0.00,0.00,21.00,'2016-01-14 20:29:23','2016-01-14 20:29:23'),(531,119,69,1,8190.60,0.00,0.00,0.00,0.00,0.00,8190.60,'2016-01-14 20:29:23','2016-01-14 20:29:23'),(532,119,68,1,5365.50,0.00,0.00,0.00,0.00,0.00,5365.50,'2016-01-14 20:29:23','2016-01-14 20:29:23'),(533,119,72,1,1542.00,0.00,0.00,0.00,0.00,0.00,1542.00,'2016-01-14 20:29:23','2016-01-14 20:29:23'),(534,120,71,1,21.00,0.00,0.00,0.00,0.00,0.00,21.00,'2016-01-14 20:30:45','2016-01-14 20:30:45'),(535,120,68,1,4428.00,0.00,0.00,0.00,0.00,0.00,4428.00,'2016-01-14 20:30:45','2016-01-14 20:30:45'),(536,120,72,1,771.00,0.00,0.00,0.00,0.00,0.00,771.00,'2016-01-14 20:30:45','2016-01-14 20:30:45'),(543,126,71,1,21.00,0.00,0.00,0.00,0.00,0.00,21.00,'2016-01-14 20:33:25','2016-01-14 20:33:25'),(544,126,68,1,4428.00,0.00,0.00,0.00,0.00,0.00,4428.00,'2016-01-14 20:33:25','2016-01-14 20:33:25'),(545,126,72,1,771.00,0.00,0.00,0.00,0.00,0.00,771.00,'2016-01-14 20:33:25','2016-01-14 20:33:25'),(546,199,57,1,21.00,0.00,0.00,0.00,0.00,0.00,21.00,'2016-01-14 20:36:33','2016-01-14 20:36:33'),(547,199,55,1,403.92,0.00,0.00,0.00,0.00,0.00,403.92,'2016-01-14 20:36:33','2016-01-14 20:36:33'),(548,199,54,1,369.00,0.00,0.00,0.00,0.00,0.00,369.00,'2016-01-14 20:36:33','2016-01-14 20:36:33'),(549,200,57,1,21.00,0.00,0.00,0.00,0.00,0.00,21.00,'2016-01-14 20:43:53','2016-01-14 20:43:53'),(550,200,54,1,514.50,0.00,0.00,0.00,0.00,0.00,514.50,'2016-01-14 20:43:53','2016-01-14 20:43:53'),(551,201,57,1,21.00,0.00,0.00,0.00,0.00,0.00,21.00,'2016-01-14 20:45:42','2016-01-14 20:45:42'),(552,201,54,1,430.50,0.00,0.00,0.00,0.00,0.00,430.50,'2016-01-14 20:45:42','2016-01-14 20:45:42'),(553,202,57,1,21.00,0.00,0.00,0.00,0.00,0.00,21.00,'2016-01-14 20:49:04','2016-01-14 20:49:04'),(554,202,54,1,123.00,0.00,0.00,0.00,0.00,0.00,123.00,'2016-01-14 20:49:04','2016-01-14 20:49:04'),(555,203,57,1,21.00,0.00,0.00,0.00,0.00,0.00,21.00,'2016-01-14 20:54:24','2016-01-14 20:54:24'),(556,203,54,1,123.00,0.00,0.00,0.00,0.00,0.00,123.00,'2016-01-14 20:54:24','2016-01-14 20:54:24'),(557,204,57,1,21.00,0.00,0.00,0.00,0.00,0.00,21.00,'2016-01-14 20:56:17','2016-01-14 20:56:17'),(558,204,54,1,123.00,0.00,0.00,0.00,0.00,0.00,123.00,'2016-01-14 20:56:17','2016-01-14 20:56:17'),(559,205,71,1,21.00,0.00,0.00,0.00,0.00,0.00,21.00,'2016-01-14 21:01:25','2016-01-14 21:01:25'),(560,205,69,1,5553.90,0.00,0.00,0.00,0.00,0.00,5553.90,'2016-01-14 21:01:25','2016-01-14 21:01:25'),(561,205,68,1,4042.50,0.00,0.00,0.00,0.00,0.00,4042.50,'2016-01-14 21:01:25','2016-01-14 21:01:25'),(562,206,71,1,21.00,0.00,0.00,0.00,0.00,0.00,21.00,'2016-01-14 21:08:25','2016-01-14 21:08:25'),(563,206,69,1,5351.94,0.00,0.00,0.00,0.00,0.00,5351.94,'2016-01-14 21:08:25','2016-01-14 21:08:25'),(564,206,68,1,3895.50,0.00,0.00,0.00,0.00,0.00,3895.50,'2016-01-14 21:08:25','2016-01-14 21:08:25'),(568,139,57,1,21.00,0.00,0.00,0.00,0.00,0.00,21.00,'2016-01-14 22:54:59','2016-01-14 22:54:59'),(569,139,55,1,392.70,0.00,0.00,0.00,0.00,0.00,392.70,'2016-01-14 22:54:59','2016-01-14 22:54:59'),(570,139,54,1,514.50,0.00,0.00,0.00,0.00,0.00,514.50,'2016-01-14 22:54:59','2016-01-14 22:54:59'),(571,128,71,1,21.00,0.00,0.00,0.00,0.00,0.00,21.00,'2016-01-14 22:56:03','2016-01-14 22:56:03'),(572,128,69,1,4936.80,0.00,0.00,0.00,0.00,0.00,4936.80,'2016-01-14 22:56:03','2016-01-14 22:56:03'),(573,128,68,1,4042.50,0.00,0.00,0.00,0.00,0.00,4042.50,'2016-01-14 22:56:03','2016-01-14 22:56:03'),(574,129,71,1,21.00,0.00,0.00,0.00,0.00,0.00,21.00,'2016-01-14 22:58:21','2016-01-14 22:58:21'),(575,129,68,1,3936.00,0.00,0.00,0.00,0.00,0.00,3936.00,'2016-01-14 22:58:21','2016-01-14 22:58:21'),(576,129,72,1,771.00,0.00,0.00,0.00,0.00,0.00,771.00,'2016-01-14 22:58:21','2016-01-14 22:58:21'),(577,130,71,1,21.00,0.00,0.00,0.00,0.00,0.00,21.00,'2016-01-14 22:58:49','2016-01-14 22:58:49'),(578,130,68,1,4042.50,0.00,0.00,0.00,0.00,0.00,4042.50,'2016-01-14 22:58:49','2016-01-14 22:58:49'),(579,130,72,1,771.00,0.00,0.00,0.00,0.00,0.00,771.00,'2016-01-14 22:58:49','2016-01-14 22:58:49'),(580,131,57,1,21.00,0.00,0.00,0.00,0.00,0.00,21.00,'2016-01-14 22:59:08','2016-01-14 22:59:08'),(581,131,54,1,61.50,0.00,0.00,0.00,0.00,0.00,61.50,'2016-01-14 22:59:08','2016-01-14 22:59:08'),(584,132,57,1,21.00,0.00,0.00,0.00,0.00,0.00,21.00,'2016-01-14 23:00:08','2016-01-14 23:00:08'),(585,132,54,1,123.00,0.00,0.00,0.00,0.00,0.00,123.00,'2016-01-14 23:00:08','2016-01-14 23:00:08'),(586,133,57,1,21.00,0.00,0.00,0.00,0.00,0.00,21.00,'2016-01-14 23:00:47','2016-01-14 23:00:47'),(587,133,55,1,605.88,0.00,0.00,0.00,0.00,0.00,605.88,'2016-01-14 23:00:47','2016-01-14 23:00:47'),(588,133,54,1,184.50,0.00,0.00,0.00,0.00,0.00,184.50,'2016-01-14 23:00:47','2016-01-14 23:00:47'),(589,134,57,1,21.00,0.00,0.00,0.00,0.00,0.00,21.00,'2016-01-14 23:01:15','2016-01-14 23:01:15'),(590,134,54,1,676.50,0.00,0.00,0.00,0.00,0.00,676.50,'2016-01-14 23:01:15','2016-01-14 23:01:15'),(591,135,57,1,21.00,0.00,0.00,0.00,0.00,0.00,21.00,'2016-01-14 23:01:45','2016-01-14 23:01:45'),(592,135,54,1,246.00,0.00,0.00,0.00,0.00,0.00,246.00,'2016-01-14 23:01:45','2016-01-14 23:01:45'),(593,148,57,1,21.00,0.00,0.00,0.00,0.00,0.00,21.00,'2016-01-14 23:28:38','2016-01-14 23:28:38'),(594,148,54,1,1147.50,0.00,0.00,0.00,0.00,0.00,1147.50,'2016-01-14 23:28:38','2016-01-14 23:28:38'),(595,103,71,1,21.00,0.00,0.00,0.00,0.00,0.00,21.00,'2016-01-14 23:37:31','2016-01-14 23:37:31'),(596,103,69,1,6462.72,0.00,0.00,0.00,0.00,0.00,6462.72,'2016-01-14 23:37:31','2016-01-14 23:37:31'),(597,103,68,1,4704.00,0.00,0.00,0.00,0.00,0.00,4704.00,'2016-01-14 23:37:31','2016-01-14 23:37:31'),(598,103,72,1,2313.00,0.00,0.00,0.00,0.00,0.00,2313.00,'2016-01-14 23:37:31','2016-01-14 23:37:31'),(599,149,71,1,21.00,0.00,0.00,0.00,0.00,0.00,21.00,'2016-01-14 23:41:01','2016-01-14 23:41:01'),(600,149,68,1,307.50,0.00,0.00,0.00,0.00,0.00,307.50,'2016-01-14 23:41:01','2016-01-14 23:41:01'),(601,150,71,1,21.00,0.00,0.00,0.00,0.00,0.00,21.00,'2016-01-14 23:41:23','2016-01-14 23:41:23'),(602,150,68,1,307.50,0.00,0.00,0.00,0.00,0.00,307.50,'2016-01-14 23:41:23','2016-01-14 23:41:23'),(603,151,71,1,21.00,0.00,0.00,0.00,0.00,0.00,21.00,'2016-01-14 23:41:48','2016-01-14 23:41:48'),(604,151,68,1,307.50,0.00,0.00,0.00,0.00,0.00,307.50,'2016-01-14 23:41:48','2016-01-14 23:41:48'),(605,152,71,1,21.00,0.00,0.00,0.00,0.00,0.00,21.00,'2016-01-14 23:42:17','2016-01-14 23:42:17'),(606,152,68,1,307.50,0.00,0.00,0.00,0.00,0.00,307.50,'2016-01-14 23:42:17','2016-01-14 23:42:17'),(607,153,71,1,21.00,0.00,0.00,0.00,0.00,0.00,21.00,'2016-01-14 23:42:47','2016-01-14 23:42:47'),(608,153,68,1,307.50,0.00,0.00,0.00,0.00,0.00,307.50,'2016-01-14 23:42:47','2016-01-14 23:42:47'),(609,154,71,1,21.00,0.00,0.00,0.00,0.00,0.00,21.00,'2016-01-14 23:43:09','2016-01-14 23:43:09'),(610,154,68,1,307.50,0.00,0.00,0.00,0.00,0.00,307.50,'2016-01-14 23:43:09','2016-01-14 23:43:09'),(611,155,71,1,21.00,0.00,0.00,0.00,0.00,0.00,21.00,'2016-01-14 23:43:43','2016-01-14 23:43:43'),(612,155,72,1,771.00,0.00,0.00,0.00,0.00,0.00,771.00,'2016-01-14 23:43:43','2016-01-14 23:43:43'),(613,156,71,1,21.00,0.00,0.00,0.00,0.00,0.00,21.00,'2016-01-14 23:44:00','2016-01-14 23:44:00'),(614,156,72,1,771.00,0.00,0.00,0.00,0.00,0.00,771.00,'2016-01-14 23:44:00','2016-01-14 23:44:00'),(618,207,68,1,3936.00,0.00,0.00,0.00,0.00,0.00,3936.00,'2016-01-14 23:50:31','2016-01-14 23:50:31'),(619,207,71,1,21.00,0.00,0.00,0.00,0.00,0.00,21.00,'2016-01-14 23:50:31','2016-01-14 23:50:31'),(620,207,72,1,771.00,0.00,0.00,0.00,0.00,0.00,771.00,'2016-01-14 23:50:31','2016-01-14 23:50:31'),(624,209,68,1,4042.50,0.00,0.00,0.00,0.00,0.00,4042.50,'2016-01-14 23:59:48','2016-01-14 23:59:48'),(625,209,71,1,21.00,0.00,0.00,0.00,0.00,0.00,21.00,'2016-01-14 23:59:48','2016-01-14 23:59:48'),(626,209,72,1,771.00,0.00,0.00,0.00,0.00,0.00,771.00,'2016-01-14 23:59:48','2016-01-14 23:59:48'),(627,210,68,1,4042.50,0.00,0.00,0.00,0.00,0.00,4042.50,'2016-01-15 00:15:15','2016-01-15 00:15:15'),(628,210,71,1,21.00,0.00,0.00,0.00,0.00,0.00,21.00,'2016-01-15 00:15:15','2016-01-15 00:15:15'),(629,210,72,1,771.00,0.00,0.00,0.00,0.00,0.00,771.00,'2016-01-15 00:15:15','2016-01-15 00:15:15'),(630,117,57,1,21.00,0.00,0.00,0.00,0.00,0.00,21.00,'2016-01-15 00:25:49','2016-01-15 00:25:49'),(631,117,55,1,2221.56,0.00,0.00,0.00,0.00,0.00,2221.56,'2016-01-15 00:25:49','2016-01-15 00:25:49'),(632,117,54,1,184.50,0.00,0.00,0.00,0.00,0.00,184.50,'2016-01-15 00:25:49','2016-01-15 00:25:49'),(633,211,68,1,3813.00,0.00,0.00,0.00,0.00,0.00,3813.00,'2016-01-15 00:28:35','2016-01-15 00:28:35'),(634,211,71,1,21.00,0.00,0.00,0.00,0.00,0.00,21.00,'2016-01-15 00:28:35','2016-01-15 00:28:35'),(635,211,72,1,771.00,0.00,0.00,0.00,0.00,0.00,771.00,'2016-01-15 00:28:35','2016-01-15 00:28:35'),(636,192,57,1,21.00,0.00,0.00,0.00,0.00,0.00,21.00,'2016-01-15 00:30:01','2016-01-15 00:30:01'),(637,192,54,1,492.00,0.00,0.00,0.00,0.00,0.00,492.00,'2016-01-15 00:30:01','2016-01-15 00:30:01'),(641,1,71,1,21.00,0.00,0.00,0.00,0.00,0.00,21.00,'2016-01-15 00:31:26','2016-01-15 00:31:26'),(642,1,68,1,61.50,0.00,0.00,0.00,0.00,0.00,61.50,'2016-01-15 00:31:26','2016-01-15 00:31:26'),(643,127,71,1,21.00,0.00,0.00,0.00,0.00,0.00,21.00,'2016-01-15 00:32:11','2016-01-15 00:32:11'),(644,127,68,1,4489.50,0.00,0.00,0.00,0.00,0.00,4489.50,'2016-01-15 00:32:11','2016-01-15 00:32:11'),(645,127,72,1,771.00,0.00,0.00,0.00,0.00,0.00,771.00,'2016-01-15 00:32:11','2016-01-15 00:32:11'),(652,215,71,1,21.00,0.00,0.00,0.00,0.00,0.00,21.00,'2016-01-15 00:35:45','2016-01-15 00:35:45'),(653,215,68,1,3936.00,0.00,0.00,0.00,0.00,0.00,3936.00,'2016-01-15 00:35:45','2016-01-15 00:35:45'),(654,215,72,1,771.00,0.00,0.00,0.00,0.00,0.00,771.00,'2016-01-15 00:35:45','2016-01-15 00:35:45'),(655,208,71,1,21.00,0.00,0.00,0.00,0.00,0.00,21.00,'2016-01-15 00:47:51','2016-01-15 00:47:51'),(656,208,68,1,3259.50,0.00,0.00,0.00,0.00,0.00,3259.50,'2016-01-15 00:47:51','2016-01-15 00:47:51'),(657,208,72,1,771.00,0.00,0.00,0.00,0.00,0.00,771.00,'2016-01-15 00:47:51','2016-01-15 00:47:51'),(658,216,68,1,4704.00,0.00,0.00,0.00,0.00,0.00,4704.00,'2016-01-15 00:52:44','2016-01-15 00:52:44'),(659,216,72,1,771.00,0.00,0.00,0.00,0.00,0.00,771.00,'2016-01-15 00:52:44','2016-01-15 00:52:44'),(660,216,57,1,21.00,0.00,0.00,0.00,0.00,0.00,21.00,'2016-01-15 00:52:44','2016-01-15 00:52:44'),(673,221,68,1,4704.00,0.00,0.00,0.00,0.00,0.00,4704.00,'2016-01-15 01:09:25','2016-01-15 01:09:25'),(674,221,71,1,21.00,0.00,0.00,0.00,0.00,0.00,21.00,'2016-01-15 01:09:25','2016-01-15 01:09:25'),(678,223,68,1,4042.50,0.00,0.00,0.00,0.00,0.00,4042.50,'2016-01-15 01:13:35','2016-01-15 01:13:35'),(679,223,71,1,21.00,0.00,0.00,0.00,0.00,0.00,21.00,'2016-01-15 01:13:35','2016-01-15 01:13:35'),(680,223,72,1,771.00,0.00,0.00,0.00,0.00,0.00,771.00,'2016-01-15 01:13:35','2016-01-15 01:13:35'),(681,224,68,1,3936.00,0.00,0.00,0.00,0.00,0.00,3936.00,'2016-01-15 01:23:54','2016-01-15 01:23:54'),(682,224,71,1,21.00,0.00,0.00,0.00,0.00,0.00,21.00,'2016-01-15 01:23:54','2016-01-15 01:23:54'),(683,224,72,1,771.00,0.00,0.00,0.00,0.00,0.00,771.00,'2016-01-15 01:23:54','2016-01-15 01:23:54'),(684,225,68,1,4042.50,0.00,0.00,0.00,0.00,0.00,4042.50,'2016-01-15 01:27:09','2016-01-15 01:27:09'),(685,225,71,1,21.00,0.00,0.00,0.00,0.00,0.00,21.00,'2016-01-15 01:27:09','2016-01-15 01:27:09'),(686,225,72,1,771.00,0.00,0.00,0.00,0.00,0.00,771.00,'2016-01-15 01:27:09','2016-01-15 01:27:09'),(687,9,71,1,21.00,0.00,0.00,0.00,0.00,0.00,21.00,'2016-01-15 01:32:26','2016-01-15 01:32:26'),(688,9,68,1,307.50,0.00,0.00,0.00,0.00,0.00,307.50,'2016-01-15 01:32:26','2016-01-15 01:32:26'),(689,10,71,1,21.00,0.00,0.00,0.00,0.00,0.00,21.00,'2016-01-15 01:33:14','2016-01-15 01:33:14'),(690,10,68,1,307.50,0.00,0.00,0.00,0.00,0.00,307.50,'2016-01-15 01:33:14','2016-01-15 01:33:14'),(693,91,57,1,21.00,0.00,0.00,0.00,0.00,0.00,21.00,'2016-01-15 01:34:51','2016-01-15 01:34:51'),(694,91,54,1,61.50,0.00,0.00,0.00,0.00,0.00,61.50,'2016-01-15 01:34:51','2016-01-15 01:34:51'),(695,217,68,1,3813.00,0.00,0.00,0.00,0.00,0.00,3813.00,'2016-01-15 01:36:05','2016-01-15 01:36:05'),(696,217,71,1,21.00,0.00,0.00,0.00,0.00,0.00,21.00,'2016-01-15 01:36:05','2016-01-15 01:36:05'),(697,217,72,1,771.00,0.00,0.00,0.00,0.00,0.00,771.00,'2016-01-15 01:36:05','2016-01-15 01:36:05'),(698,212,68,1,3813.00,0.00,0.00,0.00,0.00,0.00,3813.00,'2016-01-15 01:36:51','2016-01-15 01:36:51'),(699,212,71,1,21.00,0.00,0.00,0.00,0.00,0.00,21.00,'2016-01-15 01:36:51','2016-01-15 01:36:51'),(700,212,72,1,771.00,0.00,0.00,0.00,0.00,0.00,771.00,'2016-01-15 01:36:51','2016-01-15 01:36:51'),(701,213,68,1,4042.50,0.00,0.00,0.00,0.00,0.00,4042.50,'2016-01-15 01:37:35','2016-01-15 01:37:35'),(702,213,71,1,21.00,0.00,0.00,0.00,0.00,0.00,21.00,'2016-01-15 01:37:35','2016-01-15 01:37:35'),(703,213,72,1,771.00,0.00,0.00,0.00,0.00,0.00,771.00,'2016-01-15 01:37:35','2016-01-15 01:37:35'),(704,214,68,1,3936.00,0.00,0.00,0.00,0.00,0.00,3936.00,'2016-01-15 01:38:42','2016-01-15 01:38:42'),(705,214,71,1,21.00,0.00,0.00,0.00,0.00,0.00,21.00,'2016-01-15 01:38:42','2016-01-15 01:38:42'),(706,214,72,1,771.00,0.00,0.00,0.00,0.00,0.00,771.00,'2016-01-15 01:38:42','2016-01-15 01:38:42'),(707,219,68,1,3813.00,0.00,0.00,0.00,0.00,0.00,3813.00,'2016-01-15 01:39:46','2016-01-15 01:39:46'),(708,219,71,1,21.00,0.00,0.00,0.00,0.00,0.00,21.00,'2016-01-15 01:39:46','2016-01-15 01:39:46'),(709,219,72,1,771.00,0.00,0.00,0.00,0.00,0.00,771.00,'2016-01-15 01:39:46','2016-01-15 01:39:46'),(710,164,71,1,21.00,0.00,0.00,0.00,0.00,0.00,21.00,'2016-01-15 01:40:23','2016-01-15 01:40:23'),(711,164,69,1,4936.80,0.00,0.00,0.00,0.00,0.00,4936.80,'2016-01-15 01:40:23','2016-01-15 01:40:23'),(712,164,68,1,4042.50,0.00,0.00,0.00,0.00,0.00,4042.50,'2016-01-15 01:40:23','2016-01-15 01:40:23'),(713,220,68,1,3936.00,0.00,0.00,0.00,0.00,0.00,3936.00,'2016-01-15 01:40:58','2016-01-15 01:40:58'),(714,220,71,1,21.00,0.00,0.00,0.00,0.00,0.00,21.00,'2016-01-15 01:40:58','2016-01-15 01:40:58'),(715,220,72,1,771.00,0.00,0.00,0.00,0.00,0.00,771.00,'2016-01-15 01:40:58','2016-01-15 01:40:58'),(716,222,68,1,3936.00,0.00,0.00,0.00,0.00,0.00,3936.00,'2016-01-15 01:41:55','2016-01-15 01:41:55'),(717,222,71,1,21.00,0.00,0.00,0.00,0.00,0.00,21.00,'2016-01-15 01:41:55','2016-01-15 01:41:55'),(718,222,72,1,771.00,0.00,0.00,0.00,0.00,0.00,771.00,'2016-01-15 01:41:55','2016-01-15 01:41:55'),(719,218,68,1,4557.00,0.00,0.00,0.00,0.00,0.00,4557.00,'2016-01-15 01:42:46','2016-01-15 01:42:46'),(720,218,71,1,21.00,0.00,0.00,0.00,0.00,0.00,21.00,'2016-01-15 01:42:46','2016-01-15 01:42:46'),(721,218,72,1,771.00,0.00,0.00,0.00,0.00,0.00,771.00,'2016-01-15 01:42:46','2016-01-15 01:42:46'),(722,195,57,1,21.00,0.00,0.00,0.00,0.00,0.00,21.00,'2016-01-15 02:03:25','2016-01-15 02:03:25'),(723,195,55,1,2383.83,0.00,0.00,0.00,0.00,0.00,2383.83,'2016-01-15 02:03:25','2016-01-15 02:03:25'),(724,195,54,1,1147.50,0.00,0.00,0.00,0.00,0.00,1147.50,'2016-01-15 02:03:25','2016-01-15 02:03:25'),(725,198,57,1,21.00,0.00,0.00,0.00,0.00,0.00,21.00,'2016-01-15 02:04:46','2016-01-15 02:04:46'),(726,198,55,1,4151.40,0.00,0.00,0.00,0.00,0.00,4151.40,'2016-01-15 02:04:46','2016-01-15 02:04:46'),(727,198,54,1,123.00,0.00,0.00,0.00,0.00,0.00,123.00,'2016-01-15 02:04:46','2016-01-15 02:04:46'),(728,226,71,1,21.00,0.00,0.00,0.00,0.00,0.00,21.00,'2016-01-15 02:20:11','2016-01-15 02:20:11'),(729,226,68,1,4042.50,0.00,0.00,0.00,0.00,0.00,4042.50,'2016-01-15 02:20:11','2016-01-15 02:20:11'),(730,226,72,1,771.00,0.00,0.00,0.00,0.00,0.00,771.00,'2016-01-15 02:20:11','2016-01-15 02:20:11'),(731,227,57,1,21.00,0.00,0.00,0.00,0.00,0.00,21.00,'2016-01-15 03:17:03','2016-01-15 03:17:03'),(732,227,55,1,1570.80,0.00,0.00,0.00,0.00,0.00,1570.80,'2016-01-15 03:17:03','2016-01-15 03:17:03'),(733,227,54,1,123.00,0.00,0.00,0.00,0.00,0.00,123.00,'2016-01-15 03:17:03','2016-01-15 03:17:03'),(734,228,71,1,21.00,0.00,0.00,0.00,0.00,0.00,21.00,'2016-01-15 03:32:16','2016-01-15 03:32:16'),(735,228,69,1,6462.72,0.00,0.00,0.00,0.00,0.00,6462.72,'2016-01-15 03:32:16','2016-01-15 03:32:16'),(736,228,68,1,4704.00,0.00,0.00,0.00,0.00,0.00,4704.00,'2016-01-15 03:32:16','2016-01-15 03:32:16'),(737,228,72,1,2313.00,0.00,0.00,0.00,0.00,0.00,2313.00,'2016-01-15 03:32:16','2016-01-15 03:32:16'),(738,229,57,1,21.00,0.00,0.00,0.00,0.00,0.00,21.00,'2016-01-15 03:36:13','2016-01-15 03:36:13'),(739,229,54,1,123.00,0.00,0.00,0.00,0.00,0.00,123.00,'2016-01-15 03:36:13','2016-01-15 03:36:13'),(740,230,71,1,21.00,0.00,0.00,0.00,0.00,0.00,21.00,'2016-01-15 20:03:47','2016-01-15 20:03:47'),(741,230,69,1,5351.94,0.00,0.00,0.00,0.00,0.00,5351.94,'2016-01-15 20:03:47','2016-01-15 20:03:47'),(742,230,68,1,3895.50,0.00,0.00,0.00,0.00,0.00,3895.50,'2016-01-15 20:03:47','2016-01-15 20:03:47'),(743,230,72,1,1542.00,0.00,0.00,0.00,0.00,0.00,1542.00,'2016-01-15 20:03:47','2016-01-15 20:03:47'),(744,231,71,1,21.00,0.00,0.00,0.00,0.00,0.00,21.00,'2016-01-15 20:50:40','2016-01-15 20:50:40'),(745,231,68,1,3382.50,0.00,0.00,0.00,0.00,0.00,3382.50,'2016-01-15 20:50:40','2016-01-15 20:50:40'),(746,232,71,1,21.00,0.00,0.00,0.00,0.00,0.00,21.00,'2016-01-15 20:54:42','2016-01-15 20:54:42'),(747,232,69,1,6462.72,0.00,0.00,0.00,0.00,0.00,6462.72,'2016-01-15 20:54:42','2016-01-15 20:54:42'),(748,232,68,1,5292.00,0.00,0.00,0.00,0.00,0.00,5292.00,'2016-01-15 20:54:42','2016-01-15 20:54:42'),(749,233,71,1,21.00,0.00,0.00,0.00,0.00,0.00,21.00,'2016-01-15 20:58:59','2016-01-15 20:58:59'),(750,233,68,1,3936.00,0.00,0.00,0.00,0.00,0.00,3936.00,'2016-01-15 20:58:59','2016-01-15 20:58:59'),(751,234,57,1,21.00,0.00,0.00,0.00,0.00,0.00,21.00,'2016-01-15 21:05:37','2016-01-15 21:05:37'),(752,234,54,1,1147.50,0.00,0.00,0.00,0.00,0.00,1147.50,'2016-01-15 21:05:37','2016-01-15 21:05:37'),(753,235,71,1,21.00,0.00,0.00,0.00,0.00,0.00,21.00,'2016-01-15 21:07:39','2016-01-15 21:07:39'),(754,235,68,1,307.50,0.00,0.00,0.00,0.00,0.00,307.50,'2016-01-15 21:07:39','2016-01-15 21:07:39'),(755,236,71,1,21.00,0.00,0.00,0.00,0.00,0.00,21.00,'2016-01-15 21:10:21','2016-01-15 21:10:21'),(756,236,68,1,307.50,0.00,0.00,0.00,0.00,0.00,307.50,'2016-01-15 21:10:21','2016-01-15 21:10:21'),(757,237,71,1,21.00,0.00,0.00,0.00,0.00,0.00,21.00,'2016-01-15 21:13:28','2016-01-15 21:13:28'),(758,237,68,1,307.50,0.00,0.00,0.00,0.00,0.00,307.50,'2016-01-15 21:13:28','2016-01-15 21:13:28'),(759,238,71,1,21.00,0.00,0.00,0.00,0.00,0.00,21.00,'2016-01-15 21:18:13','2016-01-15 21:18:13'),(760,238,68,1,307.50,0.00,0.00,0.00,0.00,0.00,307.50,'2016-01-15 21:18:13','2016-01-15 21:18:13'),(765,240,71,1,21.00,0.00,0.00,0.00,0.00,0.00,21.00,'2016-01-16 00:54:36','2016-01-16 00:54:36'),(766,240,72,1,771.00,0.00,0.00,0.00,0.00,0.00,771.00,'2016-01-16 00:54:36','2016-01-16 00:54:36'),(767,241,71,1,21.00,0.00,0.00,0.00,0.00,0.00,21.00,'2016-01-16 00:56:57','2016-01-16 00:56:57'),(768,241,72,1,771.00,0.00,0.00,0.00,0.00,0.00,771.00,'2016-01-16 00:56:57','2016-01-16 00:56:57'),(769,242,71,1,21.00,0.00,0.00,0.00,0.00,0.00,21.00,'2016-01-16 00:59:36','2016-01-16 00:59:36'),(770,242,68,1,3936.00,0.00,0.00,0.00,0.00,0.00,3936.00,'2016-01-16 00:59:36','2016-01-16 00:59:36'),(771,242,72,1,771.00,0.00,0.00,0.00,0.00,0.00,771.00,'2016-01-16 00:59:36','2016-01-16 00:59:36'),(772,243,71,1,21.00,0.00,0.00,0.00,0.00,0.00,21.00,'2016-01-16 01:02:24','2016-01-16 01:02:24'),(773,243,69,1,807.84,0.00,0.00,0.00,0.00,0.00,807.84,'2016-01-16 01:02:24','2016-01-16 01:02:24'),(774,243,68,1,4428.00,0.00,0.00,0.00,0.00,0.00,4428.00,'2016-01-16 01:02:24','2016-01-16 01:02:24'),(775,243,72,1,771.00,0.00,0.00,0.00,0.00,0.00,771.00,'2016-01-16 01:02:24','2016-01-16 01:02:24'),(778,245,57,1,21.00,0.00,0.00,0.00,0.00,0.00,21.00,'2016-01-16 01:12:31','2016-01-16 01:12:31'),(779,245,55,1,359.04,0.00,0.00,0.00,0.00,0.00,359.04,'2016-01-16 01:12:31','2016-01-16 01:12:31'),(780,245,54,1,123.00,0.00,0.00,0.00,0.00,0.00,123.00,'2016-01-16 01:12:31','2016-01-16 01:12:31'),(781,246,57,1,21.00,0.00,0.00,0.00,0.00,0.00,21.00,'2016-01-16 01:14:01','2016-01-16 01:14:01'),(782,246,55,1,673.20,0.00,0.00,0.00,0.00,0.00,673.20,'2016-01-16 01:14:01','2016-01-16 01:14:01'),(783,246,54,1,441.00,0.00,0.00,0.00,0.00,0.00,441.00,'2016-01-16 01:14:01','2016-01-16 01:14:01'),(784,247,57,1,21.00,0.00,0.00,0.00,0.00,0.00,21.00,'2016-01-16 01:48:57','2016-01-16 01:48:57'),(785,247,54,1,765.00,0.00,0.00,0.00,0.00,0.00,765.00,'2016-01-16 01:48:57','2016-01-16 01:48:57'),(786,248,71,1,21.00,0.00,0.00,0.00,0.00,0.00,21.00,'2016-01-16 02:03:47','2016-01-16 02:03:47'),(787,248,69,1,718.08,0.00,0.00,0.00,0.00,0.00,718.08,'2016-01-16 02:03:47','2016-01-16 02:03:47'),(788,248,68,1,3936.00,0.00,0.00,0.00,0.00,0.00,3936.00,'2016-01-16 02:03:47','2016-01-16 02:03:47'),(789,248,72,1,771.00,0.00,0.00,0.00,0.00,0.00,771.00,'2016-01-16 02:03:47','2016-01-16 02:03:47'),(790,249,71,1,21.00,0.00,0.00,0.00,0.00,0.00,21.00,'2016-01-16 02:06:34','2016-01-16 02:06:34'),(791,249,68,1,3936.00,0.00,0.00,0.00,0.00,0.00,3936.00,'2016-01-16 02:06:34','2016-01-16 02:06:34'),(792,249,72,1,771.00,0.00,0.00,0.00,0.00,0.00,771.00,'2016-01-16 02:06:34','2016-01-16 02:06:34'),(793,250,57,1,21.00,0.00,0.00,0.00,0.00,0.00,21.00,'2016-01-16 02:36:24','2016-01-16 02:36:24'),(794,250,55,1,1721.66,0.00,0.00,0.00,0.00,0.00,1721.66,'2016-01-16 02:36:24','2016-01-16 02:36:24'),(795,250,54,1,2227.50,0.00,0.00,0.00,0.00,0.00,2227.50,'2016-01-16 02:36:24','2016-01-16 02:36:24'),(796,251,71,1,21.00,0.00,0.00,0.00,0.00,0.00,21.00,'2016-01-16 23:28:33','2016-01-16 23:28:33'),(797,251,68,1,3259.50,0.00,0.00,0.00,0.00,0.00,3259.50,'2016-01-16 23:28:33','2016-01-16 23:28:33'),(798,252,71,1,21.00,0.00,0.00,0.00,0.00,0.00,21.00,'2016-01-16 23:51:05','2016-01-16 23:51:05'),(799,252,69,1,4757.28,0.00,0.00,0.00,0.00,0.00,4757.28,'2016-01-16 23:51:05','2016-01-16 23:51:05'),(800,252,68,1,3895.50,0.00,0.00,0.00,0.00,0.00,3895.50,'2016-01-16 23:51:05','2016-01-16 23:51:05'),(801,252,72,1,2313.00,0.00,0.00,0.00,0.00,0.00,2313.00,'2016-01-16 23:51:05','2016-01-16 23:51:05'),(802,253,71,1,21.00,0.00,0.00,0.00,0.00,0.00,21.00,'2016-01-17 00:04:59','2016-01-17 00:04:59'),(803,253,68,1,3259.50,0.00,0.00,0.00,0.00,0.00,3259.50,'2016-01-17 00:04:59','2016-01-17 00:04:59'),(804,253,72,1,771.00,0.00,0.00,0.00,0.00,0.00,771.00,'2016-01-17 00:04:59','2016-01-17 00:04:59'),(805,254,57,1,21.00,0.00,0.00,0.00,0.00,0.00,21.00,'2016-01-17 00:14:14','2016-01-17 00:14:14'),(806,254,54,1,123.00,0.00,0.00,0.00,0.00,0.00,123.00,'2016-01-17 00:14:14','2016-01-17 00:14:14'),(807,255,71,1,21.00,0.00,0.00,0.00,0.00,0.00,21.00,'2016-01-17 00:18:05','2016-01-17 00:18:05'),(808,255,69,1,6462.72,0.00,0.00,0.00,0.00,0.00,6462.72,'2016-01-17 00:18:05','2016-01-17 00:18:05'),(809,255,68,1,5292.00,0.00,0.00,0.00,0.00,0.00,5292.00,'2016-01-17 00:18:05','2016-01-17 00:18:05'),(810,255,72,1,2313.00,0.00,0.00,0.00,0.00,0.00,2313.00,'2016-01-17 00:18:05','2016-01-17 00:18:05'),(814,256,57,1,21.00,0.00,0.00,0.00,0.00,0.00,21.00,'2016-01-17 00:42:50','2016-01-17 00:42:50'),(815,256,55,1,2427.98,0.00,0.00,0.00,0.00,0.00,2427.98,'2016-01-17 00:42:50','2016-01-17 00:42:50'),(816,256,54,1,1402.50,0.00,0.00,0.00,0.00,0.00,1402.50,'2016-01-17 00:42:50','2016-01-17 00:42:50'),(817,257,57,1,21.00,0.00,0.00,0.00,0.00,0.00,21.00,'2016-01-17 00:45:34','2016-01-17 00:45:34'),(818,257,54,1,676.50,0.00,0.00,0.00,0.00,0.00,676.50,'2016-01-17 00:45:34','2016-01-17 00:45:34'),(819,258,57,1,21.00,0.00,0.00,0.00,0.00,0.00,21.00,'2016-01-17 01:50:57','2016-01-17 01:50:57'),(820,258,55,1,1065.90,0.00,0.00,0.00,0.00,0.00,1065.90,'2016-01-17 01:50:57','2016-01-17 01:50:57'),(821,258,54,1,307.50,0.00,0.00,0.00,0.00,0.00,307.50,'2016-01-17 01:50:57','2016-01-17 01:50:57'),(822,259,57,1,21.00,0.00,0.00,0.00,0.00,0.00,21.00,'2016-01-17 01:56:20','2016-01-17 01:56:20'),(823,259,54,1,123.00,0.00,0.00,0.00,0.00,0.00,123.00,'2016-01-17 01:56:20','2016-01-17 01:56:20'),(824,260,57,1,21.00,0.00,0.00,0.00,0.00,0.00,21.00,'2016-01-17 01:58:20','2016-01-17 01:58:20'),(825,260,54,1,123.00,0.00,0.00,0.00,0.00,0.00,123.00,'2016-01-17 01:58:20','2016-01-17 01:58:20'),(826,261,57,1,21.00,0.00,0.00,0.00,0.00,0.00,21.00,'2016-01-17 02:00:14','2016-01-17 02:00:14'),(827,261,54,1,123.00,0.00,0.00,0.00,0.00,0.00,123.00,'2016-01-17 02:00:14','2016-01-17 02:00:14'),(828,244,57,1,21.00,0.00,0.00,0.00,0.00,0.00,21.00,'2016-01-17 19:19:13','2016-01-17 19:19:13'),(829,244,54,1,367.50,0.00,0.00,0.00,0.00,0.00,367.50,'2016-01-17 19:19:13','2016-01-17 19:19:13'),(830,239,68,1,3895.50,0.00,0.00,0.00,0.00,0.00,3895.50,'2016-01-20 18:31:03','2016-01-20 18:31:03'),(831,239,69,1,6541.26,0.00,0.00,0.00,0.00,0.00,6541.26,'2016-01-20 18:31:03','2016-01-20 18:31:03'),(832,239,71,1,21.00,0.00,0.00,0.00,0.00,0.00,21.00,'2016-01-20 18:31:03','2016-01-20 18:31:03'),(833,239,72,1,1542.00,0.00,0.00,0.00,0.00,0.00,1542.00,'2016-01-20 18:31:03','2016-01-20 18:31:03'),(847,264,68,1,3259.50,0.00,0.00,0.00,0.00,0.00,3259.50,'2016-01-20 19:00:11','2016-01-20 19:00:11'),(848,264,71,1,21.00,0.00,0.00,0.00,0.00,0.00,21.00,'2016-01-20 19:00:11','2016-01-20 19:00:11'),(849,264,72,1,771.00,0.00,0.00,0.00,0.00,0.00,771.00,'2016-01-20 19:00:11','2016-01-20 19:00:11'),(850,263,68,1,3895.50,0.00,0.00,0.00,0.00,0.00,3895.50,'2016-01-20 19:01:26','2016-01-20 19:01:26'),(851,263,69,1,7135.92,0.00,0.00,0.00,0.00,0.00,7135.92,'2016-01-20 19:01:26','2016-01-20 19:01:26'),(852,263,71,1,21.00,0.00,0.00,0.00,0.00,0.00,21.00,'2016-01-20 19:01:26','2016-01-20 19:01:26'),(853,263,72,1,1542.00,0.00,0.00,0.00,0.00,0.00,1542.00,'2016-01-20 19:01:26','2016-01-20 19:01:26'),(854,262,68,1,3259.50,0.00,0.00,0.00,0.00,0.00,3259.50,'2016-01-20 19:02:15','2016-01-20 19:02:15'),(855,262,71,1,21.00,0.00,0.00,0.00,0.00,0.00,21.00,'2016-01-20 19:02:15','2016-01-20 19:02:15'),(856,262,72,1,771.00,0.00,0.00,0.00,0.00,0.00,771.00,'2016-01-20 19:02:15','2016-01-20 19:02:15'),(860,266,68,1,3895.50,0.00,0.00,0.00,0.00,0.00,3895.50,'2016-01-20 20:45:56','2016-01-20 20:45:56'),(861,266,69,1,5946.60,0.00,0.00,0.00,0.00,0.00,5946.60,'2016-01-20 20:45:56','2016-01-20 20:45:56'),(862,266,71,1,21.00,0.00,0.00,0.00,0.00,0.00,21.00,'2016-01-20 20:45:56','2016-01-20 20:45:56'),(863,266,72,1,1542.00,0.00,0.00,0.00,0.00,0.00,1542.00,'2016-01-20 20:45:56','2016-01-20 20:45:56'),(864,267,68,1,3259.50,0.00,0.00,0.00,0.00,0.00,3259.50,'2016-01-20 20:57:24','2016-01-20 20:57:24'),(865,267,71,1,21.00,0.00,0.00,0.00,0.00,0.00,21.00,'2016-01-20 20:57:24','2016-01-20 20:57:24'),(866,267,72,1,771.00,0.00,0.00,0.00,0.00,0.00,771.00,'2016-01-20 20:57:24','2016-01-20 20:57:24'),(871,268,68,1,3895.50,0.00,0.00,0.00,0.00,0.00,3895.50,'2016-01-21 00:22:38','2016-01-21 00:22:38'),(872,268,69,1,6541.26,0.00,0.00,0.00,0.00,0.00,6541.26,'2016-01-21 00:22:38','2016-01-21 00:22:38'),(873,268,71,1,21.00,0.00,0.00,0.00,0.00,0.00,21.00,'2016-01-21 00:22:38','2016-01-21 00:22:38'),(874,268,72,1,3855.00,0.00,0.00,0.00,0.00,0.00,3855.00,'2016-01-21 00:22:38','2016-01-21 00:22:38'),(875,269,68,1,3382.50,0.00,0.00,0.00,0.00,0.00,3382.50,'2016-01-21 00:59:36','2016-01-21 00:59:36'),(876,269,72,1,771.00,0.00,0.00,0.00,0.00,0.00,771.00,'2016-01-21 00:59:36','2016-01-21 00:59:36'),(877,269,71,1,21.00,0.00,0.00,0.00,0.00,0.00,21.00,'2016-01-21 00:59:36','2016-01-21 00:59:36'),(898,271,68,1,3895.50,0.00,0.00,0.00,0.00,0.00,3895.50,'2016-01-21 01:15:22','2016-01-21 01:15:22'),(899,271,69,1,5351.94,0.00,0.00,0.00,0.00,0.00,5351.94,'2016-01-21 01:15:22','2016-01-21 01:15:22'),(900,271,71,1,21.00,0.00,0.00,0.00,0.00,0.00,21.00,'2016-01-21 01:15:22','2016-01-21 01:15:22'),(901,271,72,1,2313.00,0.00,0.00,0.00,0.00,0.00,2313.00,'2016-01-21 01:15:22','2016-01-21 01:15:22'),(902,270,68,1,3259.50,0.00,0.00,0.00,0.00,0.00,3259.50,'2016-01-21 01:20:20','2016-01-21 01:20:20'),(903,270,71,1,21.00,0.00,0.00,0.00,0.00,0.00,21.00,'2016-01-21 01:20:20','2016-01-21 01:20:20'),(904,270,72,1,771.00,0.00,0.00,0.00,0.00,0.00,771.00,'2016-01-21 01:20:20','2016-01-21 01:20:20'),(911,272,68,1,3259.50,0.00,0.00,0.00,0.00,0.00,3259.50,'2016-01-21 19:21:53','2016-01-21 19:21:53'),(912,272,71,1,21.00,0.00,0.00,0.00,0.00,0.00,21.00,'2016-01-21 19:21:53','2016-01-21 19:21:53'),(913,272,72,1,771.00,0.00,0.00,0.00,0.00,0.00,771.00,'2016-01-21 19:21:53','2016-01-21 19:21:53'),(917,274,68,1,3895.50,0.00,0.00,0.00,0.00,0.00,3895.50,'2016-01-21 19:43:28','2016-01-21 19:43:28'),(918,274,71,1,21.00,0.00,0.00,0.00,0.00,0.00,21.00,'2016-01-21 19:43:28','2016-01-21 19:43:28'),(919,274,69,1,6541.26,0.00,0.00,0.00,0.00,0.00,6541.26,'2016-01-21 19:43:28','2016-01-21 19:43:28'),(920,274,72,1,3084.00,0.00,0.00,0.00,0.00,0.00,3084.00,'2016-01-21 19:43:28','2016-01-21 19:43:28'),(924,273,68,1,3259.50,0.00,0.00,0.00,0.00,0.00,3259.50,'2016-01-21 19:47:21','2016-01-21 19:47:21'),(925,273,71,1,21.00,0.00,0.00,0.00,0.00,0.00,21.00,'2016-01-21 19:47:21','2016-01-21 19:47:21'),(926,273,72,1,771.00,0.00,0.00,0.00,0.00,0.00,771.00,'2016-01-21 19:47:21','2016-01-21 19:47:21'),(931,276,68,1,3259.50,0.00,0.00,0.00,0.00,0.00,3259.50,'2016-01-21 20:00:52','2016-01-21 20:00:52'),(932,276,71,1,21.00,0.00,0.00,0.00,0.00,0.00,21.00,'2016-01-21 20:00:52','2016-01-21 20:00:52'),(933,276,72,1,771.00,0.00,0.00,0.00,0.00,0.00,771.00,'2016-01-21 20:00:52','2016-01-21 20:00:52'),(934,277,68,1,3895.50,0.00,0.00,0.00,0.00,0.00,3895.50,'2016-01-21 20:05:09','2016-01-21 20:05:09'),(935,277,69,1,1189.32,0.00,0.00,0.00,0.00,0.00,1189.32,'2016-01-21 20:05:09','2016-01-21 20:05:09'),(936,277,71,1,21.00,0.00,0.00,0.00,0.00,0.00,21.00,'2016-01-21 20:05:09','2016-01-21 20:05:09'),(937,277,72,1,771.00,0.00,0.00,0.00,0.00,0.00,771.00,'2016-01-21 20:05:09','2016-01-21 20:05:09'),(938,278,68,1,3895.50,0.00,0.00,0.00,0.00,0.00,3895.50,'2016-01-21 20:08:59','2016-01-21 20:08:59'),(939,278,69,1,4162.62,0.00,0.00,0.00,0.00,0.00,4162.62,'2016-01-21 20:08:59','2016-01-21 20:08:59'),(940,278,71,1,21.00,0.00,0.00,0.00,0.00,0.00,21.00,'2016-01-21 20:08:59','2016-01-21 20:08:59'),(941,278,72,1,1542.00,0.00,0.00,0.00,0.00,0.00,1542.00,'2016-01-21 20:08:59','2016-01-21 20:08:59'),(942,279,68,1,3259.50,0.00,0.00,0.00,0.00,0.00,3259.50,'2016-01-21 20:13:42','2016-01-21 20:13:42'),(943,279,71,1,21.00,0.00,0.00,0.00,0.00,0.00,21.00,'2016-01-21 20:13:42','2016-01-21 20:13:42'),(944,279,72,1,771.00,0.00,0.00,0.00,0.00,0.00,771.00,'2016-01-21 20:13:42','2016-01-21 20:13:42'),(945,280,68,1,3895.50,0.00,0.00,0.00,0.00,0.00,3895.50,'2016-01-21 20:23:05','2016-01-21 20:23:05'),(946,280,69,1,6541.26,0.00,0.00,0.00,0.00,0.00,6541.26,'2016-01-21 20:23:05','2016-01-21 20:23:05'),(947,280,71,1,21.00,0.00,0.00,0.00,0.00,0.00,21.00,'2016-01-21 20:23:05','2016-01-21 20:23:05'),(948,280,72,1,1542.00,0.00,0.00,0.00,0.00,0.00,1542.00,'2016-01-21 20:23:05','2016-01-21 20:23:05'),(949,281,68,1,3259.50,0.00,0.00,0.00,0.00,0.00,3259.50,'2016-01-21 20:39:28','2016-01-21 20:39:28'),(950,281,71,1,21.00,0.00,0.00,0.00,0.00,0.00,21.00,'2016-01-21 20:39:28','2016-01-21 20:39:28'),(951,281,72,1,771.00,0.00,0.00,0.00,0.00,0.00,771.00,'2016-01-21 20:39:28','2016-01-21 20:39:28'),(952,282,68,1,3259.50,0.00,0.00,0.00,0.00,0.00,3259.50,'2016-01-21 20:41:56','2016-01-21 20:41:56'),(953,282,69,1,594.66,0.00,0.00,0.00,0.00,0.00,594.66,'2016-01-21 20:41:56','2016-01-21 20:41:56'),(954,282,71,1,21.00,0.00,0.00,0.00,0.00,0.00,21.00,'2016-01-21 20:41:56','2016-01-21 20:41:56'),(955,282,72,1,771.00,0.00,0.00,0.00,0.00,0.00,771.00,'2016-01-21 20:41:56','2016-01-21 20:41:56'),(956,283,68,1,3895.50,0.00,0.00,0.00,0.00,0.00,3895.50,'2016-01-21 20:46:24','2016-01-21 20:46:24'),(957,283,69,1,5351.94,0.00,0.00,0.00,0.00,0.00,5351.94,'2016-01-21 20:46:24','2016-01-21 20:46:24'),(958,283,71,1,21.00,0.00,0.00,0.00,0.00,0.00,21.00,'2016-01-21 20:46:24','2016-01-21 20:46:24'),(959,283,72,1,1542.00,0.00,0.00,0.00,0.00,0.00,1542.00,'2016-01-21 20:46:24','2016-01-21 20:46:24'),(960,284,68,1,3895.50,0.00,0.00,0.00,0.00,0.00,3895.50,'2016-01-21 20:49:54','2016-01-21 20:49:54'),(961,284,71,1,21.00,0.00,0.00,0.00,0.00,0.00,21.00,'2016-01-21 20:49:54','2016-01-21 20:49:54'),(962,284,72,1,771.00,0.00,0.00,0.00,0.00,0.00,771.00,'2016-01-21 20:49:54','2016-01-21 20:49:54'),(963,285,68,1,3895.50,0.00,0.00,0.00,0.00,0.00,3895.50,'2016-01-21 20:53:03','2016-01-21 20:53:03'),(964,285,69,1,6541.26,0.00,0.00,0.00,0.00,0.00,6541.26,'2016-01-21 20:53:03','2016-01-21 20:53:03'),(965,285,71,1,21.00,0.00,0.00,0.00,0.00,0.00,21.00,'2016-01-21 20:53:03','2016-01-21 20:53:03'),(966,285,72,1,771.00,0.00,0.00,0.00,0.00,0.00,771.00,'2016-01-21 20:53:03','2016-01-21 20:53:03'),(967,286,68,1,3259.50,0.00,0.00,0.00,0.00,0.00,3259.50,'2016-01-21 20:55:56','2016-01-21 20:55:56'),(968,286,71,1,21.00,0.00,0.00,0.00,0.00,0.00,21.00,'2016-01-21 20:55:56','2016-01-21 20:55:56'),(969,286,72,1,771.00,0.00,0.00,0.00,0.00,0.00,771.00,'2016-01-21 20:55:56','2016-01-21 20:55:56'),(970,287,68,1,3259.50,0.00,0.00,0.00,0.00,0.00,3259.50,'2016-01-21 20:58:11','2016-01-21 20:58:11'),(971,287,71,1,21.00,0.00,0.00,0.00,0.00,0.00,21.00,'2016-01-21 20:58:11','2016-01-21 20:58:11'),(972,287,72,1,771.00,0.00,0.00,0.00,0.00,0.00,771.00,'2016-01-21 20:58:11','2016-01-21 20:58:11'),(973,288,68,1,3895.50,0.00,0.00,0.00,0.00,0.00,3895.50,'2016-01-21 21:02:01','2016-01-21 21:02:01'),(974,288,69,1,5351.94,0.00,0.00,0.00,0.00,0.00,5351.94,'2016-01-21 21:02:01','2016-01-21 21:02:01'),(975,288,71,1,21.00,0.00,0.00,0.00,0.00,0.00,21.00,'2016-01-21 21:02:01','2016-01-21 21:02:01'),(976,288,72,1,1542.00,0.00,0.00,0.00,0.00,0.00,1542.00,'2016-01-21 21:02:01','2016-01-21 21:02:01'),(977,289,68,1,3259.50,0.00,0.00,0.00,0.00,0.00,3259.50,'2016-01-21 21:04:45','2016-01-21 21:04:45'),(978,289,69,1,594.66,0.00,0.00,0.00,0.00,0.00,594.66,'2016-01-21 21:04:45','2016-01-21 21:04:45'),(979,289,71,1,21.00,0.00,0.00,0.00,0.00,0.00,21.00,'2016-01-21 21:04:45','2016-01-21 21:04:45'),(980,289,72,1,1542.00,0.00,0.00,0.00,0.00,0.00,1542.00,'2016-01-21 21:04:45','2016-01-21 21:04:45'),(981,290,68,1,4042.50,0.00,0.00,0.00,0.00,0.00,4042.50,'2016-01-21 23:13:29','2016-01-21 23:13:29'),(982,290,69,1,5553.90,0.00,0.00,0.00,0.00,0.00,5553.90,'2016-01-21 23:13:29','2016-01-21 23:13:29'),(983,290,71,1,21.00,0.00,0.00,0.00,0.00,0.00,21.00,'2016-01-21 23:13:29','2016-01-21 23:13:29'),(984,291,68,1,3259.50,0.00,0.00,0.00,0.00,0.00,3259.50,'2016-01-21 23:15:54','2016-01-21 23:15:54'),(985,291,69,1,594.66,0.00,0.00,0.00,0.00,0.00,594.66,'2016-01-21 23:15:54','2016-01-21 23:15:54'),(986,291,71,1,21.00,0.00,0.00,0.00,0.00,0.00,21.00,'2016-01-21 23:15:54','2016-01-21 23:15:54'),(987,291,72,1,771.00,0.00,0.00,0.00,0.00,0.00,771.00,'2016-01-21 23:15:54','2016-01-21 23:15:54'),(988,292,68,1,3382.50,0.00,0.00,0.00,0.00,0.00,3382.50,'2016-01-21 23:19:47','2016-01-21 23:19:47'),(989,292,71,1,21.00,0.00,0.00,0.00,0.00,0.00,21.00,'2016-01-21 23:19:47','2016-01-21 23:19:47'),(990,292,72,1,771.00,0.00,0.00,0.00,0.00,0.00,771.00,'2016-01-21 23:19:47','2016-01-21 23:19:47'),(991,293,68,1,4042.50,0.00,0.00,0.00,0.00,0.00,4042.50,'2016-01-21 23:52:41','2016-01-21 23:52:41'),(992,293,69,1,5553.90,0.00,0.00,0.00,0.00,0.00,5553.90,'2016-01-21 23:52:41','2016-01-21 23:52:41'),(993,293,71,1,21.00,0.00,0.00,0.00,0.00,0.00,21.00,'2016-01-21 23:52:41','2016-01-21 23:52:41'),(994,293,72,1,2313.00,0.00,0.00,0.00,0.00,0.00,2313.00,'2016-01-21 23:52:41','2016-01-21 23:52:41'),(995,294,68,1,3382.50,0.00,0.00,0.00,0.00,0.00,3382.50,'2016-01-22 00:06:50','2016-01-22 00:06:50'),(996,294,71,1,21.00,0.00,0.00,0.00,0.00,0.00,21.00,'2016-01-22 00:06:50','2016-01-22 00:06:50'),(997,294,72,1,771.00,0.00,0.00,0.00,0.00,0.00,771.00,'2016-01-22 00:06:50','2016-01-22 00:06:50'),(998,295,68,1,3382.50,0.00,0.00,0.00,0.00,0.00,3382.50,'2016-01-22 00:39:24','2016-01-22 00:39:24'),(999,295,71,1,21.00,0.00,0.00,0.00,0.00,0.00,21.00,'2016-01-22 00:39:24','2016-01-22 00:39:24'),(1000,295,72,1,771.00,0.00,0.00,0.00,0.00,0.00,771.00,'2016-01-22 00:39:24','2016-01-22 00:39:24'),(1001,296,68,1,3895.50,0.00,0.00,0.00,0.00,0.00,3895.50,'2016-01-22 00:47:07','2016-01-22 00:47:07'),(1002,296,71,1,21.00,0.00,0.00,0.00,0.00,0.00,21.00,'2016-01-22 00:47:07','2016-01-22 00:47:07'),(1003,296,72,1,771.00,0.00,0.00,0.00,0.00,0.00,771.00,'2016-01-22 00:47:07','2016-01-22 00:47:07'),(1004,297,68,1,3895.50,0.00,0.00,0.00,0.00,0.00,3895.50,'2016-01-22 01:02:11','2016-01-22 01:02:11'),(1005,297,69,1,4162.62,0.00,0.00,0.00,0.00,0.00,4162.62,'2016-01-22 01:02:11','2016-01-22 01:02:11'),(1006,297,71,1,21.00,0.00,0.00,0.00,0.00,0.00,21.00,'2016-01-22 01:02:11','2016-01-22 01:02:11'),(1007,297,72,1,1542.00,0.00,0.00,0.00,0.00,0.00,1542.00,'2016-01-22 01:02:11','2016-01-22 01:02:11'),(1024,303,57,1,21.00,0.00,0.00,0.00,0.00,0.00,21.00,'2016-01-22 01:32:16','2016-01-22 01:32:16'),(1025,303,54,1,123.00,0.00,0.00,0.00,0.00,0.00,123.00,'2016-01-22 01:32:16','2016-01-22 01:32:16'),(1026,304,68,1,3259.50,0.00,0.00,0.00,0.00,0.00,3259.50,'2016-01-22 01:46:25','2016-01-22 01:46:25'),(1027,304,69,1,594.66,0.00,0.00,0.00,0.00,0.00,594.66,'2016-01-22 01:46:25','2016-01-22 01:46:25'),(1028,304,71,1,21.00,0.00,0.00,0.00,0.00,0.00,21.00,'2016-01-22 01:46:25','2016-01-22 01:46:25'),(1029,304,72,1,771.00,0.00,0.00,0.00,0.00,0.00,771.00,'2016-01-22 01:46:25','2016-01-22 01:46:25'),(1034,305,68,1,3259.50,0.00,0.00,0.00,0.00,0.00,3259.50,'2016-01-22 18:29:41','2016-01-22 18:29:41'),(1035,305,69,1,594.66,0.00,0.00,0.00,0.00,0.00,594.66,'2016-01-22 18:29:41','2016-01-22 18:29:41'),(1036,305,71,1,21.00,0.00,0.00,0.00,0.00,0.00,21.00,'2016-01-22 18:29:41','2016-01-22 18:29:41'),(1037,305,72,1,771.00,0.00,0.00,0.00,0.00,0.00,771.00,'2016-01-22 18:29:41','2016-01-22 18:29:41'),(1038,306,68,1,3259.50,0.00,0.00,0.00,0.00,0.00,3259.50,'2016-01-22 18:37:24','2016-01-22 18:37:24'),(1039,306,69,1,594.66,0.00,0.00,0.00,0.00,0.00,594.66,'2016-01-22 18:37:24','2016-01-22 18:37:24'),(1040,306,71,1,21.00,0.00,0.00,0.00,0.00,0.00,21.00,'2016-01-22 18:37:24','2016-01-22 18:37:24'),(1041,306,72,1,771.00,0.00,0.00,0.00,0.00,0.00,771.00,'2016-01-22 18:37:24','2016-01-22 18:37:24'),(1042,298,68,1,3382.50,0.00,0.00,0.00,0.00,0.00,3382.50,'2016-01-22 18:52:52','2016-01-22 18:52:52'),(1043,298,71,1,21.00,0.00,0.00,0.00,0.00,0.00,21.00,'2016-01-22 18:52:52','2016-01-22 18:52:52'),(1044,298,72,1,771.00,0.00,0.00,0.00,0.00,0.00,771.00,'2016-01-22 18:52:52','2016-01-22 18:52:52'),(1045,299,68,1,3895.50,0.00,0.00,0.00,0.00,0.00,3895.50,'2016-01-22 18:53:19','2016-01-22 18:53:19'),(1046,299,71,1,21.00,0.00,0.00,0.00,0.00,0.00,21.00,'2016-01-22 18:53:19','2016-01-22 18:53:19'),(1047,300,68,1,3895.50,0.00,0.00,0.00,0.00,0.00,3895.50,'2016-01-22 18:53:57','2016-01-22 18:53:57'),(1048,300,69,1,4757.28,0.00,0.00,0.00,0.00,0.00,4757.28,'2016-01-22 18:53:57','2016-01-22 18:53:57'),(1049,300,71,1,21.00,0.00,0.00,0.00,0.00,0.00,21.00,'2016-01-22 18:53:57','2016-01-22 18:53:57'),(1050,300,72,1,2313.00,0.00,0.00,0.00,0.00,0.00,2313.00,'2016-01-22 18:53:57','2016-01-22 18:53:57'),(1051,301,68,1,3259.50,0.00,0.00,0.00,0.00,0.00,3259.50,'2016-01-22 18:54:24','2016-01-22 18:54:24'),(1052,301,71,1,21.00,0.00,0.00,0.00,0.00,0.00,21.00,'2016-01-22 18:54:24','2016-01-22 18:54:24'),(1053,301,72,1,771.00,0.00,0.00,0.00,0.00,0.00,771.00,'2016-01-22 18:54:24','2016-01-22 18:54:24'),(1054,302,68,1,3895.50,0.00,0.00,0.00,0.00,0.00,3895.50,'2016-01-22 18:55:03','2016-01-22 18:55:03'),(1055,302,69,1,594.66,0.00,0.00,0.00,0.00,0.00,594.66,'2016-01-22 18:55:03','2016-01-22 18:55:03'),(1056,302,71,1,21.00,0.00,0.00,0.00,0.00,0.00,21.00,'2016-01-22 18:55:03','2016-01-22 18:55:03'),(1057,302,72,1,771.00,0.00,0.00,0.00,0.00,0.00,771.00,'2016-01-22 18:55:03','2016-01-22 18:55:03'),(1058,307,68,1,3259.50,0.00,0.00,0.00,0.00,0.00,3259.50,'2016-01-22 23:45:32','2016-01-22 23:45:32'),(1059,307,69,1,594.66,0.00,0.00,0.00,0.00,0.00,594.66,'2016-01-22 23:45:32','2016-01-22 23:45:32'),(1060,307,71,1,21.00,0.00,0.00,0.00,0.00,0.00,21.00,'2016-01-22 23:45:32','2016-01-22 23:45:32'),(1061,307,72,1,771.00,0.00,0.00,0.00,0.00,0.00,771.00,'2016-01-22 23:45:32','2016-01-22 23:45:32'),(1062,308,68,1,3259.50,0.00,0.00,0.00,0.00,0.00,3259.50,'2016-01-25 19:55:43','2016-01-25 19:55:43'),(1063,308,69,1,594.66,0.00,0.00,0.00,0.00,0.00,594.66,'2016-01-25 19:55:43','2016-01-25 19:55:43'),(1064,308,71,1,21.00,0.00,0.00,0.00,0.00,0.00,21.00,'2016-01-25 19:55:43','2016-01-25 19:55:43'),(1065,308,72,1,771.00,0.00,0.00,0.00,0.00,0.00,771.00,'2016-01-25 19:55:43','2016-01-25 19:55:43'),(1066,309,68,1,3382.50,0.00,0.00,0.00,0.00,0.00,3382.50,'2016-01-26 00:30:36','2016-01-26 00:30:36'),(1067,309,71,1,21.00,0.00,0.00,0.00,0.00,0.00,21.00,'2016-01-26 00:30:36','2016-01-26 00:30:36'),(1068,309,72,1,771.00,0.00,0.00,0.00,0.00,0.00,771.00,'2016-01-26 00:30:36','2016-01-26 00:30:36'),(1069,310,68,1,3259.50,0.00,0.00,0.00,0.00,0.00,3259.50,'2016-01-26 00:33:35','2016-01-26 00:33:35'),(1070,310,71,1,21.00,0.00,0.00,0.00,0.00,0.00,21.00,'2016-01-26 00:33:35','2016-01-26 00:33:35'),(1071,310,72,1,771.00,0.00,0.00,0.00,0.00,0.00,771.00,'2016-01-26 00:33:35','2016-01-26 00:33:35'),(1072,311,68,1,3895.50,0.00,0.00,0.00,0.00,0.00,3895.50,'2016-01-26 00:36:50','2016-01-26 00:36:50'),(1073,311,69,1,5351.94,0.00,0.00,0.00,0.00,0.00,5351.94,'2016-01-26 00:36:50','2016-01-26 00:36:50'),(1074,311,71,1,21.00,0.00,0.00,0.00,0.00,0.00,21.00,'2016-01-26 00:36:50','2016-01-26 00:36:50'),(1075,311,72,1,771.00,0.00,0.00,0.00,0.00,0.00,771.00,'2016-01-26 00:36:50','2016-01-26 00:36:50'),(1076,312,68,1,3259.50,0.00,0.00,0.00,0.00,0.00,3259.50,'2016-01-26 00:39:39','2016-01-26 00:39:39'),(1077,312,71,1,21.00,0.00,0.00,0.00,0.00,0.00,21.00,'2016-01-26 00:39:39','2016-01-26 00:39:39'),(1078,312,72,1,771.00,0.00,0.00,0.00,0.00,0.00,771.00,'2016-01-26 00:39:39','2016-01-26 00:39:39'),(1079,313,68,1,3259.50,0.00,0.00,0.00,0.00,0.00,3259.50,'2016-01-26 00:42:15','2016-01-26 00:42:15'),(1080,313,69,1,594.66,0.00,0.00,0.00,0.00,0.00,594.66,'2016-01-26 00:42:15','2016-01-26 00:42:15'),(1081,313,71,1,21.00,0.00,0.00,0.00,0.00,0.00,21.00,'2016-01-26 00:42:15','2016-01-26 00:42:15'),(1082,313,72,1,771.00,0.00,0.00,0.00,0.00,0.00,771.00,'2016-01-26 00:42:15','2016-01-26 00:42:15'),(1083,314,68,1,4042.50,0.00,0.00,0.00,0.00,0.00,4042.50,'2016-01-26 00:44:50','2016-01-26 00:44:50'),(1084,314,69,1,4319.70,0.00,0.00,0.00,0.00,0.00,4319.70,'2016-01-26 00:44:50','2016-01-26 00:44:50'),(1085,314,71,1,21.00,0.00,0.00,0.00,0.00,0.00,21.00,'2016-01-26 00:44:50','2016-01-26 00:44:50'),(1086,314,72,1,2313.00,0.00,0.00,0.00,0.00,0.00,2313.00,'2016-01-26 00:44:50','2016-01-26 00:44:50'),(1087,315,68,1,4042.50,0.00,0.00,0.00,0.00,0.00,4042.50,'2016-01-26 00:47:49','2016-01-26 00:47:49'),(1088,315,71,1,21.00,0.00,0.00,0.00,0.00,0.00,21.00,'2016-01-26 00:47:49','2016-01-26 00:47:49'),(1089,315,72,1,771.00,0.00,0.00,0.00,0.00,0.00,771.00,'2016-01-26 00:47:49','2016-01-26 00:47:49'),(1090,316,68,1,3259.50,0.00,0.00,0.00,0.00,0.00,3259.50,'2016-01-26 00:52:15','2016-01-26 00:52:15'),(1091,316,71,1,21.00,0.00,0.00,0.00,0.00,0.00,21.00,'2016-01-26 00:52:15','2016-01-26 00:52:15'),(1092,316,72,1,771.00,0.00,0.00,0.00,0.00,0.00,771.00,'2016-01-26 00:52:15','2016-01-26 00:52:15'),(1093,317,68,1,4042.50,0.00,0.00,0.00,0.00,0.00,4042.50,'2016-01-26 00:54:32','2016-01-26 00:54:32'),(1094,317,69,1,6788.10,0.00,0.00,0.00,0.00,0.00,6788.10,'2016-01-26 00:54:32','2016-01-26 00:54:32'),(1095,317,71,1,21.00,0.00,0.00,0.00,0.00,0.00,21.00,'2016-01-26 00:54:32','2016-01-26 00:54:32'),(1096,317,72,1,3084.00,0.00,0.00,0.00,0.00,0.00,3084.00,'2016-01-26 00:54:32','2016-01-26 00:54:32'),(1097,318,68,1,3259.50,0.00,0.00,0.00,0.00,0.00,3259.50,'2016-01-26 00:56:48','2016-01-26 00:56:48'),(1098,318,69,1,594.66,0.00,0.00,0.00,0.00,0.00,594.66,'2016-01-26 00:56:48','2016-01-26 00:56:48'),(1099,318,71,1,21.00,0.00,0.00,0.00,0.00,0.00,21.00,'2016-01-26 00:56:48','2016-01-26 00:56:48'),(1100,318,72,1,771.00,0.00,0.00,0.00,0.00,0.00,771.00,'2016-01-26 00:56:48','2016-01-26 00:56:48'),(1101,319,68,1,4042.50,0.00,0.00,0.00,0.00,0.00,4042.50,'2016-01-26 00:58:55','2016-01-26 00:58:55'),(1102,319,69,1,5553.90,0.00,0.00,0.00,0.00,0.00,5553.90,'2016-01-26 00:58:55','2016-01-26 00:58:55'),(1103,319,71,1,21.00,0.00,0.00,0.00,0.00,0.00,21.00,'2016-01-26 00:58:55','2016-01-26 00:58:55'),(1104,320,68,1,4042.50,0.00,0.00,0.00,0.00,0.00,4042.50,'2016-01-26 01:02:10','2016-01-26 01:02:10'),(1105,320,71,1,21.00,0.00,0.00,0.00,0.00,0.00,21.00,'2016-01-26 01:02:10','2016-01-26 01:02:10'),(1106,320,72,1,771.00,0.00,0.00,0.00,0.00,0.00,771.00,'2016-01-26 01:02:10','2016-01-26 01:02:10'),(1107,321,68,1,3259.50,0.00,0.00,0.00,0.00,0.00,3259.50,'2016-01-26 01:03:56','2016-01-26 01:03:56'),(1108,321,71,1,21.00,0.00,0.00,0.00,0.00,0.00,21.00,'2016-01-26 01:03:56','2016-01-26 01:03:56'),(1109,321,72,1,771.00,0.00,0.00,0.00,0.00,0.00,771.00,'2016-01-26 01:03:56','2016-01-26 01:03:56'),(1110,322,68,1,4042.50,0.00,0.00,0.00,0.00,0.00,4042.50,'2016-01-26 01:05:30','2016-01-26 01:05:30'),(1111,322,69,1,4936.80,0.00,0.00,0.00,0.00,0.00,4936.80,'2016-01-26 01:05:30','2016-01-26 01:05:30'),(1112,322,71,1,21.00,0.00,0.00,0.00,0.00,0.00,21.00,'2016-01-26 01:05:30','2016-01-26 01:05:30'),(1113,323,68,1,3382.50,0.00,0.00,0.00,0.00,0.00,3382.50,'2016-01-26 01:07:15','2016-01-26 01:07:15'),(1114,323,71,1,21.00,0.00,0.00,0.00,0.00,0.00,21.00,'2016-01-26 01:07:15','2016-01-26 01:07:15'),(1115,323,72,1,771.00,0.00,0.00,0.00,0.00,0.00,771.00,'2016-01-26 01:07:15','2016-01-26 01:07:15'),(1116,324,68,1,3259.50,0.00,0.00,0.00,0.00,0.00,3259.50,'2016-01-26 01:08:49','2016-01-26 01:08:49'),(1117,324,71,1,21.00,0.00,0.00,0.00,0.00,0.00,21.00,'2016-01-26 01:08:49','2016-01-26 01:08:49'),(1118,324,72,1,771.00,0.00,0.00,0.00,0.00,0.00,771.00,'2016-01-26 01:08:49','2016-01-26 01:08:49'),(1119,325,68,1,3895.50,0.00,0.00,0.00,0.00,0.00,3895.50,'2016-01-26 01:10:48','2016-01-26 01:10:48'),(1120,325,69,1,5351.94,0.00,0.00,0.00,0.00,0.00,5351.94,'2016-01-26 01:10:48','2016-01-26 01:10:48'),(1121,325,71,1,21.00,0.00,0.00,0.00,0.00,0.00,21.00,'2016-01-26 01:10:48','2016-01-26 01:10:48'),(1122,325,72,1,3855.00,0.00,0.00,0.00,0.00,0.00,3855.00,'2016-01-26 01:10:48','2016-01-26 01:10:48'),(1123,326,68,1,3259.50,0.00,0.00,0.00,0.00,0.00,3259.50,'2016-01-26 01:12:19','2016-01-26 01:12:19'),(1124,326,71,1,21.00,0.00,0.00,0.00,0.00,0.00,21.00,'2016-01-26 01:12:19','2016-01-26 01:12:19'),(1125,327,68,1,3259.50,0.00,0.00,0.00,0.00,0.00,3259.50,'2016-01-26 01:13:49','2016-01-26 01:13:49'),(1126,327,71,1,21.00,0.00,0.00,0.00,0.00,0.00,21.00,'2016-01-26 01:13:49','2016-01-26 01:13:49'),(1127,327,72,1,771.00,0.00,0.00,0.00,0.00,0.00,771.00,'2016-01-26 01:13:49','2016-01-26 01:13:49'),(1128,328,68,1,3895.50,0.00,0.00,0.00,0.00,0.00,3895.50,'2016-01-26 01:15:40','2016-01-26 01:15:40'),(1129,328,69,1,5351.94,0.00,0.00,0.00,0.00,0.00,5351.94,'2016-01-26 01:15:40','2016-01-26 01:15:40'),(1130,328,71,1,21.00,0.00,0.00,0.00,0.00,0.00,21.00,'2016-01-26 01:15:40','2016-01-26 01:15:40'),(1131,328,72,1,1542.00,0.00,0.00,0.00,0.00,0.00,1542.00,'2016-01-26 01:15:40','2016-01-26 01:15:40'),(1132,329,68,1,3895.50,0.00,0.00,0.00,0.00,0.00,3895.50,'2016-01-26 01:18:01','2016-01-26 01:18:01'),(1133,329,69,1,3567.96,0.00,0.00,0.00,0.00,0.00,3567.96,'2016-01-26 01:18:01','2016-01-26 01:18:01'),(1134,329,71,1,21.00,0.00,0.00,0.00,0.00,0.00,21.00,'2016-01-26 01:18:01','2016-01-26 01:18:01'),(1135,329,70,1,4200.00,0.00,0.00,0.00,0.00,0.00,4200.00,'2016-01-26 01:18:01','2016-01-26 01:18:01'),(1136,329,72,1,2569.50,0.00,0.00,0.00,0.00,0.00,2569.50,'2016-01-26 01:18:01','2016-01-26 01:18:01'),(1137,330,68,1,4042.50,0.00,0.00,0.00,0.00,0.00,4042.50,'2016-01-26 18:18:15','2016-01-26 18:18:15'),(1138,330,69,1,5553.90,0.00,0.00,0.00,0.00,0.00,5553.90,'2016-01-26 18:18:15','2016-01-26 18:18:15'),(1139,330,71,1,21.00,0.00,0.00,0.00,0.00,0.00,21.00,'2016-01-26 18:18:15','2016-01-26 18:18:15'),(1140,330,72,1,2313.00,0.00,0.00,0.00,0.00,0.00,2313.00,'2016-01-26 18:18:15','2016-01-26 18:18:15'),(1141,331,68,1,4042.50,0.00,0.00,0.00,0.00,0.00,4042.50,'2016-01-26 18:20:59','2016-01-26 18:20:59'),(1142,331,69,1,4319.70,0.00,0.00,0.00,0.00,0.00,4319.70,'2016-01-26 18:20:59','2016-01-26 18:20:59'),(1143,331,71,1,21.00,0.00,0.00,0.00,0.00,0.00,21.00,'2016-01-26 18:20:59','2016-01-26 18:20:59'),(1144,331,72,1,1542.00,0.00,0.00,0.00,0.00,0.00,1542.00,'2016-01-26 18:20:59','2016-01-26 18:20:59'),(1145,332,68,1,4042.50,0.00,0.00,0.00,0.00,0.00,4042.50,'2016-01-26 18:23:39','2016-01-26 18:23:39'),(1146,332,69,1,5553.90,0.00,0.00,0.00,0.00,0.00,5553.90,'2016-01-26 18:23:39','2016-01-26 18:23:39'),(1147,332,71,1,21.00,0.00,0.00,0.00,0.00,0.00,21.00,'2016-01-26 18:23:39','2016-01-26 18:23:39'),(1148,332,72,1,2313.00,0.00,0.00,0.00,0.00,0.00,2313.00,'2016-01-26 18:23:39','2016-01-26 18:23:39'),(1149,333,68,1,4042.50,0.00,0.00,0.00,0.00,0.00,4042.50,'2016-01-26 18:25:43','2016-01-26 18:25:43'),(1150,333,69,1,4936.80,0.00,0.00,0.00,0.00,0.00,4936.80,'2016-01-26 18:25:43','2016-01-26 18:25:43'),(1151,333,71,1,21.00,0.00,0.00,0.00,0.00,0.00,21.00,'2016-01-26 18:25:43','2016-01-26 18:25:43'),(1152,334,68,1,4042.50,0.00,0.00,0.00,0.00,0.00,4042.50,'2016-01-26 18:28:43','2016-01-26 18:28:43'),(1153,334,71,1,21.00,0.00,0.00,0.00,0.00,0.00,21.00,'2016-01-26 18:28:43','2016-01-26 18:28:43'),(1154,334,72,1,771.00,0.00,0.00,0.00,0.00,0.00,771.00,'2016-01-26 18:28:43','2016-01-26 18:28:43'),(1155,335,68,1,4042.50,0.00,0.00,0.00,0.00,0.00,4042.50,'2016-01-26 18:30:42','2016-01-26 18:30:42'),(1156,335,71,1,21.00,0.00,0.00,0.00,0.00,0.00,21.00,'2016-01-26 18:30:42','2016-01-26 18:30:42'),(1157,335,72,1,771.00,0.00,0.00,0.00,0.00,0.00,771.00,'2016-01-26 18:30:42','2016-01-26 18:30:42'),(1158,336,68,1,3936.00,0.00,0.00,0.00,0.00,0.00,3936.00,'2016-01-26 18:32:31','2016-01-26 18:32:31'),(1159,336,71,1,21.00,0.00,0.00,0.00,0.00,0.00,21.00,'2016-01-26 18:32:31','2016-01-26 18:32:31'),(1160,336,72,1,771.00,0.00,0.00,0.00,0.00,0.00,771.00,'2016-01-26 18:32:31','2016-01-26 18:32:31'),(1161,337,68,1,3813.00,0.00,0.00,0.00,0.00,0.00,3813.00,'2016-01-26 18:34:43','2016-01-26 18:34:43'),(1162,337,71,1,21.00,0.00,0.00,0.00,0.00,0.00,21.00,'2016-01-26 18:34:43','2016-01-26 18:34:43'),(1163,337,72,1,771.00,0.00,0.00,0.00,0.00,0.00,771.00,'2016-01-26 18:34:43','2016-01-26 18:34:43'),(1164,338,68,1,3813.00,0.00,0.00,0.00,0.00,0.00,3813.00,'2016-01-26 18:36:37','2016-01-26 18:36:37'),(1165,338,71,1,21.00,0.00,0.00,0.00,0.00,0.00,21.00,'2016-01-26 18:36:37','2016-01-26 18:36:37'),(1166,338,72,1,771.00,0.00,0.00,0.00,0.00,0.00,771.00,'2016-01-26 18:36:37','2016-01-26 18:36:37'),(1167,339,68,1,4042.50,0.00,0.00,0.00,0.00,0.00,4042.50,'2016-01-26 18:38:26','2016-01-26 18:38:26'),(1168,339,71,1,21.00,0.00,0.00,0.00,0.00,0.00,21.00,'2016-01-26 18:38:26','2016-01-26 18:38:26'),(1169,339,72,1,771.00,0.00,0.00,0.00,0.00,0.00,771.00,'2016-01-26 18:38:26','2016-01-26 18:38:26'),(1170,340,68,1,3936.00,0.00,0.00,0.00,0.00,0.00,3936.00,'2016-01-26 18:40:16','2016-01-26 18:40:16'),(1171,340,71,1,21.00,0.00,0.00,0.00,0.00,0.00,21.00,'2016-01-26 18:40:16','2016-01-26 18:40:16'),(1172,340,72,1,771.00,0.00,0.00,0.00,0.00,0.00,771.00,'2016-01-26 18:40:16','2016-01-26 18:40:16'),(1173,341,68,1,4704.00,0.00,0.00,0.00,0.00,0.00,4704.00,'2016-01-26 18:41:45','2016-01-26 18:41:45'),(1174,341,71,1,21.00,0.00,0.00,0.00,0.00,0.00,21.00,'2016-01-26 18:41:45','2016-01-26 18:41:45'),(1175,341,72,1,771.00,0.00,0.00,0.00,0.00,0.00,771.00,'2016-01-26 18:41:45','2016-01-26 18:41:45'),(1176,342,68,1,3813.00,0.00,0.00,0.00,0.00,0.00,3813.00,'2016-01-26 18:44:34','2016-01-26 18:44:34'),(1177,342,71,1,21.00,0.00,0.00,0.00,0.00,0.00,21.00,'2016-01-26 18:44:34','2016-01-26 18:44:34'),(1178,342,72,1,771.00,0.00,0.00,0.00,0.00,0.00,771.00,'2016-01-26 18:44:34','2016-01-26 18:44:34'),(1179,343,68,1,4557.00,0.00,0.00,0.00,0.00,0.00,4557.00,'2016-01-26 18:46:20','2016-01-26 18:46:20'),(1180,343,71,1,21.00,0.00,0.00,0.00,0.00,0.00,21.00,'2016-01-26 18:46:20','2016-01-26 18:46:20'),(1181,343,72,1,771.00,0.00,0.00,0.00,0.00,0.00,771.00,'2016-01-26 18:46:20','2016-01-26 18:46:20'),(1182,344,68,1,3813.00,0.00,0.00,0.00,0.00,0.00,3813.00,'2016-01-26 18:47:39','2016-01-26 18:47:39'),(1183,344,71,1,21.00,0.00,0.00,0.00,0.00,0.00,21.00,'2016-01-26 18:47:39','2016-01-26 18:47:39'),(1184,344,72,1,771.00,0.00,0.00,0.00,0.00,0.00,771.00,'2016-01-26 18:47:39','2016-01-26 18:47:39'),(1185,345,68,1,3936.00,0.00,0.00,0.00,0.00,0.00,3936.00,'2016-01-26 18:49:35','2016-01-26 18:49:35'),(1186,345,71,1,21.00,0.00,0.00,0.00,0.00,0.00,21.00,'2016-01-26 18:49:35','2016-01-26 18:49:35'),(1187,345,72,1,771.00,0.00,0.00,0.00,0.00,0.00,771.00,'2016-01-26 18:49:35','2016-01-26 18:49:35'),(1188,346,68,1,4704.00,0.00,0.00,0.00,0.00,0.00,4704.00,'2016-01-26 18:50:41','2016-01-26 18:50:41'),(1189,346,71,1,21.00,0.00,0.00,0.00,0.00,0.00,21.00,'2016-01-26 18:50:41','2016-01-26 18:50:41'),(1190,347,68,1,3936.00,0.00,0.00,0.00,0.00,0.00,3936.00,'2016-01-26 18:52:05','2016-01-26 18:52:05'),(1191,347,71,1,21.00,0.00,0.00,0.00,0.00,0.00,21.00,'2016-01-26 18:52:05','2016-01-26 18:52:05'),(1192,347,72,1,771.00,0.00,0.00,0.00,0.00,0.00,771.00,'2016-01-26 18:52:05','2016-01-26 18:52:05'),(1193,348,68,1,4042.50,0.00,0.00,0.00,0.00,0.00,4042.50,'2016-01-26 23:16:15','2016-01-26 23:16:15'),(1194,348,71,1,21.00,0.00,0.00,0.00,0.00,0.00,21.00,'2016-01-26 23:16:15','2016-01-26 23:16:15'),(1195,348,72,1,771.00,0.00,0.00,0.00,0.00,0.00,771.00,'2016-01-26 23:16:15','2016-01-26 23:16:15'),(1196,349,68,1,3936.00,0.00,0.00,0.00,0.00,0.00,3936.00,'2016-01-26 23:21:04','2016-01-26 23:21:04'),(1197,349,71,1,21.00,0.00,0.00,0.00,0.00,0.00,21.00,'2016-01-26 23:21:04','2016-01-26 23:21:04'),(1198,349,72,1,771.00,0.00,0.00,0.00,0.00,0.00,771.00,'2016-01-26 23:21:04','2016-01-26 23:21:04'),(1199,350,68,1,4042.50,0.00,0.00,0.00,0.00,0.00,4042.50,'2016-01-26 23:23:14','2016-01-26 23:23:14'),(1200,350,71,1,21.00,0.00,0.00,0.00,0.00,0.00,21.00,'2016-01-26 23:23:14','2016-01-26 23:23:14'),(1201,350,72,1,771.00,0.00,0.00,0.00,0.00,0.00,771.00,'2016-01-26 23:23:14','2016-01-26 23:23:14'),(1202,351,68,1,3936.00,0.00,0.00,0.00,0.00,0.00,3936.00,'2016-01-26 23:26:00','2016-01-26 23:26:00'),(1203,351,71,1,21.00,0.00,0.00,0.00,0.00,0.00,21.00,'2016-01-26 23:26:00','2016-01-26 23:26:00'),(1204,351,72,1,771.00,0.00,0.00,0.00,0.00,0.00,771.00,'2016-01-26 23:26:00','2016-01-26 23:26:00'),(1205,352,68,1,4704.00,0.00,0.00,0.00,0.00,0.00,4704.00,'2016-01-26 23:29:32','2016-01-26 23:29:32'),(1206,352,71,1,21.00,0.00,0.00,0.00,0.00,0.00,21.00,'2016-01-26 23:29:32','2016-01-26 23:29:32'),(1207,352,72,1,771.00,0.00,0.00,0.00,0.00,0.00,771.00,'2016-01-26 23:29:32','2016-01-26 23:29:32'),(1208,353,68,1,3813.00,0.00,0.00,0.00,0.00,0.00,3813.00,'2016-01-26 23:31:16','2016-01-26 23:31:16'),(1209,353,71,1,21.00,0.00,0.00,0.00,0.00,0.00,21.00,'2016-01-26 23:31:16','2016-01-26 23:31:16'),(1210,353,72,1,771.00,0.00,0.00,0.00,0.00,0.00,771.00,'2016-01-26 23:31:16','2016-01-26 23:31:16'),(1211,354,68,1,4042.50,0.00,0.00,0.00,0.00,0.00,4042.50,'2016-01-26 23:34:47','2016-01-26 23:34:47'),(1212,354,71,1,21.00,0.00,0.00,0.00,0.00,0.00,21.00,'2016-01-26 23:34:47','2016-01-26 23:34:47'),(1213,354,72,1,771.00,0.00,0.00,0.00,0.00,0.00,771.00,'2016-01-26 23:34:47','2016-01-26 23:34:47'),(1214,355,68,1,3936.00,0.00,0.00,0.00,0.00,0.00,3936.00,'2016-01-26 23:37:14','2016-01-26 23:37:14'),(1215,355,71,1,21.00,0.00,0.00,0.00,0.00,0.00,21.00,'2016-01-26 23:37:14','2016-01-26 23:37:14'),(1216,355,72,1,771.00,0.00,0.00,0.00,0.00,0.00,771.00,'2016-01-26 23:37:14','2016-01-26 23:37:14'),(1217,356,68,1,4704.00,0.00,0.00,0.00,0.00,0.00,4704.00,'2016-01-26 23:38:44','2016-01-26 23:38:44'),(1218,356,71,1,21.00,0.00,0.00,0.00,0.00,0.00,21.00,'2016-01-26 23:38:44','2016-01-26 23:38:44'),(1219,356,72,1,771.00,0.00,0.00,0.00,0.00,0.00,771.00,'2016-01-26 23:38:44','2016-01-26 23:38:44'),(1220,357,68,1,3936.00,0.00,0.00,0.00,0.00,0.00,3936.00,'2016-01-27 00:13:01','2016-01-27 00:13:01'),(1221,357,71,1,21.00,0.00,0.00,0.00,0.00,0.00,21.00,'2016-01-27 00:13:01','2016-01-27 00:13:01'),(1222,357,72,1,771.00,0.00,0.00,0.00,0.00,0.00,771.00,'2016-01-27 00:13:01','2016-01-27 00:13:01'),(1223,358,68,1,4042.50,0.00,0.00,0.00,0.00,0.00,4042.50,'2016-01-27 00:14:58','2016-01-27 00:14:58'),(1224,358,71,1,21.00,0.00,0.00,0.00,0.00,0.00,21.00,'2016-01-27 00:14:58','2016-01-27 00:14:58'),(1225,358,72,1,771.00,0.00,0.00,0.00,0.00,0.00,771.00,'2016-01-27 00:14:58','2016-01-27 00:14:58'),(1226,359,68,1,3936.00,0.00,0.00,0.00,0.00,0.00,3936.00,'2016-01-27 00:16:47','2016-01-27 00:16:47'),(1227,359,71,1,21.00,0.00,0.00,0.00,0.00,0.00,21.00,'2016-01-27 00:16:47','2016-01-27 00:16:47'),(1228,359,72,1,771.00,0.00,0.00,0.00,0.00,0.00,771.00,'2016-01-27 00:16:47','2016-01-27 00:16:47'),(1229,360,68,1,4042.50,0.00,0.00,0.00,0.00,0.00,4042.50,'2016-01-27 00:24:45','2016-01-27 00:24:45'),(1230,360,71,1,21.00,0.00,0.00,0.00,0.00,0.00,21.00,'2016-01-27 00:24:45','2016-01-27 00:24:45'),(1231,360,72,1,771.00,0.00,0.00,0.00,0.00,0.00,771.00,'2016-01-27 00:24:45','2016-01-27 00:24:45'),(1232,361,68,1,3813.00,0.00,0.00,0.00,0.00,0.00,3813.00,'2016-01-27 00:32:29','2016-01-27 00:32:29'),(1233,361,71,1,21.00,0.00,0.00,0.00,0.00,0.00,21.00,'2016-01-27 00:32:29','2016-01-27 00:32:29'),(1234,361,72,1,771.00,0.00,0.00,0.00,0.00,0.00,771.00,'2016-01-27 00:32:29','2016-01-27 00:32:29'),(1235,362,68,1,3675.00,0.00,0.00,0.00,0.00,0.00,3675.00,'2016-01-27 00:34:25','2016-01-27 00:34:25'),(1236,362,71,1,21.00,0.00,0.00,0.00,0.00,0.00,21.00,'2016-01-27 00:34:25','2016-01-27 00:34:25'),(1237,362,72,1,771.00,0.00,0.00,0.00,0.00,0.00,771.00,'2016-01-27 00:34:25','2016-01-27 00:34:25'),(1238,363,68,1,3936.00,0.00,0.00,0.00,0.00,0.00,3936.00,'2016-01-27 00:37:12','2016-01-27 00:37:12'),(1239,363,71,1,21.00,0.00,0.00,0.00,0.00,0.00,21.00,'2016-01-27 00:37:12','2016-01-27 00:37:12'),(1240,363,72,1,771.00,0.00,0.00,0.00,0.00,0.00,771.00,'2016-01-27 00:37:12','2016-01-27 00:37:12'),(1241,364,68,1,3813.00,0.00,0.00,0.00,0.00,0.00,3813.00,'2016-01-27 00:39:42','2016-01-27 00:39:42'),(1242,364,71,1,21.00,0.00,0.00,0.00,0.00,0.00,21.00,'2016-01-27 00:39:42','2016-01-27 00:39:42'),(1243,364,72,1,771.00,0.00,0.00,0.00,0.00,0.00,771.00,'2016-01-27 00:39:42','2016-01-27 00:39:42'),(1244,365,68,1,4704.00,0.00,0.00,0.00,0.00,0.00,4704.00,'2016-01-27 00:41:30','2016-01-27 00:41:30'),(1245,365,71,1,21.00,0.00,0.00,0.00,0.00,0.00,21.00,'2016-01-27 00:41:30','2016-01-27 00:41:30'),(1246,365,72,1,771.00,0.00,0.00,0.00,0.00,0.00,771.00,'2016-01-27 00:41:30','2016-01-27 00:41:30'),(1247,366,68,1,4557.00,0.00,0.00,0.00,0.00,0.00,4557.00,'2016-01-27 00:43:08','2016-01-27 00:43:08'),(1248,366,71,1,21.00,0.00,0.00,0.00,0.00,0.00,21.00,'2016-01-27 00:43:08','2016-01-27 00:43:08'),(1249,367,68,1,3936.00,0.00,0.00,0.00,0.00,0.00,3936.00,'2016-01-27 00:44:40','2016-01-27 00:44:40'),(1250,367,71,1,21.00,0.00,0.00,0.00,0.00,0.00,21.00,'2016-01-27 00:44:40','2016-01-27 00:44:40'),(1251,367,72,1,771.00,0.00,0.00,0.00,0.00,0.00,771.00,'2016-01-27 00:44:40','2016-01-27 00:44:40'),(1252,368,68,1,3259.50,0.00,0.00,0.00,0.00,0.00,3259.50,'2016-02-01 18:57:02','2016-02-01 18:57:02'),(1253,368,71,1,21.00,0.00,0.00,0.00,0.00,0.00,21.00,'2016-02-01 18:57:02','2016-02-01 18:57:02'),(1254,368,72,1,771.00,0.00,0.00,0.00,0.00,0.00,771.00,'2016-02-01 18:57:02','2016-02-01 18:57:02'),(1255,369,68,1,3895.50,0.00,0.00,0.00,0.00,0.00,3895.50,'2016-02-01 18:59:30','2016-02-01 18:59:30'),(1256,369,69,1,5351.94,0.00,0.00,0.00,0.00,0.00,5351.94,'2016-02-01 18:59:30','2016-02-01 18:59:30'),(1257,369,71,1,21.00,0.00,0.00,0.00,0.00,0.00,21.00,'2016-02-01 18:59:30','2016-02-01 18:59:30'),(1258,369,72,1,2313.00,0.00,0.00,0.00,0.00,0.00,2313.00,'2016-02-01 18:59:30','2016-02-01 18:59:30'),(1259,275,68,1,3895.50,0.00,0.00,0.00,0.00,0.00,3895.50,'2016-02-01 23:51:22','2016-02-01 23:51:22'),(1260,275,69,1,6541.26,0.00,0.00,0.00,0.00,0.00,6541.26,'2016-02-01 23:51:22','2016-02-01 23:51:22'),(1261,275,71,1,21.00,0.00,0.00,0.00,0.00,0.00,21.00,'2016-02-01 23:51:22','2016-02-01 23:51:22'),(1262,275,72,1,3084.00,0.00,0.00,0.00,0.00,0.00,3084.00,'2016-02-01 23:51:22','2016-02-01 23:51:22'),(1263,265,68,1,3259.50,0.00,0.00,0.00,0.00,0.00,3259.50,'2016-02-02 00:24:32','2016-02-02 00:24:32'),(1264,265,69,1,21.00,0.00,0.00,0.00,0.00,0.00,21.00,'2016-02-02 00:24:32','2016-02-02 00:24:32'),(1265,265,72,1,771.00,0.00,0.00,0.00,0.00,0.00,771.00,'2016-02-02 00:24:32','2016-02-02 00:24:32'),(1266,370,57,1,21.00,0.00,0.00,0.00,0.00,0.00,21.00,'2016-02-02 16:55:43','2016-02-02 16:55:43'),(1267,370,54,1,123.00,0.00,0.00,0.00,0.00,0.00,123.00,'2016-02-02 16:55:43','2016-02-02 16:55:43'),(1268,371,57,1,21.00,0.00,0.00,0.00,0.00,0.00,21.00,'2016-02-02 17:05:58','2016-02-02 17:05:58'),(1269,371,55,1,33.66,0.00,0.00,0.00,0.00,0.00,33.66,'2016-02-02 17:05:58','2016-02-02 17:05:58'),(1270,371,54,1,184.50,0.00,0.00,0.00,0.00,0.00,184.50,'2016-02-02 17:05:58','2016-02-02 17:05:58'),(1271,372,57,1,21.00,0.00,0.00,0.00,0.00,0.00,21.00,'2016-02-02 17:10:37','2016-02-02 17:10:37'),(1272,372,55,1,33.66,0.00,0.00,0.00,0.00,0.00,33.66,'2016-02-02 17:10:37','2016-02-02 17:10:37'),(1273,372,54,1,184.50,0.00,0.00,0.00,0.00,0.00,184.50,'2016-02-02 17:10:37','2016-02-02 17:10:37'),(1274,373,57,1,21.00,0.00,0.00,0.00,0.00,0.00,21.00,'2016-02-02 17:25:07','2016-02-02 17:25:07'),(1275,373,54,1,294.00,0.00,0.00,0.00,0.00,0.00,294.00,'2016-02-02 17:25:07','2016-02-02 17:25:07'),(1276,374,57,1,21.00,0.00,0.00,0.00,0.00,0.00,21.00,'2016-02-02 17:31:14','2016-02-02 17:31:14'),(1277,374,55,1,22.44,0.00,0.00,0.00,0.00,0.00,22.44,'2016-02-02 17:31:14','2016-02-02 17:31:14'),(1278,374,54,1,123.00,0.00,0.00,0.00,0.00,0.00,123.00,'2016-02-02 17:31:14','2016-02-02 17:31:14'),(1279,375,57,1,21.00,0.00,0.00,0.00,0.00,0.00,21.00,'2016-02-02 17:37:15','2016-02-02 17:37:15'),(1280,375,55,1,67.32,0.00,0.00,0.00,0.00,0.00,67.32,'2016-02-02 17:37:15','2016-02-02 17:37:15'),(1281,375,54,1,369.00,0.00,0.00,0.00,0.00,0.00,369.00,'2016-02-02 17:37:15','2016-02-02 17:37:15'),(1282,376,57,1,21.00,0.00,0.00,0.00,0.00,0.00,21.00,'2016-02-02 17:40:07','2016-02-02 17:40:07'),(1283,376,54,1,430.50,0.00,0.00,0.00,0.00,0.00,430.50,'2016-02-02 17:40:07','2016-02-02 17:40:07'),(1284,377,57,1,21.00,0.00,0.00,0.00,0.00,0.00,21.00,'2016-02-02 17:42:21','2016-02-02 17:42:21'),(1285,377,54,1,430.50,0.00,0.00,0.00,0.00,0.00,430.50,'2016-02-02 17:42:21','2016-02-02 17:42:21'),(1286,378,71,1,21.00,0.00,0.00,0.00,0.00,0.00,21.00,'2016-02-02 17:53:28','2016-02-02 17:53:28'),(1287,378,68,1,3936.00,0.00,0.00,0.00,0.00,0.00,3936.00,'2016-02-02 17:53:28','2016-02-02 17:53:28'),(1288,378,72,1,771.00,0.00,0.00,0.00,0.00,0.00,771.00,'2016-02-02 17:53:28','2016-02-02 17:53:28'),(1289,379,57,1,21.00,0.00,0.00,0.00,0.00,0.00,21.00,'2016-02-02 18:12:51','2016-02-02 18:12:51'),(1290,379,55,1,6327.45,0.00,0.00,0.00,0.00,0.00,6327.45,'2016-02-02 18:12:51','2016-02-02 18:12:51'),(1291,379,54,1,1275.00,0.00,0.00,0.00,0.00,0.00,1275.00,'2016-02-02 18:12:51','2016-02-02 18:12:51'),(1292,380,71,1,21.00,0.00,0.00,0.00,0.00,0.00,21.00,'2016-02-02 18:24:17','2016-02-02 18:24:17'),(1293,380,72,1,771.00,0.00,0.00,0.00,0.00,0.00,771.00,'2016-02-02 18:24:17','2016-02-02 18:24:17'),(1294,381,71,1,21.00,0.00,0.00,0.00,0.00,0.00,21.00,'2016-02-02 18:26:18','2016-02-02 18:26:18'),(1295,382,68,1,4704.00,0.00,0.00,0.00,0.00,0.00,4704.00,'2016-02-02 18:35:33','2016-02-02 18:35:33'),(1296,382,71,1,21.00,0.00,0.00,0.00,0.00,0.00,21.00,'2016-02-02 18:35:33','2016-02-02 18:35:33'),(1297,382,72,1,771.00,0.00,0.00,0.00,0.00,0.00,771.00,'2016-02-02 18:35:33','2016-02-02 18:35:33'),(1298,383,71,1,21.00,0.00,0.00,0.00,0.00,0.00,21.00,'2016-02-02 19:15:05','2016-02-02 19:15:05'),(1299,384,71,1,21.00,0.00,0.00,0.00,0.00,0.00,21.00,'2016-02-02 19:17:10','2016-02-02 19:17:10'),(1300,384,68,1,3936.00,0.00,0.00,0.00,0.00,0.00,3936.00,'2016-02-02 19:17:10','2016-02-02 19:17:10'),(1301,385,68,1,3936.00,0.00,0.00,0.00,0.00,0.00,3936.00,'2016-02-02 19:19:28','2016-02-02 19:19:28'),(1302,385,71,1,21.00,0.00,0.00,0.00,0.00,0.00,21.00,'2016-02-02 19:19:28','2016-02-02 19:19:28'),(1303,385,72,1,771.00,0.00,0.00,0.00,0.00,0.00,771.00,'2016-02-02 19:19:28','2016-02-02 19:19:28'),(1304,386,71,1,21.00,0.00,0.00,0.00,0.00,0.00,21.00,'2016-02-02 19:20:02','2016-02-02 19:20:02'),(1305,386,68,1,307.50,0.00,0.00,0.00,0.00,0.00,307.50,'2016-02-02 19:20:02','2016-02-02 19:20:02'),(1306,387,71,1,21.00,0.00,0.00,0.00,0.00,0.00,21.00,'2016-02-02 19:27:36','2016-02-02 19:27:36'),(1307,387,68,1,307.50,0.00,0.00,0.00,0.00,0.00,307.50,'2016-02-02 19:27:36','2016-02-02 19:27:36'),(1308,388,68,1,4428.00,0.00,0.00,0.00,0.00,0.00,4428.00,'2016-02-02 19:39:14','2016-02-02 19:39:14'),(1309,388,71,1,21.00,0.00,0.00,0.00,0.00,0.00,21.00,'2016-02-02 19:39:14','2016-02-02 19:39:14'),(1310,388,72,1,771.00,0.00,0.00,0.00,0.00,0.00,771.00,'2016-02-02 19:39:14','2016-02-02 19:39:14'),(1311,389,68,1,4428.00,0.00,0.00,0.00,0.00,0.00,4428.00,'2016-02-02 19:40:53','2016-02-02 19:40:53'),(1312,389,71,1,21.00,0.00,0.00,0.00,0.00,0.00,21.00,'2016-02-02 19:40:53','2016-02-02 19:40:53'),(1313,390,68,1,4428.00,0.00,0.00,0.00,0.00,0.00,4428.00,'2016-02-02 19:57:01','2016-02-02 19:57:01'),(1314,390,71,1,21.00,0.00,0.00,0.00,0.00,0.00,21.00,'2016-02-02 19:57:01','2016-02-02 19:57:01'),(1315,390,72,1,771.00,0.00,0.00,0.00,0.00,0.00,771.00,'2016-02-02 19:57:01','2016-02-02 19:57:01'),(1316,391,68,1,5292.00,0.00,0.00,0.00,0.00,0.00,5292.00,'2016-02-02 20:00:34','2016-02-02 20:00:34'),(1317,391,69,1,6462.72,0.00,0.00,0.00,0.00,0.00,6462.72,'2016-02-02 20:00:34','2016-02-02 20:00:34'),(1318,391,71,1,21.00,0.00,0.00,0.00,0.00,0.00,21.00,'2016-02-02 20:00:34','2016-02-02 20:00:34'),(1319,391,72,1,1542.00,0.00,0.00,0.00,0.00,0.00,1542.00,'2016-02-02 20:00:34','2016-02-02 20:00:34'),(1320,392,68,1,4428.00,0.00,0.00,0.00,0.00,0.00,4428.00,'2016-02-02 20:02:34','2016-02-02 20:02:34'),(1321,392,71,1,21.00,0.00,0.00,0.00,0.00,0.00,21.00,'2016-02-02 20:02:34','2016-02-02 20:02:34'),(1322,393,68,1,4428.00,0.00,0.00,0.00,0.00,0.00,4428.00,'2016-02-02 20:06:45','2016-02-02 20:06:45'),(1323,393,71,1,21.00,0.00,0.00,0.00,0.00,0.00,21.00,'2016-02-02 20:06:45','2016-02-02 20:06:45'),(1324,393,72,1,771.00,0.00,0.00,0.00,0.00,0.00,771.00,'2016-02-02 20:06:45','2016-02-02 20:06:45'),(1325,394,68,1,4428.00,0.00,0.00,0.00,0.00,0.00,4428.00,'2016-02-02 20:09:17','2016-02-02 20:09:17'),(1326,394,71,1,21.00,0.00,0.00,0.00,0.00,0.00,21.00,'2016-02-02 20:09:17','2016-02-02 20:09:17'),(1327,394,72,1,771.00,0.00,0.00,0.00,0.00,0.00,771.00,'2016-02-02 20:09:17','2016-02-02 20:09:17'),(1328,395,68,1,5292.00,0.00,0.00,0.00,0.00,0.00,5292.00,'2016-02-02 20:29:12','2016-02-02 20:29:12'),(1329,395,69,1,4039.20,0.00,0.00,0.00,0.00,0.00,4039.20,'2016-02-02 20:29:12','2016-02-02 20:29:12'),(1330,395,71,1,21.00,0.00,0.00,0.00,0.00,0.00,21.00,'2016-02-02 20:29:12','2016-02-02 20:29:12'),(1331,395,70,1,2100.00,0.00,0.00,0.00,0.00,0.00,2100.00,'2016-02-02 20:29:12','2016-02-02 20:29:12'),(1332,395,72,1,2569.50,0.00,0.00,0.00,0.00,0.00,2569.50,'2016-02-02 20:29:12','2016-02-02 20:29:12'),(1333,396,68,1,4428.00,0.00,0.00,0.00,0.00,0.00,4428.00,'2016-02-02 20:45:32','2016-02-02 20:45:32'),(1334,396,71,1,21.00,0.00,0.00,0.00,0.00,0.00,21.00,'2016-02-02 20:45:32','2016-02-02 20:45:32'),(1335,396,72,1,771.00,0.00,0.00,0.00,0.00,0.00,771.00,'2016-02-02 20:45:32','2016-02-02 20:45:32'),(1336,397,68,1,4428.00,0.00,0.00,0.00,0.00,0.00,4428.00,'2016-02-02 20:48:15','2016-02-02 20:48:15'),(1337,397,71,1,21.00,0.00,0.00,0.00,0.00,0.00,21.00,'2016-02-02 20:48:15','2016-02-02 20:48:15'),(1338,397,72,1,771.00,0.00,0.00,0.00,0.00,0.00,771.00,'2016-02-02 20:48:15','2016-02-02 20:48:15'),(1339,398,68,1,5292.00,0.00,0.00,0.00,0.00,0.00,5292.00,'2016-02-02 23:22:31','2016-02-02 23:22:31'),(1340,398,69,1,6462.72,0.00,0.00,0.00,0.00,0.00,6462.72,'2016-02-02 23:22:31','2016-02-02 23:22:31'),(1341,398,71,1,21.00,0.00,0.00,0.00,0.00,0.00,21.00,'2016-02-02 23:22:31','2016-02-02 23:22:31'),(1342,398,72,1,1542.00,0.00,0.00,0.00,0.00,0.00,1542.00,'2016-02-02 23:22:31','2016-02-02 23:22:31'),(1343,399,68,1,5365.50,0.00,0.00,0.00,0.00,0.00,5365.50,'2016-02-02 23:28:04','2016-02-02 23:28:04'),(1344,399,69,1,4914.36,0.00,0.00,0.00,0.00,0.00,4914.36,'2016-02-02 23:28:04','2016-02-02 23:28:04'),(1345,399,71,1,21.00,0.00,0.00,0.00,0.00,0.00,21.00,'2016-02-02 23:28:04','2016-02-02 23:28:04'),(1346,399,70,1,2100.00,0.00,0.00,0.00,0.00,0.00,2100.00,'2016-02-02 23:28:04','2016-02-02 23:28:04'),(1347,399,72,1,2569.50,0.00,0.00,0.00,0.00,0.00,2569.50,'2016-02-02 23:28:04','2016-02-02 23:28:04'),(1348,400,68,1,4428.00,0.00,0.00,0.00,0.00,0.00,4428.00,'2016-02-02 23:31:56','2016-02-02 23:31:56'),(1349,400,71,1,21.00,0.00,0.00,0.00,0.00,0.00,21.00,'2016-02-02 23:31:56','2016-02-02 23:31:56'),(1350,400,72,1,771.00,0.00,0.00,0.00,0.00,0.00,771.00,'2016-02-02 23:31:56','2016-02-02 23:31:56'),(1351,401,68,1,4428.00,0.00,0.00,0.00,0.00,0.00,4428.00,'2016-02-02 23:35:58','2016-02-02 23:35:58'),(1352,401,69,1,807.84,0.00,0.00,0.00,0.00,0.00,807.84,'2016-02-02 23:35:58','2016-02-02 23:35:58'),(1353,401,71,1,21.00,0.00,0.00,0.00,0.00,0.00,21.00,'2016-02-02 23:35:58','2016-02-02 23:35:58'),(1354,401,72,1,771.00,0.00,0.00,0.00,0.00,0.00,771.00,'2016-02-02 23:35:58','2016-02-02 23:35:58'),(1355,402,57,1,21.00,0.00,0.00,0.00,0.00,0.00,21.00,'2016-02-02 23:38:20','2016-02-02 23:38:20'),(1356,402,55,1,201.96,0.00,0.00,0.00,0.00,0.00,201.96,'2016-02-02 23:38:21','2016-02-02 23:38:21'),(1357,402,54,1,147.00,0.00,0.00,0.00,0.00,0.00,147.00,'2016-02-02 23:38:21','2016-02-02 23:38:21'),(1358,403,68,1,4428.00,0.00,0.00,0.00,0.00,0.00,4428.00,'2016-02-02 23:43:47','2016-02-02 23:43:47'),(1359,403,71,1,21.00,0.00,0.00,0.00,0.00,0.00,21.00,'2016-02-02 23:43:47','2016-02-02 23:43:47'),(1360,403,72,1,771.00,0.00,0.00,0.00,0.00,0.00,771.00,'2016-02-02 23:43:47','2016-02-02 23:43:47'),(1361,404,57,1,21.00,0.00,0.00,0.00,0.00,0.00,21.00,'2016-02-02 23:44:51','2016-02-02 23:44:51'),(1362,404,54,1,123.00,0.00,0.00,0.00,0.00,0.00,123.00,'2016-02-02 23:44:51','2016-02-02 23:44:51'),(1363,405,68,1,4428.00,0.00,0.00,0.00,0.00,0.00,4428.00,'2016-02-02 23:55:21','2016-02-02 23:55:21'),(1364,405,71,1,21.00,0.00,0.00,0.00,0.00,0.00,21.00,'2016-02-02 23:55:21','2016-02-02 23:55:21'),(1365,405,72,1,771.00,0.00,0.00,0.00,0.00,0.00,771.00,'2016-02-02 23:55:21','2016-02-02 23:55:21'),(1366,406,68,1,4428.00,0.00,0.00,0.00,0.00,0.00,4428.00,'2016-02-02 23:57:35','2016-02-02 23:57:35'),(1367,406,71,1,21.00,0.00,0.00,0.00,0.00,0.00,21.00,'2016-02-02 23:57:35','2016-02-02 23:57:35'),(1368,406,72,1,771.00,0.00,0.00,0.00,0.00,0.00,771.00,'2016-02-02 23:57:35','2016-02-02 23:57:35'),(1369,407,57,1,21.00,0.00,0.00,0.00,0.00,0.00,21.00,'2016-02-02 23:58:53','2016-02-02 23:58:53'),(1370,407,54,1,61.50,0.00,0.00,0.00,0.00,0.00,61.50,'2016-02-02 23:58:53','2016-02-02 23:58:53'),(1371,408,68,1,4428.00,0.00,0.00,0.00,0.00,0.00,4428.00,'2016-02-03 00:00:39','2016-02-03 00:00:39'),(1372,408,71,1,21.00,0.00,0.00,0.00,0.00,0.00,21.00,'2016-02-03 00:00:39','2016-02-03 00:00:39'),(1373,408,72,1,771.00,0.00,0.00,0.00,0.00,0.00,771.00,'2016-02-03 00:00:39','2016-02-03 00:00:39'),(1374,409,68,1,5292.00,0.00,0.00,0.00,0.00,0.00,5292.00,'2016-02-03 00:04:11','2016-02-03 00:04:11'),(1375,409,69,1,6462.72,0.00,0.00,0.00,0.00,0.00,6462.72,'2016-02-03 00:04:11','2016-02-03 00:04:11'),(1376,409,71,1,21.00,0.00,0.00,0.00,0.00,0.00,21.00,'2016-02-03 00:04:11','2016-02-03 00:04:11'),(1377,409,72,1,1542.00,0.00,0.00,0.00,0.00,0.00,1542.00,'2016-02-03 00:04:11','2016-02-03 00:04:11'),(1378,410,68,1,4428.00,0.00,0.00,0.00,0.00,0.00,4428.00,'2016-02-03 00:09:00','2016-02-03 00:09:00'),(1379,410,71,1,21.00,0.00,0.00,0.00,0.00,0.00,21.00,'2016-02-03 00:09:00','2016-02-03 00:09:00'),(1380,410,72,1,771.00,0.00,0.00,0.00,0.00,0.00,771.00,'2016-02-03 00:09:00','2016-02-03 00:09:00'),(1381,411,68,1,4428.00,0.00,0.00,0.00,0.00,0.00,4428.00,'2016-02-03 00:11:38','2016-02-03 00:11:38'),(1382,411,71,1,21.00,0.00,0.00,0.00,0.00,0.00,21.00,'2016-02-03 00:11:38','2016-02-03 00:11:38'),(1383,411,72,1,771.00,0.00,0.00,0.00,0.00,0.00,771.00,'2016-02-03 00:11:38','2016-02-03 00:11:38'),(1384,412,57,1,21.00,0.00,0.00,0.00,0.00,0.00,21.00,'2016-02-03 00:14:42','2016-02-03 00:14:42'),(1385,412,54,1,61.50,0.00,0.00,0.00,0.00,0.00,61.50,'2016-02-03 00:14:42','2016-02-03 00:14:42'),(1386,413,57,1,21.00,0.00,0.00,0.00,0.00,0.00,21.00,'2016-02-03 00:19:13','2016-02-03 00:19:13'),(1387,413,54,1,123.00,0.00,0.00,0.00,0.00,0.00,123.00,'2016-02-03 00:19:13','2016-02-03 00:19:13'),(1388,414,68,1,5365.50,0.00,0.00,0.00,0.00,0.00,5365.50,'2016-02-03 00:20:44','2016-02-03 00:20:44'),(1389,414,69,1,6552.48,0.00,0.00,0.00,0.00,0.00,6552.48,'2016-02-03 00:20:44','2016-02-03 00:20:44'),(1390,414,71,1,21.00,0.00,0.00,0.00,0.00,0.00,21.00,'2016-02-03 00:20:44','2016-02-03 00:20:44'),(1391,414,72,1,2313.00,0.00,0.00,0.00,0.00,0.00,2313.00,'2016-02-03 00:20:44','2016-02-03 00:20:44'),(1392,415,57,1,21.00,0.00,0.00,0.00,0.00,0.00,21.00,'2016-02-03 00:21:23','2016-02-03 00:21:23'),(1393,415,54,1,514.50,0.00,0.00,0.00,0.00,0.00,514.50,'2016-02-03 00:21:23','2016-02-03 00:21:23'),(1394,416,68,1,4428.00,0.00,0.00,0.00,0.00,0.00,4428.00,'2016-02-03 00:25:02','2016-02-03 00:25:02'),(1395,416,71,1,21.00,0.00,0.00,0.00,0.00,0.00,21.00,'2016-02-03 00:25:02','2016-02-03 00:25:02'),(1396,416,72,1,771.00,0.00,0.00,0.00,0.00,0.00,771.00,'2016-02-03 00:25:02','2016-02-03 00:25:02'),(1397,417,68,1,4428.00,0.00,0.00,0.00,0.00,0.00,4428.00,'2016-02-03 00:27:45','2016-02-03 00:27:45'),(1398,417,71,1,21.00,0.00,0.00,0.00,0.00,0.00,21.00,'2016-02-03 00:27:45','2016-02-03 00:27:45'),(1399,417,72,1,771.00,0.00,0.00,0.00,0.00,0.00,771.00,'2016-02-03 00:27:45','2016-02-03 00:27:45'),(1400,418,71,1,21.00,0.00,0.00,0.00,0.00,0.00,21.00,'2016-02-03 00:32:12','2016-02-03 00:32:12'),(1401,418,68,1,307.50,0.00,0.00,0.00,0.00,0.00,307.50,'2016-02-03 00:32:12','2016-02-03 00:32:12'),(1402,419,68,1,4428.00,0.00,0.00,0.00,0.00,0.00,4428.00,'2016-02-03 00:36:00','2016-02-03 00:36:00'),(1403,419,71,1,21.00,0.00,0.00,0.00,0.00,0.00,21.00,'2016-02-03 00:36:00','2016-02-03 00:36:00'),(1404,419,72,1,771.00,0.00,0.00,0.00,0.00,0.00,771.00,'2016-02-03 00:36:00','2016-02-03 00:36:00'),(1405,420,57,1,21.00,0.00,0.00,0.00,0.00,0.00,21.00,'2016-02-03 00:36:16','2016-02-03 00:36:16'),(1406,420,55,1,1009.80,0.00,0.00,0.00,0.00,0.00,1009.80,'2016-02-03 00:36:16','2016-02-03 00:36:16'),(1407,420,54,1,307.50,0.00,0.00,0.00,0.00,0.00,307.50,'2016-02-03 00:36:16','2016-02-03 00:36:16'),(1408,421,57,1,21.00,0.00,0.00,0.00,0.00,0.00,21.00,'2016-02-03 00:38:10','2016-02-03 00:38:10'),(1409,421,54,1,369.00,0.00,0.00,0.00,0.00,0.00,369.00,'2016-02-03 00:38:10','2016-02-03 00:38:10'),(1410,422,68,1,5365.50,0.00,0.00,0.00,0.00,0.00,5365.50,'2016-02-03 00:40:08','2016-02-03 00:40:08'),(1411,422,69,1,7371.54,0.00,0.00,0.00,0.00,0.00,7371.54,'2016-02-03 00:40:08','2016-02-03 00:40:08'),(1412,422,71,1,21.00,0.00,0.00,0.00,0.00,0.00,21.00,'2016-02-03 00:40:08','2016-02-03 00:40:08'),(1413,422,72,1,1542.00,0.00,0.00,0.00,0.00,0.00,1542.00,'2016-02-03 00:40:08','2016-02-03 00:40:08'),(1414,423,68,1,4428.00,0.00,0.00,0.00,0.00,0.00,4428.00,'2016-02-03 00:43:29','2016-02-03 00:43:29'),(1415,423,71,1,21.00,0.00,0.00,0.00,0.00,0.00,21.00,'2016-02-03 00:43:29','2016-02-03 00:43:29'),(1416,423,72,1,771.00,0.00,0.00,0.00,0.00,0.00,771.00,'2016-02-03 00:43:29','2016-02-03 00:43:29'),(1417,424,68,1,4428.00,0.00,0.00,0.00,0.00,0.00,4428.00,'2016-02-03 00:46:10','2016-02-03 00:46:10'),(1418,424,71,1,21.00,0.00,0.00,0.00,0.00,0.00,21.00,'2016-02-03 00:46:10','2016-02-03 00:46:10'),(1419,424,72,1,771.00,0.00,0.00,0.00,0.00,0.00,771.00,'2016-02-03 00:46:10','2016-02-03 00:46:10'),(1420,425,68,1,4428.00,0.00,0.00,0.00,0.00,0.00,4428.00,'2016-02-03 00:47:55','2016-02-03 00:47:55'),(1421,425,71,1,21.00,0.00,0.00,0.00,0.00,0.00,21.00,'2016-02-03 00:47:55','2016-02-03 00:47:55'),(1422,425,72,1,771.00,0.00,0.00,0.00,0.00,0.00,771.00,'2016-02-03 00:47:55','2016-02-03 00:47:55'),(1423,426,57,1,21.00,0.00,0.00,0.00,0.00,0.00,21.00,'2016-02-03 00:47:58','2016-02-03 00:47:58'),(1424,426,55,1,22.44,0.00,0.00,0.00,0.00,0.00,22.44,'2016-02-03 00:47:59','2016-02-03 00:47:59'),(1425,426,54,1,123.00,0.00,0.00,0.00,0.00,0.00,123.00,'2016-02-03 00:47:59','2016-02-03 00:47:59'),(1426,427,68,1,5365.50,0.00,0.00,0.00,0.00,0.00,5365.50,'2016-02-03 00:50:19','2016-02-03 00:50:19'),(1427,427,69,1,6552.48,0.00,0.00,0.00,0.00,0.00,6552.48,'2016-02-03 00:50:19','2016-02-03 00:50:19'),(1428,427,71,1,21.00,0.00,0.00,0.00,0.00,0.00,21.00,'2016-02-03 00:50:19','2016-02-03 00:50:19'),(1429,427,72,1,2313.00,0.00,0.00,0.00,0.00,0.00,2313.00,'2016-02-03 00:50:19','2016-02-03 00:50:19'),(1430,428,68,1,3936.00,0.00,0.00,0.00,0.00,0.00,3936.00,'2016-02-03 00:52:43','2016-02-03 00:52:43'),(1431,428,71,1,21.00,0.00,0.00,0.00,0.00,0.00,21.00,'2016-02-03 00:52:43','2016-02-03 00:52:43'),(1432,428,72,1,771.00,0.00,0.00,0.00,0.00,0.00,771.00,'2016-02-03 00:52:43','2016-02-03 00:52:43'),(1433,429,57,1,21.00,0.00,0.00,0.00,0.00,0.00,21.00,'2016-02-03 00:55:03','2016-02-03 00:55:03'),(1434,429,55,1,56.10,0.00,0.00,0.00,0.00,0.00,56.10,'2016-02-03 00:55:03','2016-02-03 00:55:03'),(1435,429,54,1,307.50,0.00,0.00,0.00,0.00,0.00,307.50,'2016-02-03 00:55:03','2016-02-03 00:55:03'),(1436,430,71,1,21.00,0.00,0.00,0.00,0.00,0.00,21.00,'2016-02-03 00:59:23','2016-02-03 00:59:23'),(1437,430,68,1,307.50,0.00,0.00,0.00,0.00,0.00,307.50,'2016-02-03 00:59:23','2016-02-03 00:59:23'),(1438,431,68,1,4428.00,0.00,0.00,0.00,0.00,0.00,4428.00,'2016-02-03 01:01:38','2016-02-03 01:01:38'),(1439,431,71,1,21.00,0.00,0.00,0.00,0.00,0.00,21.00,'2016-02-03 01:01:38','2016-02-03 01:01:38'),(1440,431,72,1,771.00,0.00,0.00,0.00,0.00,0.00,771.00,'2016-02-03 01:01:38','2016-02-03 01:01:38'),(1441,432,71,1,21.00,0.00,0.00,0.00,0.00,0.00,21.00,'2016-02-03 01:02:31','2016-02-03 01:02:31'),(1442,432,68,1,307.50,0.00,0.00,0.00,0.00,0.00,307.50,'2016-02-03 01:02:31','2016-02-03 01:02:31'),(1443,433,68,1,3936.00,0.00,0.00,0.00,0.00,0.00,3936.00,'2016-02-03 01:04:47','2016-02-03 01:04:47'),(1444,433,71,1,21.00,0.00,0.00,0.00,0.00,0.00,21.00,'2016-02-03 01:04:47','2016-02-03 01:04:47'),(1445,433,72,1,771.00,0.00,0.00,0.00,0.00,0.00,771.00,'2016-02-03 01:04:47','2016-02-03 01:04:47'),(1446,434,68,1,5292.00,0.00,0.00,0.00,0.00,0.00,5292.00,'2016-02-03 01:07:39','2016-02-03 01:07:39'),(1447,434,69,1,6462.72,0.00,0.00,0.00,0.00,0.00,6462.72,'2016-02-03 01:07:39','2016-02-03 01:07:39'),(1448,434,71,1,21.00,0.00,0.00,0.00,0.00,0.00,21.00,'2016-02-03 01:07:39','2016-02-03 01:07:39'),(1449,434,72,1,1542.00,0.00,0.00,0.00,0.00,0.00,1542.00,'2016-02-03 01:07:39','2016-02-03 01:07:39'),(1450,435,57,1,21.00,0.00,0.00,0.00,0.00,0.00,21.00,'2016-02-03 01:09:06','2016-02-03 01:09:06'),(1451,435,55,1,22.44,0.00,0.00,0.00,0.00,0.00,22.44,'2016-02-03 01:09:06','2016-02-03 01:09:06'),(1452,435,54,1,123.00,0.00,0.00,0.00,0.00,0.00,123.00,'2016-02-03 01:09:06','2016-02-03 01:09:06'),(1453,436,68,1,4428.00,0.00,0.00,0.00,0.00,0.00,4428.00,'2016-02-03 01:13:29','2016-02-03 01:13:29'),(1454,436,71,1,21.00,0.00,0.00,0.00,0.00,0.00,21.00,'2016-02-03 01:13:29','2016-02-03 01:13:29'),(1455,436,72,1,771.00,0.00,0.00,0.00,0.00,0.00,771.00,'2016-02-03 01:13:29','2016-02-03 01:13:29'),(1456,437,68,1,3936.00,0.00,0.00,0.00,0.00,0.00,3936.00,'2016-02-03 01:14:54','2016-02-03 01:14:54'),(1457,437,71,1,21.00,0.00,0.00,0.00,0.00,0.00,21.00,'2016-02-03 01:14:54','2016-02-03 01:14:54'),(1458,437,72,1,771.00,0.00,0.00,0.00,0.00,0.00,771.00,'2016-02-03 01:14:54','2016-02-03 01:14:54'),(1459,438,71,1,21.00,0.00,0.00,0.00,0.00,0.00,21.00,'2016-02-03 01:15:08','2016-02-03 01:15:08'),(1460,438,68,1,307.50,0.00,0.00,0.00,0.00,0.00,307.50,'2016-02-03 01:15:08','2016-02-03 01:15:08'),(1461,439,71,1,21.00,0.00,0.00,0.00,0.00,0.00,21.00,'2016-02-03 01:16:20','2016-02-03 01:16:20'),(1462,439,69,1,4162.62,0.00,0.00,0.00,0.00,0.00,4162.62,'2016-02-03 01:16:20','2016-02-03 01:16:20'),(1463,439,68,1,3895.50,0.00,0.00,0.00,0.00,0.00,3895.50,'2016-02-03 01:16:20','2016-02-03 01:16:20'),(1464,439,72,1,2313.00,0.00,0.00,0.00,0.00,0.00,2313.00,'2016-02-03 01:16:20','2016-02-03 01:16:20'),(1465,440,68,1,3936.00,0.00,0.00,0.00,0.00,0.00,3936.00,'2016-02-03 01:17:17','2016-02-03 01:17:17'),(1466,440,71,1,21.00,0.00,0.00,0.00,0.00,0.00,21.00,'2016-02-03 01:17:17','2016-02-03 01:17:17'),(1467,440,72,1,771.00,0.00,0.00,0.00,0.00,0.00,771.00,'2016-02-03 01:17:17','2016-02-03 01:17:17'),(1468,441,68,1,5292.00,0.00,0.00,0.00,0.00,0.00,5292.00,'2016-02-03 01:19:51','2016-02-03 01:19:51'),(1469,441,69,1,7270.56,0.00,0.00,0.00,0.00,0.00,7270.56,'2016-02-03 01:19:51','2016-02-03 01:19:51'),(1470,441,71,1,21.00,0.00,0.00,0.00,0.00,0.00,21.00,'2016-02-03 01:19:51','2016-02-03 01:19:51'),(1471,441,72,1,1542.00,0.00,0.00,0.00,0.00,0.00,1542.00,'2016-02-03 01:19:51','2016-02-03 01:19:51'),(1472,442,57,1,21.00,0.00,0.00,0.00,0.00,0.00,21.00,'2016-02-03 02:00:31','2016-02-03 02:00:31'),(1473,442,55,1,1059.48,0.00,0.00,0.00,0.00,0.00,1059.48,'2016-02-03 02:00:31','2016-02-03 02:00:31'),(1474,442,54,1,1530.00,0.00,0.00,0.00,0.00,0.00,1530.00,'2016-02-03 02:00:31','2016-02-03 02:00:31'),(1475,443,57,1,21.00,0.00,0.00,0.00,0.00,0.00,21.00,'2016-02-03 02:07:16','2016-02-03 02:07:16'),(1476,443,54,1,514.50,0.00,0.00,0.00,0.00,0.00,514.50,'2016-02-03 02:07:16','2016-02-03 02:07:16'),(1477,444,57,1,21.00,0.00,0.00,0.00,0.00,0.00,21.00,'2016-02-03 02:09:54','2016-02-03 02:09:54'),(1478,444,54,1,61.50,0.00,0.00,0.00,0.00,0.00,61.50,'2016-02-03 02:09:54','2016-02-03 02:09:54'),(1479,445,57,1,21.00,0.00,0.00,0.00,0.00,0.00,21.00,'2016-02-03 02:15:27','2016-02-03 02:15:27'),(1480,445,55,1,1854.09,0.00,0.00,0.00,0.00,0.00,1854.09,'2016-02-03 02:15:27','2016-02-03 02:15:27'),(1481,445,54,1,1147.50,0.00,0.00,0.00,0.00,0.00,1147.50,'2016-02-03 02:15:27','2016-02-03 02:15:27'),(1482,446,57,1,21.00,0.00,0.00,0.00,0.00,0.00,21.00,'2016-02-03 02:21:21','2016-02-03 02:21:21'),(1483,446,55,1,8976.00,0.00,0.00,0.00,0.00,0.00,8976.00,'2016-02-03 02:21:21','2016-02-03 02:21:21'),(1484,446,54,1,307.50,0.00,0.00,0.00,0.00,0.00,307.50,'2016-02-03 02:21:21','2016-02-03 02:21:21'),(1485,447,71,1,21.00,0.00,0.00,0.00,0.00,0.00,21.00,'2016-02-03 03:42:17','2016-02-03 03:42:17'),(1486,447,68,1,307.50,0.00,0.00,0.00,0.00,0.00,307.50,'2016-02-03 03:42:17','2016-02-03 03:42:17'),(1487,448,71,1,21.00,0.00,0.00,0.00,0.00,0.00,21.00,'2016-02-03 03:44:48','2016-02-03 03:44:48'),(1488,448,68,1,307.50,0.00,0.00,0.00,0.00,0.00,307.50,'2016-02-03 03:44:48','2016-02-03 03:44:48'),(1489,449,57,1,21.00,0.00,0.00,0.00,0.00,0.00,21.00,'2016-02-03 18:29:41','2016-02-03 18:29:41'),(1490,449,55,1,412.02,0.00,0.00,0.00,0.00,0.00,412.02,'2016-02-03 18:29:41','2016-02-03 18:29:41'),(1491,449,54,1,892.50,0.00,0.00,0.00,0.00,0.00,892.50,'2016-02-03 18:29:41','2016-02-03 18:29:41'),(1492,450,71,1,21.00,0.00,0.00,0.00,0.00,0.00,21.00,'2016-02-03 18:33:22','2016-02-03 18:33:22'),(1493,450,68,1,3936.00,0.00,0.00,0.00,0.00,0.00,3936.00,'2016-02-03 18:33:22','2016-02-03 18:33:22'),(1494,450,72,1,771.00,0.00,0.00,0.00,0.00,0.00,771.00,'2016-02-03 18:33:22','2016-02-03 18:33:22'),(1495,451,71,1,21.00,0.00,0.00,0.00,0.00,0.00,21.00,'2016-02-03 18:35:33','2016-02-03 18:35:33'),(1496,451,69,1,4757.28,0.00,0.00,0.00,0.00,0.00,4757.28,'2016-02-03 18:35:33','2016-02-03 18:35:33'),(1497,451,68,1,3895.50,0.00,0.00,0.00,0.00,0.00,3895.50,'2016-02-03 18:35:33','2016-02-03 18:35:33'),(1498,452,71,1,21.00,0.00,0.00,0.00,0.00,0.00,21.00,'2016-02-03 18:39:34','2016-02-03 18:39:34'),(1499,452,69,1,5351.94,0.00,0.00,0.00,0.00,0.00,5351.94,'2016-02-03 18:39:34','2016-02-03 18:39:34'),(1500,452,68,1,3895.50,0.00,0.00,0.00,0.00,0.00,3895.50,'2016-02-03 18:39:34','2016-02-03 18:39:34'),(1501,453,71,1,21.00,0.00,0.00,0.00,0.00,0.00,21.00,'2016-02-03 18:43:27','2016-02-03 18:43:27'),(1502,453,69,1,5351.94,0.00,0.00,0.00,0.00,0.00,5351.94,'2016-02-03 18:43:27','2016-02-03 18:43:27'),(1503,453,68,1,3895.50,0.00,0.00,0.00,0.00,0.00,3895.50,'2016-02-03 18:43:27','2016-02-03 18:43:27'),(1504,453,72,1,1542.00,0.00,0.00,0.00,0.00,0.00,1542.00,'2016-02-03 18:43:27','2016-02-03 18:43:27'),(1505,454,71,1,21.00,0.00,0.00,0.00,0.00,0.00,21.00,'2016-02-03 18:45:24','2016-02-03 18:45:24'),(1506,454,68,1,4042.50,0.00,0.00,0.00,0.00,0.00,4042.50,'2016-02-03 18:45:24','2016-02-03 18:45:24'),(1507,455,71,1,21.00,0.00,0.00,0.00,0.00,0.00,21.00,'2016-02-03 18:53:33','2016-02-03 18:53:33'),(1508,455,69,1,5553.90,0.00,0.00,0.00,0.00,0.00,5553.90,'2016-02-03 18:53:33','2016-02-03 18:53:33'),(1509,455,68,1,4042.50,0.00,0.00,0.00,0.00,0.00,4042.50,'2016-02-03 18:53:33','2016-02-03 18:53:33'),(1510,455,72,1,1542.00,0.00,0.00,0.00,0.00,0.00,1542.00,'2016-02-03 18:53:33','2016-02-03 18:53:33'),(1511,456,71,1,21.00,0.00,0.00,0.00,0.00,0.00,21.00,'2016-02-03 18:56:10','2016-02-03 18:56:10'),(1512,456,68,1,3259.50,0.00,0.00,0.00,0.00,0.00,3259.50,'2016-02-03 18:56:10','2016-02-03 18:56:10'),(1513,456,72,1,771.00,0.00,0.00,0.00,0.00,0.00,771.00,'2016-02-03 18:56:10','2016-02-03 18:56:10'),(1514,457,71,1,21.00,0.00,0.00,0.00,0.00,0.00,21.00,'2016-02-03 18:59:15','2016-02-03 18:59:15'),(1515,457,68,1,3259.50,0.00,0.00,0.00,0.00,0.00,3259.50,'2016-02-03 18:59:15','2016-02-03 18:59:15'),(1516,457,72,1,771.00,0.00,0.00,0.00,0.00,0.00,771.00,'2016-02-03 18:59:15','2016-02-03 18:59:15'),(1517,458,71,1,21.00,0.00,0.00,0.00,0.00,0.00,21.00,'2016-02-03 19:00:43','2016-02-03 19:00:43'),(1518,458,68,1,4042.50,0.00,0.00,0.00,0.00,0.00,4042.50,'2016-02-03 19:00:43','2016-02-03 19:00:43'),(1519,458,72,1,771.00,0.00,0.00,0.00,0.00,0.00,771.00,'2016-02-03 19:00:43','2016-02-03 19:00:43'),(1520,459,71,1,21.00,0.00,0.00,0.00,0.00,0.00,21.00,'2016-02-03 19:02:22','2016-02-03 19:02:22'),(1521,459,69,1,7270.56,0.00,0.00,0.00,0.00,0.00,7270.56,'2016-02-03 19:02:22','2016-02-03 19:02:22'),(1522,459,68,1,5292.00,0.00,0.00,0.00,0.00,0.00,5292.00,'2016-02-03 19:02:22','2016-02-03 19:02:22'),(1523,459,72,1,1542.00,0.00,0.00,0.00,0.00,0.00,1542.00,'2016-02-03 19:02:22','2016-02-03 19:02:22'),(1524,460,71,1,21.00,0.00,0.00,0.00,0.00,0.00,21.00,'2016-02-03 19:04:22','2016-02-03 19:04:22'),(1525,460,68,1,3936.00,0.00,0.00,0.00,0.00,0.00,3936.00,'2016-02-03 19:04:22','2016-02-03 19:04:22'),(1526,461,71,1,21.00,0.00,0.00,0.00,0.00,0.00,21.00,'2016-02-03 19:06:05','2016-02-03 19:06:05'),(1527,461,68,1,4704.00,0.00,0.00,0.00,0.00,0.00,4704.00,'2016-02-03 19:06:05','2016-02-03 19:06:05'),(1528,462,71,1,21.00,0.00,0.00,0.00,0.00,0.00,21.00,'2016-02-03 19:08:13','2016-02-03 19:08:13'),(1529,462,68,1,5365.50,0.00,0.00,0.00,0.00,0.00,5365.50,'2016-02-03 19:08:13','2016-02-03 19:08:13'),(1530,463,71,1,21.00,0.00,0.00,0.00,0.00,0.00,21.00,'2016-02-03 19:11:35','2016-02-03 19:11:35'),(1531,463,69,1,4039.20,0.00,0.00,0.00,0.00,0.00,4039.20,'2016-02-03 19:11:35','2016-02-03 19:11:35'),(1532,463,68,1,5292.00,0.00,0.00,0.00,0.00,0.00,5292.00,'2016-02-03 19:11:35','2016-02-03 19:11:35'),(1533,464,57,1,21.00,0.00,0.00,0.00,0.00,0.00,21.00,'2016-02-03 19:15:04','2016-02-03 19:15:04'),(1534,464,55,1,56.10,0.00,0.00,0.00,0.00,0.00,56.10,'2016-02-03 19:15:04','2016-02-03 19:15:04'),(1535,464,54,1,307.50,0.00,0.00,0.00,0.00,0.00,307.50,'2016-02-03 19:15:04','2016-02-03 19:15:04'),(1536,465,57,1,21.00,0.00,0.00,0.00,0.00,0.00,21.00,'2016-02-03 19:16:43','2016-02-03 19:16:43'),(1537,465,55,1,33.66,0.00,0.00,0.00,0.00,0.00,33.66,'2016-02-03 19:16:43','2016-02-03 19:16:43'),(1538,465,54,1,184.50,0.00,0.00,0.00,0.00,0.00,184.50,'2016-02-03 19:16:43','2016-02-03 19:16:43'),(1539,466,71,1,21.00,0.00,0.00,0.00,0.00,0.00,21.00,'2016-02-03 19:18:54','2016-02-03 19:18:54'),(1540,466,68,1,3936.00,0.00,0.00,0.00,0.00,0.00,3936.00,'2016-02-03 19:18:54','2016-02-03 19:18:54'),(1541,467,71,1,21.00,0.00,0.00,0.00,0.00,0.00,21.00,'2016-02-03 19:20:20','2016-02-03 19:20:20'),(1542,468,71,1,21.00,0.00,0.00,0.00,0.00,0.00,21.00,'2016-02-03 19:22:21','2016-02-03 19:22:21'),(1543,468,72,1,771.00,0.00,0.00,0.00,0.00,0.00,771.00,'2016-02-03 19:22:21','2016-02-03 19:22:21'),(1544,469,57,1,21.00,0.00,0.00,0.00,0.00,0.00,21.00,'2016-02-03 19:24:00','2016-02-03 19:24:00'),(1545,469,54,1,307.50,0.00,0.00,0.00,0.00,0.00,307.50,'2016-02-03 19:24:00','2016-02-03 19:24:00'),(1546,470,57,1,21.00,0.00,0.00,0.00,0.00,0.00,21.00,'2016-02-03 19:26:24','2016-02-03 19:26:24'),(1547,470,54,1,514.50,0.00,0.00,0.00,0.00,0.00,514.50,'2016-02-03 19:26:24','2016-02-03 19:26:24'),(1548,471,71,1,21.00,0.00,0.00,0.00,0.00,0.00,21.00,'2016-02-03 19:28:14','2016-02-03 19:28:14'),(1549,471,72,1,771.00,0.00,0.00,0.00,0.00,0.00,771.00,'2016-02-03 19:28:14','2016-02-03 19:28:14'),(1550,472,71,1,21.00,0.00,0.00,0.00,0.00,0.00,21.00,'2016-02-03 19:29:45','2016-02-03 19:29:45'),(1551,472,72,1,771.00,0.00,0.00,0.00,0.00,0.00,771.00,'2016-02-03 19:29:45','2016-02-03 19:29:45'),(1552,473,71,1,21.00,0.00,0.00,0.00,0.00,0.00,21.00,'2016-02-03 19:31:15','2016-02-03 19:31:15'),(1553,473,68,1,3936.00,0.00,0.00,0.00,0.00,0.00,3936.00,'2016-02-03 19:31:15','2016-02-03 19:31:15'),(1554,473,72,1,771.00,0.00,0.00,0.00,0.00,0.00,771.00,'2016-02-03 19:31:15','2016-02-03 19:31:15'),(1555,474,71,1,21.00,0.00,0.00,0.00,0.00,0.00,21.00,'2016-02-03 19:32:46','2016-02-03 19:32:46'),(1556,474,68,1,4489.50,0.00,0.00,0.00,0.00,0.00,4489.50,'2016-02-03 19:32:46','2016-02-03 19:32:46'),(1557,474,72,1,771.00,0.00,0.00,0.00,0.00,0.00,771.00,'2016-02-03 19:32:46','2016-02-03 19:32:46'),(1558,475,71,1,21.00,0.00,0.00,0.00,0.00,0.00,21.00,'2016-02-03 19:34:31','2016-02-03 19:34:31'),(1559,475,69,1,4936.80,0.00,0.00,0.00,0.00,0.00,4936.80,'2016-02-03 19:34:31','2016-02-03 19:34:31'),(1560,475,68,1,4042.50,0.00,0.00,0.00,0.00,0.00,4042.50,'2016-02-03 19:34:31','2016-02-03 19:34:31'),(1561,475,72,1,1542.00,0.00,0.00,0.00,0.00,0.00,1542.00,'2016-02-03 19:34:31','2016-02-03 19:34:31'),(1562,476,71,1,21.00,0.00,0.00,0.00,0.00,0.00,21.00,'2016-02-03 19:36:04','2016-02-03 19:36:04'),(1563,476,68,1,3259.50,0.00,0.00,0.00,0.00,0.00,3259.50,'2016-02-03 19:36:04','2016-02-03 19:36:04'),(1564,476,72,1,771.00,0.00,0.00,0.00,0.00,0.00,771.00,'2016-02-03 19:36:04','2016-02-03 19:36:04'),(1565,477,57,1,21.00,0.00,0.00,0.00,0.00,0.00,21.00,'2016-02-03 19:40:36','2016-02-03 19:40:36'),(1566,477,54,1,61.50,0.00,0.00,0.00,0.00,0.00,61.50,'2016-02-03 19:40:36','2016-02-03 19:40:36'),(1567,478,71,1,21.00,0.00,0.00,0.00,0.00,0.00,21.00,'2016-02-03 19:42:07','2016-02-03 19:42:07'),(1568,478,69,1,7270.56,0.00,0.00,0.00,0.00,0.00,7270.56,'2016-02-03 19:42:07','2016-02-03 19:42:07'),(1569,478,68,1,5292.00,0.00,0.00,0.00,0.00,0.00,5292.00,'2016-02-03 19:42:07','2016-02-03 19:42:07'),(1570,478,72,1,2313.00,0.00,0.00,0.00,0.00,0.00,2313.00,'2016-02-03 19:42:07','2016-02-03 19:42:07'),(1571,479,71,1,21.00,0.00,0.00,0.00,0.00,0.00,21.00,'2016-02-03 19:44:09','2016-02-03 19:44:09'),(1572,479,68,1,3936.00,0.00,0.00,0.00,0.00,0.00,3936.00,'2016-02-03 19:44:09','2016-02-03 19:44:09'),(1573,479,72,1,771.00,0.00,0.00,0.00,0.00,0.00,771.00,'2016-02-03 19:44:09','2016-02-03 19:44:09'),(1574,480,71,1,21.00,0.00,0.00,0.00,0.00,0.00,21.00,'2016-02-03 19:48:47','2016-02-03 19:48:47'),(1575,480,68,1,3382.50,0.00,0.00,0.00,0.00,0.00,3382.50,'2016-02-03 19:48:47','2016-02-03 19:48:47'),(1576,480,72,1,771.00,0.00,0.00,0.00,0.00,0.00,771.00,'2016-02-03 19:48:47','2016-02-03 19:48:47'),(1581,482,71,1,21.00,0.00,0.00,0.00,0.00,0.00,21.00,'2016-02-03 20:02:04','2016-02-03 20:02:04'),(1582,482,68,1,3259.50,0.00,0.00,0.00,0.00,0.00,3259.50,'2016-02-03 20:02:04','2016-02-03 20:02:04'),(1583,482,72,1,771.00,0.00,0.00,0.00,0.00,0.00,771.00,'2016-02-03 20:02:04','2016-02-03 20:02:04'),(1584,483,57,1,21.00,0.00,0.00,0.00,0.00,0.00,21.00,'2016-02-03 20:03:55','2016-02-03 20:03:55'),(1585,483,55,1,33.66,0.00,0.00,0.00,0.00,0.00,33.66,'2016-02-03 20:03:55','2016-02-03 20:03:55'),(1586,483,54,1,184.50,0.00,0.00,0.00,0.00,0.00,184.50,'2016-02-03 20:03:55','2016-02-03 20:03:55'),(1587,484,57,1,21.00,0.00,0.00,0.00,0.00,0.00,21.00,'2016-02-03 20:06:19','2016-02-03 20:06:19'),(1588,484,54,1,147.00,0.00,0.00,0.00,0.00,0.00,147.00,'2016-02-03 20:06:19','2016-02-03 20:06:19'),(1589,485,57,1,21.00,0.00,0.00,0.00,0.00,0.00,21.00,'2016-02-03 20:11:36','2016-02-03 20:11:36'),(1590,485,54,1,637.50,0.00,0.00,0.00,0.00,0.00,637.50,'2016-02-03 20:11:36','2016-02-03 20:11:36'),(1591,486,57,1,21.00,0.00,0.00,0.00,0.00,0.00,21.00,'2016-02-03 20:13:34','2016-02-03 20:13:34'),(1592,486,55,1,1413.72,0.00,0.00,0.00,0.00,0.00,1413.72,'2016-02-03 20:13:34','2016-02-03 20:13:34'),(1593,486,54,1,441.00,0.00,0.00,0.00,0.00,0.00,441.00,'2016-02-03 20:13:34','2016-02-03 20:13:34'),(1594,487,71,1,21.00,0.00,0.00,0.00,0.00,0.00,21.00,'2016-02-03 20:15:06','2016-02-03 20:15:06'),(1595,487,72,1,771.00,0.00,0.00,0.00,0.00,0.00,771.00,'2016-02-03 20:15:06','2016-02-03 20:15:06'),(1596,488,71,1,21.00,0.00,0.00,0.00,0.00,0.00,21.00,'2016-02-03 20:17:56','2016-02-03 20:17:56'),(1597,488,72,1,771.00,0.00,0.00,0.00,0.00,0.00,771.00,'2016-02-03 20:17:56','2016-02-03 20:17:56'),(1598,489,71,1,21.00,0.00,0.00,0.00,0.00,0.00,21.00,'2016-02-03 20:20:23','2016-02-03 20:20:23'),(1599,489,68,1,4704.00,0.00,0.00,0.00,0.00,0.00,4704.00,'2016-02-03 20:20:23','2016-02-03 20:20:23'),(1600,489,72,1,771.00,0.00,0.00,0.00,0.00,0.00,771.00,'2016-02-03 20:20:23','2016-02-03 20:20:23'),(1601,490,71,1,21.00,0.00,0.00,0.00,0.00,0.00,21.00,'2016-02-03 20:42:36','2016-02-03 20:42:36'),(1602,490,68,1,3936.00,0.00,0.00,0.00,0.00,0.00,3936.00,'2016-02-03 20:42:36','2016-02-03 20:42:36'),(1603,490,72,1,771.00,0.00,0.00,0.00,0.00,0.00,771.00,'2016-02-03 20:42:36','2016-02-03 20:42:36'),(1604,491,71,1,21.00,0.00,0.00,0.00,0.00,0.00,21.00,'2016-02-03 20:45:39','2016-02-03 20:45:39'),(1605,491,68,1,3936.00,0.00,0.00,0.00,0.00,0.00,3936.00,'2016-02-03 20:45:39','2016-02-03 20:45:39'),(1606,491,72,1,771.00,0.00,0.00,0.00,0.00,0.00,771.00,'2016-02-03 20:45:39','2016-02-03 20:45:39'),(1607,492,57,1,21.00,0.00,0.00,0.00,0.00,0.00,21.00,'2016-02-03 23:36:17','2016-02-03 23:36:17'),(1608,492,55,1,3575.75,0.00,0.00,0.00,0.00,0.00,3575.75,'2016-02-03 23:36:17','2016-02-03 23:36:17'),(1609,492,54,1,1147.50,0.00,0.00,0.00,0.00,0.00,1147.50,'2016-02-03 23:36:17','2016-02-03 23:36:17'),(1612,493,57,1,21.00,0.00,0.00,0.00,0.00,0.00,21.00,'2016-02-03 23:53:07','2016-02-03 23:53:07'),(1613,493,54,1,430.50,0.00,0.00,0.00,0.00,0.00,430.50,'2016-02-03 23:53:07','2016-02-03 23:53:07'),(1614,494,57,1,21.00,0.00,0.00,0.00,0.00,0.00,21.00,'2016-02-04 00:13:47','2016-02-04 00:13:47'),(1615,494,54,1,123.00,0.00,0.00,0.00,0.00,0.00,123.00,'2016-02-04 00:13:47','2016-02-04 00:13:47'),(1616,495,57,1,21.00,0.00,0.00,0.00,0.00,0.00,21.00,'2016-02-04 00:19:07','2016-02-04 00:19:07'),(1617,495,54,1,123.00,0.00,0.00,0.00,0.00,0.00,123.00,'2016-02-04 00:19:07','2016-02-04 00:19:07'),(1618,496,57,1,21.00,0.00,0.00,0.00,0.00,0.00,21.00,'2016-02-04 00:21:00','2016-02-04 00:21:00'),(1619,496,54,1,123.00,0.00,0.00,0.00,0.00,0.00,123.00,'2016-02-04 00:21:00','2016-02-04 00:21:00'),(1620,497,57,1,21.00,0.00,0.00,0.00,0.00,0.00,21.00,'2016-02-04 00:22:48','2016-02-04 00:22:48'),(1621,497,54,1,430.50,0.00,0.00,0.00,0.00,0.00,430.50,'2016-02-04 00:22:48','2016-02-04 00:22:48'),(1622,498,57,1,21.00,0.00,0.00,0.00,0.00,0.00,21.00,'2016-02-04 00:25:08','2016-02-04 00:25:08'),(1623,498,54,1,430.50,0.00,0.00,0.00,0.00,0.00,430.50,'2016-02-04 00:25:08','2016-02-04 00:25:08'),(1624,499,71,1,21.00,0.00,0.00,0.00,0.00,0.00,21.00,'2016-02-04 00:27:09','2016-02-04 00:27:09'),(1625,499,69,1,617.10,0.00,0.00,0.00,0.00,0.00,617.10,'2016-02-04 00:27:09','2016-02-04 00:27:09'),(1626,499,68,1,4042.50,0.00,0.00,0.00,0.00,0.00,4042.50,'2016-02-04 00:27:09','2016-02-04 00:27:09'),(1627,499,72,1,771.00,0.00,0.00,0.00,0.00,0.00,771.00,'2016-02-04 00:27:09','2016-02-04 00:27:09'),(1628,500,71,1,21.00,0.00,0.00,0.00,0.00,0.00,21.00,'2016-02-04 00:29:35','2016-02-04 00:29:35'),(1629,500,68,1,3895.50,0.00,0.00,0.00,0.00,0.00,3895.50,'2016-02-04 00:29:35','2016-02-04 00:29:35'),(1630,500,72,1,771.00,0.00,0.00,0.00,0.00,0.00,771.00,'2016-02-04 00:29:35','2016-02-04 00:29:35'),(1631,501,71,1,21.00,0.00,0.00,0.00,0.00,0.00,21.00,'2016-02-04 00:31:54','2016-02-04 00:31:54'),(1632,501,69,1,5351.94,0.00,0.00,0.00,0.00,0.00,5351.94,'2016-02-04 00:31:54','2016-02-04 00:31:54'),(1633,501,68,1,3895.50,0.00,0.00,0.00,0.00,0.00,3895.50,'2016-02-04 00:31:54','2016-02-04 00:31:54'),(1634,501,72,1,1542.00,0.00,0.00,0.00,0.00,0.00,1542.00,'2016-02-04 00:31:54','2016-02-04 00:31:54'),(1635,502,71,1,21.00,0.00,0.00,0.00,0.00,0.00,21.00,'2016-02-04 00:33:42','2016-02-04 00:33:42'),(1636,502,69,1,594.66,0.00,0.00,0.00,0.00,0.00,594.66,'2016-02-04 00:33:42','2016-02-04 00:33:42'),(1637,502,68,1,3259.50,0.00,0.00,0.00,0.00,0.00,3259.50,'2016-02-04 00:33:42','2016-02-04 00:33:42'),(1638,502,72,1,771.00,0.00,0.00,0.00,0.00,0.00,771.00,'2016-02-04 00:33:42','2016-02-04 00:33:42'),(1639,503,71,1,21.00,0.00,0.00,0.00,0.00,0.00,21.00,'2016-02-04 00:39:06','2016-02-04 00:39:06'),(1640,503,69,1,6462.72,0.00,0.00,0.00,0.00,0.00,6462.72,'2016-02-04 00:39:06','2016-02-04 00:39:06'),(1641,503,68,1,5292.00,0.00,0.00,0.00,0.00,0.00,5292.00,'2016-02-04 00:39:06','2016-02-04 00:39:06'),(1642,504,71,1,21.00,0.00,0.00,0.00,0.00,0.00,21.00,'2016-02-04 00:41:37','2016-02-04 00:41:37'),(1643,504,68,1,3936.00,0.00,0.00,0.00,0.00,0.00,3936.00,'2016-02-04 00:41:37','2016-02-04 00:41:37'),(1644,504,72,1,771.00,0.00,0.00,0.00,0.00,0.00,771.00,'2016-02-04 00:41:37','2016-02-04 00:41:37'),(1645,505,57,1,21.00,0.00,0.00,0.00,0.00,0.00,21.00,'2016-02-04 00:44:18','2016-02-04 00:44:18'),(1646,505,54,1,430.50,0.00,0.00,0.00,0.00,0.00,430.50,'2016-02-04 00:44:18','2016-02-04 00:44:18'),(1647,506,57,1,21.00,0.00,0.00,0.00,0.00,0.00,21.00,'2016-02-04 00:46:18','2016-02-04 00:46:18'),(1648,506,54,1,123.00,0.00,0.00,0.00,0.00,0.00,123.00,'2016-02-04 00:46:18','2016-02-04 00:46:18'),(1649,507,71,1,21.00,0.00,0.00,0.00,0.00,0.00,21.00,'2016-02-04 00:48:11','2016-02-04 00:48:11'),(1650,507,68,1,307.50,0.00,0.00,0.00,0.00,0.00,307.50,'2016-02-04 00:48:11','2016-02-04 00:48:11'),(1651,508,71,1,21.00,0.00,0.00,0.00,0.00,0.00,21.00,'2016-02-04 00:53:00','2016-02-04 00:53:00'),(1652,508,72,1,771.00,0.00,0.00,0.00,0.00,0.00,771.00,'2016-02-04 00:53:00','2016-02-04 00:53:00'),(1653,509,71,1,21.00,0.00,0.00,0.00,0.00,0.00,21.00,'2016-02-04 00:55:10','2016-02-04 00:55:10'),(1654,509,72,1,771.00,0.00,0.00,0.00,0.00,0.00,771.00,'2016-02-04 00:55:10','2016-02-04 00:55:10'),(1655,510,57,1,21.00,0.00,0.00,0.00,0.00,0.00,21.00,'2016-02-04 01:06:09','2016-02-04 01:06:09'),(1656,510,55,1,529.74,0.00,0.00,0.00,0.00,0.00,529.74,'2016-02-04 01:06:09','2016-02-04 01:06:09'),(1657,510,54,1,1530.00,0.00,0.00,0.00,0.00,0.00,1530.00,'2016-02-04 01:06:09','2016-02-04 01:06:09'),(1658,511,71,1,21.00,0.00,0.00,0.00,0.00,0.00,21.00,'2016-02-04 01:08:34','2016-02-04 01:08:34'),(1659,511,68,1,3936.00,0.00,0.00,0.00,0.00,0.00,3936.00,'2016-02-04 01:08:34','2016-02-04 01:08:34'),(1660,511,72,1,771.00,0.00,0.00,0.00,0.00,0.00,771.00,'2016-02-04 01:08:34','2016-02-04 01:08:34'),(1661,512,71,1,21.00,0.00,0.00,0.00,0.00,0.00,21.00,'2016-02-04 01:10:25','2016-02-04 01:10:25'),(1662,512,68,1,4428.00,0.00,0.00,0.00,0.00,0.00,4428.00,'2016-02-04 01:10:25','2016-02-04 01:10:25'),(1663,512,72,1,771.00,0.00,0.00,0.00,0.00,0.00,771.00,'2016-02-04 01:10:25','2016-02-04 01:10:25'),(1664,513,57,1,21.00,0.00,0.00,0.00,0.00,0.00,21.00,'2016-02-04 01:48:55','2016-02-04 01:48:55'),(1665,513,54,1,492.00,0.00,0.00,0.00,0.00,0.00,492.00,'2016-02-04 01:48:55','2016-02-04 01:48:55'),(1666,514,57,1,21.00,0.00,0.00,0.00,0.00,0.00,21.00,'2016-02-04 01:50:45','2016-02-04 01:50:45'),(1667,514,54,1,246.00,0.00,0.00,0.00,0.00,0.00,246.00,'2016-02-04 01:50:45','2016-02-04 01:50:45'),(1668,515,57,1,21.00,0.00,0.00,0.00,0.00,0.00,21.00,'2016-02-04 01:52:44','2016-02-04 01:52:44'),(1669,515,54,1,765.00,0.00,0.00,0.00,0.00,0.00,765.00,'2016-02-04 01:52:44','2016-02-04 01:52:44'),(1670,516,57,1,21.00,0.00,0.00,0.00,0.00,0.00,21.00,'2016-02-04 01:54:28','2016-02-04 01:54:28'),(1671,516,54,1,61.50,0.00,0.00,0.00,0.00,0.00,61.50,'2016-02-04 01:54:28','2016-02-04 01:54:28'),(1672,517,57,1,21.00,0.00,0.00,0.00,0.00,0.00,21.00,'2016-02-04 01:57:45','2016-02-04 01:57:45'),(1673,517,55,1,1335.18,0.00,0.00,0.00,0.00,0.00,1335.18,'2016-02-04 01:57:45','2016-02-04 01:57:45'),(1674,517,54,1,430.50,0.00,0.00,0.00,0.00,0.00,430.50,'2016-02-04 01:57:45','2016-02-04 01:57:45'),(1675,518,57,1,21.00,0.00,0.00,0.00,0.00,0.00,21.00,'2016-02-04 02:00:00','2016-02-04 02:00:00'),(1676,518,54,1,514.50,0.00,0.00,0.00,0.00,0.00,514.50,'2016-02-04 02:00:00','2016-02-04 02:00:00'),(1677,519,57,1,21.00,0.00,0.00,0.00,0.00,0.00,21.00,'2016-02-04 02:06:34','2016-02-04 02:06:34'),(1678,519,55,1,1765.80,0.00,0.00,0.00,0.00,0.00,1765.80,'2016-02-04 02:06:34','2016-02-04 02:06:34'),(1679,519,54,1,2970.00,0.00,0.00,0.00,0.00,0.00,2970.00,'2016-02-04 02:06:34','2016-02-04 02:06:34'),(1680,520,71,1,21.00,0.00,0.00,0.00,0.00,0.00,21.00,'2016-02-04 02:09:07','2016-02-04 02:09:07'),(1681,520,69,1,6462.72,0.00,0.00,0.00,0.00,0.00,6462.72,'2016-02-04 02:09:07','2016-02-04 02:09:07'),(1682,520,68,1,5292.00,0.00,0.00,0.00,0.00,0.00,5292.00,'2016-02-04 02:09:07','2016-02-04 02:09:07'),(1683,520,72,1,1542.00,0.00,0.00,0.00,0.00,0.00,1542.00,'2016-02-04 02:09:07','2016-02-04 02:09:07'),(1684,521,71,1,21.00,0.00,0.00,0.00,0.00,0.00,21.00,'2016-02-04 02:19:56','2016-02-04 02:19:56'),(1685,521,68,1,369.00,0.00,0.00,0.00,0.00,0.00,369.00,'2016-02-04 02:19:56','2016-02-04 02:19:56'),(1686,522,71,1,21.00,0.00,0.00,0.00,0.00,0.00,21.00,'2016-02-04 02:21:58','2016-02-04 02:21:58'),(1687,522,68,1,3382.50,0.00,0.00,0.00,0.00,0.00,3382.50,'2016-02-04 02:21:58','2016-02-04 02:21:58'),(1688,522,72,1,771.00,0.00,0.00,0.00,0.00,0.00,771.00,'2016-02-04 02:21:58','2016-02-04 02:21:58'),(1689,523,71,1,21.00,0.00,0.00,0.00,0.00,0.00,21.00,'2016-02-04 02:23:42','2016-02-04 02:23:42'),(1690,523,69,1,5351.94,0.00,0.00,0.00,0.00,0.00,5351.94,'2016-02-04 02:23:42','2016-02-04 02:23:42'),(1691,523,68,1,3895.50,0.00,0.00,0.00,0.00,0.00,3895.50,'2016-02-04 02:23:42','2016-02-04 02:23:42'),(1692,523,72,1,2313.00,0.00,0.00,0.00,0.00,0.00,2313.00,'2016-02-04 02:23:42','2016-02-04 02:23:42'),(1693,524,57,1,21.00,0.00,0.00,0.00,0.00,0.00,21.00,'2016-02-04 20:35:00','2016-02-04 20:35:00'),(1694,524,54,1,307.50,0.00,0.00,0.00,0.00,0.00,307.50,'2016-02-04 20:35:00','2016-02-04 20:35:00'),(1695,525,57,1,21.00,0.00,0.00,0.00,0.00,0.00,21.00,'2016-02-04 22:46:22','2016-02-04 22:46:22'),(1696,525,54,1,765.00,0.00,0.00,0.00,0.00,0.00,765.00,'2016-02-04 22:46:22','2016-02-04 22:46:22'),(1697,526,57,1,21.00,0.00,0.00,0.00,0.00,0.00,21.00,'2016-02-04 22:51:11','2016-02-04 22:51:11'),(1698,526,55,1,1346.40,0.00,0.00,0.00,0.00,0.00,1346.40,'2016-02-04 22:51:11','2016-02-04 22:51:11'),(1699,526,54,1,307.50,0.00,0.00,0.00,0.00,0.00,307.50,'2016-02-04 22:51:11','2016-02-04 22:51:11'),(1700,527,57,1,21.00,0.00,0.00,0.00,0.00,0.00,21.00,'2016-02-04 22:57:08','2016-02-04 22:57:08'),(1701,527,55,1,740.52,0.00,0.00,0.00,0.00,0.00,740.52,'2016-02-04 22:57:08','2016-02-04 22:57:08'),(1702,527,54,1,184.50,0.00,0.00,0.00,0.00,0.00,184.50,'2016-02-04 22:57:08','2016-02-04 22:57:08'),(1703,528,57,1,21.00,0.00,0.00,0.00,0.00,0.00,21.00,'2016-02-04 22:59:45','2016-02-04 22:59:45'),(1704,528,55,1,740.52,0.00,0.00,0.00,0.00,0.00,740.52,'2016-02-04 22:59:45','2016-02-04 22:59:45'),(1705,528,54,1,184.50,0.00,0.00,0.00,0.00,0.00,184.50,'2016-02-04 22:59:45','2016-02-04 22:59:45'),(1706,529,57,1,21.00,0.00,0.00,0.00,0.00,0.00,21.00,'2016-02-04 23:07:47','2016-02-04 23:07:47'),(1707,529,55,1,1236.06,0.00,0.00,0.00,0.00,0.00,1236.06,'2016-02-04 23:07:47','2016-02-04 23:07:47'),(1708,529,54,1,2677.50,0.00,0.00,0.00,0.00,0.00,2677.50,'2016-02-04 23:07:47','2016-02-04 23:07:47'),(1709,530,57,1,21.00,0.00,0.00,0.00,0.00,0.00,21.00,'2016-02-04 23:17:10','2016-02-04 23:17:10'),(1710,530,55,1,765.18,0.00,0.00,0.00,0.00,0.00,765.18,'2016-02-04 23:17:10','2016-02-04 23:17:10'),(1711,530,54,1,1657.50,0.00,0.00,0.00,0.00,0.00,1657.50,'2016-02-04 23:17:10','2016-02-04 23:17:10'),(1712,531,57,1,21.00,0.00,0.00,0.00,0.00,0.00,21.00,'2016-02-04 23:19:23','2016-02-04 23:19:23'),(1713,531,55,1,67.32,0.00,0.00,0.00,0.00,0.00,67.32,'2016-02-04 23:19:23','2016-02-04 23:19:23'),(1714,531,54,1,369.00,0.00,0.00,0.00,0.00,0.00,369.00,'2016-02-04 23:19:23','2016-02-04 23:19:23'),(1715,532,71,1,21.00,0.00,0.00,0.00,0.00,0.00,21.00,'2016-02-04 23:24:24','2016-02-04 23:24:24'),(1716,532,68,1,307.50,0.00,0.00,0.00,0.00,0.00,307.50,'2016-02-04 23:24:24','2016-02-04 23:24:24'),(1717,533,71,1,21.00,0.00,0.00,0.00,0.00,0.00,21.00,'2016-02-04 23:28:11','2016-02-04 23:28:11'),(1718,533,68,1,307.50,0.00,0.00,0.00,0.00,0.00,307.50,'2016-02-04 23:28:11','2016-02-04 23:28:11'),(1719,534,71,1,21.00,0.00,0.00,0.00,0.00,0.00,21.00,'2016-02-04 23:31:04','2016-02-04 23:31:04'),(1720,534,68,1,307.50,0.00,0.00,0.00,0.00,0.00,307.50,'2016-02-04 23:31:04','2016-02-04 23:31:04'),(1721,535,71,1,21.00,0.00,0.00,0.00,0.00,0.00,21.00,'2016-02-04 23:34:23','2016-02-04 23:34:23'),(1722,535,68,1,3382.50,0.00,0.00,0.00,0.00,0.00,3382.50,'2016-02-04 23:34:23','2016-02-04 23:34:23'),(1723,535,72,1,771.00,0.00,0.00,0.00,0.00,0.00,771.00,'2016-02-04 23:34:23','2016-02-04 23:34:23'),(1724,536,57,1,21.00,0.00,0.00,0.00,0.00,0.00,21.00,'2016-02-04 23:38:19','2016-02-04 23:38:19'),(1725,536,54,1,514.50,0.00,0.00,0.00,0.00,0.00,514.50,'2016-02-04 23:38:19','2016-02-04 23:38:19'),(1726,537,71,1,21.00,0.00,0.00,0.00,0.00,0.00,21.00,'2016-02-04 23:43:08','2016-02-04 23:43:08'),(1727,537,72,1,771.00,0.00,0.00,0.00,0.00,0.00,771.00,'2016-02-04 23:43:08','2016-02-04 23:43:08'),(1728,538,71,1,21.00,0.00,0.00,0.00,0.00,0.00,21.00,'2016-02-04 23:45:48','2016-02-04 23:45:48'),(1729,538,72,1,771.00,0.00,0.00,0.00,0.00,0.00,771.00,'2016-02-04 23:45:48','2016-02-04 23:45:48'),(1730,539,71,1,21.00,0.00,0.00,0.00,0.00,0.00,21.00,'2016-02-04 23:48:41','2016-02-04 23:48:41'),(1731,539,68,1,3936.00,0.00,0.00,0.00,0.00,0.00,3936.00,'2016-02-04 23:48:41','2016-02-04 23:48:41'),(1732,539,72,1,771.00,0.00,0.00,0.00,0.00,0.00,771.00,'2016-02-04 23:48:41','2016-02-04 23:48:41'),(1733,540,71,1,21.00,0.00,0.00,0.00,0.00,0.00,21.00,'2016-02-04 23:51:02','2016-02-04 23:51:02'),(1734,540,68,1,3936.00,0.00,0.00,0.00,0.00,0.00,3936.00,'2016-02-04 23:51:02','2016-02-04 23:51:02'),(1735,541,57,1,21.00,0.00,0.00,0.00,0.00,0.00,21.00,'2016-02-04 23:55:34','2016-02-04 23:55:34'),(1736,541,54,1,367.50,0.00,0.00,0.00,0.00,0.00,367.50,'2016-02-04 23:55:34','2016-02-04 23:55:34'),(1737,542,71,1,21.00,0.00,0.00,0.00,0.00,0.00,21.00,'2016-02-04 23:58:21','2016-02-04 23:58:21'),(1738,542,68,1,4042.50,0.00,0.00,0.00,0.00,0.00,4042.50,'2016-02-04 23:58:21','2016-02-04 23:58:21'),(1739,543,71,1,21.00,0.00,0.00,0.00,0.00,0.00,21.00,'2016-02-05 00:02:27','2016-02-05 00:02:27'),(1740,543,68,1,4428.00,0.00,0.00,0.00,0.00,0.00,4428.00,'2016-02-05 00:02:27','2016-02-05 00:02:27'),(1741,543,72,1,771.00,0.00,0.00,0.00,0.00,0.00,771.00,'2016-02-05 00:02:27','2016-02-05 00:02:27'),(1742,544,71,1,21.00,0.00,0.00,0.00,0.00,0.00,21.00,'2016-02-05 00:30:22','2016-02-05 00:30:22'),(1743,544,69,1,4757.28,0.00,0.00,0.00,0.00,0.00,4757.28,'2016-02-05 00:30:22','2016-02-05 00:30:22'),(1744,544,68,1,3895.50,0.00,0.00,0.00,0.00,0.00,3895.50,'2016-02-05 00:30:22','2016-02-05 00:30:22'),(1745,545,57,1,21.00,0.00,0.00,0.00,0.00,0.00,21.00,'2016-02-05 01:02:55','2016-02-05 01:02:55'),(1746,545,55,1,1099.56,0.00,0.00,0.00,0.00,0.00,1099.56,'2016-02-05 01:02:55','2016-02-05 01:02:55'),(1747,545,54,1,514.50,0.00,0.00,0.00,0.00,0.00,514.50,'2016-02-05 01:02:55','2016-02-05 01:02:55'),(1748,546,71,1,21.00,0.00,0.00,0.00,0.00,0.00,21.00,'2016-02-05 01:06:09','2016-02-05 01:06:09'),(1749,546,68,1,3936.00,0.00,0.00,0.00,0.00,0.00,3936.00,'2016-02-05 01:06:09','2016-02-05 01:06:09'),(1750,546,72,1,771.00,0.00,0.00,0.00,0.00,0.00,771.00,'2016-02-05 01:06:09','2016-02-05 01:06:09'),(1751,547,71,1,21.00,0.00,0.00,0.00,0.00,0.00,21.00,'2016-02-05 01:12:47','2016-02-05 01:12:47'),(1752,547,68,1,3813.00,0.00,0.00,0.00,0.00,0.00,3813.00,'2016-02-05 01:12:47','2016-02-05 01:12:47'),(1753,547,72,1,771.00,0.00,0.00,0.00,0.00,0.00,771.00,'2016-02-05 01:12:47','2016-02-05 01:12:47'),(1754,548,71,1,21.00,0.00,0.00,0.00,0.00,0.00,21.00,'2016-02-05 01:14:03','2016-02-05 01:14:03'),(1755,548,68,1,4557.00,0.00,0.00,0.00,0.00,0.00,4557.00,'2016-02-05 01:14:03','2016-02-05 01:14:03'),(1756,549,71,1,21.00,0.00,0.00,0.00,0.00,0.00,21.00,'2016-02-05 01:16:48','2016-02-05 01:16:48'),(1757,549,68,1,3936.00,0.00,0.00,0.00,0.00,0.00,3936.00,'2016-02-05 01:16:48','2016-02-05 01:16:48'),(1758,549,72,1,771.00,0.00,0.00,0.00,0.00,0.00,771.00,'2016-02-05 01:16:48','2016-02-05 01:16:48'),(1759,550,71,1,21.00,0.00,0.00,0.00,0.00,0.00,21.00,'2016-02-05 01:19:20','2016-02-05 01:19:20'),(1760,550,68,1,4042.50,0.00,0.00,0.00,0.00,0.00,4042.50,'2016-02-05 01:19:20','2016-02-05 01:19:20'),(1761,550,72,1,771.00,0.00,0.00,0.00,0.00,0.00,771.00,'2016-02-05 01:19:20','2016-02-05 01:19:20'),(1762,551,57,1,21.00,0.00,0.00,0.00,0.00,0.00,21.00,'2016-02-05 01:21:24','2016-02-05 01:21:24'),(1763,551,54,1,123.00,0.00,0.00,0.00,0.00,0.00,123.00,'2016-02-05 01:21:24','2016-02-05 01:21:24'),(1764,552,57,1,21.00,0.00,0.00,0.00,0.00,0.00,21.00,'2016-02-05 01:23:32','2016-02-05 01:23:32'),(1765,552,54,1,1485.00,0.00,0.00,0.00,0.00,0.00,1485.00,'2016-02-05 01:23:32','2016-02-05 01:23:32'),(1766,553,71,1,21.00,0.00,0.00,0.00,0.00,0.00,21.00,'2016-02-05 01:25:40','2016-02-05 01:25:40'),(1767,553,68,1,3936.00,0.00,0.00,0.00,0.00,0.00,3936.00,'2016-02-05 01:25:40','2016-02-05 01:25:40'),(1768,553,72,1,771.00,0.00,0.00,0.00,0.00,0.00,771.00,'2016-02-05 01:25:40','2016-02-05 01:25:40'),(1769,554,71,1,21.00,0.00,0.00,0.00,0.00,0.00,21.00,'2016-02-05 01:28:11','2016-02-05 01:28:11'),(1770,554,69,1,7270.56,0.00,0.00,0.00,0.00,0.00,7270.56,'2016-02-05 01:28:11','2016-02-05 01:28:11'),(1771,554,68,1,5292.00,0.00,0.00,0.00,0.00,0.00,5292.00,'2016-02-05 01:28:11','2016-02-05 01:28:11'),(1772,555,71,1,21.00,0.00,0.00,0.00,0.00,0.00,21.00,'2016-02-05 01:30:23','2016-02-05 01:30:23'),(1773,555,68,1,3936.00,0.00,0.00,0.00,0.00,0.00,3936.00,'2016-02-05 01:30:23','2016-02-05 01:30:23'),(1774,555,72,1,771.00,0.00,0.00,0.00,0.00,0.00,771.00,'2016-02-05 01:30:23','2016-02-05 01:30:23'),(1775,556,57,1,21.00,0.00,0.00,0.00,0.00,0.00,21.00,'2016-02-05 01:34:13','2016-02-05 01:34:13'),(1776,556,54,1,123.00,0.00,0.00,0.00,0.00,0.00,123.00,'2016-02-05 01:34:13','2016-02-05 01:34:13'),(1777,557,57,1,21.00,0.00,0.00,0.00,0.00,0.00,21.00,'2016-02-05 01:36:38','2016-02-05 01:36:38'),(1778,557,55,1,1077.12,0.00,0.00,0.00,0.00,0.00,1077.12,'2016-02-05 01:36:38','2016-02-05 01:36:38'),(1779,557,54,1,441.00,0.00,0.00,0.00,0.00,0.00,441.00,'2016-02-05 01:36:38','2016-02-05 01:36:38'),(1780,558,57,1,21.00,0.00,0.00,0.00,0.00,0.00,21.00,'2016-02-05 01:41:10','2016-02-05 01:41:10'),(1781,558,55,1,403.92,0.00,0.00,0.00,0.00,0.00,403.92,'2016-02-05 01:41:10','2016-02-05 01:41:10'),(1782,558,54,1,369.00,0.00,0.00,0.00,0.00,0.00,369.00,'2016-02-05 01:41:10','2016-02-05 01:41:10'),(1783,559,57,1,21.00,0.00,0.00,0.00,0.00,0.00,21.00,'2016-02-05 01:45:47','2016-02-05 01:45:47'),(1784,559,54,1,430.50,0.00,0.00,0.00,0.00,0.00,430.50,'2016-02-05 01:45:47','2016-02-05 01:45:47'),(1785,560,57,1,21.00,0.00,0.00,0.00,0.00,0.00,21.00,'2016-02-05 01:49:28','2016-02-05 01:49:28'),(1786,560,54,1,430.50,0.00,0.00,0.00,0.00,0.00,430.50,'2016-02-05 01:49:28','2016-02-05 01:49:28'),(1787,561,57,1,21.00,0.00,0.00,0.00,0.00,0.00,21.00,'2016-02-05 01:53:58','2016-02-05 01:53:58'),(1788,561,55,1,10838.52,0.00,0.00,0.00,0.00,0.00,10838.52,'2016-02-05 01:53:58','2016-02-05 01:53:58'),(1789,561,54,1,430.50,0.00,0.00,0.00,0.00,0.00,430.50,'2016-02-05 01:53:58','2016-02-05 01:53:58'),(1790,562,71,1,21.00,0.00,0.00,0.00,0.00,0.00,21.00,'2016-02-05 01:54:11','2016-02-05 01:54:11'),(1791,562,68,1,3259.50,0.00,0.00,0.00,0.00,0.00,3259.50,'2016-02-05 01:54:11','2016-02-05 01:54:11'),(1792,562,72,1,771.00,0.00,0.00,0.00,0.00,0.00,771.00,'2016-02-05 01:54:11','2016-02-05 01:54:11'),(1793,563,71,1,21.00,0.00,0.00,0.00,0.00,0.00,21.00,'2016-02-05 01:56:58','2016-02-05 01:56:58'),(1794,563,69,1,5351.94,0.00,0.00,0.00,0.00,0.00,5351.94,'2016-02-05 01:56:58','2016-02-05 01:56:58'),(1795,563,68,1,3895.50,0.00,0.00,0.00,0.00,0.00,3895.50,'2016-02-05 01:56:58','2016-02-05 01:56:58'),(1796,563,72,1,3084.00,0.00,0.00,0.00,0.00,0.00,3084.00,'2016-02-05 01:56:58','2016-02-05 01:56:58'),(1797,564,57,1,21.00,0.00,0.00,0.00,0.00,0.00,21.00,'2016-02-05 01:59:17','2016-02-05 01:59:17'),(1798,564,54,1,61.50,0.00,0.00,0.00,0.00,0.00,61.50,'2016-02-05 01:59:17','2016-02-05 01:59:17'),(1799,565,71,1,21.00,0.00,0.00,0.00,0.00,0.00,21.00,'2016-02-05 01:59:54','2016-02-05 01:59:54'),(1800,565,68,1,3382.50,0.00,0.00,0.00,0.00,0.00,3382.50,'2016-02-05 01:59:54','2016-02-05 01:59:54'),(1801,565,72,1,771.00,0.00,0.00,0.00,0.00,0.00,771.00,'2016-02-05 01:59:54','2016-02-05 01:59:54'),(1802,566,71,1,21.00,0.00,0.00,0.00,0.00,0.00,21.00,'2016-02-05 02:02:54','2016-02-05 02:02:54'),(1803,566,69,1,6462.72,0.00,0.00,0.00,0.00,0.00,6462.72,'2016-02-05 02:02:54','2016-02-05 02:02:54'),(1804,566,68,1,5292.00,0.00,0.00,0.00,0.00,0.00,5292.00,'2016-02-05 02:02:54','2016-02-05 02:02:54'),(1805,566,72,1,1542.00,0.00,0.00,0.00,0.00,0.00,1542.00,'2016-02-05 02:02:54','2016-02-05 02:02:54'),(1806,567,71,1,21.00,0.00,0.00,0.00,0.00,0.00,21.00,'2016-02-05 02:05:28','2016-02-05 02:05:28'),(1807,567,68,1,3936.00,0.00,0.00,0.00,0.00,0.00,3936.00,'2016-02-05 02:05:28','2016-02-05 02:05:28'),(1808,567,72,1,771.00,0.00,0.00,0.00,0.00,0.00,771.00,'2016-02-05 02:05:28','2016-02-05 02:05:28'),(1809,568,57,1,21.00,0.00,0.00,0.00,0.00,0.00,21.00,'2016-02-05 02:06:28','2016-02-05 02:06:28'),(1810,568,55,1,89.76,0.00,0.00,0.00,0.00,0.00,89.76,'2016-02-05 02:06:28','2016-02-05 02:06:28'),(1811,568,54,1,123.00,0.00,0.00,0.00,0.00,0.00,123.00,'2016-02-05 02:06:28','2016-02-05 02:06:28'),(1812,569,71,1,21.00,0.00,0.00,0.00,0.00,0.00,21.00,'2016-02-05 02:07:48','2016-02-05 02:07:48'),(1813,569,68,1,4042.50,0.00,0.00,0.00,0.00,0.00,4042.50,'2016-02-05 02:07:48','2016-02-05 02:07:48'),(1814,569,72,1,771.00,0.00,0.00,0.00,0.00,0.00,771.00,'2016-02-05 02:07:48','2016-02-05 02:07:48'),(1815,570,71,1,21.00,0.00,0.00,0.00,0.00,0.00,21.00,'2016-02-05 02:12:00','2016-02-05 02:12:00'),(1816,570,69,1,5553.90,0.00,0.00,0.00,0.00,0.00,5553.90,'2016-02-05 02:12:00','2016-02-05 02:12:00'),(1817,570,68,1,4042.50,0.00,0.00,0.00,0.00,0.00,4042.50,'2016-02-05 02:12:00','2016-02-05 02:12:00'),(1818,570,72,1,2313.00,0.00,0.00,0.00,0.00,0.00,2313.00,'2016-02-05 02:12:00','2016-02-05 02:12:00'),(1819,571,71,1,21.00,0.00,0.00,0.00,0.00,0.00,21.00,'2016-02-05 02:12:30','2016-02-05 02:12:30'),(1820,571,68,1,307.50,0.00,0.00,0.00,0.00,0.00,307.50,'2016-02-05 02:12:30','2016-02-05 02:12:30'),(1821,572,71,1,21.00,0.00,0.00,0.00,0.00,0.00,21.00,'2016-02-05 02:14:33','2016-02-05 02:14:33'),(1822,572,68,1,3382.50,0.00,0.00,0.00,0.00,0.00,3382.50,'2016-02-05 02:14:33','2016-02-05 02:14:33'),(1823,572,72,1,771.00,0.00,0.00,0.00,0.00,0.00,771.00,'2016-02-05 02:14:33','2016-02-05 02:14:33'),(1824,573,71,1,21.00,0.00,0.00,0.00,0.00,0.00,21.00,'2016-02-05 02:17:19','2016-02-05 02:17:19'),(1825,573,68,1,307.50,0.00,0.00,0.00,0.00,0.00,307.50,'2016-02-05 02:17:19','2016-02-05 02:17:19'),(1826,574,71,1,21.00,0.00,0.00,0.00,0.00,0.00,21.00,'2016-02-05 02:21:18','2016-02-05 02:21:18'),(1827,574,68,1,307.50,0.00,0.00,0.00,0.00,0.00,307.50,'2016-02-05 02:21:18','2016-02-05 02:21:18'),(1828,575,57,1,21.00,0.00,0.00,0.00,0.00,0.00,21.00,'2016-02-05 02:22:55','2016-02-05 02:22:55'),(1829,575,54,1,1020.00,0.00,0.00,0.00,0.00,0.00,1020.00,'2016-02-05 02:22:55','2016-02-05 02:22:55'),(1830,576,71,1,21.00,0.00,0.00,0.00,0.00,0.00,21.00,'2016-02-05 02:23:03','2016-02-05 02:23:03'),(1831,576,68,1,307.50,0.00,0.00,0.00,0.00,0.00,307.50,'2016-02-05 02:23:03','2016-02-05 02:23:03'),(1832,577,71,1,21.00,0.00,0.00,0.00,0.00,0.00,21.00,'2016-02-05 02:24:55','2016-02-05 02:24:55'),(1833,577,68,1,307.50,0.00,0.00,0.00,0.00,0.00,307.50,'2016-02-05 02:24:55','2016-02-05 02:24:55'),(1834,578,57,1,21.00,0.00,0.00,0.00,0.00,0.00,21.00,'2016-02-05 02:24:56','2016-02-05 02:24:56'),(1835,578,54,1,1147.50,0.00,0.00,0.00,0.00,0.00,1147.50,'2016-02-05 02:24:56','2016-02-05 02:24:56'),(1836,579,71,1,21.00,0.00,0.00,0.00,0.00,0.00,21.00,'2016-02-05 02:28:01','2016-02-05 02:28:01'),(1837,579,72,1,771.00,0.00,0.00,0.00,0.00,0.00,771.00,'2016-02-05 02:28:01','2016-02-05 02:28:01'),(1838,580,71,1,21.00,0.00,0.00,0.00,0.00,0.00,21.00,'2016-02-05 02:29:00','2016-02-05 02:29:00'),(1839,580,72,1,771.00,0.00,0.00,0.00,0.00,0.00,771.00,'2016-02-05 02:29:00','2016-02-05 02:29:00'),(1840,581,71,1,21.00,0.00,0.00,0.00,0.00,0.00,21.00,'2016-02-05 02:30:18','2016-02-05 02:30:18'),(1841,581,72,1,771.00,0.00,0.00,0.00,0.00,0.00,771.00,'2016-02-05 02:30:18','2016-02-05 02:30:18'),(1842,582,71,1,21.00,0.00,0.00,0.00,0.00,0.00,21.00,'2016-02-05 02:33:06','2016-02-05 02:33:06'),(1843,582,68,1,3936.00,0.00,0.00,0.00,0.00,0.00,3936.00,'2016-02-05 02:33:06','2016-02-05 02:33:06'),(1844,582,72,1,771.00,0.00,0.00,0.00,0.00,0.00,771.00,'2016-02-05 02:33:06','2016-02-05 02:33:06'),(1845,583,71,1,21.00,0.00,0.00,0.00,0.00,0.00,21.00,'2016-02-05 02:33:13','2016-02-05 02:33:13'),(1846,583,72,1,771.00,0.00,0.00,0.00,0.00,0.00,771.00,'2016-02-05 02:33:13','2016-02-05 02:33:13'),(1847,584,71,1,21.00,0.00,0.00,0.00,0.00,0.00,21.00,'2016-02-05 02:35:13','2016-02-05 02:35:13'),(1848,584,68,1,4489.50,0.00,0.00,0.00,0.00,0.00,4489.50,'2016-02-05 02:35:13','2016-02-05 02:35:13'),(1849,584,72,1,771.00,0.00,0.00,0.00,0.00,0.00,771.00,'2016-02-05 02:35:13','2016-02-05 02:35:13'),(1850,585,57,1,21.00,0.00,0.00,0.00,0.00,0.00,21.00,'2016-02-05 02:45:48','2016-02-05 02:45:48'),(1851,585,55,1,11168.69,0.00,0.00,0.00,0.00,0.00,11168.69,'2016-02-05 02:45:48','2016-02-05 02:45:48'),(1852,585,54,1,2722.50,0.00,0.00,0.00,0.00,0.00,2722.50,'2016-02-05 02:45:48','2016-02-05 02:45:48'),(1853,586,71,1,21.00,0.00,0.00,0.00,0.00,0.00,21.00,'2016-02-05 02:50:09','2016-02-05 02:50:09'),(1854,586,69,1,807.84,0.00,0.00,0.00,0.00,0.00,807.84,'2016-02-05 02:50:09','2016-02-05 02:50:09'),(1855,586,68,1,4428.00,0.00,0.00,0.00,0.00,0.00,4428.00,'2016-02-05 02:50:09','2016-02-05 02:50:09'),(1856,587,71,1,21.00,0.00,0.00,0.00,0.00,0.00,21.00,'2016-02-05 02:52:06','2016-02-05 02:52:06'),(1857,587,68,1,4489.50,0.00,0.00,0.00,0.00,0.00,4489.50,'2016-02-05 02:52:06','2016-02-05 02:52:06'),(1858,587,72,1,771.00,0.00,0.00,0.00,0.00,0.00,771.00,'2016-02-05 02:52:06','2016-02-05 02:52:06'),(1859,588,71,1,21.00,0.00,0.00,0.00,0.00,0.00,21.00,'2016-02-05 02:54:01','2016-02-05 02:54:01'),(1860,588,68,1,3259.50,0.00,0.00,0.00,0.00,0.00,3259.50,'2016-02-05 02:54:01','2016-02-05 02:54:01'),(1861,588,72,1,771.00,0.00,0.00,0.00,0.00,0.00,771.00,'2016-02-05 02:54:01','2016-02-05 02:54:01'),(1862,589,57,1,21.00,0.00,0.00,0.00,0.00,0.00,21.00,'2016-02-05 17:39:35','2016-02-05 17:39:35'),(1863,589,55,1,3096.72,0.00,0.00,0.00,0.00,0.00,3096.72,'2016-02-05 17:39:35','2016-02-05 17:39:35'),(1864,589,54,1,369.00,0.00,0.00,0.00,0.00,0.00,369.00,'2016-02-05 17:39:35','2016-02-05 17:39:35'),(1865,590,71,1,21.00,0.00,0.00,0.00,0.00,0.00,21.00,'2016-02-05 17:40:57','2016-02-05 17:40:57'),(1866,590,68,1,61.50,0.00,0.00,0.00,0.00,0.00,61.50,'2016-02-05 17:40:57','2016-02-05 17:40:57'),(1867,591,57,1,21.00,0.00,0.00,0.00,0.00,0.00,21.00,'2016-02-05 17:43:36','2016-02-05 17:43:36'),(1868,591,54,1,61.50,0.00,0.00,0.00,0.00,0.00,61.50,'2016-02-05 17:43:36','2016-02-05 17:43:36'),(1869,592,71,1,21.00,0.00,0.00,0.00,0.00,0.00,21.00,'2016-02-05 17:46:04','2016-02-05 17:46:04'),(1870,592,68,1,3936.00,0.00,0.00,0.00,0.00,0.00,3936.00,'2016-02-05 17:46:04','2016-02-05 17:46:04'),(1871,592,72,1,771.00,0.00,0.00,0.00,0.00,0.00,771.00,'2016-02-05 17:46:04','2016-02-05 17:46:04'),(1872,593,71,1,21.00,0.00,0.00,0.00,0.00,0.00,21.00,'2016-02-05 17:48:05','2016-02-05 17:48:05'),(1873,593,69,1,6462.72,0.00,0.00,0.00,0.00,0.00,6462.72,'2016-02-05 17:48:05','2016-02-05 17:48:05'),(1874,593,68,1,5292.00,0.00,0.00,0.00,0.00,0.00,5292.00,'2016-02-05 17:48:05','2016-02-05 17:48:05'),(1875,593,72,1,2313.00,0.00,0.00,0.00,0.00,0.00,2313.00,'2016-02-05 17:48:05','2016-02-05 17:48:05'),(1876,594,57,1,21.00,0.00,0.00,0.00,0.00,0.00,21.00,'2016-02-05 17:50:09','2016-02-05 17:50:09'),(1877,594,54,1,430.50,0.00,0.00,0.00,0.00,0.00,430.50,'2016-02-05 17:50:09','2016-02-05 17:50:09'),(1878,595,57,1,21.00,0.00,0.00,0.00,0.00,0.00,21.00,'2016-02-05 17:57:18','2016-02-05 17:57:18'),(1879,595,54,1,892.50,0.00,0.00,0.00,0.00,0.00,892.50,'2016-02-05 17:57:18','2016-02-05 17:57:18'),(1880,596,57,1,21.00,0.00,0.00,0.00,0.00,0.00,21.00,'2016-02-05 18:04:43','2016-02-05 18:04:43'),(1881,596,55,1,2251.40,0.00,0.00,0.00,0.00,0.00,2251.40,'2016-02-05 18:04:43','2016-02-05 18:04:43'),(1882,596,54,1,1147.50,0.00,0.00,0.00,0.00,0.00,1147.50,'2016-02-05 18:04:43','2016-02-05 18:04:43'),(1883,597,57,1,21.00,0.00,0.00,0.00,0.00,0.00,21.00,'2016-02-05 18:17:02','2016-02-05 18:17:02'),(1884,597,55,1,2001.24,0.00,0.00,0.00,0.00,0.00,2001.24,'2016-02-05 18:17:02','2016-02-05 18:17:02'),(1885,597,54,1,1980.00,0.00,0.00,0.00,0.00,0.00,1980.00,'2016-02-05 18:17:02','2016-02-05 18:17:02'),(1886,598,71,1,21.00,0.00,0.00,0.00,0.00,0.00,21.00,'2016-02-05 18:24:42','2016-02-05 18:24:42'),(1887,598,69,1,5946.60,0.00,0.00,0.00,0.00,0.00,5946.60,'2016-02-05 18:24:42','2016-02-05 18:24:42'),(1888,598,68,1,3895.50,0.00,0.00,0.00,0.00,0.00,3895.50,'2016-02-05 18:24:42','2016-02-05 18:24:42'),(1889,598,72,1,3084.00,0.00,0.00,0.00,0.00,0.00,3084.00,'2016-02-05 18:24:42','2016-02-05 18:24:42'),(1890,599,71,1,21.00,0.00,0.00,0.00,0.00,0.00,21.00,'2016-02-05 18:28:25','2016-02-05 18:28:25'),(1891,599,68,1,3259.50,0.00,0.00,0.00,0.00,0.00,3259.50,'2016-02-05 18:28:25','2016-02-05 18:28:25'),(1892,599,72,1,771.00,0.00,0.00,0.00,0.00,0.00,771.00,'2016-02-05 18:28:25','2016-02-05 18:28:25'),(1893,600,71,1,21.00,0.00,0.00,0.00,0.00,0.00,21.00,'2016-02-05 18:30:25','2016-02-05 18:30:25'),(1894,600,68,1,4428.00,0.00,0.00,0.00,0.00,0.00,4428.00,'2016-02-05 18:30:25','2016-02-05 18:30:25'),(1895,600,72,1,771.00,0.00,0.00,0.00,0.00,0.00,771.00,'2016-02-05 18:30:25','2016-02-05 18:30:25'),(1896,601,71,1,21.00,0.00,0.00,0.00,0.00,0.00,21.00,'2016-02-05 18:32:13','2016-02-05 18:32:13'),(1897,601,68,1,307.50,0.00,0.00,0.00,0.00,0.00,307.50,'2016-02-05 18:32:13','2016-02-05 18:32:13'),(1898,602,71,1,21.00,0.00,0.00,0.00,0.00,0.00,21.00,'2016-02-05 18:34:04','2016-02-05 18:34:04'),(1899,602,68,1,307.50,0.00,0.00,0.00,0.00,0.00,307.50,'2016-02-05 18:34:04','2016-02-05 18:34:04'),(1900,603,57,1,21.00,0.00,0.00,0.00,0.00,0.00,21.00,'2016-02-05 18:35:47','2016-02-05 18:35:47'),(1901,603,55,1,6541.26,0.00,0.00,0.00,0.00,0.00,6541.26,'2016-02-05 18:35:47','2016-02-05 18:35:47'),(1902,603,54,1,676.50,0.00,0.00,0.00,0.00,0.00,676.50,'2016-02-05 18:35:47','2016-02-05 18:35:47'),(1903,604,57,1,21.00,0.00,0.00,0.00,0.00,0.00,21.00,'2016-02-05 18:37:48','2016-02-05 18:37:48'),(1904,604,54,1,1020.00,0.00,0.00,0.00,0.00,0.00,1020.00,'2016-02-05 18:37:48','2016-02-05 18:37:48'),(1905,605,71,1,21.00,0.00,0.00,0.00,0.00,0.00,21.00,'2016-02-05 18:45:25','2016-02-05 18:45:25'),(1906,605,72,1,771.00,0.00,0.00,0.00,0.00,0.00,771.00,'2016-02-05 18:45:25','2016-02-05 18:45:25'),(1907,606,71,1,21.00,0.00,0.00,0.00,0.00,0.00,21.00,'2016-02-05 18:48:43','2016-02-05 18:48:43'),(1908,606,72,1,771.00,0.00,0.00,0.00,0.00,0.00,771.00,'2016-02-05 18:48:43','2016-02-05 18:48:43'),(1909,607,57,1,21.00,0.00,0.00,0.00,0.00,0.00,21.00,'2016-02-05 18:53:44','2016-02-05 18:53:44'),(1910,607,54,1,430.50,0.00,0.00,0.00,0.00,0.00,430.50,'2016-02-05 18:53:44','2016-02-05 18:53:44'),(1911,608,71,1,21.00,0.00,0.00,0.00,0.00,0.00,21.00,'2016-02-05 18:56:23','2016-02-05 18:56:23'),(1912,608,69,1,89.76,0.00,0.00,0.00,0.00,0.00,89.76,'2016-02-05 18:56:23','2016-02-05 18:56:23'),(1913,608,68,1,492.00,0.00,0.00,0.00,0.00,0.00,492.00,'2016-02-05 18:56:23','2016-02-05 18:56:23'),(1914,609,57,1,21.00,0.00,0.00,0.00,0.00,0.00,21.00,'2016-02-05 19:02:49','2016-02-05 19:02:49'),(1915,609,55,1,10594.80,0.00,0.00,0.00,0.00,0.00,10594.80,'2016-02-05 19:02:49','2016-02-05 19:02:49'),(1916,609,54,1,1275.00,0.00,0.00,0.00,0.00,0.00,1275.00,'2016-02-05 19:02:49','2016-02-05 19:02:49'),(1917,610,57,1,21.00,0.00,0.00,0.00,0.00,0.00,21.00,'2016-02-05 19:09:00','2016-02-05 19:09:00'),(1918,610,54,1,1237.50,0.00,0.00,0.00,0.00,0.00,1237.50,'2016-02-05 19:09:00','2016-02-05 19:09:00'),(1919,611,57,1,21.00,0.00,0.00,0.00,0.00,0.00,21.00,'2016-02-05 19:11:07','2016-02-05 19:11:07'),(1920,611,54,1,808.50,0.00,0.00,0.00,0.00,0.00,808.50,'2016-02-05 19:11:07','2016-02-05 19:11:07'),(1921,612,71,1,21.00,0.00,0.00,0.00,0.00,0.00,21.00,'2016-02-05 19:12:59','2016-02-05 19:12:59'),(1922,612,68,1,4428.00,0.00,0.00,0.00,0.00,0.00,4428.00,'2016-02-05 19:12:59','2016-02-05 19:12:59'),(1923,612,72,1,771.00,0.00,0.00,0.00,0.00,0.00,771.00,'2016-02-05 19:12:59','2016-02-05 19:12:59'),(1924,613,71,1,21.00,0.00,0.00,0.00,0.00,0.00,21.00,'2016-02-05 19:14:53','2016-02-05 19:14:53'),(1925,613,68,1,3936.00,0.00,0.00,0.00,0.00,0.00,3936.00,'2016-02-05 19:14:53','2016-02-05 19:14:53'),(1926,613,72,1,771.00,0.00,0.00,0.00,0.00,0.00,771.00,'2016-02-05 19:14:53','2016-02-05 19:14:53'),(1927,614,57,1,21.00,0.00,0.00,0.00,0.00,0.00,21.00,'2016-02-06 00:32:47','2016-02-06 00:32:47'),(1928,614,55,1,1118.34,0.00,0.00,0.00,0.00,0.00,1118.34,'2016-02-06 00:32:47','2016-02-06 00:32:47'),(1929,614,54,1,255.00,0.00,0.00,0.00,0.00,0.00,255.00,'2016-02-06 00:32:47','2016-02-06 00:32:47'),(1930,615,71,1,21.00,0.00,0.00,0.00,0.00,0.00,21.00,'2016-02-06 00:38:42','2016-02-06 00:38:42'),(1931,615,69,1,5654.88,0.00,0.00,0.00,0.00,0.00,5654.88,'2016-02-06 00:38:42','2016-02-06 00:38:42'),(1932,615,68,1,5292.00,0.00,0.00,0.00,0.00,0.00,5292.00,'2016-02-06 00:38:42','2016-02-06 00:38:42'),(1933,616,71,1,21.00,0.00,0.00,0.00,0.00,0.00,21.00,'2016-02-06 00:42:49','2016-02-06 00:42:49'),(1934,616,69,1,3567.96,0.00,0.00,0.00,0.00,0.00,3567.96,'2016-02-06 00:42:49','2016-02-06 00:42:49'),(1935,616,68,1,3895.50,0.00,0.00,0.00,0.00,0.00,3895.50,'2016-02-06 00:42:49','2016-02-06 00:42:49'),(1936,616,72,1,1542.00,0.00,0.00,0.00,0.00,0.00,1542.00,'2016-02-06 00:42:49','2016-02-06 00:42:49'),(1937,617,71,1,21.00,0.00,0.00,0.00,0.00,0.00,21.00,'2016-02-06 00:45:13','2016-02-06 00:45:13'),(1938,617,69,1,4162.62,0.00,0.00,0.00,0.00,0.00,4162.62,'2016-02-06 00:45:13','2016-02-06 00:45:13'),(1939,617,68,1,3895.50,0.00,0.00,0.00,0.00,0.00,3895.50,'2016-02-06 00:45:13','2016-02-06 00:45:13'),(1940,618,71,1,21.00,0.00,0.00,0.00,0.00,0.00,21.00,'2016-02-06 00:47:23','2016-02-06 00:47:23'),(1941,618,69,1,4162.62,0.00,0.00,0.00,0.00,0.00,4162.62,'2016-02-06 00:47:23','2016-02-06 00:47:23'),(1942,618,68,1,3895.50,0.00,0.00,0.00,0.00,0.00,3895.50,'2016-02-06 00:47:23','2016-02-06 00:47:23'),(1943,618,72,1,1542.00,0.00,0.00,0.00,0.00,0.00,1542.00,'2016-02-06 00:47:23','2016-02-06 00:47:23'),(1944,619,71,1,21.00,0.00,0.00,0.00,0.00,0.00,21.00,'2016-02-06 00:56:16','2016-02-06 00:56:16'),(1945,619,69,1,4162.62,0.00,0.00,0.00,0.00,0.00,4162.62,'2016-02-06 00:56:16','2016-02-06 00:56:16'),(1946,619,68,1,3895.50,0.00,0.00,0.00,0.00,0.00,3895.50,'2016-02-06 00:56:16','2016-02-06 00:56:16'),(1947,620,57,1,21.00,0.00,0.00,0.00,0.00,0.00,21.00,'2016-02-06 00:58:30','2016-02-06 00:58:30'),(1948,620,54,1,61.50,0.00,0.00,0.00,0.00,0.00,61.50,'2016-02-06 00:58:30','2016-02-06 00:58:30'),(1949,621,71,1,21.00,0.00,0.00,0.00,0.00,0.00,21.00,'2016-02-06 01:05:07','2016-02-06 01:05:07'),(1950,621,69,1,4757.28,0.00,0.00,0.00,0.00,0.00,4757.28,'2016-02-06 01:05:07','2016-02-06 01:05:07'),(1951,621,68,1,3895.50,0.00,0.00,0.00,0.00,0.00,3895.50,'2016-02-06 01:05:07','2016-02-06 01:05:07'),(1952,621,72,1,1542.00,0.00,0.00,0.00,0.00,0.00,1542.00,'2016-02-06 01:05:07','2016-02-06 01:05:07'),(1953,622,71,1,21.00,0.00,0.00,0.00,0.00,0.00,21.00,'2016-02-06 01:07:44','2016-02-06 01:07:44'),(1954,622,68,1,4042.50,0.00,0.00,0.00,0.00,0.00,4042.50,'2016-02-06 01:07:44','2016-02-06 01:07:44'),(1955,622,72,1,771.00,0.00,0.00,0.00,0.00,0.00,771.00,'2016-02-06 01:07:44','2016-02-06 01:07:44'),(1956,623,71,1,21.00,0.00,0.00,0.00,0.00,0.00,21.00,'2016-02-06 01:09:39','2016-02-06 01:09:39'),(1957,623,68,1,3936.00,0.00,0.00,0.00,0.00,0.00,3936.00,'2016-02-06 01:09:39','2016-02-06 01:09:39'),(1958,623,72,1,771.00,0.00,0.00,0.00,0.00,0.00,771.00,'2016-02-06 01:09:39','2016-02-06 01:09:39'),(1959,624,57,1,21.00,0.00,0.00,0.00,0.00,0.00,21.00,'2016-02-06 01:11:35','2016-02-06 01:11:35'),(1960,624,54,1,369.00,0.00,0.00,0.00,0.00,0.00,369.00,'2016-02-06 01:11:35','2016-02-06 01:11:35'),(1961,625,57,1,21.00,0.00,0.00,0.00,0.00,0.00,21.00,'2016-02-06 01:17:49','2016-02-06 01:17:49'),(1962,625,55,1,2516.27,0.00,0.00,0.00,0.00,0.00,2516.27,'2016-02-06 01:17:49','2016-02-06 01:17:49'),(1963,625,54,1,1147.50,0.00,0.00,0.00,0.00,0.00,1147.50,'2016-02-06 01:17:49','2016-02-06 01:17:49'),(1964,626,57,1,21.00,0.00,0.00,0.00,0.00,0.00,21.00,'2016-02-06 01:23:17','2016-02-06 01:23:17'),(1965,626,55,1,471.24,0.00,0.00,0.00,0.00,0.00,471.24,'2016-02-06 01:23:17','2016-02-06 01:23:17'),(1966,626,54,1,369.00,0.00,0.00,0.00,0.00,0.00,369.00,'2016-02-06 01:23:17','2016-02-06 01:23:17'),(1967,627,71,1,21.00,0.00,0.00,0.00,0.00,0.00,21.00,'2016-02-06 01:31:34','2016-02-06 01:31:34'),(1968,627,68,1,307.50,0.00,0.00,0.00,0.00,0.00,307.50,'2016-02-06 01:31:34','2016-02-06 01:31:34'),(1969,628,57,1,21.00,0.00,0.00,0.00,0.00,0.00,21.00,'2016-02-06 01:38:38','2016-02-06 01:38:38'),(1970,628,55,1,1727.88,0.00,0.00,0.00,0.00,0.00,1727.88,'2016-02-06 01:38:38','2016-02-06 01:38:38'),(1971,628,54,1,430.50,0.00,0.00,0.00,0.00,0.00,430.50,'2016-02-06 01:38:38','2016-02-06 01:38:38'),(1972,629,57,1,21.00,0.00,0.00,0.00,0.00,0.00,21.00,'2016-02-06 02:37:44','2016-02-06 02:37:44'),(1973,629,55,1,807.84,0.00,0.00,0.00,0.00,0.00,807.84,'2016-02-06 02:37:44','2016-02-06 02:37:44'),(1974,629,54,1,738.00,0.00,0.00,0.00,0.00,0.00,738.00,'2016-02-06 02:37:44','2016-02-06 02:37:44'),(1975,630,57,1,21.00,0.00,0.00,0.00,0.00,0.00,21.00,'2016-02-06 02:46:35','2016-02-06 02:46:35'),(1976,630,54,1,123.00,0.00,0.00,0.00,0.00,0.00,123.00,'2016-02-06 02:46:35','2016-02-06 02:46:35'),(1977,631,71,1,21.00,0.00,0.00,0.00,0.00,0.00,21.00,'2016-02-06 02:50:35','2016-02-06 02:50:35'),(1978,631,68,1,3259.50,0.00,0.00,0.00,0.00,0.00,3259.50,'2016-02-06 02:50:35','2016-02-06 02:50:35'),(1979,631,72,1,771.00,0.00,0.00,0.00,0.00,0.00,771.00,'2016-02-06 02:50:35','2016-02-06 02:50:35'),(1980,632,71,1,21.00,0.00,0.00,0.00,0.00,0.00,21.00,'2016-02-06 02:53:34','2016-02-06 02:53:34'),(1981,632,69,1,5553.90,0.00,0.00,0.00,0.00,0.00,5553.90,'2016-02-06 02:53:34','2016-02-06 02:53:34'),(1982,632,68,1,4042.50,0.00,0.00,0.00,0.00,0.00,4042.50,'2016-02-06 02:53:34','2016-02-06 02:53:34'),(1983,632,72,1,2313.00,0.00,0.00,0.00,0.00,0.00,2313.00,'2016-02-06 02:53:34','2016-02-06 02:53:34'),(1984,633,71,1,21.00,0.00,0.00,0.00,0.00,0.00,21.00,'2016-02-06 02:55:48','2016-02-06 02:55:48'),(1985,633,68,1,3259.50,0.00,0.00,0.00,0.00,0.00,3259.50,'2016-02-06 02:55:48','2016-02-06 02:55:48'),(1986,633,72,1,771.00,0.00,0.00,0.00,0.00,0.00,771.00,'2016-02-06 02:55:48','2016-02-06 02:55:48'),(1987,634,71,1,21.00,0.00,0.00,0.00,0.00,0.00,21.00,'2016-02-06 03:13:58','2016-02-06 03:13:58'),(1988,634,72,1,771.00,0.00,0.00,0.00,0.00,0.00,771.00,'2016-02-06 03:13:58','2016-02-06 03:13:58'),(1989,635,71,1,21.00,0.00,0.00,0.00,0.00,0.00,21.00,'2016-02-06 03:20:42','2016-02-06 03:20:42'),(1990,635,72,1,771.00,0.00,0.00,0.00,0.00,0.00,771.00,'2016-02-06 03:20:42','2016-02-06 03:20:42'),(1991,636,71,1,21.00,0.00,0.00,0.00,0.00,0.00,21.00,'2016-02-06 03:23:46','2016-02-06 03:23:46'),(1992,636,68,1,4428.00,0.00,0.00,0.00,0.00,0.00,4428.00,'2016-02-06 03:23:46','2016-02-06 03:23:46'),(1993,636,72,1,771.00,0.00,0.00,0.00,0.00,0.00,771.00,'2016-02-06 03:23:46','2016-02-06 03:23:46'),(1994,637,71,1,21.00,0.00,0.00,0.00,0.00,0.00,21.00,'2016-02-06 03:27:55','2016-02-06 03:27:55'),(1995,637,68,1,4428.00,0.00,0.00,0.00,0.00,0.00,4428.00,'2016-02-06 03:27:55','2016-02-06 03:27:55'),(1996,638,71,1,21.00,0.00,0.00,0.00,0.00,0.00,21.00,'2016-02-06 03:30:28','2016-02-06 03:30:28'),(1997,638,68,1,3936.00,0.00,0.00,0.00,0.00,0.00,3936.00,'2016-02-06 03:30:28','2016-02-06 03:30:28'),(1998,638,72,1,771.00,0.00,0.00,0.00,0.00,0.00,771.00,'2016-02-06 03:30:28','2016-02-06 03:30:28'),(1999,639,57,1,21.00,0.00,0.00,0.00,0.00,0.00,21.00,'2016-02-06 22:53:39','2016-02-06 22:53:39'),(2000,639,54,1,430.50,0.00,0.00,0.00,0.00,0.00,430.50,'2016-02-06 22:53:39','2016-02-06 22:53:39'),(2001,640,71,1,21.00,0.00,0.00,0.00,0.00,0.00,21.00,'2016-02-06 22:57:02','2016-02-06 22:57:02'),(2002,640,68,1,4042.50,0.00,0.00,0.00,0.00,0.00,4042.50,'2016-02-06 22:57:02','2016-02-06 22:57:02'),(2003,640,72,1,771.00,0.00,0.00,0.00,0.00,0.00,771.00,'2016-02-06 22:57:02','2016-02-06 22:57:02'),(2004,641,71,1,21.00,0.00,0.00,0.00,0.00,0.00,21.00,'2016-02-06 23:42:43','2016-02-06 23:42:43'),(2005,641,68,1,3936.00,0.00,0.00,0.00,0.00,0.00,3936.00,'2016-02-06 23:42:43','2016-02-06 23:42:43'),(2006,641,72,1,771.00,0.00,0.00,0.00,0.00,0.00,771.00,'2016-02-06 23:42:43','2016-02-06 23:42:43'),(2007,642,71,1,21.00,0.00,0.00,0.00,0.00,0.00,21.00,'2016-02-06 23:46:28','2016-02-06 23:46:28'),(2008,642,69,1,6462.72,0.00,0.00,0.00,0.00,0.00,6462.72,'2016-02-06 23:46:28','2016-02-06 23:46:28'),(2009,642,68,1,5292.00,0.00,0.00,0.00,0.00,0.00,5292.00,'2016-02-06 23:46:28','2016-02-06 23:46:28'),(2010,642,72,1,1542.00,0.00,0.00,0.00,0.00,0.00,1542.00,'2016-02-06 23:46:28','2016-02-06 23:46:28'),(2011,643,57,1,21.00,0.00,0.00,0.00,0.00,0.00,21.00,'2016-02-06 23:48:59','2016-02-06 23:48:59'),(2012,643,54,1,61.50,0.00,0.00,0.00,0.00,0.00,61.50,'2016-02-06 23:48:59','2016-02-06 23:48:59'),(2013,644,57,1,21.00,0.00,0.00,0.00,0.00,0.00,21.00,'2016-02-06 23:56:30','2016-02-06 23:56:30'),(2014,644,55,1,1346.40,0.00,0.00,0.00,0.00,0.00,1346.40,'2016-02-06 23:56:30','2016-02-06 23:56:30'),(2015,644,54,1,307.50,0.00,0.00,0.00,0.00,0.00,307.50,'2016-02-06 23:56:30','2016-02-06 23:56:30'),(2016,645,57,1,21.00,0.00,0.00,0.00,0.00,0.00,21.00,'2016-02-07 00:01:38','2016-02-07 00:01:38'),(2017,645,55,1,403.92,0.00,0.00,0.00,0.00,0.00,403.92,'2016-02-07 00:01:38','2016-02-07 00:01:38'),(2018,645,54,1,369.00,0.00,0.00,0.00,0.00,0.00,369.00,'2016-02-07 00:01:38','2016-02-07 00:01:38'),(2019,646,71,1,21.00,0.00,0.00,0.00,0.00,0.00,21.00,'2016-02-07 00:04:03','2016-02-07 00:04:03'),(2020,646,68,1,4428.00,0.00,0.00,0.00,0.00,0.00,4428.00,'2016-02-07 00:04:03','2016-02-07 00:04:03'),(2021,646,72,1,771.00,0.00,0.00,0.00,0.00,0.00,771.00,'2016-02-07 00:04:03','2016-02-07 00:04:03'),(2022,647,57,1,21.00,0.00,0.00,0.00,0.00,0.00,21.00,'2016-02-07 00:09:08','2016-02-07 00:09:08'),(2023,647,54,1,123.00,0.00,0.00,0.00,0.00,0.00,123.00,'2016-02-07 00:09:08','2016-02-07 00:09:08'),(2024,648,57,1,21.00,0.00,0.00,0.00,0.00,0.00,21.00,'2016-02-07 00:12:13','2016-02-07 00:12:13'),(2025,648,54,1,123.00,0.00,0.00,0.00,0.00,0.00,123.00,'2016-02-07 00:12:13','2016-02-07 00:12:13'),(2026,649,71,1,21.00,0.00,0.00,0.00,0.00,0.00,21.00,'2016-02-07 00:59:37','2016-02-07 00:59:37'),(2027,649,68,1,4428.00,0.00,0.00,0.00,0.00,0.00,4428.00,'2016-02-07 00:59:37','2016-02-07 00:59:37'),(2028,649,72,1,771.00,0.00,0.00,0.00,0.00,0.00,771.00,'2016-02-07 00:59:37','2016-02-07 00:59:37'),(2029,650,71,1,21.00,0.00,0.00,0.00,0.00,0.00,21.00,'2016-02-07 01:02:23','2016-02-07 01:02:23'),(2030,650,68,1,4489.50,0.00,0.00,0.00,0.00,0.00,4489.50,'2016-02-07 01:02:23','2016-02-07 01:02:23'),(2031,650,72,1,771.00,0.00,0.00,0.00,0.00,0.00,771.00,'2016-02-07 01:02:23','2016-02-07 01:02:23'),(2032,651,71,1,21.00,0.00,0.00,0.00,0.00,0.00,21.00,'2016-02-07 01:05:16','2016-02-07 01:05:16'),(2033,651,68,1,3259.50,0.00,0.00,0.00,0.00,0.00,3259.50,'2016-02-07 01:05:16','2016-02-07 01:05:16'),(2034,651,72,1,771.00,0.00,0.00,0.00,0.00,0.00,771.00,'2016-02-07 01:05:16','2016-02-07 01:05:16'),(2035,652,71,1,21.00,0.00,0.00,0.00,0.00,0.00,21.00,'2016-02-07 01:08:54','2016-02-07 01:08:54'),(2036,652,68,1,4042.50,0.00,0.00,0.00,0.00,0.00,4042.50,'2016-02-07 01:08:54','2016-02-07 01:08:54'),(2037,652,72,1,771.00,0.00,0.00,0.00,0.00,0.00,771.00,'2016-02-07 01:08:54','2016-02-07 01:08:54'),(2038,653,71,1,21.00,0.00,0.00,0.00,0.00,0.00,21.00,'2016-02-07 01:10:55','2016-02-07 01:10:55'),(2039,653,69,1,5553.90,0.00,0.00,0.00,0.00,0.00,5553.90,'2016-02-07 01:10:55','2016-02-07 01:10:55'),(2040,653,68,1,4042.50,0.00,0.00,0.00,0.00,0.00,4042.50,'2016-02-07 01:10:55','2016-02-07 01:10:55'),(2041,654,71,1,21.00,0.00,0.00,0.00,0.00,0.00,21.00,'2016-02-07 01:13:03','2016-02-07 01:13:03'),(2042,654,68,1,3259.50,0.00,0.00,0.00,0.00,0.00,3259.50,'2016-02-07 01:13:03','2016-02-07 01:13:03'),(2043,654,72,1,771.00,0.00,0.00,0.00,0.00,0.00,771.00,'2016-02-07 01:13:03','2016-02-07 01:13:03'),(2044,655,71,1,21.00,0.00,0.00,0.00,0.00,0.00,21.00,'2016-02-07 01:16:09','2016-02-07 01:16:09'),(2045,655,72,1,771.00,0.00,0.00,0.00,0.00,0.00,771.00,'2016-02-07 01:16:09','2016-02-07 01:16:09'),(2046,656,71,1,21.00,0.00,0.00,0.00,0.00,0.00,21.00,'2016-02-07 01:18:12','2016-02-07 01:18:12'),(2047,656,72,1,771.00,0.00,0.00,0.00,0.00,0.00,771.00,'2016-02-07 01:18:12','2016-02-07 01:18:12'),(2048,657,57,1,21.00,0.00,0.00,0.00,0.00,0.00,21.00,'2016-02-07 01:25:44','2016-02-07 01:25:44'),(2049,657,54,1,765.00,0.00,0.00,0.00,0.00,0.00,765.00,'2016-02-07 01:25:44','2016-02-07 01:25:44'),(2050,658,71,1,21.00,0.00,0.00,0.00,0.00,0.00,21.00,'2016-02-07 01:28:47','2016-02-07 01:28:47'),(2051,658,68,1,61.50,0.00,0.00,0.00,0.00,0.00,61.50,'2016-02-07 01:28:47','2016-02-07 01:28:47'),(2052,659,57,1,21.00,0.00,0.00,0.00,0.00,0.00,21.00,'2016-02-07 01:31:00','2016-02-07 01:31:00'),(2053,659,54,1,123.00,0.00,0.00,0.00,0.00,0.00,123.00,'2016-02-07 01:31:00','2016-02-07 01:31:00'),(2054,660,71,1,21.00,0.00,0.00,0.00,0.00,0.00,21.00,'2016-02-07 01:33:39','2016-02-07 01:33:39'),(2055,660,69,1,7180.80,0.00,0.00,0.00,0.00,0.00,7180.80,'2016-02-07 01:33:39','2016-02-07 01:33:39'),(2056,660,68,1,4704.00,0.00,0.00,0.00,0.00,0.00,4704.00,'2016-02-07 01:33:39','2016-02-07 01:33:39'),(2057,660,72,1,1542.00,0.00,0.00,0.00,0.00,0.00,1542.00,'2016-02-07 01:33:39','2016-02-07 01:33:39'),(2058,661,71,1,21.00,0.00,0.00,0.00,0.00,0.00,21.00,'2016-02-07 01:36:40','2016-02-07 01:36:40'),(2059,661,68,1,4489.50,0.00,0.00,0.00,0.00,0.00,4489.50,'2016-02-07 01:36:40','2016-02-07 01:36:40'),(2060,661,72,1,771.00,0.00,0.00,0.00,0.00,0.00,771.00,'2016-02-07 01:36:40','2016-02-07 01:36:40'),(2061,662,71,1,21.00,0.00,0.00,0.00,0.00,0.00,21.00,'2016-02-07 01:38:39','2016-02-07 01:38:39'),(2062,662,69,1,6541.26,0.00,0.00,0.00,0.00,0.00,6541.26,'2016-02-07 01:38:39','2016-02-07 01:38:39'),(2063,662,68,1,3895.50,0.00,0.00,0.00,0.00,0.00,3895.50,'2016-02-07 01:38:39','2016-02-07 01:38:39'),(2064,662,72,1,2313.00,0.00,0.00,0.00,0.00,0.00,2313.00,'2016-02-07 01:38:39','2016-02-07 01:38:39'),(2065,663,71,1,21.00,0.00,0.00,0.00,0.00,0.00,21.00,'2016-02-07 01:59:13','2016-02-07 01:59:13'),(2066,663,68,1,3259.50,0.00,0.00,0.00,0.00,0.00,3259.50,'2016-02-07 01:59:13','2016-02-07 01:59:13'),(2067,663,72,1,771.00,0.00,0.00,0.00,0.00,0.00,771.00,'2016-02-07 01:59:13','2016-02-07 01:59:13'),(2068,664,57,1,21.00,0.00,0.00,0.00,0.00,0.00,21.00,'2016-02-07 02:02:05','2016-02-07 02:02:05'),(2069,664,55,1,56.10,0.00,0.00,0.00,0.00,0.00,56.10,'2016-02-07 02:02:05','2016-02-07 02:02:05'),(2070,664,54,1,307.50,0.00,0.00,0.00,0.00,0.00,307.50,'2016-02-07 02:02:05','2016-02-07 02:02:05'),(2071,665,57,1,21.00,0.00,0.00,0.00,0.00,0.00,21.00,'2016-02-07 02:10:53','2016-02-07 02:10:53'),(2072,665,54,1,514.50,0.00,0.00,0.00,0.00,0.00,514.50,'2016-02-07 02:10:53','2016-02-07 02:10:53'),(2073,666,71,1,21.00,0.00,0.00,0.00,0.00,0.00,21.00,'2016-02-07 02:13:21','2016-02-07 02:13:21'),(2074,666,72,1,771.00,0.00,0.00,0.00,0.00,0.00,771.00,'2016-02-07 02:13:21','2016-02-07 02:13:21'),(2075,667,71,1,21.00,0.00,0.00,0.00,0.00,0.00,21.00,'2016-02-07 02:16:38','2016-02-07 02:16:38'),(2076,667,72,1,771.00,0.00,0.00,0.00,0.00,0.00,771.00,'2016-02-07 02:16:38','2016-02-07 02:16:38'),(2077,668,57,1,21.00,0.00,0.00,0.00,0.00,0.00,21.00,'2016-02-07 02:40:13','2016-02-07 02:40:13'),(2078,668,54,1,1275.00,0.00,0.00,0.00,0.00,0.00,1275.00,'2016-02-07 02:40:13','2016-02-07 02:40:13'),(2079,669,57,1,21.00,0.00,0.00,0.00,0.00,0.00,21.00,'2016-02-07 02:44:43','2016-02-07 02:44:43'),(2080,669,54,1,1275.00,0.00,0.00,0.00,0.00,0.00,1275.00,'2016-02-07 02:44:43','2016-02-07 02:44:43'),(2081,670,71,1,21.00,0.00,0.00,0.00,0.00,0.00,21.00,'2016-02-07 02:46:50','2016-02-07 02:46:50'),(2082,670,68,1,4428.00,0.00,0.00,0.00,0.00,0.00,4428.00,'2016-02-07 02:46:50','2016-02-07 02:46:50'),(2083,670,72,1,771.00,0.00,0.00,0.00,0.00,0.00,771.00,'2016-02-07 02:46:50','2016-02-07 02:46:50'),(2084,671,71,1,21.00,0.00,0.00,0.00,0.00,0.00,21.00,'2016-02-07 02:48:42','2016-02-07 02:48:42'),(2085,671,68,1,3936.00,0.00,0.00,0.00,0.00,0.00,3936.00,'2016-02-07 02:48:42','2016-02-07 02:48:42'),(2086,671,72,1,771.00,0.00,0.00,0.00,0.00,0.00,771.00,'2016-02-07 02:48:42','2016-02-07 02:48:42'),(2087,672,71,1,21.00,0.00,0.00,0.00,0.00,0.00,21.00,'2016-02-07 02:51:53','2016-02-07 02:51:53'),(2088,672,68,1,61.50,0.00,0.00,0.00,0.00,0.00,61.50,'2016-02-07 02:51:53','2016-02-07 02:51:53'),(2089,673,57,1,21.00,0.00,0.00,0.00,0.00,0.00,21.00,'2016-02-07 02:56:30','2016-02-07 02:56:30'),(2090,673,54,1,61.50,0.00,0.00,0.00,0.00,0.00,61.50,'2016-02-07 02:56:30','2016-02-07 02:56:30'),(2091,674,71,1,21.00,0.00,0.00,0.00,0.00,0.00,21.00,'2016-02-07 02:58:55','2016-02-07 02:58:55'),(2092,674,69,1,6462.72,0.00,0.00,0.00,0.00,0.00,6462.72,'2016-02-07 02:58:55','2016-02-07 02:58:55'),(2093,674,68,1,5292.00,0.00,0.00,0.00,0.00,0.00,5292.00,'2016-02-07 02:58:55','2016-02-07 02:58:55'),(2094,674,72,1,1542.00,0.00,0.00,0.00,0.00,0.00,1542.00,'2016-02-07 02:58:55','2016-02-07 02:58:55'),(2095,675,57,1,21.00,0.00,0.00,0.00,0.00,0.00,21.00,'2016-02-07 03:01:42','2016-02-07 03:01:42'),(2096,675,54,1,430.50,0.00,0.00,0.00,0.00,0.00,430.50,'2016-02-07 03:01:42','2016-02-07 03:01:42'),(2097,676,71,1,21.00,0.00,0.00,0.00,0.00,0.00,21.00,'2016-02-07 03:05:36','2016-02-07 03:05:36'),(2098,676,68,1,4042.50,0.00,0.00,0.00,0.00,0.00,4042.50,'2016-02-07 03:05:36','2016-02-07 03:05:36'),(2099,676,72,1,771.00,0.00,0.00,0.00,0.00,0.00,771.00,'2016-02-07 03:05:36','2016-02-07 03:05:36'),(2100,677,71,1,21.00,0.00,0.00,0.00,0.00,0.00,21.00,'2016-02-07 03:10:02','2016-02-07 03:10:02'),(2101,677,68,1,3813.00,0.00,0.00,0.00,0.00,0.00,3813.00,'2016-02-07 03:10:02','2016-02-07 03:10:02'),(2102,677,72,1,771.00,0.00,0.00,0.00,0.00,0.00,771.00,'2016-02-07 03:10:02','2016-02-07 03:10:02'),(2103,678,57,1,21.00,0.00,0.00,0.00,0.00,0.00,21.00,'2016-02-07 03:16:29','2016-02-07 03:16:29'),(2104,678,55,1,280.50,0.00,0.00,0.00,0.00,0.00,280.50,'2016-02-07 03:16:29','2016-02-07 03:16:29'),(2105,678,54,1,307.50,0.00,0.00,0.00,0.00,0.00,307.50,'2016-02-07 03:16:29','2016-02-07 03:16:29'),(2106,679,57,1,21.00,0.00,0.00,0.00,0.00,0.00,21.00,'2016-02-07 03:21:30','2016-02-07 03:21:30'),(2107,679,55,1,314.16,0.00,0.00,0.00,0.00,0.00,314.16,'2016-02-07 03:21:30','2016-02-07 03:21:30'),(2108,679,54,1,430.50,0.00,0.00,0.00,0.00,0.00,430.50,'2016-02-07 03:21:30','2016-02-07 03:21:30'),(2109,680,71,1,21.00,0.00,0.00,0.00,0.00,0.00,21.00,'2016-02-07 03:23:36','2016-02-07 03:23:36'),(2110,680,68,1,3895.50,0.00,0.00,0.00,0.00,0.00,3895.50,'2016-02-07 03:23:36','2016-02-07 03:23:36'),(2111,680,72,1,771.00,0.00,0.00,0.00,0.00,0.00,771.00,'2016-02-07 03:23:36','2016-02-07 03:23:36'),(2112,681,71,1,21.00,0.00,0.00,0.00,0.00,0.00,21.00,'2016-02-07 03:28:51','2016-02-07 03:28:51'),(2113,681,69,1,5351.94,0.00,0.00,0.00,0.00,0.00,5351.94,'2016-02-07 03:28:51','2016-02-07 03:28:51'),(2114,681,68,1,3895.50,0.00,0.00,0.00,0.00,0.00,3895.50,'2016-02-07 03:28:51','2016-02-07 03:28:51'),(2115,681,72,1,3084.00,0.00,0.00,0.00,0.00,0.00,3084.00,'2016-02-07 03:28:51','2016-02-07 03:28:51'),(2116,682,57,1,21.00,0.00,0.00,0.00,0.00,0.00,21.00,'2016-02-07 03:31:13','2016-02-07 03:31:13'),(2117,682,54,1,430.50,0.00,0.00,0.00,0.00,0.00,430.50,'2016-02-07 03:31:13','2016-02-07 03:31:13'),(2118,683,57,1,21.00,0.00,0.00,0.00,0.00,0.00,21.00,'2016-02-07 03:40:24','2016-02-07 03:40:24'),(2119,683,55,1,3752.33,0.00,0.00,0.00,0.00,0.00,3752.33,'2016-02-07 03:40:24','2016-02-07 03:40:24'),(2120,683,54,1,3712.50,0.00,0.00,0.00,0.00,0.00,3712.50,'2016-02-07 03:40:24','2016-02-07 03:40:24'),(2121,684,71,1,21.00,0.00,0.00,0.00,0.00,0.00,21.00,'2016-02-07 04:43:42','2016-02-07 04:43:42'),(2122,684,68,1,3259.50,0.00,0.00,0.00,0.00,0.00,3259.50,'2016-02-07 04:43:42','2016-02-07 04:43:42'),(2123,684,72,1,771.00,0.00,0.00,0.00,0.00,0.00,771.00,'2016-02-07 04:43:42','2016-02-07 04:43:42'),(2124,685,71,1,21.00,0.00,0.00,0.00,0.00,0.00,21.00,'2016-02-07 04:46:14','2016-02-07 04:46:14'),(2125,685,68,1,4428.00,0.00,0.00,0.00,0.00,0.00,4428.00,'2016-02-07 04:46:14','2016-02-07 04:46:14'),(2126,685,72,1,771.00,0.00,0.00,0.00,0.00,0.00,771.00,'2016-02-07 04:46:14','2016-02-07 04:46:14'),(2127,686,57,1,21.00,0.00,0.00,0.00,0.00,0.00,21.00,'2016-02-07 04:51:31','2016-02-07 04:51:31'),(2128,686,55,1,6224.45,0.00,0.00,0.00,0.00,0.00,6224.45,'2016-02-07 04:51:31','2016-02-07 04:51:31'),(2129,686,54,1,1147.50,0.00,0.00,0.00,0.00,0.00,1147.50,'2016-02-07 04:51:31','2016-02-07 04:51:31'),(2130,687,71,1,21.00,0.00,0.00,0.00,0.00,0.00,21.00,'2016-02-07 05:05:45','2016-02-07 05:05:45'),(2131,687,69,1,2973.30,0.00,0.00,0.00,0.00,0.00,2973.30,'2016-02-07 05:05:45','2016-02-07 05:05:45'),(2132,687,68,1,3895.50,0.00,0.00,0.00,0.00,0.00,3895.50,'2016-02-07 05:05:45','2016-02-07 05:05:45'),(2133,687,72,1,1713.00,0.00,0.00,0.00,0.00,0.00,1713.00,'2016-02-07 05:05:45','2016-02-07 05:05:45'),(2134,687,70,1,2100.00,0.00,0.00,0.00,0.00,0.00,2100.00,'2016-02-07 05:05:45','2016-02-07 05:05:45'),(2135,688,57,1,21.00,0.00,0.00,0.00,0.00,0.00,21.00,'2016-02-07 05:15:34','2016-02-07 05:15:34'),(2136,688,54,1,123.00,0.00,0.00,0.00,0.00,0.00,123.00,'2016-02-07 05:15:34','2016-02-07 05:15:34'),(2137,689,71,1,21.00,0.00,0.00,0.00,0.00,0.00,21.00,'2016-02-07 05:20:18','2016-02-07 05:20:18'),(2138,689,68,1,307.50,0.00,0.00,0.00,0.00,0.00,307.50,'2016-02-07 05:20:18','2016-02-07 05:20:18'),(2139,690,71,1,21.00,0.00,0.00,0.00,0.00,0.00,21.00,'2016-02-07 05:22:48','2016-02-07 05:22:48'),(2140,690,68,1,307.50,0.00,0.00,0.00,0.00,0.00,307.50,'2016-02-07 05:22:48','2016-02-07 05:22:48'),(2141,691,71,1,21.00,0.00,0.00,0.00,0.00,0.00,21.00,'2016-02-07 05:25:06','2016-02-07 05:25:06'),(2142,691,68,1,307.50,0.00,0.00,0.00,0.00,0.00,307.50,'2016-02-07 05:25:06','2016-02-07 05:25:06'),(2143,692,71,1,21.00,0.00,0.00,0.00,0.00,0.00,21.00,'2016-02-07 05:28:45','2016-02-07 05:28:45'),(2144,692,68,1,307.50,0.00,0.00,0.00,0.00,0.00,307.50,'2016-02-07 05:28:45','2016-02-07 05:28:45'),(2145,693,71,1,21.00,0.00,0.00,0.00,0.00,0.00,21.00,'2016-02-07 05:36:11','2016-02-07 05:36:11'),(2146,693,68,1,307.50,0.00,0.00,0.00,0.00,0.00,307.50,'2016-02-07 05:36:11','2016-02-07 05:36:11'),(2147,694,71,1,21.00,0.00,0.00,0.00,0.00,0.00,21.00,'2016-02-07 05:38:53','2016-02-07 05:38:53'),(2148,694,68,1,4428.00,0.00,0.00,0.00,0.00,0.00,4428.00,'2016-02-07 05:38:53','2016-02-07 05:38:53'),(2149,695,71,1,21.00,0.00,0.00,0.00,0.00,0.00,21.00,'2016-02-07 05:43:21','2016-02-07 05:43:21'),(2150,695,68,1,4489.50,0.00,0.00,0.00,0.00,0.00,4489.50,'2016-02-07 05:43:21','2016-02-07 05:43:21'),(2151,695,72,1,771.00,0.00,0.00,0.00,0.00,0.00,771.00,'2016-02-07 05:43:21','2016-02-07 05:43:21'),(2152,696,71,1,21.00,0.00,0.00,0.00,0.00,0.00,21.00,'2016-02-07 05:45:44','2016-02-07 05:45:44'),(2153,696,72,1,771.00,0.00,0.00,0.00,0.00,0.00,771.00,'2016-02-07 05:45:44','2016-02-07 05:45:44'),(2154,697,71,1,21.00,0.00,0.00,0.00,0.00,0.00,21.00,'2016-02-07 05:47:50','2016-02-07 05:47:50'),(2155,697,72,1,771.00,0.00,0.00,0.00,0.00,0.00,771.00,'2016-02-07 05:47:50','2016-02-07 05:47:50'),(2156,698,57,1,21.00,0.00,0.00,0.00,0.00,0.00,21.00,'2016-02-07 05:49:35','2016-02-07 05:49:35'),(2157,698,54,1,808.50,0.00,0.00,0.00,0.00,0.00,808.50,'2016-02-07 05:49:35','2016-02-07 05:49:35'),(2158,699,71,1,21.00,0.00,0.00,0.00,0.00,0.00,21.00,'2016-02-07 15:52:47','2016-02-07 15:52:47'),(2159,699,69,1,4757.28,0.00,0.00,0.00,0.00,0.00,4757.28,'2016-02-07 15:52:47','2016-02-07 15:52:47'),(2160,699,68,1,3895.50,0.00,0.00,0.00,0.00,0.00,3895.50,'2016-02-07 15:52:47','2016-02-07 15:52:47'),(2161,700,57,1,21.00,0.00,0.00,0.00,0.00,0.00,21.00,'2016-02-07 15:58:49','2016-02-07 15:58:49'),(2162,700,54,1,123.00,0.00,0.00,0.00,0.00,0.00,123.00,'2016-02-07 15:58:49','2016-02-07 15:58:49'),(2163,701,57,1,21.00,0.00,0.00,0.00,0.00,0.00,21.00,'2016-02-07 16:22:16','2016-02-07 16:22:16'),(2164,701,55,1,1178.10,0.00,0.00,0.00,0.00,0.00,1178.10,'2016-02-07 16:22:16','2016-02-07 16:22:16'),(2165,701,54,1,514.50,0.00,0.00,0.00,0.00,0.00,514.50,'2016-02-07 16:22:16','2016-02-07 16:22:16'),(2166,702,71,1,21.00,0.00,0.00,0.00,0.00,0.00,21.00,'2016-02-07 16:27:27','2016-02-07 16:27:27'),(2167,702,68,1,492.00,0.00,0.00,0.00,0.00,0.00,492.00,'2016-02-07 16:27:27','2016-02-07 16:27:27'),(2168,703,71,1,21.00,0.00,0.00,0.00,0.00,0.00,21.00,'2016-02-07 16:30:05','2016-02-07 16:30:05'),(2169,703,68,1,3936.00,0.00,0.00,0.00,0.00,0.00,3936.00,'2016-02-07 16:30:05','2016-02-07 16:30:05'),(2170,703,72,1,771.00,0.00,0.00,0.00,0.00,0.00,771.00,'2016-02-07 16:30:05','2016-02-07 16:30:05'),(2171,704,57,1,21.00,0.00,0.00,0.00,0.00,0.00,21.00,'2016-02-07 16:37:31','2016-02-07 16:37:31'),(2172,704,54,1,369.00,0.00,0.00,0.00,0.00,0.00,369.00,'2016-02-07 16:37:31','2016-02-07 16:37:31'),(2173,705,71,1,21.00,0.00,0.00,0.00,0.00,0.00,21.00,'2016-02-07 16:40:31','2016-02-07 16:40:31'),(2174,705,68,1,3382.50,0.00,0.00,0.00,0.00,0.00,3382.50,'2016-02-07 16:40:31','2016-02-07 16:40:31'),(2175,706,71,1,21.00,0.00,0.00,0.00,0.00,0.00,21.00,'2016-02-07 16:44:34','2016-02-07 16:44:34'),(2176,706,69,1,5553.90,0.00,0.00,0.00,0.00,0.00,5553.90,'2016-02-07 16:44:34','2016-02-07 16:44:34'),(2177,706,68,1,4042.50,0.00,0.00,0.00,0.00,0.00,4042.50,'2016-02-07 16:44:34','2016-02-07 16:44:34'),(2178,706,72,1,1542.00,0.00,0.00,0.00,0.00,0.00,1542.00,'2016-02-07 16:44:34','2016-02-07 16:44:34'),(2179,707,71,1,21.00,0.00,0.00,0.00,0.00,0.00,21.00,'2016-02-07 16:47:11','2016-02-07 16:47:11'),(2180,707,68,1,3382.50,0.00,0.00,0.00,0.00,0.00,3382.50,'2016-02-07 16:47:11','2016-02-07 16:47:11'),(2181,707,72,1,771.00,0.00,0.00,0.00,0.00,0.00,771.00,'2016-02-07 16:47:11','2016-02-07 16:47:11'),(2182,708,57,1,21.00,0.00,0.00,0.00,0.00,0.00,21.00,'2016-02-07 16:49:05','2016-02-07 16:49:05'),(2183,708,55,1,78.54,0.00,0.00,0.00,0.00,0.00,78.54,'2016-02-07 16:49:05','2016-02-07 16:49:05'),(2184,708,54,1,430.50,0.00,0.00,0.00,0.00,0.00,430.50,'2016-02-07 16:49:05','2016-02-07 16:49:05'),(2185,709,57,1,21.00,0.00,0.00,0.00,0.00,0.00,21.00,'2016-02-07 16:53:12','2016-02-07 16:53:12'),(2186,709,54,1,1530.00,0.00,0.00,0.00,0.00,0.00,1530.00,'2016-02-07 16:53:12','2016-02-07 16:53:12'),(2187,710,71,1,21.00,0.00,0.00,0.00,0.00,0.00,21.00,'2016-02-07 16:55:14','2016-02-07 16:55:14'),(2188,710,68,1,492.00,0.00,0.00,0.00,0.00,0.00,492.00,'2016-02-07 16:55:14','2016-02-07 16:55:14'),(2189,711,71,1,21.00,0.00,0.00,0.00,0.00,0.00,21.00,'2016-02-07 16:59:45','2016-02-07 16:59:45'),(2190,711,68,1,307.50,0.00,0.00,0.00,0.00,0.00,307.50,'2016-02-07 16:59:45','2016-02-07 16:59:45'),(2191,712,57,1,21.00,0.00,0.00,0.00,0.00,0.00,21.00,'2016-02-07 17:05:04','2016-02-07 17:05:04'),(2192,712,54,1,3465.00,0.00,0.00,0.00,0.00,0.00,3465.00,'2016-02-07 17:05:04','2016-02-07 17:05:04'),(2193,713,71,1,21.00,0.00,0.00,0.00,0.00,0.00,21.00,'2016-02-07 17:08:56','2016-02-07 17:08:56'),(2194,713,69,1,6552.48,0.00,0.00,0.00,0.00,0.00,6552.48,'2016-02-07 17:08:56','2016-02-07 17:08:56'),(2195,713,68,1,5365.50,0.00,0.00,0.00,0.00,0.00,5365.50,'2016-02-07 17:08:56','2016-02-07 17:08:56'),(2196,713,72,1,1542.00,0.00,0.00,0.00,0.00,0.00,1542.00,'2016-02-07 17:08:56','2016-02-07 17:08:56'),(2197,714,71,1,21.00,0.00,0.00,0.00,0.00,0.00,21.00,'2016-02-07 17:11:48','2016-02-07 17:11:48'),(2198,714,68,1,3936.00,0.00,0.00,0.00,0.00,0.00,3936.00,'2016-02-07 17:11:48','2016-02-07 17:11:48'),(2199,714,72,1,771.00,0.00,0.00,0.00,0.00,0.00,771.00,'2016-02-07 17:11:48','2016-02-07 17:11:48'),(2200,715,71,1,21.00,0.00,0.00,0.00,0.00,0.00,21.00,'2016-02-07 17:16:08','2016-02-07 17:16:08'),(2201,715,68,1,4428.00,0.00,0.00,0.00,0.00,0.00,4428.00,'2016-02-07 17:16:08','2016-02-07 17:16:08'),(2202,715,72,1,771.00,0.00,0.00,0.00,0.00,0.00,771.00,'2016-02-07 17:16:08','2016-02-07 17:16:08'),(2203,716,71,1,21.00,0.00,0.00,0.00,0.00,0.00,21.00,'2016-02-07 17:18:33','2016-02-07 17:18:33'),(2204,716,68,1,3936.00,0.00,0.00,0.00,0.00,0.00,3936.00,'2016-02-07 17:18:33','2016-02-07 17:18:33'),(2205,717,71,1,21.00,0.00,0.00,0.00,0.00,0.00,21.00,'2016-02-07 17:35:34','2016-02-07 17:35:34'),(2206,717,69,1,5351.94,0.00,0.00,0.00,0.00,0.00,5351.94,'2016-02-07 17:35:34','2016-02-07 17:35:34'),(2207,717,68,1,3895.50,0.00,0.00,0.00,0.00,0.00,3895.50,'2016-02-07 17:35:34','2016-02-07 17:35:34'),(2208,718,57,1,21.00,0.00,0.00,0.00,0.00,0.00,21.00,'2016-02-07 17:40:20','2016-02-07 17:40:20'),(2209,718,54,1,246.00,0.00,0.00,0.00,0.00,0.00,246.00,'2016-02-07 17:40:20','2016-02-07 17:40:20'),(2210,719,71,1,21.00,0.00,0.00,0.00,0.00,0.00,21.00,'2016-02-07 17:53:13','2016-02-07 17:53:13'),(2211,719,68,1,123.00,0.00,0.00,0.00,0.00,0.00,123.00,'2016-02-07 17:53:13','2016-02-07 17:53:13'),(2212,720,57,1,21.00,0.00,0.00,0.00,0.00,0.00,21.00,'2016-02-07 18:00:42','2016-02-07 18:00:42'),(2213,720,55,1,1750.32,0.00,0.00,0.00,0.00,0.00,1750.32,'2016-02-07 18:00:42','2016-02-07 18:00:42'),(2214,720,54,1,369.00,0.00,0.00,0.00,0.00,0.00,369.00,'2016-02-07 18:00:42','2016-02-07 18:00:42'),(2215,721,57,1,21.00,0.00,0.00,0.00,0.00,0.00,21.00,'2016-02-07 18:04:02','2016-02-07 18:04:02'),(2216,721,54,1,307.50,0.00,0.00,0.00,0.00,0.00,307.50,'2016-02-07 18:04:02','2016-02-07 18:04:02'),(2217,722,57,1,21.00,0.00,0.00,0.00,0.00,0.00,21.00,'2016-02-07 18:08:57','2016-02-07 18:08:57'),(2218,722,55,1,7946.10,0.00,0.00,0.00,0.00,0.00,7946.10,'2016-02-07 18:08:57','2016-02-07 18:08:57'),(2219,722,54,1,2227.50,0.00,0.00,0.00,0.00,0.00,2227.50,'2016-02-07 18:08:57','2016-02-07 18:08:57'),(2220,723,57,1,21.00,0.00,0.00,0.00,0.00,0.00,21.00,'2016-02-07 18:13:12','2016-02-07 18:13:12'),(2221,723,55,1,168.30,0.00,0.00,0.00,0.00,0.00,168.30,'2016-02-07 18:13:12','2016-02-07 18:13:12'),(2222,723,54,1,307.50,0.00,0.00,0.00,0.00,0.00,307.50,'2016-02-07 18:13:12','2016-02-07 18:13:12'),(2223,724,57,1,21.00,0.00,0.00,0.00,0.00,0.00,21.00,'2016-02-07 18:17:19','2016-02-07 18:17:19'),(2224,724,54,1,61.50,0.00,0.00,0.00,0.00,0.00,61.50,'2016-02-07 18:17:19','2016-02-07 18:17:19'),(2225,725,57,1,21.00,0.00,0.00,0.00,0.00,0.00,21.00,'2016-02-07 18:19:55','2016-02-07 18:19:55'),(2226,725,54,1,61.50,0.00,0.00,0.00,0.00,0.00,61.50,'2016-02-07 18:19:55','2016-02-07 18:19:55'),(2227,726,57,1,21.00,0.00,0.00,0.00,0.00,0.00,21.00,'2016-02-07 18:24:40','2016-02-07 18:24:40'),(2228,726,55,1,112.20,0.00,0.00,0.00,0.00,0.00,112.20,'2016-02-07 18:24:40','2016-02-07 18:24:40'),(2229,726,54,1,123.00,0.00,0.00,0.00,0.00,0.00,123.00,'2016-02-07 18:24:40','2016-02-07 18:24:40'),(2230,727,57,1,21.00,0.00,0.00,0.00,0.00,0.00,21.00,'2016-02-07 18:27:51','2016-02-07 18:27:51'),(2231,727,54,1,430.50,0.00,0.00,0.00,0.00,0.00,430.50,'2016-02-07 18:27:51','2016-02-07 18:27:51'),(2232,728,71,1,21.00,0.00,0.00,0.00,0.00,0.00,21.00,'2016-02-07 18:32:27','2016-02-07 18:32:27'),(2233,728,69,1,6462.72,0.00,0.00,0.00,0.00,0.00,6462.72,'2016-02-07 18:32:27','2016-02-07 18:32:27'),(2234,728,68,1,5292.00,0.00,0.00,0.00,0.00,0.00,5292.00,'2016-02-07 18:32:27','2016-02-07 18:32:27'),(2235,728,72,1,1542.00,0.00,0.00,0.00,0.00,0.00,1542.00,'2016-02-07 18:32:27','2016-02-07 18:32:27'),(2236,729,57,1,21.00,0.00,0.00,0.00,0.00,0.00,21.00,'2016-02-07 18:45:27','2016-02-07 18:45:27'),(2237,729,55,1,33.66,0.00,0.00,0.00,0.00,0.00,33.66,'2016-02-07 18:45:27','2016-02-07 18:45:27'),(2238,729,54,1,184.50,0.00,0.00,0.00,0.00,0.00,184.50,'2016-02-07 18:45:27','2016-02-07 18:45:27'),(2239,730,57,1,21.00,0.00,0.00,0.00,0.00,0.00,21.00,'2016-02-07 18:47:32','2016-02-07 18:47:32'),(2240,730,54,1,307.50,0.00,0.00,0.00,0.00,0.00,307.50,'2016-02-07 18:47:32','2016-02-07 18:47:32'),(2241,731,57,1,21.00,0.00,0.00,0.00,0.00,0.00,21.00,'2016-02-07 18:56:38','2016-02-07 18:56:38'),(2242,731,55,1,2019.60,0.00,0.00,0.00,0.00,0.00,2019.60,'2016-02-07 18:56:38','2016-02-07 18:56:38'),(2243,731,54,1,123.00,0.00,0.00,0.00,0.00,0.00,123.00,'2016-02-07 18:56:38','2016-02-07 18:56:38'),(2244,732,57,1,21.00,0.00,0.00,0.00,0.00,0.00,21.00,'2016-02-07 19:00:21','2016-02-07 19:00:21'),(2245,732,54,1,123.00,0.00,0.00,0.00,0.00,0.00,123.00,'2016-02-07 19:00:21','2016-02-07 19:00:21'),(2246,733,57,1,21.00,0.00,0.00,0.00,0.00,0.00,21.00,'2016-02-07 19:26:36','2016-02-07 19:26:36'),(2247,733,55,1,735.75,0.00,0.00,0.00,0.00,0.00,735.75,'2016-02-07 19:26:36','2016-02-07 19:26:36'),(2248,733,54,1,1275.00,0.00,0.00,0.00,0.00,0.00,1275.00,'2016-02-07 19:26:36','2016-02-07 19:26:36'),(2249,734,57,1,21.00,0.00,0.00,0.00,0.00,0.00,21.00,'2016-02-07 19:29:23','2016-02-07 19:29:23'),(2250,734,54,1,61.50,0.00,0.00,0.00,0.00,0.00,61.50,'2016-02-07 19:29:23','2016-02-07 19:29:23'),(2251,735,57,1,21.00,0.00,0.00,0.00,0.00,0.00,21.00,'2016-02-07 19:32:04','2016-02-07 19:32:04'),(2252,735,54,1,1530.00,0.00,0.00,0.00,0.00,0.00,1530.00,'2016-02-07 19:32:04','2016-02-07 19:32:04'),(2253,736,57,1,21.00,0.00,0.00,0.00,0.00,0.00,21.00,'2016-02-07 19:46:06','2016-02-07 19:46:06'),(2254,736,55,1,3085.50,0.00,0.00,0.00,0.00,0.00,3085.50,'2016-02-07 19:46:06','2016-02-07 19:46:06'),(2255,736,54,1,307.50,0.00,0.00,0.00,0.00,0.00,307.50,'2016-02-07 19:46:06','2016-02-07 19:46:06'),(2256,737,57,1,21.00,0.00,0.00,0.00,0.00,0.00,21.00,'2016-02-07 19:52:17','2016-02-07 19:52:17'),(2257,737,54,1,307.50,0.00,0.00,0.00,0.00,0.00,307.50,'2016-02-07 19:52:17','2016-02-07 19:52:17'),(2258,738,71,1,21.00,0.00,0.00,0.00,0.00,0.00,21.00,'2016-02-07 19:58:51','2016-02-07 19:58:51'),(2259,738,72,1,771.00,0.00,0.00,0.00,0.00,0.00,771.00,'2016-02-07 19:58:51','2016-02-07 19:58:51'),(2260,739,71,1,21.00,0.00,0.00,0.00,0.00,0.00,21.00,'2016-02-07 20:02:32','2016-02-07 20:02:32'),(2261,739,72,1,771.00,0.00,0.00,0.00,0.00,0.00,771.00,'2016-02-07 20:02:32','2016-02-07 20:02:32'),(2262,740,57,1,21.00,0.00,0.00,0.00,0.00,0.00,21.00,'2016-02-07 20:06:41','2016-02-07 20:06:41'),(2263,740,55,1,941.76,0.00,0.00,0.00,0.00,0.00,941.76,'2016-02-07 20:06:41','2016-02-07 20:06:41'),(2264,740,54,1,1020.00,0.00,0.00,0.00,0.00,0.00,1020.00,'2016-02-07 20:06:41','2016-02-07 20:06:41'),(2265,741,57,1,21.00,0.00,0.00,0.00,0.00,0.00,21.00,'2016-02-07 20:18:00','2016-02-07 20:18:00'),(2266,741,54,1,441.00,0.00,0.00,0.00,0.00,0.00,441.00,'2016-02-07 20:18:00','2016-02-07 20:18:00'),(2267,742,57,1,21.00,0.00,0.00,0.00,0.00,0.00,21.00,'2016-02-07 20:21:30','2016-02-07 20:21:30'),(2268,742,55,1,3884.76,0.00,0.00,0.00,0.00,0.00,3884.76,'2016-02-07 20:21:30','2016-02-07 20:21:30'),(2269,742,54,1,1530.00,0.00,0.00,0.00,0.00,0.00,1530.00,'2016-02-07 20:21:30','2016-02-07 20:21:30'),(2270,743,71,1,21.00,0.00,0.00,0.00,0.00,0.00,21.00,'2016-02-07 20:23:40','2016-02-07 20:23:40'),(2271,743,68,1,4428.00,0.00,0.00,0.00,0.00,0.00,4428.00,'2016-02-07 20:23:40','2016-02-07 20:23:40'),(2272,743,72,1,771.00,0.00,0.00,0.00,0.00,0.00,771.00,'2016-02-07 20:23:40','2016-02-07 20:23:40'),(2273,744,71,1,21.00,0.00,0.00,0.00,0.00,0.00,21.00,'2016-02-07 20:25:45','2016-02-07 20:25:45'),(2274,744,68,1,4428.00,0.00,0.00,0.00,0.00,0.00,4428.00,'2016-02-07 20:25:45','2016-02-07 20:25:45'),(2275,744,72,1,771.00,0.00,0.00,0.00,0.00,0.00,771.00,'2016-02-07 20:25:45','2016-02-07 20:25:45'),(2276,745,71,1,21.00,0.00,0.00,0.00,0.00,0.00,21.00,'2016-02-07 20:27:47','2016-02-07 20:27:47'),(2277,745,68,1,3936.00,0.00,0.00,0.00,0.00,0.00,3936.00,'2016-02-07 20:27:47','2016-02-07 20:27:47'),(2278,746,71,1,21.00,0.00,0.00,0.00,0.00,0.00,21.00,'2016-02-07 20:30:03','2016-02-07 20:30:03'),(2279,746,72,1,771.00,0.00,0.00,0.00,0.00,0.00,771.00,'2016-02-07 20:30:03','2016-02-07 20:30:03'),(2280,747,71,1,21.00,0.00,0.00,0.00,0.00,0.00,21.00,'2016-02-07 20:32:15','2016-02-07 20:32:15'),(2281,747,72,1,771.00,0.00,0.00,0.00,0.00,0.00,771.00,'2016-02-07 20:32:15','2016-02-07 20:32:15'),(2282,748,71,1,21.00,0.00,0.00,0.00,0.00,0.00,21.00,'2016-02-07 20:49:33','2016-02-07 20:49:33'),(2283,748,68,1,492.00,0.00,0.00,0.00,0.00,0.00,492.00,'2016-02-07 20:49:33','2016-02-07 20:49:33'),(2284,749,71,1,21.00,0.00,0.00,0.00,0.00,0.00,21.00,'2016-02-07 20:54:00','2016-02-07 20:54:00'),(2285,749,68,1,3259.50,0.00,0.00,0.00,0.00,0.00,3259.50,'2016-02-07 20:54:00','2016-02-07 20:54:00'),(2286,749,72,1,771.00,0.00,0.00,0.00,0.00,0.00,771.00,'2016-02-07 20:54:00','2016-02-07 20:54:00'),(2287,750,71,1,21.00,0.00,0.00,0.00,0.00,0.00,21.00,'2016-02-07 20:56:08','2016-02-07 20:56:08'),(2288,750,69,1,5351.94,0.00,0.00,0.00,0.00,0.00,5351.94,'2016-02-07 20:56:08','2016-02-07 20:56:08'),(2289,750,68,1,3895.50,0.00,0.00,0.00,0.00,0.00,3895.50,'2016-02-07 20:56:08','2016-02-07 20:56:08'),(2290,750,72,1,1542.00,0.00,0.00,0.00,0.00,0.00,1542.00,'2016-02-07 20:56:08','2016-02-07 20:56:08'),(2291,751,71,1,21.00,0.00,0.00,0.00,0.00,0.00,21.00,'2016-02-07 20:58:06','2016-02-07 20:58:06'),(2292,751,68,1,3259.50,0.00,0.00,0.00,0.00,0.00,3259.50,'2016-02-07 20:58:06','2016-02-07 20:58:06'),(2293,751,72,1,771.00,0.00,0.00,0.00,0.00,0.00,771.00,'2016-02-07 20:58:06','2016-02-07 20:58:06'),(2294,752,71,1,21.00,0.00,0.00,0.00,0.00,0.00,21.00,'2016-02-07 21:00:04','2016-02-07 21:00:04'),(2295,752,68,1,3259.50,0.00,0.00,0.00,0.00,0.00,3259.50,'2016-02-07 21:00:04','2016-02-07 21:00:04'),(2296,752,72,1,771.00,0.00,0.00,0.00,0.00,0.00,771.00,'2016-02-07 21:00:04','2016-02-07 21:00:04'),(2297,753,57,1,21.00,0.00,0.00,0.00,0.00,0.00,21.00,'2016-02-07 21:14:55','2016-02-07 21:14:55'),(2298,753,55,1,12723.48,0.00,0.00,0.00,0.00,0.00,12723.48,'2016-02-07 21:14:55','2016-02-07 21:14:55'),(2299,753,54,1,430.50,0.00,0.00,0.00,0.00,0.00,430.50,'2016-02-07 21:14:55','2016-02-07 21:14:55'),(2300,754,71,1,21.00,0.00,0.00,0.00,0.00,0.00,21.00,'2016-02-07 21:21:35','2016-02-07 21:21:35'),(2301,754,68,1,123.00,0.00,0.00,0.00,0.00,0.00,123.00,'2016-02-07 21:21:35','2016-02-07 21:21:35'),(2302,755,57,1,21.00,0.00,0.00,0.00,0.00,0.00,21.00,'2016-02-07 22:31:54','2016-02-07 22:31:54'),(2303,755,55,1,920.04,0.00,0.00,0.00,0.00,0.00,920.04,'2016-02-07 22:31:54','2016-02-07 22:31:54'),(2304,755,54,1,123.00,0.00,0.00,0.00,0.00,0.00,123.00,'2016-02-07 22:31:54','2016-02-07 22:31:54'),(2305,756,57,1,21.00,0.00,0.00,0.00,0.00,0.00,21.00,'2016-02-07 22:33:51','2016-02-07 22:33:51'),(2306,756,54,1,123.00,0.00,0.00,0.00,0.00,0.00,123.00,'2016-02-07 22:33:51','2016-02-07 22:33:51'),(2307,757,57,1,21.00,0.00,0.00,0.00,0.00,0.00,21.00,'2016-02-07 22:40:50','2016-02-07 22:40:50'),(2308,757,55,1,224.40,0.00,0.00,0.00,0.00,0.00,224.40,'2016-02-07 22:40:50','2016-02-07 22:40:50'),(2309,757,54,1,307.50,0.00,0.00,0.00,0.00,0.00,307.50,'2016-02-07 22:40:50','2016-02-07 22:40:50'),(2310,758,57,1,21.00,0.00,0.00,0.00,0.00,0.00,21.00,'2016-02-07 22:44:31','2016-02-07 22:44:31'),(2311,758,54,1,1147.50,0.00,0.00,0.00,0.00,0.00,1147.50,'2016-02-07 22:44:31','2016-02-07 22:44:31'),(2312,759,57,1,21.00,0.00,0.00,0.00,0.00,0.00,21.00,'2016-02-07 22:46:07','2016-02-07 22:46:07'),(2313,759,55,1,112.20,0.00,0.00,0.00,0.00,0.00,112.20,'2016-02-07 22:46:07','2016-02-07 22:46:07'),(2314,759,54,1,307.50,0.00,0.00,0.00,0.00,0.00,307.50,'2016-02-07 22:46:07','2016-02-07 22:46:07'),(2315,760,57,1,21.00,0.00,0.00,0.00,0.00,0.00,21.00,'2016-02-07 22:47:56','2016-02-07 22:47:56'),(2316,760,55,1,3208.92,0.00,0.00,0.00,0.00,0.00,3208.92,'2016-02-07 22:47:56','2016-02-07 22:47:56'),(2317,760,54,1,676.50,0.00,0.00,0.00,0.00,0.00,676.50,'2016-02-07 22:47:56','2016-02-07 22:47:56'),(2318,761,71,1,21.00,0.00,0.00,0.00,0.00,0.00,21.00,'2016-02-07 22:50:49','2016-02-07 22:50:49'),(2319,761,68,1,3936.00,0.00,0.00,0.00,0.00,0.00,3936.00,'2016-02-07 22:50:49','2016-02-07 22:50:49'),(2320,761,72,1,771.00,0.00,0.00,0.00,0.00,0.00,771.00,'2016-02-07 22:50:49','2016-02-07 22:50:49'),(2321,762,71,1,21.00,0.00,0.00,0.00,0.00,0.00,21.00,'2016-02-07 22:54:22','2016-02-07 22:54:22'),(2322,762,68,1,3936.00,0.00,0.00,0.00,0.00,0.00,3936.00,'2016-02-07 22:54:22','2016-02-07 22:54:22'),(2323,762,72,1,771.00,0.00,0.00,0.00,0.00,0.00,771.00,'2016-02-07 22:54:22','2016-02-07 22:54:22'),(2324,763,71,1,21.00,0.00,0.00,0.00,0.00,0.00,21.00,'2016-02-07 22:57:19','2016-02-07 22:57:19'),(2325,763,69,1,4162.62,0.00,0.00,0.00,0.00,0.00,4162.62,'2016-02-07 22:57:19','2016-02-07 22:57:19'),(2326,763,68,1,3895.50,0.00,0.00,0.00,0.00,0.00,3895.50,'2016-02-07 22:57:19','2016-02-07 22:57:19'),(2327,764,57,1,21.00,0.00,0.00,0.00,0.00,0.00,21.00,'2016-02-07 23:02:54','2016-02-07 23:02:54'),(2328,764,54,1,123.00,0.00,0.00,0.00,0.00,0.00,123.00,'2016-02-07 23:02:54','2016-02-07 23:02:54'),(2329,765,71,1,21.00,0.00,0.00,0.00,0.00,0.00,21.00,'2016-02-07 23:05:02','2016-02-07 23:05:02'),(2330,765,69,1,7270.56,0.00,0.00,0.00,0.00,0.00,7270.56,'2016-02-07 23:05:02','2016-02-07 23:05:02'),(2331,765,68,1,5292.00,0.00,0.00,0.00,0.00,0.00,5292.00,'2016-02-07 23:05:02','2016-02-07 23:05:02'),(2332,765,72,1,1542.00,0.00,0.00,0.00,0.00,0.00,1542.00,'2016-02-07 23:05:02','2016-02-07 23:05:02'),(2333,766,71,1,21.00,0.00,0.00,0.00,0.00,0.00,21.00,'2016-02-07 23:07:17','2016-02-07 23:07:17'),(2334,766,68,1,4428.00,0.00,0.00,0.00,0.00,0.00,4428.00,'2016-02-07 23:07:17','2016-02-07 23:07:17'),(2335,766,72,1,771.00,0.00,0.00,0.00,0.00,0.00,771.00,'2016-02-07 23:07:17','2016-02-07 23:07:17'),(2336,767,71,1,21.00,0.00,0.00,0.00,0.00,0.00,21.00,'2016-02-07 23:09:12','2016-02-07 23:09:12'),(2337,767,68,1,307.50,0.00,0.00,0.00,0.00,0.00,307.50,'2016-02-07 23:09:12','2016-02-07 23:09:12'),(2338,768,71,1,21.00,0.00,0.00,0.00,0.00,0.00,21.00,'2016-02-07 23:11:00','2016-02-07 23:11:00'),(2339,768,68,1,307.50,0.00,0.00,0.00,0.00,0.00,307.50,'2016-02-07 23:11:00','2016-02-07 23:11:00'),(2340,769,71,1,21.00,0.00,0.00,0.00,0.00,0.00,21.00,'2016-02-07 23:13:55','2016-02-07 23:13:55'),(2341,769,68,1,307.50,0.00,0.00,0.00,0.00,0.00,307.50,'2016-02-07 23:13:55','2016-02-07 23:13:55'),(2342,770,71,1,21.00,0.00,0.00,0.00,0.00,0.00,21.00,'2016-02-07 23:18:24','2016-02-07 23:18:24'),(2343,770,68,1,307.50,0.00,0.00,0.00,0.00,0.00,307.50,'2016-02-07 23:18:24','2016-02-07 23:18:24'),(2344,771,57,1,21.00,0.00,0.00,0.00,0.00,0.00,21.00,'2016-02-07 23:26:07','2016-02-07 23:26:07'),(2345,771,55,1,765.18,0.00,0.00,0.00,0.00,0.00,765.18,'2016-02-07 23:26:07','2016-02-07 23:26:07'),(2346,771,54,1,1657.50,0.00,0.00,0.00,0.00,0.00,1657.50,'2016-02-07 23:26:07','2016-02-07 23:26:07'),(2347,772,57,1,21.00,0.00,0.00,0.00,0.00,0.00,21.00,'2016-02-07 23:27:51','2016-02-07 23:27:51'),(2348,772,54,1,1530.00,0.00,0.00,0.00,0.00,0.00,1530.00,'2016-02-07 23:27:51','2016-02-07 23:27:51'),(2349,773,71,1,21.00,0.00,0.00,0.00,0.00,0.00,21.00,'2016-02-07 23:29:48','2016-02-07 23:29:48'),(2350,773,68,1,4428.00,0.00,0.00,0.00,0.00,0.00,4428.00,'2016-02-07 23:29:48','2016-02-07 23:29:48'),(2351,774,71,1,21.00,0.00,0.00,0.00,0.00,0.00,21.00,'2016-02-07 23:34:06','2016-02-07 23:34:06'),(2352,774,68,1,4428.00,0.00,0.00,0.00,0.00,0.00,4428.00,'2016-02-07 23:34:06','2016-02-07 23:34:06'),(2353,774,72,1,771.00,0.00,0.00,0.00,0.00,0.00,771.00,'2016-02-07 23:34:06','2016-02-07 23:34:06'),(2354,775,71,1,21.00,0.00,0.00,0.00,0.00,0.00,21.00,'2016-02-07 23:37:12','2016-02-07 23:37:12'),(2355,775,69,1,5351.94,0.00,0.00,0.00,0.00,0.00,5351.94,'2016-02-07 23:37:12','2016-02-07 23:37:12'),(2356,775,68,1,3895.50,0.00,0.00,0.00,0.00,0.00,3895.50,'2016-02-07 23:37:12','2016-02-07 23:37:12'),(2357,775,72,1,1542.00,0.00,0.00,0.00,0.00,0.00,1542.00,'2016-02-07 23:37:12','2016-02-07 23:37:12'),(2358,776,71,1,21.00,0.00,0.00,0.00,0.00,0.00,21.00,'2016-02-07 23:39:41','2016-02-07 23:39:41'),(2359,776,68,1,3382.50,0.00,0.00,0.00,0.00,0.00,3382.50,'2016-02-07 23:39:41','2016-02-07 23:39:41'),(2360,776,72,1,771.00,0.00,0.00,0.00,0.00,0.00,771.00,'2016-02-07 23:39:41','2016-02-07 23:39:41'),(2361,777,71,1,21.00,0.00,0.00,0.00,0.00,0.00,21.00,'2016-02-07 23:42:03','2016-02-07 23:42:03'),(2362,777,72,1,771.00,0.00,0.00,0.00,0.00,0.00,771.00,'2016-02-07 23:42:03','2016-02-07 23:42:03'),(2363,778,71,1,21.00,0.00,0.00,0.00,0.00,0.00,21.00,'2016-02-07 23:44:02','2016-02-07 23:44:02'),(2364,778,72,1,771.00,0.00,0.00,0.00,0.00,0.00,771.00,'2016-02-07 23:44:02','2016-02-07 23:44:02'),(2365,779,57,1,21.00,0.00,0.00,0.00,0.00,0.00,21.00,'2016-02-07 23:45:58','2016-02-07 23:45:58'),(2366,779,55,1,2636.70,0.00,0.00,0.00,0.00,0.00,2636.70,'2016-02-07 23:45:58','2016-02-07 23:45:58'),(2367,779,54,1,367.50,0.00,0.00,0.00,0.00,0.00,367.50,'2016-02-07 23:45:58','2016-02-07 23:45:58'),(2368,780,57,1,21.00,0.00,0.00,0.00,0.00,0.00,21.00,'2016-02-08 00:18:10','2016-02-08 00:18:10'),(2369,780,54,1,61.50,0.00,0.00,0.00,0.00,0.00,61.50,'2016-02-08 00:18:10','2016-02-08 00:18:10'),(2370,781,57,1,21.00,0.00,0.00,0.00,0.00,0.00,21.00,'2016-02-08 00:20:49','2016-02-08 00:20:49'),(2371,781,55,1,4869.48,0.00,0.00,0.00,0.00,0.00,4869.48,'2016-02-08 00:20:49','2016-02-08 00:20:49'),(2372,781,54,1,430.50,0.00,0.00,0.00,0.00,0.00,430.50,'2016-02-08 00:20:49','2016-02-08 00:20:49'),(2373,782,57,1,21.00,0.00,0.00,0.00,0.00,0.00,21.00,'2016-02-08 00:28:02','2016-02-08 00:28:02'),(2374,782,54,1,123.00,0.00,0.00,0.00,0.00,0.00,123.00,'2016-02-08 00:28:02','2016-02-08 00:28:02'),(2375,783,71,1,21.00,0.00,0.00,0.00,0.00,0.00,21.00,'2016-02-08 00:34:18','2016-02-08 00:34:18'),(2376,783,68,1,123.00,0.00,0.00,0.00,0.00,0.00,123.00,'2016-02-08 00:34:18','2016-02-08 00:34:18'),(2377,784,57,1,21.00,0.00,0.00,0.00,0.00,0.00,21.00,'2016-02-08 00:36:54','2016-02-08 00:36:54'),(2378,784,54,1,147.00,0.00,0.00,0.00,0.00,0.00,147.00,'2016-02-08 00:36:54','2016-02-08 00:36:54'),(2379,785,57,1,21.00,0.00,0.00,0.00,0.00,0.00,21.00,'2016-02-08 00:38:45','2016-02-08 00:38:45'),(2380,785,54,1,123.00,0.00,0.00,0.00,0.00,0.00,123.00,'2016-02-08 00:38:45','2016-02-08 00:38:45'),(2381,786,57,1,21.00,0.00,0.00,0.00,0.00,0.00,21.00,'2016-02-08 00:40:13','2016-02-08 00:40:13'),(2382,786,54,1,123.00,0.00,0.00,0.00,0.00,0.00,123.00,'2016-02-08 00:40:13','2016-02-08 00:40:13'),(2383,787,57,1,21.00,0.00,0.00,0.00,0.00,0.00,21.00,'2016-02-08 00:42:16','2016-02-08 00:42:16'),(2384,787,54,1,123.00,0.00,0.00,0.00,0.00,0.00,123.00,'2016-02-08 00:42:16','2016-02-08 00:42:16'),(2385,788,57,1,21.00,0.00,0.00,0.00,0.00,0.00,21.00,'2016-02-08 00:44:39','2016-02-08 00:44:39'),(2386,788,54,1,123.00,0.00,0.00,0.00,0.00,0.00,123.00,'2016-02-08 00:44:39','2016-02-08 00:44:39'),(2387,789,71,1,21.00,0.00,0.00,0.00,0.00,0.00,21.00,'2016-02-08 00:46:14','2016-02-08 00:46:14'),(2388,789,68,1,492.00,0.00,0.00,0.00,0.00,0.00,492.00,'2016-02-08 00:46:14','2016-02-08 00:46:14'),(2389,790,71,1,21.00,0.00,0.00,0.00,0.00,0.00,21.00,'2016-02-08 00:49:35','2016-02-08 00:49:35'),(2390,790,68,1,3813.00,0.00,0.00,0.00,0.00,0.00,3813.00,'2016-02-08 00:49:35','2016-02-08 00:49:35'),(2391,790,72,1,771.00,0.00,0.00,0.00,0.00,0.00,771.00,'2016-02-08 00:49:35','2016-02-08 00:49:35'),(2392,791,57,1,21.00,0.00,0.00,0.00,0.00,0.00,21.00,'2016-02-08 00:52:00','2016-02-08 00:52:00'),(2393,791,55,1,67.32,0.00,0.00,0.00,0.00,0.00,67.32,'2016-02-08 00:52:00','2016-02-08 00:52:00'),(2394,791,54,1,369.00,0.00,0.00,0.00,0.00,0.00,369.00,'2016-02-08 00:52:00','2016-02-08 00:52:00'),(2395,792,57,1,21.00,0.00,0.00,0.00,0.00,0.00,21.00,'2016-02-08 00:58:30','2016-02-08 00:58:30'),(2396,792,55,1,1447.38,0.00,0.00,0.00,0.00,0.00,1447.38,'2016-02-08 00:58:30','2016-02-08 00:58:30'),(2397,792,54,1,184.50,0.00,0.00,0.00,0.00,0.00,184.50,'2016-02-08 00:58:30','2016-02-08 00:58:30'),(2398,793,71,1,21.00,0.00,0.00,0.00,0.00,0.00,21.00,'2016-02-08 01:04:11','2016-02-08 01:04:11'),(2399,793,68,1,3259.50,0.00,0.00,0.00,0.00,0.00,3259.50,'2016-02-08 01:04:11','2016-02-08 01:04:11'),(2400,793,72,1,771.00,0.00,0.00,0.00,0.00,0.00,771.00,'2016-02-08 01:04:11','2016-02-08 01:04:11'),(2401,794,71,1,21.00,0.00,0.00,0.00,0.00,0.00,21.00,'2016-02-08 01:09:39','2016-02-08 01:09:39'),(2402,794,69,1,4757.28,0.00,0.00,0.00,0.00,0.00,4757.28,'2016-02-08 01:09:39','2016-02-08 01:09:39'),(2403,794,68,1,3895.50,0.00,0.00,0.00,0.00,0.00,3895.50,'2016-02-08 01:09:39','2016-02-08 01:09:39'),(2404,794,72,1,1542.00,0.00,0.00,0.00,0.00,0.00,1542.00,'2016-02-08 01:09:39','2016-02-08 01:09:39'),(2405,795,71,1,21.00,0.00,0.00,0.00,0.00,0.00,21.00,'2016-02-08 01:13:17','2016-02-08 01:13:17'),(2406,795,68,1,307.50,0.00,0.00,0.00,0.00,0.00,307.50,'2016-02-08 01:13:17','2016-02-08 01:13:17'),(2407,796,57,1,21.00,0.00,0.00,0.00,0.00,0.00,21.00,'2016-02-08 01:19:06','2016-02-08 01:19:06'),(2408,796,55,1,157.08,0.00,0.00,0.00,0.00,0.00,157.08,'2016-02-08 01:19:06','2016-02-08 01:19:06'),(2409,796,54,1,430.50,0.00,0.00,0.00,0.00,0.00,430.50,'2016-02-08 01:19:06','2016-02-08 01:19:06'),(2410,797,71,1,21.00,0.00,0.00,0.00,0.00,0.00,21.00,'2016-02-08 01:22:00','2016-02-08 01:22:00'),(2411,797,68,1,3259.50,0.00,0.00,0.00,0.00,0.00,3259.50,'2016-02-08 01:22:00','2016-02-08 01:22:00'),(2412,797,72,1,771.00,0.00,0.00,0.00,0.00,0.00,771.00,'2016-02-08 01:22:00','2016-02-08 01:22:00'),(2413,798,71,1,21.00,0.00,0.00,0.00,0.00,0.00,21.00,'2016-02-08 01:25:49','2016-02-08 01:25:49'),(2414,798,69,1,5744.64,0.00,0.00,0.00,0.00,0.00,5744.64,'2016-02-08 01:25:49','2016-02-08 01:25:49'),(2415,798,68,1,4704.00,0.00,0.00,0.00,0.00,0.00,4704.00,'2016-02-08 01:25:49','2016-02-08 01:25:49'),(2416,799,71,1,21.00,0.00,0.00,0.00,0.00,0.00,21.00,'2016-02-08 01:28:34','2016-02-08 01:28:34'),(2417,799,68,1,4428.00,0.00,0.00,0.00,0.00,0.00,4428.00,'2016-02-08 01:28:34','2016-02-08 01:28:34'),(2418,799,72,1,771.00,0.00,0.00,0.00,0.00,0.00,771.00,'2016-02-08 01:28:34','2016-02-08 01:28:34'),(2419,800,57,1,21.00,0.00,0.00,0.00,0.00,0.00,21.00,'2016-02-08 01:31:14','2016-02-08 01:31:14'),(2420,800,54,1,1530.00,0.00,0.00,0.00,0.00,0.00,1530.00,'2016-02-08 01:31:14','2016-02-08 01:31:14'),(2421,801,57,1,21.00,0.00,0.00,0.00,0.00,0.00,21.00,'2016-02-08 01:33:00','2016-02-08 01:33:00'),(2422,801,55,1,224.40,0.00,0.00,0.00,0.00,0.00,224.40,'2016-02-08 01:33:00','2016-02-08 01:33:00'),(2423,801,54,1,307.50,0.00,0.00,0.00,0.00,0.00,307.50,'2016-02-08 01:33:00','2016-02-08 01:33:00'),(2424,802,57,1,21.00,0.00,0.00,0.00,0.00,0.00,21.00,'2016-02-08 01:36:36','2016-02-08 01:36:36'),(2425,802,55,1,314.16,0.00,0.00,0.00,0.00,0.00,314.16,'2016-02-08 01:36:36','2016-02-08 01:36:36'),(2426,802,54,1,430.50,0.00,0.00,0.00,0.00,0.00,430.50,'2016-02-08 01:36:36','2016-02-08 01:36:36'),(2427,803,57,1,21.00,0.00,0.00,0.00,0.00,0.00,21.00,'2016-02-08 01:38:14','2016-02-08 01:38:14'),(2428,803,54,1,676.50,0.00,0.00,0.00,0.00,0.00,676.50,'2016-02-08 01:38:14','2016-02-08 01:38:14'),(2429,804,57,1,21.00,0.00,0.00,0.00,0.00,0.00,21.00,'2016-02-08 01:42:13','2016-02-08 01:42:13'),(2430,804,55,1,112.20,0.00,0.00,0.00,0.00,0.00,112.20,'2016-02-08 01:42:13','2016-02-08 01:42:13'),(2431,804,54,1,307.50,0.00,0.00,0.00,0.00,0.00,307.50,'2016-02-08 01:42:13','2016-02-08 01:42:13'),(2432,805,71,1,21.00,0.00,0.00,0.00,0.00,0.00,21.00,'2016-02-08 01:44:25','2016-02-08 01:44:25'),(2433,805,68,1,4428.00,0.00,0.00,0.00,0.00,0.00,4428.00,'2016-02-08 01:44:25','2016-02-08 01:44:25'),(2434,806,71,1,21.00,0.00,0.00,0.00,0.00,0.00,21.00,'2016-02-08 01:55:22','2016-02-08 01:55:22'),(2435,806,69,1,5834.40,0.00,0.00,0.00,0.00,0.00,5834.40,'2016-02-08 01:55:22','2016-02-08 01:55:22'),(2436,806,68,1,4777.50,0.00,0.00,0.00,0.00,0.00,4777.50,'2016-02-08 01:55:22','2016-02-08 01:55:22'),(2437,806,72,1,1542.00,0.00,0.00,0.00,0.00,0.00,1542.00,'2016-02-08 01:55:22','2016-02-08 01:55:22'),(2438,807,57,1,21.00,0.00,0.00,0.00,0.00,0.00,21.00,'2016-02-08 02:07:23','2016-02-08 02:07:23'),(2439,807,55,1,2266.11,0.00,0.00,0.00,0.00,0.00,2266.11,'2016-02-08 02:07:23','2016-02-08 02:07:23'),(2440,807,54,1,1402.50,0.00,0.00,0.00,0.00,0.00,1402.50,'2016-02-08 02:07:23','2016-02-08 02:07:23'),(2441,808,57,1,21.00,0.00,0.00,0.00,0.00,0.00,21.00,'2016-02-08 02:13:03','2016-02-08 02:13:03'),(2442,808,54,1,184.50,0.00,0.00,0.00,0.00,0.00,184.50,'2016-02-08 02:13:03','2016-02-08 02:13:03'),(2443,809,71,1,21.00,0.00,0.00,0.00,0.00,0.00,21.00,'2016-02-08 02:15:13','2016-02-08 02:15:13'),(2444,809,68,1,5365.50,0.00,0.00,0.00,0.00,0.00,5365.50,'2016-02-08 02:15:13','2016-02-08 02:15:13'),(2445,809,72,1,771.00,0.00,0.00,0.00,0.00,0.00,771.00,'2016-02-08 02:15:13','2016-02-08 02:15:13'),(2446,810,57,1,21.00,0.00,0.00,0.00,0.00,0.00,21.00,'2016-02-08 02:16:54','2016-02-08 02:16:54'),(2447,810,54,1,514.50,0.00,0.00,0.00,0.00,0.00,514.50,'2016-02-08 02:16:54','2016-02-08 02:16:54'),(2448,811,71,1,21.00,0.00,0.00,0.00,0.00,0.00,21.00,'2016-02-08 02:19:17','2016-02-08 02:19:17'),(2449,811,69,1,5654.88,0.00,0.00,0.00,0.00,0.00,5654.88,'2016-02-08 02:19:17','2016-02-08 02:19:17'),(2450,811,68,1,5292.00,0.00,0.00,0.00,0.00,0.00,5292.00,'2016-02-08 02:19:17','2016-02-08 02:19:17'),(2451,811,72,1,1542.00,0.00,0.00,0.00,0.00,0.00,1542.00,'2016-02-08 02:19:17','2016-02-08 02:19:17'),(2452,812,57,1,21.00,0.00,0.00,0.00,0.00,0.00,21.00,'2016-02-08 02:20:46','2016-02-08 02:20:46'),(2453,812,54,1,123.00,0.00,0.00,0.00,0.00,0.00,123.00,'2016-02-08 02:20:46','2016-02-08 02:20:46'),(2454,813,71,1,21.00,0.00,0.00,0.00,0.00,0.00,21.00,'2016-02-08 02:22:39','2016-02-08 02:22:39'),(2455,813,68,1,4428.00,0.00,0.00,0.00,0.00,0.00,4428.00,'2016-02-08 02:22:39','2016-02-08 02:22:39'),(2456,813,72,1,771.00,0.00,0.00,0.00,0.00,0.00,771.00,'2016-02-08 02:22:39','2016-02-08 02:22:39'),(2457,814,71,1,21.00,0.00,0.00,0.00,0.00,0.00,21.00,'2016-02-08 02:24:35','2016-02-08 02:24:35'),(2458,814,69,1,617.10,0.00,0.00,0.00,0.00,0.00,617.10,'2016-02-08 02:24:35','2016-02-08 02:24:35'),(2459,814,68,1,3382.50,0.00,0.00,0.00,0.00,0.00,3382.50,'2016-02-08 02:24:35','2016-02-08 02:24:35'),(2460,814,72,1,771.00,0.00,0.00,0.00,0.00,0.00,771.00,'2016-02-08 02:24:35','2016-02-08 02:24:35'),(2461,815,71,1,21.00,0.00,0.00,0.00,0.00,0.00,21.00,'2016-02-08 02:26:10','2016-02-08 02:26:10'),(2462,815,68,1,3895.50,0.00,0.00,0.00,0.00,0.00,3895.50,'2016-02-08 02:26:10','2016-02-08 02:26:10'),(2463,815,72,1,771.00,0.00,0.00,0.00,0.00,0.00,771.00,'2016-02-08 02:26:10','2016-02-08 02:26:10'),(2464,816,71,1,21.00,0.00,0.00,0.00,0.00,0.00,21.00,'2016-02-08 02:28:12','2016-02-08 02:28:12'),(2465,816,69,1,4757.28,0.00,0.00,0.00,0.00,0.00,4757.28,'2016-02-08 02:28:12','2016-02-08 02:28:12'),(2466,816,68,1,3895.50,0.00,0.00,0.00,0.00,0.00,3895.50,'2016-02-08 02:28:12','2016-02-08 02:28:12'),(2467,816,72,1,2313.00,0.00,0.00,0.00,0.00,0.00,2313.00,'2016-02-08 02:28:12','2016-02-08 02:28:12'),(2468,817,71,1,21.00,0.00,0.00,0.00,0.00,0.00,21.00,'2016-02-08 02:30:03','2016-02-08 02:30:03'),(2469,817,68,1,3259.50,0.00,0.00,0.00,0.00,0.00,3259.50,'2016-02-08 02:30:03','2016-02-08 02:30:03'),(2470,817,72,1,771.00,0.00,0.00,0.00,0.00,0.00,771.00,'2016-02-08 02:30:03','2016-02-08 02:30:03'),(2471,818,71,1,21.00,0.00,0.00,0.00,0.00,0.00,21.00,'2016-02-08 02:39:05','2016-02-08 02:39:05'),(2472,818,68,1,4704.00,0.00,0.00,0.00,0.00,0.00,4704.00,'2016-02-08 02:39:05','2016-02-08 02:39:05'),(2473,819,71,1,21.00,0.00,0.00,0.00,0.00,0.00,21.00,'2016-02-08 02:41:49','2016-02-08 02:41:49'),(2474,819,68,1,3813.00,0.00,0.00,0.00,0.00,0.00,3813.00,'2016-02-08 02:41:49','2016-02-08 02:41:49'),(2475,819,72,1,771.00,0.00,0.00,0.00,0.00,0.00,771.00,'2016-02-08 02:41:49','2016-02-08 02:41:49'),(2476,820,71,1,21.00,0.00,0.00,0.00,0.00,0.00,21.00,'2016-02-08 02:45:16','2016-02-08 02:45:16'),(2477,820,72,1,771.00,0.00,0.00,0.00,0.00,0.00,771.00,'2016-02-08 02:45:16','2016-02-08 02:45:16'),(2478,821,71,1,21.00,0.00,0.00,0.00,0.00,0.00,21.00,'2016-02-08 02:49:39','2016-02-08 02:49:39'),(2479,821,72,1,771.00,0.00,0.00,0.00,0.00,0.00,771.00,'2016-02-08 02:49:39','2016-02-08 02:49:39'),(2480,822,57,1,21.00,0.00,0.00,0.00,0.00,0.00,21.00,'2016-02-08 02:51:22','2016-02-08 02:51:22'),(2481,822,54,1,1275.00,0.00,0.00,0.00,0.00,0.00,1275.00,'2016-02-08 02:51:22','2016-02-08 02:51:22'),(2482,823,57,1,21.00,0.00,0.00,0.00,0.00,0.00,21.00,'2016-02-08 02:53:46','2016-02-08 02:53:46'),(2483,823,54,1,61.50,0.00,0.00,0.00,0.00,0.00,61.50,'2016-02-08 02:53:46','2016-02-08 02:53:46'),(2484,824,57,1,21.00,0.00,0.00,0.00,0.00,0.00,21.00,'2016-02-08 02:56:26','2016-02-08 02:56:26'),(2485,824,54,1,61.50,0.00,0.00,0.00,0.00,0.00,61.50,'2016-02-08 02:56:26','2016-02-08 02:56:26'),(2486,825,57,1,21.00,0.00,0.00,0.00,0.00,0.00,21.00,'2016-02-08 02:59:06','2016-02-08 02:59:06'),(2487,825,54,1,123.00,0.00,0.00,0.00,0.00,0.00,123.00,'2016-02-08 02:59:06','2016-02-08 02:59:06'),(2488,826,71,1,21.00,0.00,0.00,0.00,0.00,0.00,21.00,'2016-02-08 03:06:09','2016-02-08 03:06:09'),(2489,826,68,1,4428.00,0.00,0.00,0.00,0.00,0.00,4428.00,'2016-02-08 03:06:09','2016-02-08 03:06:09'),(2490,826,72,1,771.00,0.00,0.00,0.00,0.00,0.00,771.00,'2016-02-08 03:06:09','2016-02-08 03:06:09'),(2491,827,71,1,21.00,0.00,0.00,0.00,0.00,0.00,21.00,'2016-02-08 03:08:45','2016-02-08 03:08:45'),(2492,827,72,1,771.00,0.00,0.00,0.00,0.00,0.00,771.00,'2016-02-08 03:08:45','2016-02-08 03:08:45'),(2493,828,71,1,21.00,0.00,0.00,0.00,0.00,0.00,21.00,'2016-02-08 03:10:28','2016-02-08 03:10:28'),(2494,828,72,1,771.00,0.00,0.00,0.00,0.00,0.00,771.00,'2016-02-08 03:10:28','2016-02-08 03:10:28'),(2495,829,57,1,21.00,0.00,0.00,0.00,0.00,0.00,21.00,'2016-02-08 17:19:09','2016-02-08 17:19:09'),(2496,829,55,1,504.90,0.00,0.00,0.00,0.00,0.00,504.90,'2016-02-08 17:19:09','2016-02-08 17:19:09'),(2497,829,54,1,184.50,0.00,0.00,0.00,0.00,0.00,184.50,'2016-02-08 17:19:09','2016-02-08 17:19:09'),(2498,830,57,1,21.00,0.00,0.00,0.00,0.00,0.00,21.00,'2016-02-08 17:21:54','2016-02-08 17:21:54'),(2499,830,54,1,430.50,0.00,0.00,0.00,0.00,0.00,430.50,'2016-02-08 17:21:54','2016-02-08 17:21:54'),(2500,831,57,1,21.00,0.00,0.00,0.00,0.00,0.00,21.00,'2016-02-08 17:26:09','2016-02-08 17:26:09'),(2501,831,55,1,3848.46,0.00,0.00,0.00,0.00,0.00,3848.46,'2016-02-08 17:26:09','2016-02-08 17:26:09'),(2502,831,54,1,430.50,0.00,0.00,0.00,0.00,0.00,430.50,'2016-02-08 17:26:09','2016-02-08 17:26:09'),(2503,832,57,1,21.00,0.00,0.00,0.00,0.00,0.00,21.00,'2016-02-08 17:31:18','2016-02-08 17:31:18'),(2504,832,54,1,307.50,0.00,0.00,0.00,0.00,0.00,307.50,'2016-02-08 17:31:18','2016-02-08 17:31:18'),(2505,833,57,1,21.00,0.00,0.00,0.00,0.00,0.00,21.00,'2016-02-08 17:35:01','2016-02-08 17:35:01'),(2506,833,54,1,307.50,0.00,0.00,0.00,0.00,0.00,307.50,'2016-02-08 17:35:01','2016-02-08 17:35:01'),(2507,834,71,1,21.00,0.00,0.00,0.00,0.00,0.00,21.00,'2016-02-08 17:36:54','2016-02-08 17:36:54'),(2508,834,68,1,4704.00,0.00,0.00,0.00,0.00,0.00,4704.00,'2016-02-08 17:36:54','2016-02-08 17:36:54'),(2509,834,72,1,771.00,0.00,0.00,0.00,0.00,0.00,771.00,'2016-02-08 17:36:54','2016-02-08 17:36:54'),(2510,835,71,1,21.00,0.00,0.00,0.00,0.00,0.00,21.00,'2016-02-08 17:38:50','2016-02-08 17:38:50'),(2511,835,69,1,7371.54,0.00,0.00,0.00,0.00,0.00,7371.54,'2016-02-08 17:38:50','2016-02-08 17:38:50'),(2512,835,68,1,5365.50,0.00,0.00,0.00,0.00,0.00,5365.50,'2016-02-08 17:38:50','2016-02-08 17:38:50'),(2513,836,71,1,21.00,0.00,0.00,0.00,0.00,0.00,21.00,'2016-02-08 17:51:58','2016-02-08 17:51:58'),(2514,836,68,1,4428.00,0.00,0.00,0.00,0.00,0.00,4428.00,'2016-02-08 17:51:58','2016-02-08 17:51:58'),(2515,836,72,1,771.00,0.00,0.00,0.00,0.00,0.00,771.00,'2016-02-08 17:51:58','2016-02-08 17:51:58'),(2516,837,71,1,21.00,0.00,0.00,0.00,0.00,0.00,21.00,'2016-02-08 17:54:32','2016-02-08 17:54:32'),(2517,837,68,1,4428.00,0.00,0.00,0.00,0.00,0.00,4428.00,'2016-02-08 17:54:32','2016-02-08 17:54:32'),(2518,838,71,1,21.00,0.00,0.00,0.00,0.00,0.00,21.00,'2016-02-08 17:56:50','2016-02-08 17:56:50'),(2519,838,68,1,4428.00,0.00,0.00,0.00,0.00,0.00,4428.00,'2016-02-08 17:56:50','2016-02-08 17:56:50'),(2520,839,71,1,21.00,0.00,0.00,0.00,0.00,0.00,21.00,'2016-02-08 18:04:00','2016-02-08 18:04:00'),(2521,840,71,1,21.00,0.00,0.00,0.00,0.00,0.00,21.00,'2016-02-08 18:06:47','2016-02-08 18:06:47'),(2522,841,71,1,21.00,0.00,0.00,0.00,0.00,0.00,21.00,'2016-02-08 18:33:51','2016-02-08 18:33:51'),(2523,841,68,1,492.00,0.00,0.00,0.00,0.00,0.00,492.00,'2016-02-08 18:33:51','2016-02-08 18:33:51'),(2524,842,71,1,21.00,0.00,0.00,0.00,0.00,0.00,21.00,'2016-02-08 18:35:29','2016-02-08 18:35:29'),(2525,842,68,1,492.00,0.00,0.00,0.00,0.00,0.00,492.00,'2016-02-08 18:35:29','2016-02-08 18:35:29'),(2526,843,71,1,21.00,0.00,0.00,0.00,0.00,0.00,21.00,'2016-02-08 18:39:47','2016-02-08 18:39:47'),(2527,843,69,1,5553.90,0.00,0.00,0.00,0.00,0.00,5553.90,'2016-02-08 18:39:47','2016-02-08 18:39:47'),(2528,843,68,1,4042.50,0.00,0.00,0.00,0.00,0.00,4042.50,'2016-02-08 18:39:47','2016-02-08 18:39:47'),(2529,843,72,1,1542.00,0.00,0.00,0.00,0.00,0.00,1542.00,'2016-02-08 18:39:47','2016-02-08 18:39:47'),(2530,844,71,1,21.00,0.00,0.00,0.00,0.00,0.00,21.00,'2016-02-08 18:41:52','2016-02-08 18:41:52'),(2531,844,68,1,3259.50,0.00,0.00,0.00,0.00,0.00,3259.50,'2016-02-08 18:41:52','2016-02-08 18:41:52'),(2532,844,72,1,771.00,0.00,0.00,0.00,0.00,0.00,771.00,'2016-02-08 18:41:52','2016-02-08 18:41:52'),(2533,845,71,1,21.00,0.00,0.00,0.00,0.00,0.00,21.00,'2016-02-08 20:37:23','2016-02-08 20:37:23'),(2534,845,69,1,5183.64,0.00,0.00,0.00,0.00,0.00,5183.64,'2016-02-08 20:37:23','2016-02-08 20:37:23'),(2535,845,68,1,4851.00,0.00,0.00,0.00,0.00,0.00,4851.00,'2016-02-08 20:37:23','2016-02-08 20:37:23'),(2536,846,71,1,21.00,0.00,0.00,0.00,0.00,0.00,21.00,'2016-02-08 20:50:48','2016-02-08 20:50:48'),(2537,846,69,1,5924.16,0.00,0.00,0.00,0.00,0.00,5924.16,'2016-02-08 20:50:48','2016-02-08 20:50:48'),(2538,846,68,1,4851.00,0.00,0.00,0.00,0.00,0.00,4851.00,'2016-02-08 20:50:48','2016-02-08 20:50:48'),(2539,847,71,1,21.00,0.00,0.00,0.00,0.00,0.00,21.00,'2016-02-08 20:53:21','2016-02-08 20:53:21'),(2540,847,69,1,7270.56,0.00,0.00,0.00,0.00,0.00,7270.56,'2016-02-08 20:53:21','2016-02-08 20:53:21'),(2541,847,68,1,5292.00,0.00,0.00,0.00,0.00,0.00,5292.00,'2016-02-08 20:53:21','2016-02-08 20:53:21'),(2542,847,72,1,2313.00,0.00,0.00,0.00,0.00,0.00,2313.00,'2016-02-08 20:53:21','2016-02-08 20:53:21'),(2543,848,71,1,21.00,0.00,0.00,0.00,0.00,0.00,21.00,'2016-02-08 20:56:12','2016-02-08 20:56:12'),(2544,848,68,1,61.50,0.00,0.00,0.00,0.00,0.00,61.50,'2016-02-08 20:56:12','2016-02-08 20:56:12'),(2545,849,57,1,21.00,0.00,0.00,0.00,0.00,0.00,21.00,'2016-02-08 21:00:42','2016-02-08 21:00:42'),(2546,849,55,1,729.30,0.00,0.00,0.00,0.00,0.00,729.30,'2016-02-08 21:00:42','2016-02-08 21:00:42'),(2547,849,54,1,367.50,0.00,0.00,0.00,0.00,0.00,367.50,'2016-02-08 21:00:42','2016-02-08 21:00:42'),(2548,850,71,1,21.00,0.00,0.00,0.00,0.00,0.00,21.00,'2016-02-08 21:03:43','2016-02-08 21:03:43'),(2549,850,68,1,4042.50,0.00,0.00,0.00,0.00,0.00,4042.50,'2016-02-08 21:03:43','2016-02-08 21:03:43'),(2550,850,72,1,771.00,0.00,0.00,0.00,0.00,0.00,771.00,'2016-02-08 21:03:43','2016-02-08 21:03:43'),(2551,851,71,1,21.00,0.00,0.00,0.00,0.00,0.00,21.00,'2016-02-08 21:06:16','2016-02-08 21:06:16'),(2552,851,68,1,3936.00,0.00,0.00,0.00,0.00,0.00,3936.00,'2016-02-08 21:06:16','2016-02-08 21:06:16'),(2553,851,72,1,771.00,0.00,0.00,0.00,0.00,0.00,771.00,'2016-02-08 21:06:16','2016-02-08 21:06:16'),(2554,852,57,1,21.00,0.00,0.00,0.00,0.00,0.00,21.00,'2016-02-08 21:08:41','2016-02-08 21:08:41'),(2555,852,55,1,403.92,0.00,0.00,0.00,0.00,0.00,403.92,'2016-02-08 21:08:41','2016-02-08 21:08:41'),(2556,852,54,1,369.00,0.00,0.00,0.00,0.00,0.00,369.00,'2016-02-08 21:08:41','2016-02-08 21:08:41'),(2557,853,57,1,21.00,0.00,0.00,0.00,0.00,0.00,21.00,'2016-02-08 23:26:38','2016-02-08 23:26:38'),(2558,853,54,1,123.00,0.00,0.00,0.00,0.00,0.00,123.00,'2016-02-08 23:26:38','2016-02-08 23:26:38'),(2559,854,57,1,21.00,0.00,0.00,0.00,0.00,0.00,21.00,'2016-02-08 23:58:57','2016-02-08 23:58:57'),(2560,854,55,1,1178.10,0.00,0.00,0.00,0.00,0.00,1178.10,'2016-02-08 23:58:57','2016-02-08 23:58:57'),(2561,854,54,1,430.50,0.00,0.00,0.00,0.00,0.00,430.50,'2016-02-08 23:58:57','2016-02-08 23:58:57'),(2562,855,71,1,21.00,0.00,0.00,0.00,0.00,0.00,21.00,'2016-02-09 00:00:51','2016-02-09 00:00:51'),(2563,855,69,1,4757.28,0.00,0.00,0.00,0.00,0.00,4757.28,'2016-02-09 00:00:51','2016-02-09 00:00:51'),(2564,855,68,1,3895.50,0.00,0.00,0.00,0.00,0.00,3895.50,'2016-02-09 00:00:51','2016-02-09 00:00:51'),(2565,856,71,1,21.00,0.00,0.00,0.00,0.00,0.00,21.00,'2016-02-09 00:03:57','2016-02-09 00:03:57'),(2566,856,68,1,123.00,0.00,0.00,0.00,0.00,0.00,123.00,'2016-02-09 00:03:57','2016-02-09 00:03:57'),(2567,857,57,1,21.00,0.00,0.00,0.00,0.00,0.00,21.00,'2016-02-09 00:06:54','2016-02-09 00:06:54'),(2568,857,54,1,430.50,0.00,0.00,0.00,0.00,0.00,430.50,'2016-02-09 00:06:54','2016-02-09 00:06:54'),(2569,858,71,1,21.00,0.00,0.00,0.00,0.00,0.00,21.00,'2016-02-09 00:09:24','2016-02-09 00:09:24'),(2570,858,69,1,6462.72,0.00,0.00,0.00,0.00,0.00,6462.72,'2016-02-09 00:09:24','2016-02-09 00:09:24'),(2571,858,68,1,4704.00,0.00,0.00,0.00,0.00,0.00,4704.00,'2016-02-09 00:09:24','2016-02-09 00:09:24'),(2572,858,72,1,1542.00,0.00,0.00,0.00,0.00,0.00,1542.00,'2016-02-09 00:09:24','2016-02-09 00:09:24'),(2573,859,71,1,21.00,0.00,0.00,0.00,0.00,0.00,21.00,'2016-02-09 00:16:07','2016-02-09 00:16:07'),(2574,859,68,1,4428.00,0.00,0.00,0.00,0.00,0.00,4428.00,'2016-02-09 00:16:07','2016-02-09 00:16:07'),(2575,859,72,1,771.00,0.00,0.00,0.00,0.00,0.00,771.00,'2016-02-09 00:16:07','2016-02-09 00:16:07'),(2576,860,57,1,21.00,0.00,0.00,0.00,0.00,0.00,21.00,'2016-02-09 00:23:33','2016-02-09 00:23:33'),(2577,860,54,1,307.50,0.00,0.00,0.00,0.00,0.00,307.50,'2016-02-09 00:23:33','2016-02-09 00:23:33'),(2578,861,57,1,21.00,0.00,0.00,0.00,0.00,0.00,21.00,'2016-02-09 00:25:04','2016-02-09 00:25:04'),(2579,861,55,1,3531.60,0.00,0.00,0.00,0.00,0.00,3531.60,'2016-02-09 00:25:04','2016-02-09 00:25:04'),(2580,861,54,1,1275.00,0.00,0.00,0.00,0.00,0.00,1275.00,'2016-02-09 00:25:04','2016-02-09 00:25:04'),(2581,862,57,1,21.00,0.00,0.00,0.00,0.00,0.00,21.00,'2016-02-09 00:26:41','2016-02-09 00:26:41'),(2582,862,55,1,403.92,0.00,0.00,0.00,0.00,0.00,403.92,'2016-02-09 00:26:41','2016-02-09 00:26:41'),(2583,862,54,1,369.00,0.00,0.00,0.00,0.00,0.00,369.00,'2016-02-09 00:26:41','2016-02-09 00:26:41'),(2584,863,57,1,21.00,0.00,0.00,0.00,0.00,0.00,21.00,'2016-02-09 00:28:50','2016-02-09 00:28:50'),(2585,863,54,1,123.00,0.00,0.00,0.00,0.00,0.00,123.00,'2016-02-09 00:28:50','2016-02-09 00:28:50'),(2586,864,57,1,21.00,0.00,0.00,0.00,0.00,0.00,21.00,'2016-02-09 02:06:43','2016-02-09 02:06:43'),(2587,864,54,1,61.50,0.00,0.00,0.00,0.00,0.00,61.50,'2016-02-09 02:06:43','2016-02-09 02:06:43'),(2588,865,71,1,21.00,0.00,0.00,0.00,0.00,0.00,21.00,'2016-02-09 02:14:47','2016-02-09 02:14:47'),(2589,865,68,1,3895.50,0.00,0.00,0.00,0.00,0.00,3895.50,'2016-02-09 02:14:47','2016-02-09 02:14:47'),(2590,865,72,1,771.00,0.00,0.00,0.00,0.00,0.00,771.00,'2016-02-09 02:14:47','2016-02-09 02:14:47'),(2591,866,71,1,21.00,0.00,0.00,0.00,0.00,0.00,21.00,'2016-02-09 02:17:21','2016-02-09 02:17:21'),(2592,866,69,1,4757.28,0.00,0.00,0.00,0.00,0.00,4757.28,'2016-02-09 02:17:21','2016-02-09 02:17:21'),(2593,866,68,1,3895.50,0.00,0.00,0.00,0.00,0.00,3895.50,'2016-02-09 02:17:21','2016-02-09 02:17:21'),(2594,866,72,1,1542.00,0.00,0.00,0.00,0.00,0.00,1542.00,'2016-02-09 02:17:21','2016-02-09 02:17:21'),(2595,867,71,1,21.00,0.00,0.00,0.00,0.00,0.00,21.00,'2016-02-09 02:18:55','2016-02-09 02:18:55'),(2596,867,68,1,3259.50,0.00,0.00,0.00,0.00,0.00,3259.50,'2016-02-09 02:18:55','2016-02-09 02:18:55'),(2597,867,72,1,771.00,0.00,0.00,0.00,0.00,0.00,771.00,'2016-02-09 02:18:55','2016-02-09 02:18:55'),(2598,868,71,1,21.00,0.00,0.00,0.00,0.00,0.00,21.00,'2016-02-09 02:20:41','2016-02-09 02:20:41'),(2599,869,71,1,21.00,0.00,0.00,0.00,0.00,0.00,21.00,'2016-02-09 02:23:15','2016-02-09 02:23:15'),(2600,869,72,1,771.00,0.00,0.00,0.00,0.00,0.00,771.00,'2016-02-09 02:23:15','2016-02-09 02:23:15'),(2601,870,57,1,21.00,0.00,0.00,0.00,0.00,0.00,21.00,'2016-02-09 02:55:08','2016-02-09 02:55:08'),(2602,870,55,1,201.96,0.00,0.00,0.00,0.00,0.00,201.96,'2016-02-09 02:55:08','2016-02-09 02:55:08'),(2603,870,54,1,184.50,0.00,0.00,0.00,0.00,0.00,184.50,'2016-02-09 02:55:08','2016-02-09 02:55:08'),(2604,871,57,1,21.00,0.00,0.00,0.00,0.00,0.00,21.00,'2016-02-09 02:57:18','2016-02-09 02:57:18'),(2605,871,54,1,61.50,0.00,0.00,0.00,0.00,0.00,61.50,'2016-02-09 02:57:18','2016-02-09 02:57:18'),(2606,872,57,1,21.00,0.00,0.00,0.00,0.00,0.00,21.00,'2016-02-09 02:59:25','2016-02-09 02:59:25'),(2607,872,54,1,307.50,0.00,0.00,0.00,0.00,0.00,307.50,'2016-02-09 02:59:25','2016-02-09 02:59:25'),(2608,873,57,1,21.00,0.00,0.00,0.00,0.00,0.00,21.00,'2016-02-09 03:04:28','2016-02-09 03:04:28'),(2609,873,55,1,201.96,0.00,0.00,0.00,0.00,0.00,201.96,'2016-02-09 03:04:28','2016-02-09 03:04:28'),(2610,873,54,1,369.00,0.00,0.00,0.00,0.00,0.00,369.00,'2016-02-09 03:04:28','2016-02-09 03:04:28'),(2611,874,71,1,21.00,0.00,0.00,0.00,0.00,0.00,21.00,'2016-02-09 03:05:22','2016-02-09 03:05:22'),(2612,874,68,1,4428.00,0.00,0.00,0.00,0.00,0.00,4428.00,'2016-02-09 03:05:22','2016-02-09 03:05:22'),(2613,874,72,1,771.00,0.00,0.00,0.00,0.00,0.00,771.00,'2016-02-09 03:05:22','2016-02-09 03:05:22'),(2614,875,71,1,21.00,0.00,0.00,0.00,0.00,0.00,21.00,'2016-02-09 03:07:58','2016-02-09 03:07:58'),(2615,875,68,1,3259.50,0.00,0.00,0.00,0.00,0.00,3259.50,'2016-02-09 03:07:58','2016-02-09 03:07:58'),(2616,875,72,1,771.00,0.00,0.00,0.00,0.00,0.00,771.00,'2016-02-09 03:07:58','2016-02-09 03:07:58'),(2617,876,71,1,21.00,0.00,0.00,0.00,0.00,0.00,21.00,'2016-02-09 03:11:05','2016-02-09 03:11:05'),(2618,876,69,1,5351.94,0.00,0.00,0.00,0.00,0.00,5351.94,'2016-02-09 03:11:05','2016-02-09 03:11:05'),(2619,876,68,1,3895.50,0.00,0.00,0.00,0.00,0.00,3895.50,'2016-02-09 03:11:05','2016-02-09 03:11:05'),(2620,876,72,1,2313.00,0.00,0.00,0.00,0.00,0.00,2313.00,'2016-02-09 03:11:05','2016-02-09 03:11:05'),(2621,877,71,1,21.00,0.00,0.00,0.00,0.00,0.00,21.00,'2016-02-09 03:13:36','2016-02-09 03:13:36'),(2622,877,68,1,3259.50,0.00,0.00,0.00,0.00,0.00,3259.50,'2016-02-09 03:13:36','2016-02-09 03:13:36'),(2623,877,72,1,771.00,0.00,0.00,0.00,0.00,0.00,771.00,'2016-02-09 03:13:36','2016-02-09 03:13:36'),(2624,878,57,1,21.00,0.00,0.00,0.00,0.00,0.00,21.00,'2016-02-09 03:17:41','2016-02-09 03:17:41'),(2625,878,54,1,676.50,0.00,0.00,0.00,0.00,0.00,676.50,'2016-02-09 03:17:41','2016-02-09 03:17:41'),(2626,879,57,1,21.00,0.00,0.00,0.00,0.00,0.00,21.00,'2016-02-09 03:24:25','2016-02-09 03:24:25'),(2627,879,55,1,1854.09,0.00,0.00,0.00,0.00,0.00,1854.09,'2016-02-09 03:24:25','2016-02-09 03:24:25'),(2628,879,54,1,2227.50,0.00,0.00,0.00,0.00,0.00,2227.50,'2016-02-09 03:24:25','2016-02-09 03:24:25'),(2629,880,57,1,21.00,0.00,0.00,0.00,0.00,0.00,21.00,'2016-02-09 03:28:06','2016-02-09 03:28:06'),(2630,880,55,1,67.32,0.00,0.00,0.00,0.00,0.00,67.32,'2016-02-09 03:28:06','2016-02-09 03:28:06'),(2631,880,54,1,369.00,0.00,0.00,0.00,0.00,0.00,369.00,'2016-02-09 03:28:06','2016-02-09 03:28:06'),(2632,881,57,1,21.00,0.00,0.00,0.00,0.00,0.00,21.00,'2016-02-09 03:37:12','2016-02-09 03:37:12'),(2633,881,55,1,157.08,0.00,0.00,0.00,0.00,0.00,157.08,'2016-02-09 03:37:12','2016-02-09 03:37:12'),(2634,881,54,1,430.50,0.00,0.00,0.00,0.00,0.00,430.50,'2016-02-09 03:37:12','2016-02-09 03:37:12'),(2635,882,57,1,21.00,0.00,0.00,0.00,0.00,0.00,21.00,'2016-02-09 03:44:48','2016-02-09 03:44:48'),(2636,882,55,1,44.88,0.00,0.00,0.00,0.00,0.00,44.88,'2016-02-09 03:44:48','2016-02-09 03:44:48'),(2637,882,54,1,123.00,0.00,0.00,0.00,0.00,0.00,123.00,'2016-02-09 03:44:48','2016-02-09 03:44:48'),(2638,883,71,1,21.00,0.00,0.00,0.00,0.00,0.00,21.00,'2016-02-09 03:46:53','2016-02-09 03:46:53'),(2639,883,68,1,307.50,0.00,0.00,0.00,0.00,0.00,307.50,'2016-02-09 03:46:53','2016-02-09 03:46:53'),(2640,884,71,1,21.00,0.00,0.00,0.00,0.00,0.00,21.00,'2016-02-09 03:49:17','2016-02-09 03:49:17'),(2641,884,72,1,771.00,0.00,0.00,0.00,0.00,0.00,771.00,'2016-02-09 03:49:17','2016-02-09 03:49:17'),(2642,885,71,1,21.00,0.00,0.00,0.00,0.00,0.00,21.00,'2016-02-09 03:51:31','2016-02-09 03:51:31'),(2643,885,72,1,771.00,0.00,0.00,0.00,0.00,0.00,771.00,'2016-02-09 03:51:31','2016-02-09 03:51:31'),(2644,886,71,1,21.00,0.00,0.00,0.00,0.00,0.00,21.00,'2016-02-09 03:54:16','2016-02-09 03:54:16'),(2645,886,69,1,718.08,0.00,0.00,0.00,0.00,0.00,718.08,'2016-02-09 03:54:16','2016-02-09 03:54:16'),(2646,886,68,1,3936.00,0.00,0.00,0.00,0.00,0.00,3936.00,'2016-02-09 03:54:16','2016-02-09 03:54:16'),(2647,887,71,1,21.00,0.00,0.00,0.00,0.00,0.00,21.00,'2016-02-09 03:56:32','2016-02-09 03:56:32'),(2648,887,69,1,807.84,0.00,0.00,0.00,0.00,0.00,807.84,'2016-02-09 03:56:32','2016-02-09 03:56:32'),(2649,887,68,1,4428.00,0.00,0.00,0.00,0.00,0.00,4428.00,'2016-02-09 03:56:32','2016-02-09 03:56:32'),(2650,887,72,1,771.00,0.00,0.00,0.00,0.00,0.00,771.00,'2016-02-09 03:56:32','2016-02-09 03:56:32'),(2651,888,57,1,21.00,0.00,0.00,0.00,0.00,0.00,21.00,'2016-02-09 17:28:41','2016-02-09 17:28:41'),(2652,888,54,1,430.50,0.00,0.00,0.00,0.00,0.00,430.50,'2016-02-09 17:28:41','2016-02-09 17:28:41'),(2653,889,71,1,21.00,0.00,0.00,0.00,0.00,0.00,21.00,'2016-02-09 17:34:17','2016-02-09 17:34:17'),(2654,889,68,1,307.50,0.00,0.00,0.00,0.00,0.00,307.50,'2016-02-09 17:34:17','2016-02-09 17:34:17'),(2655,890,57,1,21.00,0.00,0.00,0.00,0.00,0.00,21.00,'2016-02-09 17:41:37','2016-02-09 17:41:37'),(2656,890,55,1,78.54,0.00,0.00,0.00,0.00,0.00,78.54,'2016-02-09 17:41:37','2016-02-09 17:41:37'),(2657,890,54,1,430.50,0.00,0.00,0.00,0.00,0.00,430.50,'2016-02-09 17:41:37','2016-02-09 17:41:37'),(2658,891,57,1,21.00,0.00,0.00,0.00,0.00,0.00,21.00,'2016-02-09 17:45:00','2016-02-09 17:45:00'),(2659,891,54,1,123.00,0.00,0.00,0.00,0.00,0.00,123.00,'2016-02-09 17:45:00','2016-02-09 17:45:00'),(2660,892,71,1,21.00,0.00,0.00,0.00,0.00,0.00,21.00,'2016-02-09 17:50:45','2016-02-09 17:50:45'),(2661,892,68,1,4042.50,0.00,0.00,0.00,0.00,0.00,4042.50,'2016-02-09 17:50:45','2016-02-09 17:50:45'),(2662,892,72,1,771.00,0.00,0.00,0.00,0.00,0.00,771.00,'2016-02-09 17:50:45','2016-02-09 17:50:45'),(2663,893,57,1,21.00,0.00,0.00,0.00,0.00,0.00,21.00,'2016-02-09 17:53:28','2016-02-09 17:53:28'),(2664,893,54,1,1912.50,0.00,0.00,0.00,0.00,0.00,1912.50,'2016-02-09 17:53:28','2016-02-09 17:53:28'),(2665,894,71,1,21.00,0.00,0.00,0.00,0.00,0.00,21.00,'2016-02-09 18:00:12','2016-02-09 18:00:12'),(2666,894,68,1,3813.00,0.00,0.00,0.00,0.00,0.00,3813.00,'2016-02-09 18:00:12','2016-02-09 18:00:12'),(2667,894,72,1,771.00,0.00,0.00,0.00,0.00,0.00,771.00,'2016-02-09 18:00:12','2016-02-09 18:00:12'),(2668,895,71,1,21.00,0.00,0.00,0.00,0.00,0.00,21.00,'2016-02-09 18:02:31','2016-02-09 18:02:31'),(2669,895,69,1,6462.72,0.00,0.00,0.00,0.00,0.00,6462.72,'2016-02-09 18:02:31','2016-02-09 18:02:31'),(2670,895,68,1,5292.00,0.00,0.00,0.00,0.00,0.00,5292.00,'2016-02-09 18:02:31','2016-02-09 18:02:31'),(2671,896,57,1,21.00,0.00,0.00,0.00,0.00,0.00,21.00,'2016-02-09 18:04:22','2016-02-09 18:04:22'),(2672,896,54,1,61.50,0.00,0.00,0.00,0.00,0.00,61.50,'2016-02-09 18:04:22','2016-02-09 18:04:22'),(2673,897,71,1,21.00,0.00,0.00,0.00,0.00,0.00,21.00,'2016-02-09 18:19:25','2016-02-09 18:19:25'),(2674,897,68,1,4428.00,0.00,0.00,0.00,0.00,0.00,4428.00,'2016-02-09 18:19:25','2016-02-09 18:19:25'),(2675,897,72,1,771.00,0.00,0.00,0.00,0.00,0.00,771.00,'2016-02-09 18:19:25','2016-02-09 18:19:25'),(2676,898,71,1,21.00,0.00,0.00,0.00,0.00,0.00,21.00,'2016-02-09 19:04:23','2016-02-09 19:04:23'),(2677,898,72,1,771.00,0.00,0.00,0.00,0.00,0.00,771.00,'2016-02-09 19:04:23','2016-02-09 19:04:23'),(2678,899,71,1,21.00,0.00,0.00,0.00,0.00,0.00,21.00,'2016-02-09 19:13:24','2016-02-09 19:13:24'),(2679,899,72,1,771.00,0.00,0.00,0.00,0.00,0.00,771.00,'2016-02-09 19:13:24','2016-02-09 19:13:24'),(2680,900,71,1,21.00,0.00,0.00,0.00,0.00,0.00,21.00,'2016-02-09 19:15:41','2016-02-09 19:15:41'),(2681,900,68,1,3936.00,0.00,0.00,0.00,0.00,0.00,3936.00,'2016-02-09 19:15:41','2016-02-09 19:15:41'),(2682,901,71,1,21.00,0.00,0.00,0.00,0.00,0.00,21.00,'2016-02-09 19:17:59','2016-02-09 19:17:59'),(2683,901,68,1,4428.00,0.00,0.00,0.00,0.00,0.00,4428.00,'2016-02-09 19:17:59','2016-02-09 19:17:59'),(2684,901,72,1,771.00,0.00,0.00,0.00,0.00,0.00,771.00,'2016-02-09 19:17:59','2016-02-09 19:17:59'),(2685,902,71,1,21.00,0.00,0.00,0.00,0.00,0.00,21.00,'2016-02-09 19:19:50','2016-02-09 19:19:50'),(2686,902,68,1,492.00,0.00,0.00,0.00,0.00,0.00,492.00,'2016-02-09 19:19:50','2016-02-09 19:19:50'),(2687,903,57,1,21.00,0.00,0.00,0.00,0.00,0.00,21.00,'2016-02-09 19:33:42','2016-02-09 19:33:42'),(2688,903,55,1,1436.16,0.00,0.00,0.00,0.00,0.00,1436.16,'2016-02-09 19:33:42','2016-02-09 19:33:42'),(2689,903,54,1,147.00,0.00,0.00,0.00,0.00,0.00,147.00,'2016-02-09 19:33:42','2016-02-09 19:33:42'),(2690,904,57,1,21.00,0.00,0.00,0.00,0.00,0.00,21.00,'2016-02-09 19:36:47','2016-02-09 19:36:47'),(2691,904,54,1,514.50,0.00,0.00,0.00,0.00,0.00,514.50,'2016-02-09 19:36:47','2016-02-09 19:36:47'),(2692,905,57,1,21.00,0.00,0.00,0.00,0.00,0.00,21.00,'2016-02-09 19:42:55','2016-02-09 19:42:55'),(2693,905,54,1,367.50,0.00,0.00,0.00,0.00,0.00,367.50,'2016-02-09 19:42:55','2016-02-09 19:42:55'),(2694,906,71,1,21.00,0.00,0.00,0.00,0.00,0.00,21.00,'2016-02-09 20:20:04','2016-02-09 20:20:04'),(2695,906,68,1,123.00,0.00,0.00,0.00,0.00,0.00,123.00,'2016-02-09 20:20:04','2016-02-09 20:20:04'),(2696,907,57,1,21.00,0.00,0.00,0.00,0.00,0.00,21.00,'2016-02-09 20:25:42','2016-02-09 20:25:42'),(2697,907,55,1,2019.60,0.00,0.00,0.00,0.00,0.00,2019.60,'2016-02-09 20:25:42','2016-02-09 20:25:42'),(2698,907,54,1,738.00,0.00,0.00,0.00,0.00,0.00,738.00,'2016-02-09 20:25:42','2016-02-09 20:25:42'),(2699,908,57,1,21.00,0.00,0.00,0.00,0.00,0.00,21.00,'2016-02-09 20:28:11','2016-02-09 20:28:11'),(2700,908,55,1,1335.18,0.00,0.00,0.00,0.00,0.00,1335.18,'2016-02-09 20:28:11','2016-02-09 20:28:11'),(2701,908,54,1,430.50,0.00,0.00,0.00,0.00,0.00,430.50,'2016-02-09 20:28:11','2016-02-09 20:28:11'),(2702,909,57,1,21.00,0.00,0.00,0.00,0.00,0.00,21.00,'2016-02-09 20:31:06','2016-02-09 20:31:06'),(2703,909,54,1,1485.00,0.00,0.00,0.00,0.00,0.00,1485.00,'2016-02-09 20:31:06','2016-02-09 20:31:06'),(2704,910,57,1,21.00,0.00,0.00,0.00,0.00,0.00,21.00,'2016-02-09 20:33:49','2016-02-09 20:33:49'),(2705,910,54,1,123.00,0.00,0.00,0.00,0.00,0.00,123.00,'2016-02-09 20:33:49','2016-02-09 20:33:49'),(2706,911,57,1,21.00,0.00,0.00,0.00,0.00,0.00,21.00,'2016-02-09 20:59:28','2016-02-09 20:59:28'),(2707,911,54,1,123.00,0.00,0.00,0.00,0.00,0.00,123.00,'2016-02-09 20:59:28','2016-02-09 20:59:28'),(2708,912,57,1,21.00,0.00,0.00,0.00,0.00,0.00,21.00,'2016-02-09 21:15:24','2016-02-09 21:15:24'),(2709,912,54,1,514.50,0.00,0.00,0.00,0.00,0.00,514.50,'2016-02-09 21:15:25','2016-02-09 21:15:25'),(2710,913,57,1,21.00,0.00,0.00,0.00,0.00,0.00,21.00,'2016-02-09 21:25:34','2016-02-09 21:25:34'),(2711,913,55,1,561.00,0.00,0.00,0.00,0.00,0.00,561.00,'2016-02-09 21:25:34','2016-02-09 21:25:34'),(2712,913,54,1,307.50,0.00,0.00,0.00,0.00,0.00,307.50,'2016-02-09 21:25:34','2016-02-09 21:25:34'),(2713,914,57,1,21.00,0.00,0.00,0.00,0.00,0.00,21.00,'2016-02-09 21:28:04','2016-02-09 21:28:04'),(2714,914,55,1,168.30,0.00,0.00,0.00,0.00,0.00,168.30,'2016-02-09 21:28:04','2016-02-09 21:28:04'),(2715,914,54,1,307.50,0.00,0.00,0.00,0.00,0.00,307.50,'2016-02-09 21:28:04','2016-02-09 21:28:04'),(2716,915,71,1,21.00,0.00,0.00,0.00,0.00,0.00,21.00,'2016-02-09 21:30:27','2016-02-09 21:30:27'),(2717,915,68,1,3936.00,0.00,0.00,0.00,0.00,0.00,3936.00,'2016-02-09 21:30:27','2016-02-09 21:30:27'),(2718,915,72,1,771.00,0.00,0.00,0.00,0.00,0.00,771.00,'2016-02-09 21:30:27','2016-02-09 21:30:27'),(2719,916,71,1,21.00,0.00,0.00,0.00,0.00,0.00,21.00,'2016-02-09 21:34:47','2016-02-09 21:34:47'),(2720,916,68,1,3259.50,0.00,0.00,0.00,0.00,0.00,3259.50,'2016-02-09 21:34:47','2016-02-09 21:34:47'),(2721,916,72,1,771.00,0.00,0.00,0.00,0.00,0.00,771.00,'2016-02-09 21:34:47','2016-02-09 21:34:47'),(2722,917,71,1,21.00,0.00,0.00,0.00,0.00,0.00,21.00,'2016-02-09 21:37:44','2016-02-09 21:37:44'),(2723,917,69,1,5351.94,0.00,0.00,0.00,0.00,0.00,5351.94,'2016-02-09 21:37:44','2016-02-09 21:37:44'),(2724,917,68,1,3895.50,0.00,0.00,0.00,0.00,0.00,3895.50,'2016-02-09 21:37:44','2016-02-09 21:37:44'),(2725,917,72,1,1542.00,0.00,0.00,0.00,0.00,0.00,1542.00,'2016-02-09 21:37:44','2016-02-09 21:37:44'),(2726,918,71,1,21.00,0.00,0.00,0.00,0.00,0.00,21.00,'2016-02-09 21:42:33','2016-02-09 21:42:33'),(2727,918,68,1,3259.50,0.00,0.00,0.00,0.00,0.00,3259.50,'2016-02-09 21:42:33','2016-02-09 21:42:33'),(2728,918,72,1,771.00,0.00,0.00,0.00,0.00,0.00,771.00,'2016-02-09 21:42:33','2016-02-09 21:42:33'),(2729,919,71,1,21.00,0.00,0.00,0.00,0.00,0.00,21.00,'2016-02-09 21:47:58','2016-02-09 21:47:58'),(2730,919,68,1,3259.50,0.00,0.00,0.00,0.00,0.00,3259.50,'2016-02-09 21:47:58','2016-02-09 21:47:58'),(2731,919,72,1,771.00,0.00,0.00,0.00,0.00,0.00,771.00,'2016-02-09 21:47:58','2016-02-09 21:47:58'),(2732,920,71,1,21.00,0.00,0.00,0.00,0.00,0.00,21.00,'2016-02-09 22:34:13','2016-02-09 22:34:13'),(2733,920,69,1,5351.94,0.00,0.00,0.00,0.00,0.00,5351.94,'2016-02-09 22:34:13','2016-02-09 22:34:13'),(2734,920,68,1,3895.50,0.00,0.00,0.00,0.00,0.00,3895.50,'2016-02-09 22:34:13','2016-02-09 22:34:13'),(2735,920,72,1,1542.00,0.00,0.00,0.00,0.00,0.00,1542.00,'2016-02-09 22:34:13','2016-02-09 22:34:13'),(2736,921,57,1,21.00,0.00,0.00,0.00,0.00,0.00,21.00,'2016-02-09 22:45:32','2016-02-09 22:45:32'),(2737,921,55,1,1817.64,0.00,0.00,0.00,0.00,0.00,1817.64,'2016-02-09 22:45:32','2016-02-09 22:45:32'),(2738,921,54,1,369.00,0.00,0.00,0.00,0.00,0.00,369.00,'2016-02-09 22:45:32','2016-02-09 22:45:32'),(2739,922,71,1,21.00,0.00,0.00,0.00,0.00,0.00,21.00,'2016-02-09 23:00:02','2016-02-09 23:00:02'),(2740,922,68,1,3382.50,0.00,0.00,0.00,0.00,0.00,3382.50,'2016-02-09 23:00:02','2016-02-09 23:00:02'),(2741,922,72,1,771.00,0.00,0.00,0.00,0.00,0.00,771.00,'2016-02-09 23:00:02','2016-02-09 23:00:02'),(2742,923,71,1,21.00,0.00,0.00,0.00,0.00,0.00,21.00,'2016-02-09 23:04:57','2016-02-09 23:04:57'),(2743,923,69,1,6462.72,0.00,0.00,0.00,0.00,0.00,6462.72,'2016-02-09 23:04:57','2016-02-09 23:04:57'),(2744,923,68,1,5292.00,0.00,0.00,0.00,0.00,0.00,5292.00,'2016-02-09 23:04:57','2016-02-09 23:04:57'),(2745,923,72,1,1542.00,0.00,0.00,0.00,0.00,0.00,1542.00,'2016-02-09 23:04:57','2016-02-09 23:04:57'),(2746,924,71,1,21.00,0.00,0.00,0.00,0.00,0.00,21.00,'2016-02-09 23:07:21','2016-02-09 23:07:21'),(2747,924,68,1,3936.00,0.00,0.00,0.00,0.00,0.00,3936.00,'2016-02-09 23:07:21','2016-02-09 23:07:21'),(2748,924,72,1,771.00,0.00,0.00,0.00,0.00,0.00,771.00,'2016-02-09 23:07:21','2016-02-09 23:07:21'),(2749,925,57,1,21.00,0.00,0.00,0.00,0.00,0.00,21.00,'2016-02-09 23:10:38','2016-02-09 23:10:38'),(2750,925,55,1,1649.34,0.00,0.00,0.00,0.00,0.00,1649.34,'2016-02-09 23:10:38','2016-02-09 23:10:38'),(2751,925,54,1,430.50,0.00,0.00,0.00,0.00,0.00,430.50,'2016-02-09 23:10:38','2016-02-09 23:10:38'),(2752,926,57,1,21.00,0.00,0.00,0.00,0.00,0.00,21.00,'2016-02-09 23:14:29','2016-02-09 23:14:29'),(2753,926,55,1,269.28,0.00,0.00,0.00,0.00,0.00,269.28,'2016-02-09 23:14:29','2016-02-09 23:14:29'),(2754,926,54,1,369.00,0.00,0.00,0.00,0.00,0.00,369.00,'2016-02-09 23:14:29','2016-02-09 23:14:29'),(2755,927,57,1,21.00,0.00,0.00,0.00,0.00,0.00,21.00,'2016-02-09 23:16:39','2016-02-09 23:16:39'),(2756,927,54,1,123.00,0.00,0.00,0.00,0.00,0.00,123.00,'2016-02-09 23:16:39','2016-02-09 23:16:39'),(2757,928,57,1,21.00,0.00,0.00,0.00,0.00,0.00,21.00,'2016-02-09 23:19:55','2016-02-09 23:19:55'),(2758,928,55,1,1514.70,0.00,0.00,0.00,0.00,0.00,1514.70,'2016-02-09 23:19:55','2016-02-09 23:19:55'),(2759,928,54,1,307.50,0.00,0.00,0.00,0.00,0.00,307.50,'2016-02-09 23:19:55','2016-02-09 23:19:55'),(2760,929,71,1,21.00,0.00,0.00,0.00,0.00,0.00,21.00,'2016-02-09 23:22:19','2016-02-09 23:22:19'),(2761,929,68,1,307.50,0.00,0.00,0.00,0.00,0.00,307.50,'2016-02-09 23:22:19','2016-02-09 23:22:19'),(2762,930,57,1,21.00,0.00,0.00,0.00,0.00,0.00,21.00,'2016-02-09 23:24:14','2016-02-09 23:24:14'),(2763,930,54,1,294.00,0.00,0.00,0.00,0.00,0.00,294.00,'2016-02-09 23:24:14','2016-02-09 23:24:14'),(2764,931,71,1,21.00,0.00,0.00,0.00,0.00,0.00,21.00,'2016-02-09 23:27:09','2016-02-09 23:27:09'),(2765,931,68,1,307.50,0.00,0.00,0.00,0.00,0.00,307.50,'2016-02-09 23:27:09','2016-02-09 23:27:09'),(2766,932,57,1,21.00,0.00,0.00,0.00,0.00,0.00,21.00,'2016-02-09 23:29:58','2016-02-09 23:29:58'),(2767,932,55,1,2001.24,0.00,0.00,0.00,0.00,0.00,2001.24,'2016-02-09 23:29:58','2016-02-09 23:29:58'),(2768,932,54,1,1980.00,0.00,0.00,0.00,0.00,0.00,1980.00,'2016-02-09 23:29:58','2016-02-09 23:29:58'),(2769,933,57,1,21.00,0.00,0.00,0.00,0.00,0.00,21.00,'2016-02-09 23:35:00','2016-02-09 23:35:00'),(2770,933,55,1,56.10,0.00,0.00,0.00,0.00,0.00,56.10,'2016-02-09 23:35:00','2016-02-09 23:35:00'),(2771,933,54,1,307.50,0.00,0.00,0.00,0.00,0.00,307.50,'2016-02-09 23:35:00','2016-02-09 23:35:00'),(2772,934,71,1,21.00,0.00,0.00,0.00,0.00,0.00,21.00,'2016-02-09 23:41:10','2016-02-09 23:41:10'),(2773,934,72,1,771.00,0.00,0.00,0.00,0.00,0.00,771.00,'2016-02-09 23:41:10','2016-02-09 23:41:10'),(2774,935,71,1,21.00,0.00,0.00,0.00,0.00,0.00,21.00,'2016-02-09 23:43:16','2016-02-09 23:43:16'),(2775,935,72,1,771.00,0.00,0.00,0.00,0.00,0.00,771.00,'2016-02-09 23:43:16','2016-02-09 23:43:16'),(2776,936,71,1,21.00,0.00,0.00,0.00,0.00,0.00,21.00,'2016-02-09 23:47:29','2016-02-09 23:47:29'),(2777,936,68,1,4428.00,0.00,0.00,0.00,0.00,0.00,4428.00,'2016-02-09 23:47:29','2016-02-09 23:47:29'),(2778,936,72,1,771.00,0.00,0.00,0.00,0.00,0.00,771.00,'2016-02-09 23:47:29','2016-02-09 23:47:29'),(2779,937,71,1,21.00,0.00,0.00,0.00,0.00,0.00,21.00,'2016-02-09 23:49:56','2016-02-09 23:49:56'),(2780,937,68,1,3936.00,0.00,0.00,0.00,0.00,0.00,3936.00,'2016-02-09 23:49:56','2016-02-09 23:49:56'),(2781,937,72,1,771.00,0.00,0.00,0.00,0.00,0.00,771.00,'2016-02-09 23:49:56','2016-02-09 23:49:56'),(2782,938,57,1,21.00,0.00,0.00,0.00,0.00,0.00,21.00,'2016-02-09 23:51:57','2016-02-09 23:51:57'),(2783,938,54,1,367.50,0.00,0.00,0.00,0.00,0.00,367.50,'2016-02-09 23:51:57','2016-02-09 23:51:57'),(2784,939,71,1,21.00,0.00,0.00,0.00,0.00,0.00,21.00,'2016-02-10 02:58:13','2016-02-10 02:58:13'),(2785,939,68,1,4428.00,0.00,0.00,0.00,0.00,0.00,4428.00,'2016-02-10 02:58:13','2016-02-10 02:58:13'),(2786,940,71,1,21.00,0.00,0.00,0.00,0.00,0.00,21.00,'2016-02-10 03:10:13','2016-02-10 03:10:13'),(2787,940,69,1,6462.72,0.00,0.00,0.00,0.00,0.00,6462.72,'2016-02-10 03:10:13','2016-02-10 03:10:13'),(2788,940,68,1,5292.00,0.00,0.00,0.00,0.00,0.00,5292.00,'2016-02-10 03:10:13','2016-02-10 03:10:13'),(2789,941,57,1,21.00,0.00,0.00,0.00,0.00,0.00,21.00,'2016-02-10 03:12:43','2016-02-10 03:12:43'),(2790,941,54,1,294.00,0.00,0.00,0.00,0.00,0.00,294.00,'2016-02-10 03:12:43','2016-02-10 03:12:43'),(2791,942,71,1,21.00,0.00,0.00,0.00,0.00,0.00,21.00,'2016-02-10 03:18:09','2016-02-10 03:18:09'),(2792,942,68,1,61.50,0.00,0.00,0.00,0.00,0.00,61.50,'2016-02-10 03:18:09','2016-02-10 03:18:09'),(2793,943,71,1,21.00,0.00,0.00,0.00,0.00,0.00,21.00,'2016-02-10 03:21:17','2016-02-10 03:21:17'),(2794,943,69,1,2973.30,0.00,0.00,0.00,0.00,0.00,2973.30,'2016-02-10 03:21:17','2016-02-10 03:21:17'),(2795,943,68,1,3895.50,0.00,0.00,0.00,0.00,0.00,3895.50,'2016-02-10 03:21:17','2016-02-10 03:21:17'),(2796,944,71,1,21.00,0.00,0.00,0.00,0.00,0.00,21.00,'2016-02-10 03:23:15','2016-02-10 03:23:15'),(2797,944,69,1,4936.80,0.00,0.00,0.00,0.00,0.00,4936.80,'2016-02-10 03:23:15','2016-02-10 03:23:15'),(2798,944,68,1,4042.50,0.00,0.00,0.00,0.00,0.00,4042.50,'2016-02-10 03:23:15','2016-02-10 03:23:15'),(2799,945,57,1,21.00,0.00,0.00,0.00,0.00,0.00,21.00,'2016-02-10 03:25:13','2016-02-10 03:25:13'),(2800,945,54,1,61.50,0.00,0.00,0.00,0.00,0.00,61.50,'2016-02-10 03:25:13','2016-02-10 03:25:13'),(2801,946,57,1,21.00,0.00,0.00,0.00,0.00,0.00,21.00,'2016-02-10 03:26:49','2016-02-10 03:26:49'),(2802,946,55,1,67.32,0.00,0.00,0.00,0.00,0.00,67.32,'2016-02-10 03:26:49','2016-02-10 03:26:49'),(2803,946,54,1,123.00,0.00,0.00,0.00,0.00,0.00,123.00,'2016-02-10 03:26:49','2016-02-10 03:26:49'),(2804,947,57,1,21.00,0.00,0.00,0.00,0.00,0.00,21.00,'2016-02-10 03:29:13','2016-02-10 03:29:13'),(2805,947,54,1,430.50,0.00,0.00,0.00,0.00,0.00,430.50,'2016-02-10 03:29:13','2016-02-10 03:29:13'),(2806,948,71,1,21.00,0.00,0.00,0.00,0.00,0.00,21.00,'2016-02-10 03:32:51','2016-02-10 03:32:51'),(2807,948,68,1,307.50,0.00,0.00,0.00,0.00,0.00,307.50,'2016-02-10 03:32:51','2016-02-10 03:32:51'),(2808,949,71,1,21.00,0.00,0.00,0.00,0.00,0.00,21.00,'2016-02-10 03:35:16','2016-02-10 03:35:16'),(2809,949,68,1,307.50,0.00,0.00,0.00,0.00,0.00,307.50,'2016-02-10 03:35:16','2016-02-10 03:35:16'),(2810,950,71,1,21.00,0.00,0.00,0.00,0.00,0.00,21.00,'2016-02-10 03:49:25','2016-02-10 03:49:25'),(2811,950,68,1,307.50,0.00,0.00,0.00,0.00,0.00,307.50,'2016-02-10 03:49:25','2016-02-10 03:49:25'),(2812,951,71,1,21.00,0.00,0.00,0.00,0.00,0.00,21.00,'2016-02-10 03:51:13','2016-02-10 03:51:13'),(2813,951,68,1,307.50,0.00,0.00,0.00,0.00,0.00,307.50,'2016-02-10 03:51:13','2016-02-10 03:51:13'),(2814,952,71,1,21.00,0.00,0.00,0.00,0.00,0.00,21.00,'2016-02-10 03:53:08','2016-02-10 03:53:08'),(2815,952,68,1,307.50,0.00,0.00,0.00,0.00,0.00,307.50,'2016-02-10 03:53:08','2016-02-10 03:53:08'),(2816,953,71,1,21.00,0.00,0.00,0.00,0.00,0.00,21.00,'2016-02-10 04:56:35','2016-02-10 04:56:35'),(2817,953,68,1,307.50,0.00,0.00,0.00,0.00,0.00,307.50,'2016-02-10 04:56:35','2016-02-10 04:56:35'),(2818,954,71,1,21.00,0.00,0.00,0.00,0.00,0.00,21.00,'2016-02-10 04:59:39','2016-02-10 04:59:39'),(2819,954,68,1,307.50,0.00,0.00,0.00,0.00,0.00,307.50,'2016-02-10 04:59:39','2016-02-10 04:59:39'),(2820,955,71,1,21.00,0.00,0.00,0.00,0.00,0.00,21.00,'2016-02-10 05:03:02','2016-02-10 05:03:02'),(2821,955,68,1,307.50,0.00,0.00,0.00,0.00,0.00,307.50,'2016-02-10 05:03:02','2016-02-10 05:03:02'),(2822,956,71,1,21.00,0.00,0.00,0.00,0.00,0.00,21.00,'2016-02-10 05:05:02','2016-02-10 05:05:02'),(2823,956,68,1,307.50,0.00,0.00,0.00,0.00,0.00,307.50,'2016-02-10 05:05:02','2016-02-10 05:05:02'),(2824,957,71,1,21.00,0.00,0.00,0.00,0.00,0.00,21.00,'2016-02-10 05:07:07','2016-02-10 05:07:07'),(2825,957,68,1,307.50,0.00,0.00,0.00,0.00,0.00,307.50,'2016-02-10 05:07:07','2016-02-10 05:07:07'),(2826,958,71,1,21.00,0.00,0.00,0.00,0.00,0.00,21.00,'2016-02-10 05:09:12','2016-02-10 05:09:12'),(2827,958,68,1,307.50,0.00,0.00,0.00,0.00,0.00,307.50,'2016-02-10 05:09:12','2016-02-10 05:09:12'),(2828,959,71,1,21.00,0.00,0.00,0.00,0.00,0.00,21.00,'2016-02-10 05:11:26','2016-02-10 05:11:26'),(2829,959,68,1,307.50,0.00,0.00,0.00,0.00,0.00,307.50,'2016-02-10 05:11:26','2016-02-10 05:11:26'),(2830,960,71,1,21.00,0.00,0.00,0.00,0.00,0.00,21.00,'2016-02-10 05:13:22','2016-02-10 05:13:22'),(2831,960,69,1,729.30,0.00,0.00,0.00,0.00,0.00,729.30,'2016-02-10 05:13:22','2016-02-10 05:13:22'),(2832,960,68,1,307.50,0.00,0.00,0.00,0.00,0.00,307.50,'2016-02-10 05:13:22','2016-02-10 05:13:22'),(2833,961,57,1,21.00,0.00,0.00,0.00,0.00,0.00,21.00,'2016-02-10 05:15:08','2016-02-10 05:15:08'),(2834,961,55,1,493.68,0.00,0.00,0.00,0.00,0.00,493.68,'2016-02-10 05:15:08','2016-02-10 05:15:08'),(2835,961,54,1,147.00,0.00,0.00,0.00,0.00,0.00,147.00,'2016-02-10 05:15:08','2016-02-10 05:15:08'),(2836,962,71,1,21.00,0.00,0.00,0.00,0.00,0.00,21.00,'2016-02-10 05:17:18','2016-02-10 05:17:18'),(2837,962,69,1,594.66,0.00,0.00,0.00,0.00,0.00,594.66,'2016-02-10 05:17:18','2016-02-10 05:17:18'),(2838,962,68,1,3259.50,0.00,0.00,0.00,0.00,0.00,3259.50,'2016-02-10 05:17:18','2016-02-10 05:17:18'),(2839,962,72,1,1542.00,0.00,0.00,0.00,0.00,0.00,1542.00,'2016-02-10 05:17:18','2016-02-10 05:17:18'),(2840,963,71,1,21.00,0.00,0.00,0.00,0.00,0.00,21.00,'2016-02-10 05:19:36','2016-02-10 05:19:36'),(2841,963,69,1,5351.94,0.00,0.00,0.00,0.00,0.00,5351.94,'2016-02-10 05:19:36','2016-02-10 05:19:36'),(2842,963,68,1,3895.50,0.00,0.00,0.00,0.00,0.00,3895.50,'2016-02-10 05:19:36','2016-02-10 05:19:36'),(2843,963,72,1,3084.00,0.00,0.00,0.00,0.00,0.00,3084.00,'2016-02-10 05:19:36','2016-02-10 05:19:36'),(2844,964,71,1,21.00,0.00,0.00,0.00,0.00,0.00,21.00,'2016-02-10 05:21:26','2016-02-10 05:21:26'),(2845,964,68,1,3259.50,0.00,0.00,0.00,0.00,0.00,3259.50,'2016-02-10 05:21:26','2016-02-10 05:21:26'),(2846,964,72,1,771.00,0.00,0.00,0.00,0.00,0.00,771.00,'2016-02-10 05:21:26','2016-02-10 05:21:26'),(2847,965,71,1,21.00,0.00,0.00,0.00,0.00,0.00,21.00,'2016-02-10 05:24:21','2016-02-10 05:24:21'),(2848,965,68,1,3259.50,0.00,0.00,0.00,0.00,0.00,3259.50,'2016-02-10 05:24:21','2016-02-10 05:24:21'),(2849,965,72,1,771.00,0.00,0.00,0.00,0.00,0.00,771.00,'2016-02-10 05:24:21','2016-02-10 05:24:21'),(2850,966,71,1,21.00,0.00,0.00,0.00,0.00,0.00,21.00,'2016-02-10 05:32:34','2016-02-10 05:32:34'),(2851,966,68,1,4428.00,0.00,0.00,0.00,0.00,0.00,4428.00,'2016-02-10 05:32:34','2016-02-10 05:32:34'),(2852,966,72,1,771.00,0.00,0.00,0.00,0.00,0.00,771.00,'2016-02-10 05:32:34','2016-02-10 05:32:34'),(2853,967,71,1,21.00,0.00,0.00,0.00,0.00,0.00,21.00,'2016-02-10 05:34:44','2016-02-10 05:34:44'),(2854,967,68,1,4489.50,0.00,0.00,0.00,0.00,0.00,4489.50,'2016-02-10 05:34:44','2016-02-10 05:34:44'),(2855,968,71,1,21.00,0.00,0.00,0.00,0.00,0.00,21.00,'2016-02-10 05:37:02','2016-02-10 05:37:02'),(2856,968,68,1,3936.00,0.00,0.00,0.00,0.00,0.00,3936.00,'2016-02-10 05:37:02','2016-02-10 05:37:02'),(2857,968,72,1,771.00,0.00,0.00,0.00,0.00,0.00,771.00,'2016-02-10 05:37:02','2016-02-10 05:37:02'),(2858,969,71,1,21.00,0.00,0.00,0.00,0.00,0.00,21.00,'2016-02-10 06:16:54','2016-02-10 06:16:54'),(2859,969,72,1,771.00,0.00,0.00,0.00,0.00,0.00,771.00,'2016-02-10 06:16:54','2016-02-10 06:16:54'),(2860,970,71,1,21.00,0.00,0.00,0.00,0.00,0.00,21.00,'2016-02-10 06:18:47','2016-02-10 06:18:47'),(2861,970,72,1,771.00,0.00,0.00,0.00,0.00,0.00,771.00,'2016-02-10 06:18:47','2016-02-10 06:18:47'),(2862,971,68,1,3895.50,0.00,0.00,0.00,0.00,0.00,3895.50,'2016-02-10 18:29:46','2016-02-10 18:29:46'),(2863,971,69,1,4757.28,0.00,0.00,0.00,0.00,0.00,4757.28,'2016-02-10 18:29:46','2016-02-10 18:29:46'),(2864,971,71,1,21.00,0.00,0.00,0.00,0.00,0.00,21.00,'2016-02-10 18:29:46','2016-02-10 18:29:46'),(2865,972,68,1,4042.50,0.00,0.00,0.00,0.00,0.00,4042.50,'2016-02-10 18:32:20','2016-02-10 18:32:20'),(2866,972,69,1,4936.80,0.00,0.00,0.00,0.00,0.00,4936.80,'2016-02-10 18:32:20','2016-02-10 18:32:20'),(2867,972,71,1,21.00,0.00,0.00,0.00,0.00,0.00,21.00,'2016-02-10 18:32:20','2016-02-10 18:32:20'),(2868,973,68,1,4042.50,0.00,0.00,0.00,0.00,0.00,4042.50,'2016-02-10 18:35:26','2016-02-10 18:35:26'),(2869,973,69,1,4319.70,0.00,0.00,0.00,0.00,0.00,4319.70,'2016-02-10 18:35:26','2016-02-10 18:35:26'),(2870,973,71,1,21.00,0.00,0.00,0.00,0.00,0.00,21.00,'2016-02-10 18:35:26','2016-02-10 18:35:26'),(2871,973,72,1,1542.00,0.00,0.00,0.00,0.00,0.00,1542.00,'2016-02-10 18:35:26','2016-02-10 18:35:26'),(2872,974,68,1,4042.50,0.00,0.00,0.00,0.00,0.00,4042.50,'2016-02-10 18:37:48','2016-02-10 18:37:48'),(2873,974,69,1,4319.70,0.00,0.00,0.00,0.00,0.00,4319.70,'2016-02-10 18:37:48','2016-02-10 18:37:48'),(2874,974,71,1,21.00,0.00,0.00,0.00,0.00,0.00,21.00,'2016-02-10 18:37:48','2016-02-10 18:37:48'),(2875,974,72,1,1542.00,0.00,0.00,0.00,0.00,0.00,1542.00,'2016-02-10 18:37:48','2016-02-10 18:37:48'),(2876,975,68,1,3895.50,0.00,0.00,0.00,0.00,0.00,3895.50,'2016-02-10 18:39:55','2016-02-10 18:39:55'),(2877,975,69,1,4757.28,0.00,0.00,0.00,0.00,0.00,4757.28,'2016-02-10 18:39:55','2016-02-10 18:39:55'),(2878,975,71,1,21.00,0.00,0.00,0.00,0.00,0.00,21.00,'2016-02-10 18:39:55','2016-02-10 18:39:55'),(2879,975,72,1,1542.00,0.00,0.00,0.00,0.00,0.00,1542.00,'2016-02-10 18:39:55','2016-02-10 18:39:55'),(2880,976,68,1,307.50,0.00,0.00,0.00,0.00,0.00,307.50,'2016-02-10 18:46:47','2016-02-10 18:46:47'),(2881,976,71,1,21.00,0.00,0.00,0.00,0.00,0.00,21.00,'2016-02-10 18:46:47','2016-02-10 18:46:47'),(2882,977,68,1,307.50,0.00,0.00,0.00,0.00,0.00,307.50,'2016-02-10 18:48:17','2016-02-10 18:48:17'),(2883,977,71,1,21.00,0.00,0.00,0.00,0.00,0.00,21.00,'2016-02-10 18:48:17','2016-02-10 18:48:17'),(2884,978,68,1,307.50,0.00,0.00,0.00,0.00,0.00,307.50,'2016-02-10 18:51:51','2016-02-10 18:51:51'),(2885,978,71,1,21.00,0.00,0.00,0.00,0.00,0.00,21.00,'2016-02-10 18:51:51','2016-02-10 18:51:51'),(2886,979,68,1,307.50,0.00,0.00,0.00,0.00,0.00,307.50,'2016-02-10 18:53:57','2016-02-10 18:53:57'),(2887,979,71,1,21.00,0.00,0.00,0.00,0.00,0.00,21.00,'2016-02-10 18:53:57','2016-02-10 18:53:57'),(2888,980,68,1,307.50,0.00,0.00,0.00,0.00,0.00,307.50,'2016-02-10 18:55:26','2016-02-10 18:55:26'),(2889,980,71,1,21.00,0.00,0.00,0.00,0.00,0.00,21.00,'2016-02-10 18:55:26','2016-02-10 18:55:26'),(2890,981,68,1,307.50,0.00,0.00,0.00,0.00,0.00,307.50,'2016-02-10 18:56:59','2016-02-10 18:56:59'),(2891,981,71,1,21.00,0.00,0.00,0.00,0.00,0.00,21.00,'2016-02-10 18:56:59','2016-02-10 18:56:59'),(2892,982,68,1,307.50,0.00,0.00,0.00,0.00,0.00,307.50,'2016-02-10 19:06:16','2016-02-10 19:06:16'),(2893,982,71,1,21.00,0.00,0.00,0.00,0.00,0.00,21.00,'2016-02-10 19:06:16','2016-02-10 19:06:16'),(2894,983,68,1,307.50,0.00,0.00,0.00,0.00,0.00,307.50,'2016-02-10 19:07:25','2016-02-10 19:07:25'),(2895,983,71,1,21.00,0.00,0.00,0.00,0.00,0.00,21.00,'2016-02-10 19:07:25','2016-02-10 19:07:25'),(2896,984,68,1,307.50,0.00,0.00,0.00,0.00,0.00,307.50,'2016-02-10 19:08:54','2016-02-10 19:08:54'),(2897,984,71,1,21.00,0.00,0.00,0.00,0.00,0.00,21.00,'2016-02-10 19:08:54','2016-02-10 19:08:54'),(2898,985,68,1,307.50,0.00,0.00,0.00,0.00,0.00,307.50,'2016-02-10 19:10:44','2016-02-10 19:10:44'),(2899,985,71,1,21.00,0.00,0.00,0.00,0.00,0.00,21.00,'2016-02-10 19:10:44','2016-02-10 19:10:44'),(2900,986,68,1,307.50,0.00,0.00,0.00,0.00,0.00,307.50,'2016-02-10 19:13:00','2016-02-10 19:13:00'),(2901,986,71,1,21.00,0.00,0.00,0.00,0.00,0.00,21.00,'2016-02-10 19:13:00','2016-02-10 19:13:00'),(2902,987,68,1,307.50,0.00,0.00,0.00,0.00,0.00,307.50,'2016-02-10 19:14:14','2016-02-10 19:14:14'),(2903,987,71,1,21.00,0.00,0.00,0.00,0.00,0.00,21.00,'2016-02-10 19:14:14','2016-02-10 19:14:14'),(2904,988,68,1,307.50,0.00,0.00,0.00,0.00,0.00,307.50,'2016-02-10 19:15:29','2016-02-10 19:15:29'),(2905,988,71,1,21.00,0.00,0.00,0.00,0.00,0.00,21.00,'2016-02-10 19:15:29','2016-02-10 19:15:29'),(2906,989,68,1,307.50,0.00,0.00,0.00,0.00,0.00,307.50,'2016-02-10 19:16:29','2016-02-10 19:16:29'),(2907,989,71,1,21.00,0.00,0.00,0.00,0.00,0.00,21.00,'2016-02-10 19:16:29','2016-02-10 19:16:29'),(2908,990,68,1,307.50,0.00,0.00,0.00,0.00,0.00,307.50,'2016-02-10 19:18:13','2016-02-10 19:18:13'),(2909,990,71,1,21.00,0.00,0.00,0.00,0.00,0.00,21.00,'2016-02-10 19:18:13','2016-02-10 19:18:13'),(2910,991,68,1,307.50,0.00,0.00,0.00,0.00,0.00,307.50,'2016-02-10 19:19:38','2016-02-10 19:19:38'),(2911,991,71,1,21.00,0.00,0.00,0.00,0.00,0.00,21.00,'2016-02-10 19:19:38','2016-02-10 19:19:38'),(2912,992,68,1,307.50,0.00,0.00,0.00,0.00,0.00,307.50,'2016-02-10 19:20:56','2016-02-10 19:20:56'),(2913,992,71,1,21.00,0.00,0.00,0.00,0.00,0.00,21.00,'2016-02-10 19:20:56','2016-02-10 19:20:56'),(2914,993,68,1,307.50,0.00,0.00,0.00,0.00,0.00,307.50,'2016-02-10 19:21:58','2016-02-10 19:21:58'),(2915,993,71,1,21.00,0.00,0.00,0.00,0.00,0.00,21.00,'2016-02-10 19:21:58','2016-02-10 19:21:58'),(2916,994,68,1,307.50,0.00,0.00,0.00,0.00,0.00,307.50,'2016-02-10 19:23:24','2016-02-10 19:23:24'),(2917,994,71,1,21.00,0.00,0.00,0.00,0.00,0.00,21.00,'2016-02-10 19:23:24','2016-02-10 19:23:24'),(2918,995,68,1,307.50,0.00,0.00,0.00,0.00,0.00,307.50,'2016-02-10 19:26:06','2016-02-10 19:26:06'),(2919,995,71,1,21.00,0.00,0.00,0.00,0.00,0.00,21.00,'2016-02-10 19:26:06','2016-02-10 19:26:06'),(2920,996,68,1,307.50,0.00,0.00,0.00,0.00,0.00,307.50,'2016-02-10 19:27:36','2016-02-10 19:27:36'),(2921,996,71,1,21.00,0.00,0.00,0.00,0.00,0.00,21.00,'2016-02-10 19:27:36','2016-02-10 19:27:36'),(2922,997,68,1,307.50,0.00,0.00,0.00,0.00,0.00,307.50,'2016-02-10 19:28:40','2016-02-10 19:28:40'),(2923,997,71,1,21.00,0.00,0.00,0.00,0.00,0.00,21.00,'2016-02-10 19:28:40','2016-02-10 19:28:40'),(2924,998,68,1,307.50,0.00,0.00,0.00,0.00,0.00,307.50,'2016-02-10 19:29:46','2016-02-10 19:29:46'),(2925,998,71,1,21.00,0.00,0.00,0.00,0.00,0.00,21.00,'2016-02-10 19:29:46','2016-02-10 19:29:46'),(2926,999,68,1,307.50,0.00,0.00,0.00,0.00,0.00,307.50,'2016-02-10 19:30:52','2016-02-10 19:30:52'),(2927,999,71,1,21.00,0.00,0.00,0.00,0.00,0.00,21.00,'2016-02-10 19:30:52','2016-02-10 19:30:52'),(2928,1000,68,1,307.50,0.00,0.00,0.00,0.00,0.00,307.50,'2016-02-10 19:31:55','2016-02-10 19:31:55'),(2929,1000,71,1,21.00,0.00,0.00,0.00,0.00,0.00,21.00,'2016-02-10 19:31:55','2016-02-10 19:31:55'),(2930,1001,68,1,307.50,0.00,0.00,0.00,0.00,0.00,307.50,'2016-02-10 19:33:23','2016-02-10 19:33:23'),(2931,1001,71,1,21.00,0.00,0.00,0.00,0.00,0.00,21.00,'2016-02-10 19:33:23','2016-02-10 19:33:23'),(2932,1002,68,1,307.50,0.00,0.00,0.00,0.00,0.00,307.50,'2016-02-10 19:35:21','2016-02-10 19:35:21'),(2933,1002,71,1,21.00,0.00,0.00,0.00,0.00,0.00,21.00,'2016-02-10 19:35:21','2016-02-10 19:35:21'),(2934,1003,68,1,307.50,0.00,0.00,0.00,0.00,0.00,307.50,'2016-02-10 19:37:00','2016-02-10 19:37:00'),(2935,1003,71,1,21.00,0.00,0.00,0.00,0.00,0.00,21.00,'2016-02-10 19:37:00','2016-02-10 19:37:00'),(2936,1004,68,1,307.50,0.00,0.00,0.00,0.00,0.00,307.50,'2016-02-10 19:38:20','2016-02-10 19:38:20'),(2937,1004,71,1,21.00,0.00,0.00,0.00,0.00,0.00,21.00,'2016-02-10 19:38:20','2016-02-10 19:38:20'),(2938,1005,68,1,307.50,0.00,0.00,0.00,0.00,0.00,307.50,'2016-02-10 19:40:20','2016-02-10 19:40:20'),(2939,1005,71,1,21.00,0.00,0.00,0.00,0.00,0.00,21.00,'2016-02-10 19:40:20','2016-02-10 19:40:20'),(2940,1006,68,1,307.50,0.00,0.00,0.00,0.00,0.00,307.50,'2016-02-10 19:43:01','2016-02-10 19:43:01'),(2941,1006,71,1,21.00,0.00,0.00,0.00,0.00,0.00,21.00,'2016-02-10 19:43:01','2016-02-10 19:43:01'),(2942,1007,68,1,307.50,0.00,0.00,0.00,0.00,0.00,307.50,'2016-02-10 19:46:35','2016-02-10 19:46:35'),(2943,1007,71,1,21.00,0.00,0.00,0.00,0.00,0.00,21.00,'2016-02-10 19:46:35','2016-02-10 19:46:35'),(2944,1008,68,1,307.50,0.00,0.00,0.00,0.00,0.00,307.50,'2016-02-10 19:49:01','2016-02-10 19:49:01'),(2945,1008,71,1,21.00,0.00,0.00,0.00,0.00,0.00,21.00,'2016-02-10 19:49:01','2016-02-10 19:49:01'),(2946,1009,68,1,307.50,0.00,0.00,0.00,0.00,0.00,307.50,'2016-02-10 19:50:21','2016-02-10 19:50:21'),(2947,1009,71,1,21.00,0.00,0.00,0.00,0.00,0.00,21.00,'2016-02-10 19:50:21','2016-02-10 19:50:21'),(2948,1010,68,1,307.50,0.00,0.00,0.00,0.00,0.00,307.50,'2016-02-10 19:51:54','2016-02-10 19:51:54'),(2949,1010,71,1,21.00,0.00,0.00,0.00,0.00,0.00,21.00,'2016-02-10 19:51:54','2016-02-10 19:51:54'),(2950,1011,68,1,307.50,0.00,0.00,0.00,0.00,0.00,307.50,'2016-02-10 19:53:19','2016-02-10 19:53:19'),(2951,1011,71,1,21.00,0.00,0.00,0.00,0.00,0.00,21.00,'2016-02-10 19:53:19','2016-02-10 19:53:19'),(2952,1012,68,1,307.50,0.00,0.00,0.00,0.00,0.00,307.50,'2016-02-10 19:54:54','2016-02-10 19:54:54'),(2953,1012,71,1,21.00,0.00,0.00,0.00,0.00,0.00,21.00,'2016-02-10 19:54:54','2016-02-10 19:54:54'),(2954,1013,68,1,307.50,0.00,0.00,0.00,0.00,0.00,307.50,'2016-02-10 19:56:42','2016-02-10 19:56:42'),(2955,1013,71,1,21.00,0.00,0.00,0.00,0.00,0.00,21.00,'2016-02-10 19:56:42','2016-02-10 19:56:42'),(2956,1014,68,1,307.50,0.00,0.00,0.00,0.00,0.00,307.50,'2016-02-10 19:57:57','2016-02-10 19:57:57'),(2957,1014,71,1,21.00,0.00,0.00,0.00,0.00,0.00,21.00,'2016-02-10 19:57:57','2016-02-10 19:57:57'),(2958,1015,68,1,307.50,0.00,0.00,0.00,0.00,0.00,307.50,'2016-02-10 19:59:20','2016-02-10 19:59:20'),(2959,1015,71,1,21.00,0.00,0.00,0.00,0.00,0.00,21.00,'2016-02-10 19:59:20','2016-02-10 19:59:20'),(2960,1016,68,1,307.50,0.00,0.00,0.00,0.00,0.00,307.50,'2016-02-10 20:00:30','2016-02-10 20:00:30'),(2961,1016,71,1,21.00,0.00,0.00,0.00,0.00,0.00,21.00,'2016-02-10 20:00:30','2016-02-10 20:00:30'),(2962,1017,68,1,307.50,0.00,0.00,0.00,0.00,0.00,307.50,'2016-02-10 20:01:40','2016-02-10 20:01:40'),(2963,1017,71,1,21.00,0.00,0.00,0.00,0.00,0.00,21.00,'2016-02-10 20:01:40','2016-02-10 20:01:40'),(2964,1018,68,1,307.50,0.00,0.00,0.00,0.00,0.00,307.50,'2016-02-10 20:03:37','2016-02-10 20:03:37'),(2965,1018,71,1,21.00,0.00,0.00,0.00,0.00,0.00,21.00,'2016-02-10 20:03:37','2016-02-10 20:03:37'),(2966,1019,68,1,307.50,0.00,0.00,0.00,0.00,0.00,307.50,'2016-02-10 20:04:44','2016-02-10 20:04:44'),(2967,1019,71,1,21.00,0.00,0.00,0.00,0.00,0.00,21.00,'2016-02-10 20:04:44','2016-02-10 20:04:44'),(2968,1020,68,1,307.50,0.00,0.00,0.00,0.00,0.00,307.50,'2016-02-10 20:06:00','2016-02-10 20:06:00'),(2969,1020,71,1,21.00,0.00,0.00,0.00,0.00,0.00,21.00,'2016-02-10 20:06:00','2016-02-10 20:06:00'),(2970,1021,68,1,307.50,0.00,0.00,0.00,0.00,0.00,307.50,'2016-02-10 20:07:18','2016-02-10 20:07:18'),(2971,1021,71,1,21.00,0.00,0.00,0.00,0.00,0.00,21.00,'2016-02-10 20:07:18','2016-02-10 20:07:18'),(2972,1022,68,1,307.50,0.00,0.00,0.00,0.00,0.00,307.50,'2016-02-10 20:08:34','2016-02-10 20:08:34'),(2973,1022,71,1,21.00,0.00,0.00,0.00,0.00,0.00,21.00,'2016-02-10 20:08:34','2016-02-10 20:08:34'),(2974,1023,68,1,307.50,0.00,0.00,0.00,0.00,0.00,307.50,'2016-02-10 20:09:38','2016-02-10 20:09:38'),(2975,1023,71,1,21.00,0.00,0.00,0.00,0.00,0.00,21.00,'2016-02-10 20:09:38','2016-02-10 20:09:38'),(2976,1024,68,1,307.50,0.00,0.00,0.00,0.00,0.00,307.50,'2016-02-10 20:10:50','2016-02-10 20:10:50'),(2977,1024,71,1,21.00,0.00,0.00,0.00,0.00,0.00,21.00,'2016-02-10 20:10:50','2016-02-10 20:10:50'),(2978,1025,68,1,307.50,0.00,0.00,0.00,0.00,0.00,307.50,'2016-02-10 20:11:45','2016-02-10 20:11:45'),(2979,1025,71,1,21.00,0.00,0.00,0.00,0.00,0.00,21.00,'2016-02-10 20:11:45','2016-02-10 20:11:45'),(2980,1026,68,1,307.50,0.00,0.00,0.00,0.00,0.00,307.50,'2016-02-10 20:13:11','2016-02-10 20:13:11'),(2981,1026,71,1,21.00,0.00,0.00,0.00,0.00,0.00,21.00,'2016-02-10 20:13:11','2016-02-10 20:13:11'),(2982,1027,68,1,307.50,0.00,0.00,0.00,0.00,0.00,307.50,'2016-02-10 20:14:29','2016-02-10 20:14:29'),(2983,1027,71,1,21.00,0.00,0.00,0.00,0.00,0.00,21.00,'2016-02-10 20:14:29','2016-02-10 20:14:29'),(2984,1028,68,1,307.50,0.00,0.00,0.00,0.00,0.00,307.50,'2016-02-10 20:15:38','2016-02-10 20:15:38'),(2985,1028,71,1,21.00,0.00,0.00,0.00,0.00,0.00,21.00,'2016-02-10 20:15:38','2016-02-10 20:15:38'),(2986,1029,68,1,307.50,0.00,0.00,0.00,0.00,0.00,307.50,'2016-02-10 20:24:55','2016-02-10 20:24:55'),(2987,1029,71,1,21.00,0.00,0.00,0.00,0.00,0.00,21.00,'2016-02-10 20:24:55','2016-02-10 20:24:55'),(2988,1030,68,1,307.50,0.00,0.00,0.00,0.00,0.00,307.50,'2016-02-10 20:27:49','2016-02-10 20:27:49'),(2989,1030,71,1,21.00,0.00,0.00,0.00,0.00,0.00,21.00,'2016-02-10 20:27:49','2016-02-10 20:27:49'),(2990,1031,68,1,307.50,0.00,0.00,0.00,0.00,0.00,307.50,'2016-02-10 20:28:51','2016-02-10 20:28:51'),(2991,1031,71,1,21.00,0.00,0.00,0.00,0.00,0.00,21.00,'2016-02-10 20:28:51','2016-02-10 20:28:51'),(2992,1032,68,1,307.50,0.00,0.00,0.00,0.00,0.00,307.50,'2016-02-10 20:30:52','2016-02-10 20:30:52'),(2993,1032,69,1,1290.30,0.00,0.00,0.00,0.00,0.00,1290.30,'2016-02-10 20:30:52','2016-02-10 20:30:52'),(2994,1032,71,1,21.00,0.00,0.00,0.00,0.00,0.00,21.00,'2016-02-10 20:30:52','2016-02-10 20:30:52'),(2995,1033,68,1,307.50,0.00,0.00,0.00,0.00,0.00,307.50,'2016-02-10 20:32:00','2016-02-10 20:32:00'),(2996,1033,71,1,21.00,0.00,0.00,0.00,0.00,0.00,21.00,'2016-02-10 20:32:00','2016-02-10 20:32:00'),(2997,1034,68,1,307.50,0.00,0.00,0.00,0.00,0.00,307.50,'2016-02-10 20:36:08','2016-02-10 20:36:08'),(2998,1034,71,1,21.00,0.00,0.00,0.00,0.00,0.00,21.00,'2016-02-10 20:36:08','2016-02-10 20:36:08'),(2999,1035,68,1,307.50,0.00,0.00,0.00,0.00,0.00,307.50,'2016-02-10 20:38:03','2016-02-10 20:38:03'),(3000,1035,71,1,21.00,0.00,0.00,0.00,0.00,0.00,21.00,'2016-02-10 20:38:03','2016-02-10 20:38:03'),(3001,1036,68,1,307.50,0.00,0.00,0.00,0.00,0.00,307.50,'2016-02-10 20:41:29','2016-02-10 20:41:29'),(3002,1036,71,1,21.00,0.00,0.00,0.00,0.00,0.00,21.00,'2016-02-10 20:41:29','2016-02-10 20:41:29'),(3003,1037,68,1,307.50,0.00,0.00,0.00,0.00,0.00,307.50,'2016-02-10 20:43:26','2016-02-10 20:43:26'),(3004,1037,71,1,21.00,0.00,0.00,0.00,0.00,0.00,21.00,'2016-02-10 20:43:26','2016-02-10 20:43:26'),(3005,1038,68,1,307.50,0.00,0.00,0.00,0.00,0.00,307.50,'2016-02-10 20:45:06','2016-02-10 20:45:06'),(3006,1038,71,1,21.00,0.00,0.00,0.00,0.00,0.00,21.00,'2016-02-10 20:45:06','2016-02-10 20:45:06'),(3007,1039,68,1,307.50,0.00,0.00,0.00,0.00,0.00,307.50,'2016-02-10 20:46:39','2016-02-10 20:46:39'),(3008,1039,71,1,21.00,0.00,0.00,0.00,0.00,0.00,21.00,'2016-02-10 20:46:39','2016-02-10 20:46:39'),(3009,1040,68,1,307.50,0.00,0.00,0.00,0.00,0.00,307.50,'2016-02-10 20:50:19','2016-02-10 20:50:19'),(3010,1040,71,1,21.00,0.00,0.00,0.00,0.00,0.00,21.00,'2016-02-10 20:50:19','2016-02-10 20:50:19'),(3011,1041,68,1,307.50,0.00,0.00,0.00,0.00,0.00,307.50,'2016-02-10 20:54:10','2016-02-10 20:54:10'),(3012,1041,71,1,21.00,0.00,0.00,0.00,0.00,0.00,21.00,'2016-02-10 20:54:10','2016-02-10 20:54:10'),(3013,1042,68,1,307.50,0.00,0.00,0.00,0.00,0.00,307.50,'2016-02-10 21:10:19','2016-02-10 21:10:19'),(3014,1042,69,1,1009.80,0.00,0.00,0.00,0.00,0.00,1009.80,'2016-02-10 21:10:19','2016-02-10 21:10:19'),(3015,1042,71,1,21.00,0.00,0.00,0.00,0.00,0.00,21.00,'2016-02-10 21:10:19','2016-02-10 21:10:19'),(3016,1043,57,1,21.00,0.00,0.00,0.00,0.00,0.00,21.00,'2016-02-10 22:26:30','2016-02-10 22:26:30'),(3017,1043,55,1,863.94,0.00,0.00,0.00,0.00,0.00,863.94,'2016-02-10 22:26:30','2016-02-10 22:26:30'),(3018,1043,54,1,514.50,0.00,0.00,0.00,0.00,0.00,514.50,'2016-02-10 22:26:30','2016-02-10 22:26:30'),(3019,1044,57,1,21.00,0.00,0.00,0.00,0.00,0.00,21.00,'2016-02-10 22:29:38','2016-02-10 22:29:38'),(3020,1044,55,1,56.10,0.00,0.00,0.00,0.00,0.00,56.10,'2016-02-10 22:29:38','2016-02-10 22:29:38'),(3021,1044,54,1,307.50,0.00,0.00,0.00,0.00,0.00,307.50,'2016-02-10 22:29:38','2016-02-10 22:29:38'),(3022,1045,71,1,21.00,0.00,0.00,0.00,0.00,0.00,21.00,'2016-02-10 22:31:44','2016-02-10 22:31:44'),(3023,1045,68,1,123.00,0.00,0.00,0.00,0.00,0.00,123.00,'2016-02-10 22:31:44','2016-02-10 22:31:44'),(3024,1046,57,1,21.00,0.00,0.00,0.00,0.00,0.00,21.00,'2016-02-10 22:33:28','2016-02-10 22:33:28'),(3025,1046,54,1,123.00,0.00,0.00,0.00,0.00,0.00,123.00,'2016-02-10 22:33:28','2016-02-10 22:33:28'),(3026,1047,57,1,21.00,0.00,0.00,0.00,0.00,0.00,21.00,'2016-02-10 22:35:07','2016-02-10 22:35:07'),(3027,1047,54,1,123.00,0.00,0.00,0.00,0.00,0.00,123.00,'2016-02-10 22:35:07','2016-02-10 22:35:07'),(3028,1048,57,1,21.00,0.00,0.00,0.00,0.00,0.00,21.00,'2016-02-10 22:36:40','2016-02-10 22:36:40'),(3029,1048,55,1,3691.38,0.00,0.00,0.00,0.00,0.00,3691.38,'2016-02-10 22:36:40','2016-02-10 22:36:40'),(3030,1048,54,1,430.50,0.00,0.00,0.00,0.00,0.00,430.50,'2016-02-10 22:36:40','2016-02-10 22:36:40'),(3031,1049,57,1,21.00,0.00,0.00,0.00,0.00,0.00,21.00,'2016-02-10 22:38:57','2016-02-10 22:38:57'),(3032,1049,55,1,67.32,0.00,0.00,0.00,0.00,0.00,67.32,'2016-02-10 22:38:57','2016-02-10 22:38:57'),(3033,1049,54,1,123.00,0.00,0.00,0.00,0.00,0.00,123.00,'2016-02-10 22:38:57','2016-02-10 22:38:57'),(3034,1050,57,1,21.00,0.00,0.00,0.00,0.00,0.00,21.00,'2016-02-10 22:41:15','2016-02-10 22:41:15'),(3035,1050,54,1,676.50,0.00,0.00,0.00,0.00,0.00,676.50,'2016-02-10 22:41:15','2016-02-10 22:41:15'),(3036,1051,57,1,21.00,0.00,0.00,0.00,0.00,0.00,21.00,'2016-02-10 22:43:56','2016-02-10 22:43:56'),(3037,1051,54,1,123.00,0.00,0.00,0.00,0.00,0.00,123.00,'2016-02-10 22:43:56','2016-02-10 22:43:56'),(3038,1052,57,1,21.00,0.00,0.00,0.00,0.00,0.00,21.00,'2016-02-10 22:52:29','2016-02-10 22:52:29'),(3039,1052,55,1,168.30,0.00,0.00,0.00,0.00,0.00,168.30,'2016-02-10 22:52:29','2016-02-10 22:52:29'),(3040,1052,54,1,307.50,0.00,0.00,0.00,0.00,0.00,307.50,'2016-02-10 22:52:29','2016-02-10 22:52:29'),(3041,1053,57,1,21.00,0.00,0.00,0.00,0.00,0.00,21.00,'2016-02-10 22:54:10','2016-02-10 22:54:10'),(3042,1053,55,1,1122.00,0.00,0.00,0.00,0.00,0.00,1122.00,'2016-02-10 22:54:10','2016-02-10 22:54:10'),(3043,1053,54,1,367.50,0.00,0.00,0.00,0.00,0.00,367.50,'2016-02-10 22:54:10','2016-02-10 22:54:10'),(3044,1054,57,1,21.00,0.00,0.00,0.00,0.00,0.00,21.00,'2016-02-10 22:55:39','2016-02-10 22:55:39'),(3045,1054,54,1,307.50,0.00,0.00,0.00,0.00,0.00,307.50,'2016-02-10 22:55:39','2016-02-10 22:55:39'),(3046,1055,68,1,307.50,0.00,0.00,0.00,0.00,0.00,307.50,'2016-02-10 23:00:43','2016-02-10 23:00:43'),(3047,1055,71,1,21.00,0.00,0.00,0.00,0.00,0.00,21.00,'2016-02-10 23:00:43','2016-02-10 23:00:43'),(3048,1056,71,1,21.00,0.00,0.00,0.00,0.00,0.00,21.00,'2016-02-10 23:05:37','2016-02-10 23:05:37'),(3049,1056,69,1,4757.28,0.00,0.00,0.00,0.00,0.00,4757.28,'2016-02-10 23:05:37','2016-02-10 23:05:37'),(3050,1056,68,1,3895.50,0.00,0.00,0.00,0.00,0.00,3895.50,'2016-02-10 23:05:37','2016-02-10 23:05:37'),(3051,1057,68,1,307.50,0.00,0.00,0.00,0.00,0.00,307.50,'2016-02-10 23:25:32','2016-02-10 23:25:32'),(3052,1057,71,1,21.00,0.00,0.00,0.00,0.00,0.00,21.00,'2016-02-10 23:25:32','2016-02-10 23:25:32'),(3053,1058,68,1,307.50,0.00,0.00,0.00,0.00,0.00,307.50,'2016-02-10 23:28:58','2016-02-10 23:28:58'),(3054,1058,71,1,21.00,0.00,0.00,0.00,0.00,0.00,21.00,'2016-02-10 23:28:58','2016-02-10 23:28:58'),(3055,1059,68,1,367.50,0.00,0.00,0.00,0.00,0.00,367.50,'2016-02-10 23:31:49','2016-02-10 23:31:49'),(3056,1059,71,1,21.00,0.00,0.00,0.00,0.00,0.00,21.00,'2016-02-10 23:31:49','2016-02-10 23:31:49'),(3057,1060,68,1,307.50,0.00,0.00,0.00,0.00,0.00,307.50,'2016-02-10 23:33:00','2016-02-10 23:33:00'),(3058,1060,71,1,21.00,0.00,0.00,0.00,0.00,0.00,21.00,'2016-02-10 23:33:00','2016-02-10 23:33:00'),(3059,1061,68,1,307.50,0.00,0.00,0.00,0.00,0.00,307.50,'2016-02-10 23:34:20','2016-02-10 23:34:20'),(3060,1061,71,1,21.00,0.00,0.00,0.00,0.00,0.00,21.00,'2016-02-10 23:34:20','2016-02-10 23:34:20'),(3061,1062,68,1,307.50,0.00,0.00,0.00,0.00,0.00,307.50,'2016-02-10 23:35:35','2016-02-10 23:35:35'),(3062,1062,71,1,21.00,0.00,0.00,0.00,0.00,0.00,21.00,'2016-02-10 23:35:35','2016-02-10 23:35:35'),(3063,1063,68,1,367.50,0.00,0.00,0.00,0.00,0.00,367.50,'2016-02-10 23:38:03','2016-02-10 23:38:03'),(3064,1063,71,1,21.00,0.00,0.00,0.00,0.00,0.00,21.00,'2016-02-10 23:38:03','2016-02-10 23:38:03'),(3065,1064,68,1,307.50,0.00,0.00,0.00,0.00,0.00,307.50,'2016-02-10 23:40:40','2016-02-10 23:40:40'),(3066,1064,71,1,21.00,0.00,0.00,0.00,0.00,0.00,21.00,'2016-02-10 23:40:40','2016-02-10 23:40:40'),(3067,1065,68,1,307.50,0.00,0.00,0.00,0.00,0.00,307.50,'2016-02-10 23:42:34','2016-02-10 23:42:34'),(3068,1065,71,1,21.00,0.00,0.00,0.00,0.00,0.00,21.00,'2016-02-10 23:42:34','2016-02-10 23:42:34'),(3069,1066,68,1,307.50,0.00,0.00,0.00,0.00,0.00,307.50,'2016-02-10 23:43:25','2016-02-10 23:43:25'),(3070,1066,71,1,21.00,0.00,0.00,0.00,0.00,0.00,21.00,'2016-02-10 23:43:25','2016-02-10 23:43:25'),(3071,1067,68,1,307.50,0.00,0.00,0.00,0.00,0.00,307.50,'2016-02-10 23:44:26','2016-02-10 23:44:26'),(3072,1067,71,1,21.00,0.00,0.00,0.00,0.00,0.00,21.00,'2016-02-10 23:44:26','2016-02-10 23:44:26'),(3073,1068,68,1,307.50,0.00,0.00,0.00,0.00,0.00,307.50,'2016-02-10 23:46:31','2016-02-10 23:46:31'),(3074,1068,71,1,21.00,0.00,0.00,0.00,0.00,0.00,21.00,'2016-02-10 23:46:31','2016-02-10 23:46:31'),(3075,1069,68,1,307.50,0.00,0.00,0.00,0.00,0.00,307.50,'2016-02-10 23:47:38','2016-02-10 23:47:38'),(3076,1069,71,1,21.00,0.00,0.00,0.00,0.00,0.00,21.00,'2016-02-10 23:47:38','2016-02-10 23:47:38'),(3077,1070,68,1,307.50,0.00,0.00,0.00,0.00,0.00,307.50,'2016-02-10 23:49:16','2016-02-10 23:49:16'),(3078,1070,71,1,21.00,0.00,0.00,0.00,0.00,0.00,21.00,'2016-02-10 23:49:16','2016-02-10 23:49:16'),(3079,1070,69,1,2524.50,0.00,0.00,0.00,0.00,0.00,2524.50,'2016-02-10 23:49:16','2016-02-10 23:49:16'),(3080,1071,68,1,307.50,0.00,0.00,0.00,0.00,0.00,307.50,'2016-02-10 23:51:43','2016-02-10 23:51:43'),(3081,1071,71,1,21.00,0.00,0.00,0.00,0.00,0.00,21.00,'2016-02-10 23:51:43','2016-02-10 23:51:43'),(3082,1072,68,1,307.50,0.00,0.00,0.00,0.00,0.00,307.50,'2016-02-10 23:54:18','2016-02-10 23:54:18'),(3083,1072,69,1,1122.00,0.00,0.00,0.00,0.00,0.00,1122.00,'2016-02-10 23:54:18','2016-02-10 23:54:18'),(3084,1072,71,1,21.00,0.00,0.00,0.00,0.00,0.00,21.00,'2016-02-10 23:54:18','2016-02-10 23:54:18'),(3085,1073,68,1,307.50,0.00,0.00,0.00,0.00,0.00,307.50,'2016-02-10 23:56:21','2016-02-10 23:56:21'),(3086,1073,71,1,21.00,0.00,0.00,0.00,0.00,0.00,21.00,'2016-02-10 23:56:21','2016-02-10 23:56:21'),(3087,1074,68,1,307.50,0.00,0.00,0.00,0.00,0.00,307.50,'2016-02-10 23:58:23','2016-02-10 23:58:23'),(3088,1074,69,1,1234.20,0.00,0.00,0.00,0.00,0.00,1234.20,'2016-02-10 23:58:23','2016-02-10 23:58:23'),(3089,1074,71,1,21.00,0.00,0.00,0.00,0.00,0.00,21.00,'2016-02-10 23:58:23','2016-02-10 23:58:23'),(3090,1075,68,1,307.50,0.00,0.00,0.00,0.00,0.00,307.50,'2016-02-10 23:59:57','2016-02-10 23:59:57'),(3091,1075,69,1,1122.00,0.00,0.00,0.00,0.00,0.00,1122.00,'2016-02-10 23:59:57','2016-02-10 23:59:57'),(3092,1075,71,1,21.00,0.00,0.00,0.00,0.00,0.00,21.00,'2016-02-10 23:59:57','2016-02-10 23:59:57'),(3093,1076,68,1,307.50,0.00,0.00,0.00,0.00,0.00,307.50,'2016-02-11 00:01:32','2016-02-11 00:01:32'),(3094,1076,71,1,21.00,0.00,0.00,0.00,0.00,0.00,21.00,'2016-02-11 00:01:32','2016-02-11 00:01:32'),(3095,1077,68,1,307.50,0.00,0.00,0.00,0.00,0.00,307.50,'2016-02-11 00:03:00','2016-02-11 00:03:00'),(3096,1077,71,1,21.00,0.00,0.00,0.00,0.00,0.00,21.00,'2016-02-11 00:03:00','2016-02-11 00:03:00'),(3097,1078,71,1,21.00,0.00,0.00,0.00,0.00,0.00,21.00,'2016-02-11 00:25:06','2016-02-11 00:25:06'),(3098,1078,69,1,5946.60,0.00,0.00,0.00,0.00,0.00,5946.60,'2016-02-11 00:25:06','2016-02-11 00:25:06'),(3099,1078,68,1,3895.50,0.00,0.00,0.00,0.00,0.00,3895.50,'2016-02-11 00:25:06','2016-02-11 00:25:06'),(3100,1078,72,1,2313.00,0.00,0.00,0.00,0.00,0.00,2313.00,'2016-02-11 00:25:06','2016-02-11 00:25:06'),(3101,1079,57,1,21.00,0.00,0.00,0.00,0.00,0.00,21.00,'2016-02-11 00:44:37','2016-02-11 00:44:37'),(3102,1079,55,1,144401.40,0.00,0.00,0.00,0.00,0.00,144401.40,'2016-02-11 00:44:37','2016-02-11 00:44:37'),(3103,1079,54,1,307.50,0.00,0.00,0.00,0.00,0.00,307.50,'2016-02-11 00:44:37','2016-02-11 00:44:37'),(3104,1080,57,1,21.00,0.00,0.00,0.00,0.00,0.00,21.00,'2016-02-11 01:09:34','2016-02-11 01:09:34'),(3105,1080,54,1,676.50,0.00,0.00,0.00,0.00,0.00,676.50,'2016-02-11 01:09:34','2016-02-11 01:09:34'),(3106,1081,68,1,307.50,0.00,0.00,0.00,0.00,0.00,307.50,'2016-02-11 01:25:04','2016-02-11 01:25:04'),(3107,1081,71,1,21.00,0.00,0.00,0.00,0.00,0.00,21.00,'2016-02-11 01:25:04','2016-02-11 01:25:04'),(3108,1082,68,1,307.50,0.00,0.00,0.00,0.00,0.00,307.50,'2016-02-11 01:29:14','2016-02-11 01:29:14'),(3109,1082,71,1,21.00,0.00,0.00,0.00,0.00,0.00,21.00,'2016-02-11 01:29:14','2016-02-11 01:29:14'),(3110,1083,68,1,307.50,0.00,0.00,0.00,0.00,0.00,307.50,'2016-02-11 01:31:03','2016-02-11 01:31:03'),(3111,1083,71,1,21.00,0.00,0.00,0.00,0.00,0.00,21.00,'2016-02-11 01:31:03','2016-02-11 01:31:03'),(3112,1084,68,1,307.50,0.00,0.00,0.00,0.00,0.00,307.50,'2016-02-11 01:32:22','2016-02-11 01:32:22'),(3113,1084,71,1,21.00,0.00,0.00,0.00,0.00,0.00,21.00,'2016-02-11 01:32:22','2016-02-11 01:32:22'),(3114,1085,68,1,307.50,0.00,0.00,0.00,0.00,0.00,307.50,'2016-02-11 01:34:43','2016-02-11 01:34:43'),(3115,1085,71,1,21.00,0.00,0.00,0.00,0.00,0.00,21.00,'2016-02-11 01:34:43','2016-02-11 01:34:43'),(3116,1086,71,1,21.00,0.00,0.00,0.00,0.00,0.00,21.00,'2016-02-11 01:34:46','2016-02-11 01:34:46'),(3117,1086,69,1,4757.28,0.00,0.00,0.00,0.00,0.00,4757.28,'2016-02-11 01:34:46','2016-02-11 01:34:46'),(3118,1086,68,1,3895.50,0.00,0.00,0.00,0.00,0.00,3895.50,'2016-02-11 01:34:46','2016-02-11 01:34:46'),(3119,1086,72,1,1542.00,0.00,0.00,0.00,0.00,0.00,1542.00,'2016-02-11 01:34:46','2016-02-11 01:34:46'),(3120,1087,68,1,307.50,0.00,0.00,0.00,0.00,0.00,307.50,'2016-02-11 01:36:13','2016-02-11 01:36:13'),(3121,1087,69,1,1178.10,0.00,0.00,0.00,0.00,0.00,1178.10,'2016-02-11 01:36:13','2016-02-11 01:36:13'),(3122,1087,71,1,21.00,0.00,0.00,0.00,0.00,0.00,21.00,'2016-02-11 01:36:13','2016-02-11 01:36:13'),(3123,1088,68,1,307.50,0.00,0.00,0.00,0.00,0.00,307.50,'2016-02-11 01:37:32','2016-02-11 01:37:32'),(3124,1088,71,1,21.00,0.00,0.00,0.00,0.00,0.00,21.00,'2016-02-11 01:37:32','2016-02-11 01:37:32'),(3125,1089,68,1,307.50,0.00,0.00,0.00,0.00,0.00,307.50,'2016-02-11 01:39:27','2016-02-11 01:39:27'),(3126,1089,71,1,21.00,0.00,0.00,0.00,0.00,0.00,21.00,'2016-02-11 01:39:27','2016-02-11 01:39:27'),(3127,1090,57,1,21.00,0.00,0.00,0.00,0.00,0.00,21.00,'2016-02-11 01:39:43','2016-02-11 01:39:43'),(3128,1090,55,1,168.30,0.00,0.00,0.00,0.00,0.00,168.30,'2016-02-11 01:39:43','2016-02-11 01:39:43'),(3129,1090,54,1,307.50,0.00,0.00,0.00,0.00,0.00,307.50,'2016-02-11 01:39:43','2016-02-11 01:39:43'),(3130,1091,68,1,307.50,0.00,0.00,0.00,0.00,0.00,307.50,'2016-02-11 01:40:31','2016-02-11 01:40:31'),(3131,1091,71,1,21.00,0.00,0.00,0.00,0.00,0.00,21.00,'2016-02-11 01:40:31','2016-02-11 01:40:31'),(3132,1092,71,1,21.00,0.00,0.00,0.00,0.00,0.00,21.00,'2016-02-11 01:42:16','2016-02-11 01:42:16'),(3133,1092,68,1,3259.50,0.00,0.00,0.00,0.00,0.00,3259.50,'2016-02-11 01:42:16','2016-02-11 01:42:16'),(3134,1092,72,1,771.00,0.00,0.00,0.00,0.00,0.00,771.00,'2016-02-11 01:42:16','2016-02-11 01:42:16'),(3135,1093,68,1,307.50,0.00,0.00,0.00,0.00,0.00,307.50,'2016-02-11 01:42:20','2016-02-11 01:42:20'),(3136,1093,71,1,21.00,0.00,0.00,0.00,0.00,0.00,21.00,'2016-02-11 01:42:20','2016-02-11 01:42:20'),(3137,1094,68,1,307.50,0.00,0.00,0.00,0.00,0.00,307.50,'2016-02-11 01:43:37','2016-02-11 01:43:37'),(3138,1094,71,1,21.00,0.00,0.00,0.00,0.00,0.00,21.00,'2016-02-11 01:43:37','2016-02-11 01:43:37'),(3139,1095,71,1,21.00,0.00,0.00,0.00,0.00,0.00,21.00,'2016-02-11 01:44:48','2016-02-11 01:44:48'),(3140,1095,69,1,6462.72,0.00,0.00,0.00,0.00,0.00,6462.72,'2016-02-11 01:44:48','2016-02-11 01:44:48'),(3141,1095,68,1,5292.00,0.00,0.00,0.00,0.00,0.00,5292.00,'2016-02-11 01:44:48','2016-02-11 01:44:48'),(3142,1095,72,1,1542.00,0.00,0.00,0.00,0.00,0.00,1542.00,'2016-02-11 01:44:48','2016-02-11 01:44:48'),(3143,1096,68,1,367.50,0.00,0.00,0.00,0.00,0.00,367.50,'2016-02-11 01:45:30','2016-02-11 01:45:30'),(3144,1096,69,1,673.20,0.00,0.00,0.00,0.00,0.00,673.20,'2016-02-11 01:45:30','2016-02-11 01:45:30'),(3145,1096,71,1,21.00,0.00,0.00,0.00,0.00,0.00,21.00,'2016-02-11 01:45:30','2016-02-11 01:45:30'),(3146,1097,68,1,307.50,0.00,0.00,0.00,0.00,0.00,307.50,'2016-02-11 01:46:30','2016-02-11 01:46:30'),(3147,1097,71,1,21.00,0.00,0.00,0.00,0.00,0.00,21.00,'2016-02-11 01:46:30','2016-02-11 01:46:30'),(3148,1098,71,1,21.00,0.00,0.00,0.00,0.00,0.00,21.00,'2016-02-11 01:46:34','2016-02-11 01:46:34'),(3149,1098,68,1,4428.00,0.00,0.00,0.00,0.00,0.00,4428.00,'2016-02-11 01:46:34','2016-02-11 01:46:34'),(3150,1098,72,1,771.00,0.00,0.00,0.00,0.00,0.00,771.00,'2016-02-11 01:46:34','2016-02-11 01:46:34'),(3151,1099,68,1,307.50,0.00,0.00,0.00,0.00,0.00,307.50,'2016-02-11 01:47:48','2016-02-11 01:47:48'),(3152,1099,71,1,21.00,0.00,0.00,0.00,0.00,0.00,21.00,'2016-02-11 01:47:48','2016-02-11 01:47:48'),(3153,1100,71,1,21.00,0.00,0.00,0.00,0.00,0.00,21.00,'2016-02-11 01:48:24','2016-02-11 01:48:24'),(3154,1100,68,1,307.50,0.00,0.00,0.00,0.00,0.00,307.50,'2016-02-11 01:48:24','2016-02-11 01:48:24'),(3155,1101,68,1,307.50,0.00,0.00,0.00,0.00,0.00,307.50,'2016-02-11 01:49:08','2016-02-11 01:49:08'),(3156,1101,69,1,2524.50,0.00,0.00,0.00,0.00,0.00,2524.50,'2016-02-11 01:49:08','2016-02-11 01:49:08'),(3157,1101,71,1,21.00,0.00,0.00,0.00,0.00,0.00,21.00,'2016-02-11 01:49:08','2016-02-11 01:49:08'),(3158,1102,71,1,21.00,0.00,0.00,0.00,0.00,0.00,21.00,'2016-02-11 01:50:00','2016-02-11 01:50:00'),(3159,1102,68,1,307.50,0.00,0.00,0.00,0.00,0.00,307.50,'2016-02-11 01:50:00','2016-02-11 01:50:00'),(3160,1103,68,1,307.50,0.00,0.00,0.00,0.00,0.00,307.50,'2016-02-11 01:50:25','2016-02-11 01:50:25'),(3161,1103,71,1,21.00,0.00,0.00,0.00,0.00,0.00,21.00,'2016-02-11 01:50:25','2016-02-11 01:50:25'),(3162,1104,71,1,21.00,0.00,0.00,0.00,0.00,0.00,21.00,'2016-02-11 01:51:35','2016-02-11 01:51:35'),(3163,1104,68,1,307.50,0.00,0.00,0.00,0.00,0.00,307.50,'2016-02-11 01:51:35','2016-02-11 01:51:35'),(3164,1105,68,1,307.50,0.00,0.00,0.00,0.00,0.00,307.50,'2016-02-11 01:51:39','2016-02-11 01:51:39'),(3165,1105,71,1,21.00,0.00,0.00,0.00,0.00,0.00,21.00,'2016-02-11 01:51:39','2016-02-11 01:51:39'),(3166,1106,68,1,307.50,0.00,0.00,0.00,0.00,0.00,307.50,'2016-02-11 01:52:39','2016-02-11 01:52:39'),(3167,1106,71,1,21.00,0.00,0.00,0.00,0.00,0.00,21.00,'2016-02-11 01:52:39','2016-02-11 01:52:39'),(3168,1107,68,1,307.50,0.00,0.00,0.00,0.00,0.00,307.50,'2016-02-11 01:53:51','2016-02-11 01:53:51'),(3169,1107,71,1,21.00,0.00,0.00,0.00,0.00,0.00,21.00,'2016-02-11 01:53:51','2016-02-11 01:53:51'),(3170,1108,68,1,307.50,0.00,0.00,0.00,0.00,0.00,307.50,'2016-02-11 01:54:48','2016-02-11 01:54:48'),(3171,1108,71,1,21.00,0.00,0.00,0.00,0.00,0.00,21.00,'2016-02-11 01:54:48','2016-02-11 01:54:48'),(3172,1109,71,1,21.00,0.00,0.00,0.00,0.00,0.00,21.00,'2016-02-11 01:56:21','2016-02-11 01:56:21'),(3173,1109,72,1,771.00,0.00,0.00,0.00,0.00,0.00,771.00,'2016-02-11 01:56:21','2016-02-11 01:56:21'),(3174,1110,68,1,307.50,0.00,0.00,0.00,0.00,0.00,307.50,'2016-02-11 01:58:06','2016-02-11 01:58:06'),(3175,1110,71,1,21.00,0.00,0.00,0.00,0.00,0.00,21.00,'2016-02-11 01:58:06','2016-02-11 01:58:06'),(3176,1111,71,1,21.00,0.00,0.00,0.00,0.00,0.00,21.00,'2016-02-11 01:58:40','2016-02-11 01:58:40'),(3177,1111,72,1,771.00,0.00,0.00,0.00,0.00,0.00,771.00,'2016-02-11 01:58:40','2016-02-11 01:58:40');
/*!40000 ALTER TABLE `facturadetalles` ENABLE KEYS */;
UNLOCK TABLES;

--
-- Table structure for table `facturametadatas`
--

DROP TABLE IF EXISTS `facturametadatas`;
/*!40101 SET @saved_cs_client     = @@character_set_client */;
/*!40101 SET character_set_client = utf8 */;
CREATE TABLE `facturametadatas` (
  `id` int(10) unsigned NOT NULL AUTO_INCREMENT,
  `factura_id` int(10) unsigned NOT NULL,
  `ncobros` int(10) unsigned NOT NULL,
  `ncuotas` int(10) unsigned NOT NULL,
  `montoiniciocuota` double(15,2) NOT NULL,
  `montopagado` double(15,2) NOT NULL,
  `basepagado` double(15,2) NOT NULL,
  `ivapagado` double(15,2) NOT NULL,
  `islrpercentage` double NOT NULL,
  `ivapercentage` double NOT NULL,
  `retencion` double(15,2) NOT NULL,
  `total` double(15,2) NOT NULL,
  `created_at` timestamp NOT NULL DEFAULT '0000-00-00 00:00:00',
  `updated_at` timestamp NOT NULL DEFAULT '0000-00-00 00:00:00',
  PRIMARY KEY (`id`),
  KEY `facturametadatas_factura_id_foreign` (`factura_id`),
  CONSTRAINT `facturametadatas_factura_id_foreign` FOREIGN KEY (`factura_id`) REFERENCES `facturas` (`id`) ON DELETE CASCADE
) ENGINE=InnoDB AUTO_INCREMENT=236 DEFAULT CHARSET=utf8 COLLATE=utf8_unicode_ci;
/*!40101 SET character_set_client = @saved_cs_client */;

--
-- Dumping data for table `facturametadatas`
--

LOCK TABLES `facturametadatas` WRITE;
/*!40000 ALTER TABLE `facturametadatas` DISABLE KEYS */;
INSERT INTO `facturametadatas` VALUES (1,91,1,0,0.00,82.50,82.50,0.00,0,0,0.00,82.50,'2016-01-14 20:49:40','2016-01-14 20:49:40'),(2,93,1,0,0.00,144.00,144.00,0.00,0,0,0.00,144.00,'2016-01-14 20:50:49','2016-01-14 20:50:49'),(3,94,1,0,0.00,168.00,168.00,0.00,0,0,0.00,168.00,'2016-01-14 20:51:40','2016-01-14 20:51:40'),(4,101,1,0,0.00,547.92,547.92,0.00,0,0,0.00,547.92,'2016-01-14 20:53:31','2016-01-14 20:53:31'),(5,102,1,0,0.00,1753.50,1753.50,0.00,0,0,0.00,1753.50,'2016-01-14 20:54:26','2016-01-14 20:54:26'),(6,137,1,0,0.00,328.50,328.50,0.00,0,0,0.00,328.50,'2016-01-14 20:56:32','2016-01-14 20:56:32'),(7,141,1,0,0.00,43380.90,43380.90,0.00,0,0,0.00,43380.90,'2016-01-14 20:57:34','2016-01-14 20:57:34'),(8,107,1,0,0.00,390.00,390.00,0.00,0,0,0.00,390.00,'2016-01-14 20:58:52','2016-01-14 20:58:52'),(9,136,1,0,0.00,267.00,267.00,0.00,0,0,0.00,267.00,'2016-01-14 20:59:40','2016-01-14 20:59:40'),(10,110,1,0,0.00,451.50,451.50,0.00,0,0,0.00,451.50,'2016-01-14 21:01:42','2016-01-14 21:01:42'),(11,111,1,0,0.00,144.00,144.00,0.00,0,0,0.00,144.00,'2016-01-14 21:07:12','2016-01-14 21:07:12'),(12,112,1,0,0.00,144.00,144.00,0.00,0,0,0.00,144.00,'2016-01-14 21:07:54','2016-01-14 21:07:54'),(13,113,1,0,0.00,328.50,328.50,0.00,0,0,0.00,328.50,'2016-01-14 21:08:43','2016-01-14 21:08:43'),(14,138,1,0,0.00,82.50,82.50,0.00,0,0,0.00,82.50,'2016-01-14 21:09:28','2016-01-14 21:09:28'),(15,114,1,0,0.00,35866.47,35866.47,0.00,0,0,0.00,35866.47,'2016-01-14 21:12:09','2016-01-14 21:12:09'),(16,116,1,0,0.00,144.00,144.00,0.00,0,0,0.00,144.00,'2016-01-14 21:13:01','2016-01-14 21:13:01'),(17,115,1,0,0.00,144.00,144.00,0.00,0,0,0.00,144.00,'2016-01-14 21:13:47','2016-01-14 21:13:47'),(18,202,1,0,0.00,144.00,144.00,0.00,0,0,0.00,144.00,'2016-01-14 21:29:56','2016-01-14 21:29:56'),(19,139,1,0,0.00,928.20,928.20,0.00,0,0,0.00,928.20,'2016-01-14 23:10:32','2016-01-14 23:10:32'),(20,131,1,0,0.00,82.50,82.50,0.00,0,0,0.00,82.50,'2016-01-14 23:11:50','2016-01-14 23:11:50'),(21,132,1,0,0.00,144.00,144.00,0.00,0,0,0.00,144.00,'2016-01-14 23:12:59','2016-01-14 23:12:59'),(22,133,1,0,0.00,811.38,811.38,0.00,0,0,0.00,811.38,'2016-01-14 23:14:32','2016-01-14 23:14:32'),(23,134,1,0,0.00,697.50,697.50,0.00,0,0,0.00,697.50,'2016-01-14 23:15:16','2016-01-14 23:15:16'),(24,143,1,0,0.00,451.50,451.50,0.00,0,0,0.00,451.50,'2016-01-14 23:17:03','2016-01-14 23:17:03'),(25,135,1,0,0.00,267.00,267.00,0.00,0,0,0.00,267.00,'2016-01-14 23:18:41','2016-01-14 23:18:41'),(26,148,1,0,0.00,1168.50,1168.50,0.00,0,0,0.00,1168.50,'2016-01-14 23:19:30','2016-01-14 23:19:30'),(27,160,1,0,0.00,276.00,276.00,0.00,0,0,0.00,276.00,'2016-01-14 23:58:04','2016-01-14 23:58:04'),(28,163,1,0,0.00,2257.92,2257.92,0.00,0,0,0.00,2257.92,'2016-01-14 23:59:46','2016-01-14 23:59:46'),(29,166,1,0,0.00,82.50,82.50,0.00,0,0,0.00,82.50,'2016-01-15 00:01:16','2016-01-15 00:01:16'),(30,167,1,0,0.00,144.00,144.00,0.00,0,0,0.00,144.00,'2016-01-15 00:03:58','2016-01-15 00:03:58'),(31,168,1,0,0.00,328.50,328.50,0.00,0,0,0.00,328.50,'2016-01-15 00:04:44','2016-01-15 00:04:44'),(32,169,1,0,0.00,144.00,144.00,0.00,0,0,0.00,144.00,'2016-01-15 00:06:30','2016-01-15 00:06:30'),(33,170,1,0,0.00,503.04,503.04,0.00,0,0,0.00,503.04,'2016-01-15 00:07:31','2016-01-15 00:07:31'),(34,171,1,0,0.00,524.64,524.64,0.00,0,0,0.00,524.64,'2016-01-15 00:11:12','2016-01-15 00:11:12'),(35,172,1,0,0.00,233.76,233.76,0.00,0,0,0.00,233.76,'2016-01-15 00:12:28','2016-01-15 00:12:28'),(36,173,1,0,0.00,451.50,451.50,0.00,0,0,0.00,451.50,'2016-01-15 00:13:34','2016-01-15 00:13:34'),(37,174,1,0,0.00,608.58,608.58,0.00,0,0,0.00,608.58,'2016-01-15 00:14:16','2016-01-15 00:14:16'),(38,175,1,0,0.00,1551.00,1551.00,0.00,0,0,0.00,1551.00,'2016-01-15 00:16:16','2016-01-15 00:16:16'),(39,176,1,0,0.00,658.50,658.50,0.00,0,0,0.00,658.50,'2016-01-15 00:16:51','2016-01-15 00:16:51'),(40,182,1,0,0.00,786.00,786.00,0.00,0,0,0.00,786.00,'2016-01-15 00:18:24','2016-01-15 00:18:24'),(41,185,1,0,0.00,144.00,144.00,0.00,0,0,0.00,144.00,'2016-01-15 00:19:04','2016-01-15 00:19:04'),(42,184,1,0,0.00,144.00,144.00,0.00,0,0,0.00,144.00,'2016-01-15 00:20:00','2016-01-15 00:20:00'),(43,186,1,0,0.00,726.60,726.60,0.00,0,0,0.00,726.60,'2016-01-15 00:20:31','2016-01-15 00:20:31'),(44,195,1,0,0.00,3552.33,3552.33,0.00,0,0,0.00,3552.33,'2016-01-15 00:22:33','2016-01-15 00:22:33'),(45,227,1,0,0.00,1714.80,1714.80,0.00,0,0,0.00,1714.80,'2016-01-15 03:17:49','2016-01-15 03:17:49'),(46,229,1,0,0.00,144.00,144.00,0.00,0,0,0.00,144.00,'2016-01-15 03:37:37','2016-01-15 03:37:37'),(65,66,1,0,0.00,8899.20,8640.00,1036.80,0,75,777.60,9676.80,'2016-01-27 18:50:05','2016-01-27 18:50:05'),(66,67,1,0,0.00,4271.61,4147.20,497.66,0,75,373.24,4644.85,'2016-01-27 18:50:05','2016-01-27 18:50:05'),(68,25,1,0,0.00,6193.15,5529.60,663.55,0,0,0.00,6193.15,'2016-02-01 19:34:05','2016-02-01 19:34:05'),(70,26,1,0,0.00,6193.15,5529.60,663.55,0,0,0.00,6193.15,'2016-02-01 19:46:12','2016-02-01 19:46:12'),(71,28,1,0,0.00,7741.44,6912.00,829.44,0,0,0.00,7741.44,'2016-02-01 19:50:26','2016-02-01 19:50:26'),(72,29,1,0,0.00,1857.95,1658.88,199.07,0,0,0.00,1857.95,'2016-02-01 19:50:26','2016-02-01 19:50:26'),(73,52,1,0,0.00,9909.04,8847.36,1061.68,0,0,0.00,9909.04,'2016-02-01 19:55:30','2016-02-01 19:55:30'),(74,53,1,0,0.00,3773.95,3369.60,404.35,0,0,0.00,3773.95,'2016-02-01 19:55:30','2016-02-01 19:55:30'),(75,31,1,0,0.00,4644.86,4147.20,497.66,0,0,0.00,4644.86,'2016-02-01 20:01:18','2016-02-01 20:01:18'),(76,56,1,0,0.00,1857.95,1658.88,199.07,0,0,0.00,1857.95,'2016-02-01 20:04:36','2016-02-01 20:04:36'),(77,88,1,0,0.00,12386.30,11059.20,1327.10,0,0,0.00,12386.30,'2016-02-01 20:06:53','2016-02-01 20:06:53'),(78,55,1,0,0.00,1857.95,1658.88,199.07,0,0,0.00,1857.95,'2016-02-01 20:12:48','2016-02-01 20:12:48'),(79,59,1,0,0.00,1857.95,1658.88,199.07,0,0,0.00,1857.95,'2016-02-01 20:23:06','2016-02-01 20:23:06'),(80,58,1,0,0.00,1857.95,1658.88,199.07,0,0,0.00,1857.95,'2016-02-01 20:27:26','2016-02-01 20:27:26'),(98,68,1,0,0.00,3226.25,2880.58,345.67,0,0,0.00,3226.25,'2016-02-02 00:29:04','2016-02-02 00:29:04'),(99,23,1,0,0.00,6193.15,5529.60,663.55,0,0,0.00,6193.15,'2016-02-02 00:33:50','2016-02-02 00:33:50'),(100,71,0,0,0.00,0.00,0.00,0.00,0,0,0.00,0.00,'2016-02-02 00:37:05','2016-02-02 19:03:41'),(101,30,1,0,0.00,4644.86,4147.20,497.66,0,0,0.00,4644.86,'2016-02-02 00:44:24','2016-02-02 00:44:24'),(102,86,1,0,0.00,1366.40,1220.00,146.40,0,0,0.00,1366.40,'2016-02-02 00:49:06','2016-02-02 00:49:06'),(104,64,1,0,0.00,6193.15,5529.60,663.55,0,0,0.00,6193.15,'2016-02-02 00:58:10','2016-02-02 00:58:10'),(129,239,1,0,0.00,11999.76,11999.76,0.00,0,0,0.00,11999.76,'2016-02-02 18:04:09','2016-02-02 18:04:09'),(130,262,1,0,0.00,4051.50,4051.50,0.00,0,0,0.00,4051.50,'2016-02-02 18:04:09','2016-02-02 18:04:09'),(131,263,1,0,0.00,12594.42,12594.42,0.00,0,0,0.00,12594.42,'2016-02-02 18:04:09','2016-02-02 18:04:09'),(132,264,1,0,0.00,4051.50,4051.50,0.00,0,0,0.00,4051.50,'2016-02-02 18:04:09','2016-02-02 18:04:09'),(133,265,1,0,0.00,4051.50,4051.50,0.00,0,0,0.00,4051.50,'2016-02-02 18:04:09','2016-02-02 18:04:09'),(134,266,1,0,0.00,11405.10,11405.10,0.00,0,0,0.00,11405.10,'2016-02-02 18:04:09','2016-02-02 18:04:09'),(135,267,1,0,0.00,4051.50,4051.50,0.00,0,0,0.00,4051.50,'2016-02-02 18:04:09','2016-02-02 18:04:09'),(136,268,1,0,0.00,14312.76,14312.76,0.00,0,0,0.00,14312.76,'2016-02-02 18:04:09','2016-02-02 18:04:09'),(137,269,1,0,0.00,4174.50,4174.50,0.00,0,0,0.00,4174.50,'2016-02-02 18:04:09','2016-02-02 18:04:09'),(138,273,1,0,0.00,4051.50,4051.50,0.00,0,0,0.00,4051.50,'2016-02-02 18:04:09','2016-02-02 18:04:09'),(139,275,1,0,0.00,13541.76,13541.76,0.00,0,0,0.00,13541.76,'2016-02-02 18:04:09','2016-02-02 18:04:09'),(140,276,1,0,0.00,4051.50,4051.50,0.00,0,0,0.00,4051.50,'2016-02-02 18:04:09','2016-02-02 18:04:09'),(141,277,1,0,0.00,5876.82,5876.82,0.00,0,0,0.00,5876.82,'2016-02-02 18:04:09','2016-02-02 18:04:09'),(142,278,1,0,0.00,9621.12,9621.12,0.00,0,0,0.00,9621.12,'2016-02-02 18:04:09','2016-02-02 18:04:09'),(143,279,1,0,0.00,4051.50,4051.50,0.00,0,0,0.00,4051.50,'2016-02-02 18:04:09','2016-02-02 18:04:09'),(144,280,1,0,0.00,11999.76,11999.76,0.00,0,0,0.00,11999.76,'2016-02-02 18:04:09','2016-02-02 18:04:09'),(145,281,1,0,0.00,4051.50,4051.50,0.00,0,0,0.00,4051.50,'2016-02-02 18:04:09','2016-02-02 18:04:09'),(146,282,1,0,0.00,4646.16,4646.16,0.00,0,0,0.00,4646.16,'2016-02-02 18:04:09','2016-02-02 18:04:09'),(147,283,1,0,0.00,10810.44,10810.44,0.00,0,0,0.00,10810.44,'2016-02-02 18:04:09','2016-02-02 18:04:09'),(148,284,1,0,0.00,4687.50,4687.50,0.00,0,0,0.00,4687.50,'2016-02-02 18:04:09','2016-02-02 18:04:09'),(149,285,1,0,0.00,11228.76,11228.76,0.00,0,0,0.00,11228.76,'2016-02-02 18:04:09','2016-02-02 18:04:09'),(150,286,1,0,0.00,4051.50,4051.50,0.00,0,0,0.00,4051.50,'2016-02-02 18:04:09','2016-02-02 18:04:09'),(151,287,1,0,0.00,4051.50,4051.50,0.00,0,0,0.00,4051.50,'2016-02-02 18:04:09','2016-02-02 18:04:09'),(152,288,1,0,0.00,10810.44,10810.44,0.00,0,0,0.00,10810.44,'2016-02-02 18:04:09','2016-02-02 18:04:09'),(153,289,1,0,0.00,5417.16,5417.16,0.00,0,0,0.00,5417.16,'2016-02-02 18:04:09','2016-02-02 18:04:09'),(154,290,1,0,0.00,9617.40,9617.40,0.00,0,0,0.00,9617.40,'2016-02-02 18:04:09','2016-02-02 18:04:09'),(155,291,1,0,0.00,4646.16,4646.16,0.00,0,0,0.00,4646.16,'2016-02-02 18:04:09','2016-02-02 18:04:09'),(156,292,1,0,0.00,4174.50,4174.50,0.00,0,0,0.00,4174.50,'2016-02-02 18:04:09','2016-02-02 18:04:09'),(157,293,1,0,0.00,11930.40,11930.40,0.00,0,0,0.00,11930.40,'2016-02-02 18:04:09','2016-02-02 18:04:09'),(158,294,1,0,0.00,4174.50,4174.50,0.00,0,0,0.00,4174.50,'2016-02-02 18:04:09','2016-02-02 18:04:09'),(159,295,1,0,0.00,4174.50,4174.50,0.00,0,0,0.00,4174.50,'2016-02-02 18:04:09','2016-02-02 18:04:09'),(160,296,1,0,0.00,4687.50,4687.50,0.00,0,0,0.00,4687.50,'2016-02-02 18:04:09','2016-02-02 18:04:09'),(161,297,1,0,0.00,9621.12,9621.12,0.00,0,0,0.00,9621.12,'2016-02-02 18:04:09','2016-02-02 18:04:09'),(162,298,1,0,0.00,4174.50,4174.50,0.00,0,0,0.00,4174.50,'2016-02-02 18:04:09','2016-02-02 18:04:09'),(163,299,1,0,0.00,3916.50,3916.50,0.00,0,0,0.00,3916.50,'2016-02-02 18:04:09','2016-02-02 18:04:09'),(164,300,1,0,0.00,10986.78,10986.78,0.00,0,0,0.00,10986.78,'2016-02-02 18:04:09','2016-02-02 18:04:09'),(165,301,1,0,0.00,4051.50,4051.50,0.00,0,0,0.00,4051.50,'2016-02-02 18:04:09','2016-02-02 18:04:09'),(166,302,1,0,0.00,5282.16,5282.16,0.00,0,0,0.00,5282.16,'2016-02-02 18:04:09','2016-02-02 18:04:09'),(186,196,1,0,0.00,480.60,480.60,0.00,0,0,0.00,480.60,'2016-02-03 01:17:51','2016-02-03 01:17:51'),(187,197,1,0,0.00,744.06,744.06,0.00,0,0,0.00,744.06,'2016-02-03 01:19:31','2016-02-03 01:19:31'),(188,200,1,0,0.00,535.50,535.50,0.00,0,0,0.00,535.50,'2016-02-03 01:38:07','2016-02-03 01:38:07'),(189,198,1,0,0.00,4295.40,4295.40,0.00,0,0,0.00,4295.40,'2016-02-03 01:38:56','2016-02-03 01:38:56'),(190,199,1,0,0.00,793.92,793.92,0.00,0,0,0.00,793.92,'2016-02-03 01:39:47','2016-02-03 01:39:47'),(191,201,1,0,0.00,451.50,451.50,0.00,0,0,0.00,451.50,'2016-02-03 01:40:30','2016-02-03 01:40:30'),(192,203,1,0,0.00,144.00,144.00,0.00,0,0,0.00,144.00,'2016-02-03 01:46:04','2016-02-03 01:46:04'),(193,204,1,0,0.00,144.00,144.00,0.00,0,0,0.00,144.00,'2016-02-03 01:48:23','2016-02-03 01:48:23'),(194,234,1,0,0.00,1168.50,1168.50,0.00,0,0,0.00,1168.50,'2016-02-03 01:49:46','2016-02-03 01:49:46'),(195,244,1,0,0.00,388.50,388.50,0.00,0,0,0.00,388.50,'2016-02-03 01:50:59','2016-02-03 01:50:59'),(196,245,1,0,0.00,503.04,503.04,0.00,0,0,0.00,503.04,'2016-02-03 01:52:07','2016-02-03 01:52:07'),(197,246,1,0,0.00,1135.20,1135.20,0.00,0,0,0.00,1135.20,'2016-02-03 01:52:58','2016-02-03 01:52:58'),(198,247,1,0,0.00,786.00,786.00,0.00,0,0,0.00,786.00,'2016-02-03 01:53:46','2016-02-03 01:53:46'),(199,250,1,0,0.00,3970.16,3970.16,0.00,0,0,0.00,3970.16,'2016-02-03 01:55:01','2016-02-03 01:55:01'),(200,254,1,0,0.00,144.00,144.00,0.00,0,0,0.00,144.00,'2016-02-03 01:56:09','2016-02-03 01:56:09'),(201,256,1,0,0.00,3851.48,3851.48,0.00,0,0,0.00,3851.48,'2016-02-03 01:57:24','2016-02-03 01:57:24'),(202,257,1,0,0.00,697.50,697.50,0.00,0,0,0.00,697.50,'2016-02-03 01:58:25','2016-02-03 01:58:25'),(203,258,1,0,0.00,1394.40,1394.40,0.00,0,0,0.00,1394.40,'2016-02-03 02:00:21','2016-02-03 02:00:21'),(204,259,1,0,0.00,144.00,144.00,0.00,0,0,0.00,144.00,'2016-02-03 02:01:34','2016-02-03 02:01:34'),(205,260,1,0,0.00,144.00,144.00,0.00,0,0,0.00,144.00,'2016-02-03 02:02:17','2016-02-03 02:02:17'),(206,334,1,0,0.00,4834.50,4834.50,0.00,0,0,0.00,4834.50,'2016-02-05 01:32:06','2016-02-05 01:32:06'),(207,335,1,0,0.00,4834.50,4834.50,0.00,0,0,0.00,4834.50,'2016-02-05 01:32:06','2016-02-05 01:32:06'),(208,336,1,0,0.00,4728.00,4728.00,0.00,0,0,0.00,4728.00,'2016-02-05 01:32:06','2016-02-05 01:32:06'),(209,337,1,0,0.00,4605.00,4605.00,0.00,0,0,0.00,4605.00,'2016-02-05 01:32:06','2016-02-05 01:32:06'),(210,338,1,0,0.00,4605.00,4605.00,0.00,0,0,0.00,4605.00,'2016-02-05 01:32:06','2016-02-05 01:32:06'),(211,339,1,0,0.00,4834.50,4834.50,0.00,0,0,0.00,4834.50,'2016-02-05 01:32:06','2016-02-05 01:32:06'),(212,340,1,0,0.00,4728.00,4728.00,0.00,0,0,0.00,4728.00,'2016-02-05 01:32:06','2016-02-05 01:32:06'),(213,341,1,0,0.00,5496.00,5496.00,0.00,0,0,0.00,5496.00,'2016-02-05 01:32:06','2016-02-05 01:32:06'),(214,342,1,0,0.00,4605.00,4605.00,0.00,0,0,0.00,4605.00,'2016-02-05 01:32:06','2016-02-05 01:32:06'),(215,343,1,0,0.00,5349.00,5349.00,0.00,0,0,0.00,5349.00,'2016-02-05 01:32:06','2016-02-05 01:32:06'),(216,344,1,0,0.00,4605.00,4605.00,0.00,0,0,0.00,4605.00,'2016-02-05 01:32:06','2016-02-05 01:32:06'),(217,345,1,0,0.00,4728.00,4728.00,0.00,0,0,0.00,4728.00,'2016-02-05 01:32:06','2016-02-05 01:32:06'),(218,346,1,0,0.00,4725.00,4725.00,0.00,0,0,0.00,4725.00,'2016-02-05 01:32:06','2016-02-05 01:32:06'),(219,347,1,0,0.00,4728.00,4728.00,0.00,0,0,0.00,4728.00,'2016-02-05 01:32:06','2016-02-05 01:32:06'),(220,348,1,0,0.00,4834.50,4834.50,0.00,0,0,0.00,4834.50,'2016-02-05 01:32:06','2016-02-05 01:32:06'),(221,349,1,0,0.00,4728.00,4728.00,0.00,0,0,0.00,4728.00,'2016-02-05 01:32:06','2016-02-05 01:32:06'),(222,350,1,0,0.00,4834.50,4834.50,0.00,0,0,0.00,4834.50,'2016-02-05 01:32:06','2016-02-05 01:32:06'),(225,753,1,0,0.00,13174.98,13174.98,0.00,0,0,0.00,13174.98,'2016-02-07 21:24:23','2016-02-07 21:24:23'),(226,890,1,0,0.00,530.04,530.04,0.00,0,0,0.00,530.04,'2016-02-09 17:42:44','2016-02-09 17:42:44'),(227,891,1,0,0.00,144.00,144.00,0.00,0,0,0.00,144.00,'2016-02-09 17:46:42','2016-02-09 17:46:42'),(228,893,1,0,0.00,1933.50,1933.50,0.00,0,0,0.00,1933.50,'2016-02-09 17:55:30','2016-02-09 17:55:30'),(229,896,1,0,0.00,82.50,82.50,0.00,0,0,0.00,82.50,'2016-02-09 18:05:13','2016-02-09 18:05:13'),(230,971,1,0,0.00,8673.78,8673.78,0.00,0,0,0.00,8673.78,'2016-02-10 18:43:33','2016-02-10 18:43:33'),(231,972,1,0,0.00,9000.30,9000.30,0.00,0,0,0.00,9000.30,'2016-02-10 18:43:33','2016-02-10 18:43:33'),(232,973,1,0,0.00,9925.20,9925.20,0.00,0,0,0.00,9925.20,'2016-02-10 18:43:33','2016-02-10 18:43:33'),(233,974,1,0,0.00,9925.20,9925.20,0.00,0,0,0.00,9925.20,'2016-02-10 18:43:33','2016-02-10 18:43:33'),(234,975,1,0,0.00,10215.78,10215.78,0.00,0,0,0.00,10215.78,'2016-02-10 18:43:33','2016-02-10 18:43:33'),(235,604,1,0,0.00,1041.00,1041.00,0.00,0,0,0.00,1041.00,'2016-02-11 01:17:36','2016-02-11 01:17:36');
/*!40000 ALTER TABLE `facturametadatas` ENABLE KEYS */;
UNLOCK TABLES;

--
-- Table structure for table `facturas`
--

DROP TABLE IF EXISTS `facturas`;
/*!40101 SET @saved_cs_client     = @@character_set_client */;
/*!40101 SET character_set_client = utf8 */;
CREATE TABLE `facturas` (
  `id` int(10) unsigned NOT NULL AUTO_INCREMENT,
  `aeropuerto_id` int(10) unsigned NOT NULL,
  `condicionPago` enum('Crédito','Contado') COLLATE utf8_unicode_ci NOT NULL,
  `nFacturaPrefix` varchar(100) COLLATE utf8_unicode_ci NOT NULL,
  `nFactura` int(10) unsigned NOT NULL,
  `nControlPrefix` varchar(100) COLLATE utf8_unicode_ci NOT NULL,
  `nControl` int(10) unsigned NOT NULL,
  `fecha` date NOT NULL,
  `fechaVencimiento` date NOT NULL,
  `fechaControlContrato` date DEFAULT NULL,
  `cliente_id` int(10) unsigned NOT NULL,
  `modulo_id` int(10) unsigned DEFAULT NULL,
  `contrato_id` int(10) unsigned DEFAULT NULL,
  `subtotalNeto` double(20,2) unsigned NOT NULL,
  `descuentoTotal` double(20,2) unsigned NOT NULL,
  `subtotal` double(20,2) unsigned NOT NULL,
  `iva` double(20,2) unsigned NOT NULL,
  `recargoTotal` double(20,2) unsigned NOT NULL,
  `total` double(20,2) unsigned NOT NULL,
  `nroDosa` int(11) DEFAULT NULL,
  `aterrizaje_id` int(10) unsigned DEFAULT NULL,
  `descripcion` text COLLATE utf8_unicode_ci NOT NULL,
  `comentario` text COLLATE utf8_unicode_ci NOT NULL,
  `estado` char(1) COLLATE utf8_unicode_ci NOT NULL,
  `isImpresa` tinyint(1) NOT NULL,
  `created_at` timestamp NOT NULL DEFAULT '0000-00-00 00:00:00',
  `updated_at` timestamp NOT NULL DEFAULT '0000-00-00 00:00:00',
  `deleted_at` timestamp NULL DEFAULT NULL,
  PRIMARY KEY (`id`),
  KEY `facturas_aeropuerto_id_foreign` (`aeropuerto_id`),
  KEY `facturas_cliente_id_foreign` (`cliente_id`),
  KEY `facturas_modulo_id_foreign` (`modulo_id`),
  KEY `facturas_contrato_id_foreign` (`contrato_id`),
  KEY `facturas_aterrizaje_id_foreign` (`aterrizaje_id`),
  CONSTRAINT `facturas_aeropuerto_id_foreign` FOREIGN KEY (`aeropuerto_id`) REFERENCES `aeropuertos` (`id`),
  CONSTRAINT `facturas_aterrizaje_id_foreign` FOREIGN KEY (`aterrizaje_id`) REFERENCES `aterrizajes` (`id`),
  CONSTRAINT `facturas_cliente_id_foreign` FOREIGN KEY (`cliente_id`) REFERENCES `clientes` (`id`),
  CONSTRAINT `facturas_contrato_id_foreign` FOREIGN KEY (`contrato_id`) REFERENCES `contratos` (`id`),
  CONSTRAINT `facturas_modulo_id_foreign` FOREIGN KEY (`modulo_id`) REFERENCES `modulos` (`id`)
) ENGINE=InnoDB AUTO_INCREMENT=1112 DEFAULT CHARSET=utf8 COLLATE=utf8_unicode_ci;
/*!40101 SET character_set_client = @saved_cs_client */;

--
-- Dumping data for table `facturas`
--

LOCK TABLES `facturas` WRITE;
/*!40000 ALTER TABLE `facturas` DISABLE KEYS */;
INSERT INTO `facturas` VALUES (1,1,'Crédito','PZO',1,'PZO',219177,'2016-01-01','2016-02-05',NULL,125,5,NULL,82.50,0.00,82.50,0.00,0.00,82.50,1,NULL,'Facturación por Derechos Aeronáuticos','','P',1,'2016-01-05 23:35:15','2016-01-15 00:31:28',NULL),(2,1,'Crédito','PZO',2,'PZO',219178,'2016-01-01','2016-02-05',NULL,63,5,NULL,792.00,0.00,792.00,0.00,0.00,792.00,2,NULL,'Facturación por Derechos Aeronáuticos','','P',1,'2016-01-06 00:06:47','2016-01-14 19:31:20',NULL),(3,1,'Crédito','PZO',3,'PZO',219179,'2016-01-01','2016-02-05',NULL,63,5,NULL,792.00,0.00,792.00,0.00,0.00,792.00,3,NULL,'Facturación por Derechos Aeronáuticos','','P',1,'2016-01-06 00:14:28','2016-01-21 19:37:42',NULL),(4,1,'Crédito','PZO',4,'PZO',219181,'2016-01-01','2016-02-05',NULL,40,5,NULL,5220.00,0.00,5220.00,0.00,0.00,5220.00,4,NULL,'Facturación por Derechos Aeronáuticos','','P',1,'2016-01-06 00:46:45','2016-01-14 19:20:10',NULL),(5,1,'Crédito','PZO',5,'PZO',219182,'2016-01-01','2016-02-05',NULL,139,5,NULL,328.50,0.00,328.50,0.00,0.00,328.50,5,NULL,'Facturación por Derechos Aeronáuticos','','P',1,'2016-01-06 01:15:20','2016-01-14 19:21:01',NULL),(6,1,'Crédito','PZO',6,'PZO',219183,'2016-01-01','2016-02-05',NULL,139,5,NULL,328.50,0.00,328.50,0.00,0.00,328.50,6,NULL,'Facturación por Derechos Aeronáuticos','','P',1,'2016-01-06 01:18:09','2016-01-14 19:21:28',NULL),(7,1,'Crédito','PZO',7,'PZO',219184,'2016-01-01','2016-02-05',NULL,139,5,NULL,328.50,0.00,328.50,0.00,0.00,328.50,7,NULL,'Facturación por Derechos Aeronáuticos','','P',1,'2016-01-06 03:52:07','2016-01-14 19:21:45',NULL),(8,1,'Crédito','PZO',8,'PZO',219185,'2016-01-01','2016-02-05',NULL,139,5,NULL,328.50,0.00,328.50,0.00,0.00,328.50,8,NULL,'Facturación por Derechos Aeronáuticos','','P',1,'2016-01-06 03:55:24','2016-01-14 19:23:22',NULL),(9,1,'Crédito','PZO',9,'PZO',219186,'2016-01-01','2016-02-05',NULL,139,5,NULL,328.50,0.00,328.50,0.00,0.00,328.50,9,NULL,'Facturación por Derechos Aeronáuticos','','P',1,'2016-01-06 03:59:08','2016-01-15 01:32:32',NULL),(10,1,'Crédito','PZO',10,'PZO',219187,'2016-01-01','2016-02-05',NULL,139,5,NULL,328.50,0.00,328.50,0.00,0.00,328.50,10,NULL,'Facturación por Derechos Aeronáuticos','','P',1,'2016-01-06 04:01:11','2016-01-15 01:33:17',NULL),(11,1,'Crédito','PZO',11,'PZO',219188,'2016-01-01','2016-02-05',NULL,139,5,NULL,328.50,0.00,328.50,0.00,0.00,328.50,11,NULL,'Facturación por Derechos Aeronáuticos','','P',1,'2016-01-06 04:03:20','2016-01-14 19:32:02',NULL),(12,1,'Crédito','PZO',12,'PZO',219189,'2016-01-01','2016-02-05',NULL,139,5,NULL,328.50,0.00,328.50,0.00,0.00,328.50,12,NULL,'Facturación por Derechos Aeronáuticos','','P',1,'2016-01-06 04:07:14','2016-01-14 19:32:53',NULL),(13,1,'Crédito','PZO',13,'PZO',219190,'2016-01-01','2016-02-05',NULL,139,5,NULL,328.50,0.00,328.50,0.00,0.00,328.50,13,NULL,'Facturación por Derechos Aeronáuticos','','P',1,'2016-01-06 04:09:41','2016-01-14 19:35:48',NULL),(14,1,'Crédito','PZO',14,'PZO',146174,'2016-01-04','2016-01-30',NULL,55,2,NULL,8121.60,0.00,8121.60,974.59,0.00,9096.19,NULL,NULL,'          PERIODO ENERO  2016  PATENTE: 2010-AG1845','','P',1,'2016-01-06 19:37:17','2016-01-13 02:17:56',NULL),(15,1,'Crédito','PZO',15,'PZO',146175,'2016-01-04','2016-01-30',NULL,45,2,NULL,10368.00,0.00,10368.00,1244.16,0.00,11612.16,NULL,NULL,'          PERIODO ENERO  2016  PATENTE: 2010-AG1845','','P',0,'2016-01-06 19:46:11','2016-01-06 19:46:11',NULL),(16,1,'Crédito','PZO',16,'PZO',146176,'2016-01-04','2016-01-30',NULL,45,2,NULL,8640.00,0.00,8640.00,1036.80,0.00,9676.80,NULL,NULL,'          PERIODO ENERO  2016  PATENTE: 2010-AG1845','','P',0,'2016-01-06 19:50:14','2016-01-06 19:50:14',NULL),(17,1,'Crédito','PZO',17,'PZO',146177,'2016-01-04','2016-01-30',NULL,40,2,NULL,4147.20,0.00,4147.20,497.66,0.00,4644.86,NULL,NULL,'          PERIODO ENERO  2016  PATENTE: 2010-AG1845','','P',1,'2016-01-06 19:52:58','2016-01-21 19:37:24',NULL),(18,1,'Crédito','PZO',18,'PZO',146178,'2016-01-04','2016-01-30',NULL,40,2,NULL,8640.00,0.00,8640.00,1036.80,0.00,9676.80,NULL,NULL,'          PERIODO ENERO  2016  PATENTE: 2010-AG1845','','P',0,'2016-01-06 19:55:31','2016-01-06 19:55:31',NULL),(19,1,'Crédito','PZO',19,'PZO',146179,'2016-01-04','2016-01-30',NULL,40,2,NULL,6912.00,0.00,6912.00,829.44,0.00,7741.44,NULL,NULL,'          PERIODO ENERO  2016  PATENTE: 2010-AG1845','','P',1,'2016-01-06 19:58:07','2016-01-21 19:38:59',NULL),(20,1,'Crédito','PZO',20,'PZO',146180,'2016-01-04','2016-01-04',NULL,124,2,NULL,1000.00,0.00,1000.00,120.00,0.00,1120.00,NULL,NULL,'          PERIODO ENERO  2016  PATENTE: 2010-AG1845','','P',0,'2016-01-06 20:01:17','2016-01-06 20:01:17',NULL),(21,1,'Crédito','PZO',21,'PZO',146181,'2016-01-04','2016-01-30',NULL,124,2,NULL,8640.00,0.00,8640.00,1036.80,0.00,9676.80,NULL,NULL,'          PERIODO ENERO  2016  PATENTE: 2010-AG1845','','P',0,'2016-01-06 20:03:29','2016-01-06 20:03:29',NULL),(22,1,'Crédito','PZO',22,'PZO',146182,'2016-01-04','2016-01-30',NULL,48,2,NULL,6912.00,0.00,6912.00,829.44,0.00,7741.44,NULL,NULL,'          PERIODO ENERO  2016  PATENTE: 2010-AG1845','','P',0,'2016-01-06 20:05:25','2016-01-06 20:05:25',NULL),(23,1,'Crédito','PZO',23,'PZO',146183,'2016-01-04','2016-01-30',NULL,59,2,NULL,5529.60,0.00,5529.60,663.55,0.00,6193.15,NULL,NULL,'          PERIODO ENERO  2016  PATENTE: 2010-AG1845','','C',0,'2016-01-06 20:06:52','2016-02-02 00:33:50',NULL),(24,1,'Crédito','PZO',24,'PZO',146184,'2016-01-04','2016-01-30',NULL,81,2,NULL,11059.20,0.00,11059.20,1327.10,0.00,12386.30,NULL,NULL,'          PERIODO ENERO  2016  PATENTE: 2010-AG1845 ','','P',0,'2016-01-06 20:09:17','2016-01-06 20:09:17',NULL),(25,1,'Crédito','PZO',25,'PZO',146185,'2016-01-04','2016-01-30',NULL,94,2,NULL,5529.60,0.00,5529.60,663.55,0.00,6193.15,NULL,NULL,'          PERIODO ENERO  2016  PATENTE: 2010-AG1845','','C',0,'2016-01-06 20:10:39','2016-02-01 19:34:05',NULL),(26,1,'Crédito','PZO',26,'PZO',146186,'2016-01-04','2016-01-30',NULL,9,2,NULL,5529.60,0.00,5529.60,663.55,0.00,6193.15,NULL,NULL,'          PERIODO ENERO  2016  PATENTE: 2010-AG1845','','C',0,'2016-01-06 20:12:09','2016-02-01 19:46:12',NULL),(27,1,'Crédito','PZO',27,'PZO',146187,'2016-01-04','2016-01-30',NULL,46,2,NULL,1658.88,0.00,1658.88,199.07,0.00,1857.95,NULL,NULL,'          PERIODO ENERO  2016  PATENTE: 2010-AG1845','','P',0,'2016-01-06 20:13:39','2016-01-06 20:13:39',NULL),(28,1,'Crédito','PZO',28,'PZO',146188,'2016-01-04','2016-01-30',NULL,98,2,NULL,6912.00,0.00,6912.00,829.44,0.00,7741.44,NULL,NULL,'          PERIODO ENERO  2016  PATENTE: 2010-AG1845','','C',0,'2016-01-06 20:14:48','2016-02-01 19:50:26',NULL),(29,1,'Crédito','PZO',29,'PZO',146189,'2016-01-04','2016-01-30',NULL,98,2,NULL,1658.88,0.00,1658.88,199.07,0.00,1857.95,NULL,NULL,'          PERIODO ENERO  2016  PATENTE: 2010-AG1845','','C',0,'2016-01-06 20:16:26','2016-02-01 19:50:26',NULL),(30,1,'Crédito','PZO',30,'PZO',146190,'2016-01-04','2016-01-30',NULL,149,2,NULL,4147.20,0.00,4147.20,497.66,0.00,4644.86,NULL,NULL,'          PERIODO ENERO  2016  PATENTE: 2010-AG1845','','C',0,'2016-01-06 20:28:06','2016-02-02 00:44:24',NULL),(31,1,'Crédito','PZO',31,'PZO',146191,'2016-01-04','2016-01-30',NULL,107,2,NULL,4147.20,0.00,4147.20,497.66,0.00,4644.86,NULL,NULL,'V          PERIODO ENERO  2016  PATENTE: 2010-AG1845','','C',0,'2016-01-06 20:30:00','2016-02-01 20:01:18',NULL),(32,1,'Crédito','PZO',32,'PZO',146192,'2016-01-04','2016-01-30',NULL,109,2,NULL,5529.60,0.00,5529.60,663.55,0.00,6193.15,NULL,NULL,'          PERIODO ENERO  2016  PATENTE: 2010-AG1845','','P',0,'2016-01-06 20:31:09','2016-01-06 20:31:09',NULL),(33,1,'Crédito','PZO',33,'PZO',146193,'2016-01-04','2016-01-30',NULL,73,2,NULL,5529.60,0.00,5529.60,663.55,0.00,6193.15,NULL,NULL,'          PERIODO ENERO  2016  PATENTE: 2010-AG1845','','P',0,'2016-01-06 20:32:41','2016-01-06 20:32:41',NULL),(34,1,'Crédito','PZO',34,'PZO',146194,'2016-01-04','2016-01-30',NULL,117,2,NULL,5529.60,0.00,5529.60,663.55,0.00,6193.15,NULL,NULL,'          PERIODO ENERO  2016  PATENTE: 2010-AG1845','','P',0,'2016-01-06 20:35:31','2016-02-04 01:07:47',NULL),(35,1,'Crédito','PZO',35,'PZO',146195,'2016-01-04','2016-01-30',NULL,122,2,NULL,5529.60,0.00,5529.60,663.55,0.00,6193.15,NULL,NULL,'          PERIODO ENERO  2016  PATENTE: 2010-AG1845','','P',0,'2016-01-06 20:37:18','2016-01-06 20:37:18',NULL),(36,1,'Crédito','PZO',36,'PZO',146196,'2016-01-04','2016-01-30',NULL,97,2,NULL,5529.60,0.00,5529.60,663.55,0.00,6193.15,NULL,NULL,'          PERIODO ENERO  2016  PATENTE: 2010-AG1845','','P',0,'2016-01-06 20:40:34','2016-01-06 20:40:34',NULL),(37,1,'Crédito','PZO',37,'PZO',146197,'2016-01-04','2016-01-30',NULL,2,2,NULL,5529.60,0.00,5529.60,663.55,0.00,6193.15,NULL,NULL,'          PERIODO ENERO  2016  PATENTE: 2010-AG1845','','P',0,'2016-01-06 20:43:21','2016-01-06 20:43:21',NULL),(38,1,'Crédito','PZO',38,'PZO',146198,'2016-01-04','2016-01-30',NULL,108,2,NULL,5529.60,0.00,5529.60,663.55,0.00,6193.15,NULL,NULL,'          PERIODO ENERO  2016  PATENTE: 2010-AG1845','','P',0,'2016-01-06 20:45:02','2016-02-04 01:07:47',NULL),(39,1,'Crédito','PZO',39,'PZO',146199,'2016-01-04','2016-01-30',NULL,65,2,NULL,4838.40,0.00,4838.40,580.61,0.00,5419.01,NULL,NULL,'          PERIODO ENERO  2016  PATENTE: 2010-AG1845','','P',0,'2016-01-06 20:46:55','2016-02-04 01:07:47',NULL),(40,1,'Crédito','PZO',40,'PZO',146200,'2016-01-04','2016-01-30',NULL,96,2,NULL,9953.28,0.00,9953.28,1194.39,0.00,11147.67,NULL,NULL,'          PERIODO ENERO  2016  PATENTE: 2010-AG1845','','P',0,'2016-01-06 20:49:43','2016-01-06 20:49:43',NULL),(41,1,'Crédito','PZO',41,'PZO',146201,'2016-01-06','2016-01-30',NULL,106,2,NULL,4147.20,0.00,4147.20,497.66,0.00,4644.86,NULL,NULL,'          PERIODO ENERO  2016  PATENTE: 2010-AG1845','','P',0,'2016-01-06 20:53:18','2016-01-06 20:56:30','2016-01-06 20:56:30'),(42,1,'Crédito','PZO',42,'PZO',1462201,'2016-01-04','2016-01-30',NULL,106,2,NULL,4147.20,0.00,4147.20,497.66,0.00,4644.86,NULL,NULL,'          PERIODO ENERO  2016  PATENTE: 2010-AG1845','','P',0,'2016-01-06 21:10:49','2016-01-06 21:10:49',NULL),(43,1,'Crédito','PZO',43,'PZO',146202,'2016-01-06','2016-02-06',NULL,43,2,NULL,5529.60,0.00,5529.60,663.55,0.00,6193.15,NULL,NULL,'          PERIODO ENERO  2016  PATENTE: 2010-AG1845','','P',0,'2016-01-06 22:05:15','2016-01-06 22:05:15',NULL),(44,1,'Crédito','PZO',44,'PZO',146203,'2016-01-05','2016-01-30',NULL,118,2,NULL,4147.20,0.00,4147.20,497.66,0.00,4644.86,NULL,NULL,'          PERIODO ENERO  2016  PATENTE: 2010-AG1845','','P',0,'2016-01-06 22:08:13','2016-02-04 01:07:47',NULL),(45,1,'Crédito','PZO',45,'PZO',146204,'2016-01-05','2016-01-30',NULL,145,2,NULL,7500.00,0.00,7500.00,900.00,0.00,8400.00,NULL,NULL,'          PERIODO ENERO  2016  PATENTE: 2010-AG1845','','P',0,'2016-01-06 22:11:20','2016-01-06 22:11:20',NULL),(46,1,'Crédito','PZO',46,'PZO',146205,'2016-01-05','2016-01-30',NULL,105,2,NULL,4147.20,0.00,4147.20,497.66,0.00,4644.86,NULL,NULL,'          PERIODO ENERO  2016  PATENTE: 2010-AG1845','','P',0,'2016-01-06 22:14:46','2016-01-06 22:14:46',NULL),(47,1,'Crédito','PZO',47,'PZO',146206,'2016-01-05','2016-01-30',NULL,20,2,NULL,4147.20,0.00,4147.20,497.66,0.00,4644.86,NULL,NULL,'          PERIODO ENERO  2016  PATENTE: 2010-AG1845','','P',0,'2016-01-06 22:17:34','2016-01-06 22:17:34',NULL),(48,1,'Crédito','PZO',48,'PZO',146207,'2016-01-05','2016-01-30',NULL,88,2,NULL,2764.80,0.00,2764.80,331.78,0.00,3096.58,NULL,NULL,'          PERIODO ENERO  2016  PATENTE: 2010-AG1845','','P',0,'2016-01-06 22:18:57','2016-01-06 22:18:57',NULL),(49,1,'Crédito','PZO',49,'PZO',146208,'2016-01-05','2016-01-30',NULL,18,2,NULL,6912.00,0.00,6912.00,829.44,0.00,7741.44,NULL,NULL,'          PERIODO ENERO  2016  PATENTE: 2010-AG1845','','P',0,'2016-01-06 22:20:09','2016-01-06 22:20:09',NULL),(50,1,'Crédito','PZO',50,'PZO',146209,'2016-01-05','2016-01-30',NULL,19,2,NULL,6912.00,0.00,6912.00,829.44,0.00,7741.44,NULL,NULL,'          PERIODO ENERO  2016  PATENTE: 2010-AG1845','','P',0,'2016-01-06 22:21:32','2016-01-06 22:21:32',NULL),(51,1,'Crédito','PZO',51,'PZO',146210,'2016-01-05','2016-01-30',NULL,83,2,NULL,3840.00,0.00,3840.00,460.80,0.00,4300.80,NULL,NULL,'          PERIODO ENERO  2016  PATENTE: 2010-AG1845','','P',0,'2016-01-06 22:25:27','2016-01-06 22:25:27',NULL),(52,1,'Crédito','PZO',52,'PZO',1462202,'2016-01-05','2016-01-30',NULL,76,2,NULL,8847.36,0.00,8847.36,1061.68,0.00,9909.04,NULL,NULL,'          PERIODO ENERO  2016  PATENTE: 2010-AG1845','','C',0,'2016-01-06 22:27:16','2016-02-01 19:55:30',NULL),(53,1,'Crédito','PZO',53,'PZO',146212,'2016-01-05','2016-01-30',NULL,76,2,NULL,3369.60,0.00,3369.60,404.35,0.00,3773.95,NULL,NULL,'          PERIODO ENERO  2016  PATENTE: 2010-AG1845','','C',0,'2016-01-06 22:29:32','2016-02-01 19:55:30',NULL),(54,1,'Crédito','PZO',54,'PZO',146213,'2016-01-05','2016-01-30',NULL,135,2,NULL,2000.00,0.00,2000.00,240.00,0.00,2240.00,NULL,NULL,'          PERIODO ENERO  2016  PATENTE: 2010-AG1845','','P',0,'2016-01-06 22:48:54','2016-01-06 22:48:54',NULL),(55,1,'Crédito','PZO',55,'PZO',146214,'2016-01-05','2016-01-30',NULL,38,2,NULL,1658.88,0.00,1658.88,199.07,0.00,1857.95,NULL,NULL,'          PERIODO ENERO  2016  PATENTE: 2010-AG1845','','C',0,'2016-01-06 22:50:56','2016-02-01 20:12:48',NULL),(56,1,'Crédito','PZO',56,'PZO',146215,'2016-01-05','2016-01-30',NULL,66,2,NULL,1658.88,0.00,1658.88,199.07,0.00,1857.95,NULL,NULL,'          PERIODO ENERO  2016  PATENTE: 2010-AG1845','','C',0,'2016-01-06 22:53:31','2016-02-01 20:04:36',NULL),(57,1,'Crédito','PZO',57,'PZO',219180,'2016-01-01','2016-02-06',NULL,40,5,NULL,5220.00,0.00,5220.00,0.00,0.00,5220.00,14,NULL,'Facturación por Derechos Aeronáuticos','','P',1,'2016-01-06 22:56:50','2016-01-14 19:36:41',NULL),(58,1,'Crédito','PZO',58,'PZO',146217,'2016-01-05','2016-01-30',NULL,37,2,NULL,1658.88,0.00,1658.88,199.07,0.00,1857.95,NULL,NULL,'PERIODO ENERO 2016 	PATENTE :2010-AG1845','','C',0,'2016-01-07 17:50:57','2016-02-01 20:27:26',NULL),(59,1,'Crédito','PZO',59,'PZO',146218,'2016-01-04','2016-01-30',NULL,36,2,NULL,1658.88,0.00,1658.88,199.07,0.00,1857.95,NULL,NULL,'PERIODO ENERO 2016 	PATENTE :2010-AG1845','','C',0,'2016-01-07 17:53:34','2016-02-01 20:23:06',NULL),(60,1,'Crédito','PZO',60,'PZO',146219,'2016-01-04','2016-01-30',NULL,70,2,NULL,2764.80,0.00,2764.80,331.78,0.00,3096.58,NULL,NULL,'PERIODO ENERO 2016 	PATENTE :2010-AG1845','','P',0,'2016-01-07 17:55:02','2016-01-07 17:55:02',NULL),(61,1,'Crédito','PZO',61,'PZO',146220,'2016-01-04','2016-01-30',NULL,78,2,NULL,6912.00,0.00,6912.00,829.44,0.00,7741.44,NULL,NULL,'PERIODO ENERO 2016 	PATENTE :2010-AG1845','','P',0,'2016-01-07 17:57:03','2016-01-07 17:57:03',NULL),(62,1,'Crédito','PZO',62,'PZO',146221,'2016-01-05','2016-01-30',NULL,78,2,NULL,2419.20,0.00,2419.20,290.30,0.00,2709.50,NULL,NULL,'PERIODO ENERO 2016 	PATENTE :2010-AG1845','','P',0,'2016-01-07 17:58:57','2016-01-07 17:58:57',NULL),(63,1,'Crédito','PZO',63,'PZO',146222,'2016-01-05','2016-01-30',NULL,78,2,NULL,2764.80,0.00,2764.80,331.78,0.00,3096.58,NULL,NULL,'PERIODO ENERO 2016 	PATENTE :2010-AG1845','','P',0,'2016-01-07 18:00:58','2016-01-07 18:00:58',NULL),(64,1,'Crédito','PZO',64,'PZO',146223,'2016-01-05','2016-01-30',NULL,69,2,NULL,5529.60,0.00,5529.60,663.55,0.00,6193.15,NULL,NULL,'PERIODO ENERO 2016 	PATENTE :2010-AG1845','','C',0,'2016-01-07 18:02:28','2016-02-02 00:58:10',NULL),(65,1,'Crédito','PZO',65,'PZO',146223,'2016-01-05','2016-01-30',NULL,136,2,NULL,13167.81,0.00,13167.81,1580.14,0.00,14747.95,NULL,NULL,'PERIODO ENERO 2016 	PATENTE :2010-AG1845','','P',0,'2016-01-07 18:05:23','2016-01-07 18:05:23',NULL),(66,1,'Crédito','PZO',66,'PZO',146225,'2016-01-05','2016-01-30',NULL,13,2,NULL,8640.00,0.00,8640.00,1036.80,0.00,9676.80,NULL,NULL,'PERIODO ENERO 2016 	PATENTE :2010-AG1845','','P',0,'2016-01-07 18:06:40','2016-01-07 18:06:40',NULL),(67,1,'Crédito','PZO',67,'PZO',1146226,'2016-01-05','2016-01-30',NULL,13,2,NULL,4147.20,0.00,4147.20,497.66,0.00,4644.86,NULL,NULL,'PERIODO ENERO 2016 	PATENTE :2010-AG1845','','P',0,'2016-01-07 18:08:38','2016-01-07 18:08:38',NULL),(68,1,'Crédito','PZO',68,'PZO',146227,'2016-01-05','2016-01-30',NULL,95,2,NULL,2880.58,0.00,2880.58,345.67,0.00,3226.25,NULL,NULL,'PERIODO ENERO 2016 	PATENTE :2010-AG1845','','C',0,'2016-01-07 18:10:55','2016-02-02 00:29:04',NULL),(69,1,'Crédito','PZO',69,'PZO',146228,'2016-01-05','2016-01-30',NULL,146,2,NULL,1658.88,0.00,1658.88,199.07,0.00,1857.95,NULL,NULL,'PERIODO ENERO 2016 	PATENTE :2010-AG1845','','P',0,'2016-01-07 18:13:38','2016-01-07 18:13:38',NULL),(70,1,'Crédito','PZO',70,'PZO',146229,'2016-01-05','2016-01-30',NULL,120,2,NULL,2419.20,0.00,2419.20,290.30,0.00,2709.50,NULL,NULL,'PERIODO ENERO 2016 	PATENTE :2010-AG1845','','P',0,'2016-01-07 18:15:27','2016-01-07 18:15:27',NULL),(71,1,'Crédito','PZO',71,'PZO',146230,'2016-01-05','2016-01-30',NULL,86,2,NULL,6912.00,0.00,6912.00,829.44,0.00,7741.44,NULL,NULL,'PERIODO ENERO 2016 	PATENTE :2010-AG1845','','P',0,'2016-01-07 18:16:53','2016-02-02 19:03:41',NULL),(72,1,'Crédito','PZO',72,'PZO',146230,'2016-01-05','2016-01-30',NULL,62,2,NULL,70118.82,0.00,70118.82,8414.26,0.00,78533.08,NULL,NULL,'PERIODO ENERO 2016 	PATENTE :2010-AG1845','','P',0,'2016-01-07 18:19:24','2016-01-07 18:19:24',NULL),(73,1,'Crédito','PZO',73,'PZO',146232,'2016-01-05','2016-01-30',NULL,29,2,NULL,6480.00,0.00,6480.00,777.60,0.00,7257.60,NULL,NULL,'PERIODO ENERO 2016 	PATENTE :2010-AG1845','','P',0,'2016-01-07 18:22:17','2016-01-07 18:22:17',NULL),(74,1,'Crédito','PZO',74,'PZO',146233,'2016-01-05','2016-01-30',NULL,112,2,NULL,3456.00,0.00,3456.00,414.72,0.00,3870.72,NULL,NULL,'PERIODO ENERO 2016 	PATENTE :2010-AG1845','','P',0,'2016-01-07 18:25:37','2016-01-07 18:25:37',NULL),(75,1,'Crédito','PZO',75,'PZO',146234,'2016-01-05','2016-01-30',NULL,5,2,NULL,8930.30,0.00,8930.30,1071.64,0.00,10001.94,NULL,NULL,'PERIODO ENERO 2016 	PATENTE :2010-AG1845','','P',0,'2016-01-07 18:28:13','2016-01-07 18:28:13',NULL),(76,1,'Crédito','PZO',76,'PZO',146235,'2016-01-05','2016-01-30',NULL,110,2,NULL,4098.82,0.00,4098.82,491.86,0.00,4590.68,NULL,NULL,'PERIODO ENERO 2016 	PATENTE :2010-AG1845','','P',0,'2016-01-07 18:30:12','2016-01-07 18:30:12',NULL),(77,1,'Crédito','PZO',77,'PZO',146236,'2016-01-05','2016-01-30',NULL,101,2,NULL,3904.32,0.00,3904.32,468.52,0.00,4372.84,NULL,NULL,'PERIODO ENERO 2016 	PATENTE :2010-AG1845','','P',0,'2016-01-07 18:32:02','2016-01-07 18:32:02',NULL),(78,1,'Crédito','PZO',78,'PZO',146237,'2016-01-05','2016-01-30',NULL,119,2,NULL,2260.22,0.00,2260.22,271.23,0.00,2531.45,NULL,NULL,'PERIODO ENERO 2016 	PATENTE :2010-AG1845','','P',0,'2016-01-07 18:34:59','2016-01-07 18:34:59',NULL),(79,1,'Crédito','PZO',79,'PZO',146238,'2016-01-05','2016-01-30',NULL,125,2,NULL,1928.45,0.00,1928.45,231.41,0.00,2159.86,NULL,NULL,'PERIODO ENERO 2016 	PATENTE :2010-AG1845','','P',0,'2016-01-07 18:36:16','2016-01-07 18:36:16',NULL),(80,1,'Crédito','PZO',80,'PZO',146239,'2016-01-05','2016-01-30',NULL,133,2,NULL,3725.57,0.00,3725.57,447.07,0.00,4172.64,NULL,NULL,'PERIODO ENERO 2016 	PATENTE :2010-AG1845','','P',0,'2016-01-07 18:38:00','2016-01-07 18:38:00',NULL),(81,1,'Crédito','PZO',81,'PZO',146240,'2016-01-05','2016-01-30',NULL,75,2,NULL,1919.32,0.00,1919.32,230.32,0.00,2149.64,NULL,NULL,'PERIODO ENERO 2016 	PATENTE :2010-AG1845 ','','P',0,'2016-01-07 18:41:14','2016-01-07 18:41:14',NULL),(82,1,'Crédito','PZO',82,'PZO',146241,'2016-01-05','2016-01-30',NULL,16,2,NULL,1658.88,0.00,1658.88,199.07,0.00,1857.95,NULL,NULL,'PERIODO ENERO 2016 	PATENTE :2010-AG1845','','P',0,'2016-01-07 18:44:43','2016-01-07 18:44:43',NULL),(83,1,'Crédito','PZO',83,'PZO',146242,'2016-01-05','2016-01-30',NULL,7,2,NULL,67043.00,0.00,67043.00,8045.16,0.00,75088.16,NULL,NULL,'PERIODO ENERO 2016 	PATENTE :2010-AG1845','','P',0,'2016-01-07 18:46:23','2016-01-07 18:46:23',NULL),(84,1,'Crédito','PZO',84,'PZO',146243,'2016-01-05','2016-01-30',NULL,90,2,NULL,70118.82,0.00,70118.82,8414.26,0.00,78533.08,NULL,NULL,'PERIODO ENERO 2016 	PATENTE :2010-AG1845','','P',0,'2016-01-07 18:48:44','2016-01-07 18:48:44',NULL),(85,1,'Crédito','PZO',85,'PZO',146244,'2016-01-05','2016-01-30',NULL,90,2,NULL,22499.99,0.00,22499.99,2700.00,0.00,25199.99,NULL,NULL,'PERIODO ENERO 2016 	PATENTE :2010-AG1845','','P',0,'2016-01-07 18:51:12','2016-01-07 18:51:12',NULL),(86,1,'Crédito','PZO',86,'PZO',146245,'2016-01-05','2016-01-30',NULL,53,2,NULL,1220.00,0.00,1220.00,146.40,0.00,1366.40,NULL,NULL,'PERIODO ENERO 2016 	PATENTE :2010-AG1845','','C',0,'2016-01-07 19:11:21','2016-02-02 00:49:06',NULL),(87,1,'Crédito','PZO',87,'PZO',146246,'2016-01-05','2016-01-30',NULL,50,2,NULL,70118.82,0.00,70118.82,8414.26,0.00,78533.08,NULL,NULL,'PERIODO ENERO 2016 	PATENTE :2010-AG1845','','P',0,'2016-01-07 19:19:15','2016-01-07 19:19:15',NULL),(88,1,'Crédito','PZO',88,'PZO',146247,'2016-01-06','2016-01-30',NULL,6,2,NULL,11059.20,0.00,11059.20,1327.10,0.00,12386.30,NULL,NULL,'PERIODO ENERO 2016 	PATENTE :2010-AG1845','','C',0,'2016-01-07 19:20:32','2016-02-01 20:06:53',NULL),(89,1,'Crédito','PZO',89,'PZO',146248,'2016-01-06','2016-01-30',NULL,113,2,NULL,8294.00,0.00,8294.00,995.28,0.00,9289.28,NULL,NULL,'PERIODO ENERO 2016 	PATENTE :2010-AG1845','','P',1,'2016-01-07 19:22:05','2016-01-28 02:11:45',NULL),(90,1,'Crédito','PZO',90,'PZO',219191,'2016-01-01','2016-02-07',NULL,124,5,NULL,4687.50,0.00,4687.50,0.00,0.00,4687.50,15,NULL,'Facturación por Derechos Aeronáuticos: - Aterrizaje Diuno Internacional, ','','P',1,'2016-01-07 19:42:15','2016-01-14 19:37:03',NULL),(91,1,'Contado','PZO',91,'PZO',219192,'2016-01-02','2016-02-07',NULL,101,5,NULL,82.50,0.00,82.50,0.00,0.00,82.50,16,NULL,'Facturación por Derechos Aeronáuticos: - Aterrizaje Diuno Nacional, ','','C',1,'2016-01-08 02:07:48','2016-01-15 01:34:53',NULL),(92,1,'Crédito','PZO',92,'PZO',219193,'2016-01-02','2016-02-07',NULL,13,5,NULL,5496.00,0.00,5496.00,0.00,0.00,5496.00,17,NULL,'Facturación por Derechos Aeronáuticos: - Aterrizaje Diuno Internacional, ','','P',1,'2016-01-08 02:45:53','2016-01-14 19:38:06',NULL),(93,1,'Contado','PZO',93,'PZO',219194,'2016-01-02','2016-02-07',NULL,54,5,NULL,144.00,0.00,144.00,0.00,0.00,144.00,18,NULL,'Facturación por Derechos Aeronáuticos: - Aterrizaje Diuno Nacional, ','','C',1,'2016-01-08 03:04:55','2016-01-14 20:50:49',NULL),(94,1,'Contado','PZO',94,'PZO',219195,'2016-01-02','2016-02-07',NULL,150,5,NULL,168.00,0.00,168.00,0.00,0.00,168.00,19,NULL,'Facturación por Derechos Aeronáuticos: - Aterrizaje Diuno Internacional, ','','C',1,'2016-01-08 03:24:22','2016-01-14 20:51:40',NULL),(95,1,'Crédito','PZO',95,'PZO',219196,'2016-01-02','2016-02-08',NULL,139,5,NULL,328.50,0.00,328.50,0.00,0.00,328.50,20,NULL,'Facturación por Derechos Aeronáuticos: - Aterrizaje Diuno Nacional, ','','P',1,'2016-01-08 07:41:36','2016-01-14 19:41:23',NULL),(96,1,'Crédito','PZO',96,'PZO',219197,'2016-01-02','2016-02-08',NULL,139,5,NULL,328.50,0.00,328.50,0.00,0.00,328.50,21,NULL,'Facturación por Derechos Aeronáuticos: - Aterrizaje Diuno Nacional, ','','P',1,'2016-01-08 07:44:14','2016-01-14 19:42:04',NULL),(97,1,'Crédito','PZO',97,'PZO',219198,'2016-01-02','2016-02-08',NULL,139,5,NULL,328.50,0.00,328.50,0.00,0.00,328.50,22,NULL,'Facturación por Derechos Aeronáuticos: - Aterrizaje Diuno Nacional, ','','P',1,'2016-01-08 07:46:28','2016-01-14 19:43:08',NULL),(98,1,'Crédito','PZO',98,'PZO',219199,'2016-01-02','2016-02-08',NULL,139,5,NULL,328.50,0.00,328.50,0.00,0.00,328.50,23,NULL,'Facturación por Derechos Aeronáuticos: - Aterrizaje Diuno Nacional, ','','P',1,'2016-01-08 07:50:31','2016-01-14 19:42:43',NULL),(99,1,'Crédito','PZO',99,'PZO',219200,'2016-01-02','2016-02-08',NULL,139,5,NULL,592.80,0.00,592.80,0.00,0.00,592.80,24,NULL,'Facturación por Derechos Aeronáuticos: - Aterrizaje Diuno Nacional, ','','P',1,'2016-01-08 07:59:24','2016-01-14 19:43:39',NULL),(100,1,'Crédito','PZO',100,'PZO',219201,'2016-01-02','2016-02-08',NULL,139,5,NULL,166.44,0.00,166.44,0.00,0.00,166.44,25,NULL,'Facturación por Derechos Aeronáuticos: - Aterrizaje Diuno Nacional, ','','P',1,'2016-01-08 08:01:31','2016-01-14 19:44:05',NULL),(101,1,'Contado','PZO',101,'PZO',219203,'2016-01-02','2016-02-08',NULL,139,5,NULL,547.92,0.00,547.92,0.00,0.00,547.92,26,NULL,'Facturación por Derechos Aeronáuticos: - Aterrizaje Diuno Nacional, ','','C',1,'2016-01-08 20:05:22','2016-01-14 20:53:31',NULL),(102,1,'Contado','PZO',102,'PZO',219204,'2016-01-02','2016-02-08',NULL,106,5,NULL,1753.50,0.00,1753.50,0.00,0.00,1753.50,27,NULL,'Facturación por Derechos Aeronáuticos: - Aterrizaje Nocturno Internacional, ','','C',1,'2016-01-09 01:37:12','2016-01-14 20:54:26',NULL),(103,1,'Crédito','PZO',103,'PZO',219207,'2016-01-02','2016-02-08',NULL,40,5,NULL,13500.72,0.00,13500.72,0.00,0.00,13500.72,28,NULL,'Facturación por Derechos Aeronáuticos.','','P',1,'2016-01-09 02:11:57','2016-01-14 23:37:31',NULL),(104,1,'Crédito','PZO',104,'PZO',219208,'2016-01-02','2016-02-08',NULL,40,5,NULL,5220.00,0.00,5220.00,0.00,0.00,5220.00,29,NULL,'Facturación por Derechos Aeronáuticos: - Aterrizaje Diuno Nacional, ','','P',1,'2016-01-09 02:16:13','2016-01-14 19:48:24',NULL),(105,1,'Crédito','PZO',105,'PZO',219209,'2016-01-02','2016-02-08',NULL,124,5,NULL,13123.44,0.00,13123.44,0.00,0.00,13123.44,30,NULL,'Facturación por Derechos Aeronáuticos: - Aterrizaje Diuno Internacional, ','','P',1,'2016-01-09 02:20:46','2016-01-14 19:49:05',NULL),(106,1,'Crédito','PZO',106,'PZO',219210,'2016-01-02','2016-02-08',NULL,124,5,NULL,4174.50,0.00,4174.50,0.00,0.00,4174.50,31,NULL,'Facturación por Derechos Aeronáuticos: - Aterrizaje Diuno Nacional, ','','P',1,'2016-01-09 02:25:33','2016-01-14 19:49:37',NULL),(107,1,'Contado','PZO',107,'PZO',219211,'2016-01-02','2016-02-08',NULL,154,5,NULL,390.00,0.00,390.00,0.00,0.00,390.00,32,NULL,'Facturación por Derechos Aeronáuticos: - Aterrizaje Diuno Nacional, ','','C',1,'2016-01-09 02:31:39','2016-01-14 20:58:52',NULL),(108,1,'Crédito','PZO',108,'PZO',219212,'2016-01-02','2016-02-08',NULL,40,5,NULL,5220.00,0.00,5220.00,0.00,0.00,5220.00,33,NULL,'Facturación por Derechos Aeronáuticos: - Aterrizaje Diuno Nacional, ','','P',1,'2016-01-09 02:34:18','2016-01-14 19:51:01',NULL),(109,1,'Crédito','PZO',109,'PZO',219213,'2016-01-02','2016-02-08',NULL,40,5,NULL,5220.00,0.00,5220.00,0.00,0.00,5220.00,34,NULL,'Facturación por Derechos Aeronáuticos: - Aterrizaje Diuno Nacional, ','','P',1,'2016-01-09 02:39:03','2016-01-14 19:51:28',NULL),(110,1,'Contado','PZO',110,'PZO',219215,'2016-01-03','2016-02-08',NULL,106,5,NULL,451.50,0.00,451.50,0.00,0.00,451.50,35,NULL,'Facturación por Derechos Aeronáuticos: - Aterrizaje Diuno Nacional, ','','C',1,'2016-01-09 02:59:19','2016-01-14 21:01:42',NULL),(111,1,'Contado','PZO',111,'PZO',219216,'2016-01-03','2016-02-08',NULL,156,5,NULL,144.00,0.00,144.00,0.00,0.00,144.00,36,NULL,'Facturación por Derechos Aeronáuticos: - Aterrizaje Diuno Nacional, ','','C',1,'2016-01-09 03:49:04','2016-01-14 21:07:12',NULL),(112,1,'Contado','PZO',112,'PZO',219217,'2016-01-03','2016-02-09',NULL,157,5,NULL,144.00,0.00,144.00,0.00,0.00,144.00,37,NULL,'Facturación por Derechos Aeronáuticos: - Aterrizaje Diuno Nacional, ','','C',1,'2016-01-09 04:41:29','2016-01-14 21:07:54',NULL),(113,1,'Contado','PZO',113,'PZO',219218,'2016-01-03','2016-02-09',NULL,158,5,NULL,328.50,0.00,328.50,0.00,0.00,328.50,38,NULL,'Facturación por Derechos Aeronáuticos: - Aterrizaje Diuno Nacional, ','','C',1,'2016-01-09 04:57:42','2016-01-14 21:08:43',NULL),(114,1,'Contado','PZO',114,'PZO',219222,'2016-01-03','2016-02-01',NULL,148,5,NULL,35866.47,0.00,35866.47,0.00,0.00,35866.47,39,NULL,'Facturación por Derechos Aeronáuticos: - Aterrizaje Nocturno Nacional, ','','C',1,'2016-01-10 20:08:44','2016-01-14 21:12:09',NULL),(115,1,'Contado','PZO',115,'PZO',219223,'2016-01-03','2016-02-01',NULL,156,5,NULL,144.00,0.00,144.00,0.00,0.00,144.00,40,NULL,'Facturación por Derechos Aeronáuticos: - Aterrizaje Diuno Nacional, ','','C',1,'2016-01-10 20:26:06','2016-01-14 21:13:47',NULL),(116,1,'Contado','PZO',116,'PZO',219224,'2016-01-03','2016-02-01',NULL,156,5,NULL,144.00,0.00,144.00,0.00,0.00,144.00,41,NULL,'Facturación por Derechos Aeronáuticos: - Aterrizaje Diuno Nacional, ','','C',1,'2016-01-10 20:30:04','2016-01-14 21:13:01',NULL),(117,1,'Crédito','PZO',117,'PZO',219225,'2016-01-03','2016-02-01',NULL,58,5,NULL,2427.06,0.00,2427.06,0.00,0.00,2427.06,42,NULL,'Facturación por Derechos Aeronáuticos: - Aterrizaje Diuno Nacional, ','','P',1,'2016-01-10 20:37:20','2016-01-15 00:25:52',NULL),(118,1,'Crédito','PZO',118,'PZO',219227,'2016-01-03','2016-02-01',NULL,124,5,NULL,4051.50,0.00,4051.50,0.00,0.00,4051.50,43,NULL,'Facturación por Derechos Aeronáuticos: - Aterrizaje Diuno Nacional, ','','P',1,'2016-01-10 20:46:40','2016-01-14 20:19:06',NULL),(119,1,'Crédito','PZO',119,'PZO',219228,'2016-01-03','2016-02-01',NULL,40,5,NULL,15119.10,0.00,15119.10,0.00,0.00,15119.10,44,NULL,'Facturación por Derechos Aeronáuticos: - Aterrizaje Diuno Internacional, ','','P',1,'2016-01-10 20:49:39','2016-01-14 20:29:25',NULL),(120,1,'Crédito','PZO',120,'PZO',219229,'2016-01-03','2016-02-01',NULL,40,5,NULL,5220.00,0.00,5220.00,0.00,0.00,5220.00,45,NULL,'Facturación por Derechos Aeronáuticos: - Aterrizaje Diuno Nacional, ','','P',1,'2016-01-10 20:56:27','2016-01-14 20:30:47',NULL),(121,1,'Crédito','PZO',121,'PZO',219231,'2016-01-03','2016-02-01',NULL,63,5,NULL,792.00,0.00,792.00,0.00,0.00,792.00,46,NULL,'Facturación por Derechos Aeronáuticos','','P',1,'2016-01-11 00:40:14','2016-01-14 20:26:51',NULL),(122,1,'Crédito','PZO',122,'PZO',219221,'2016-01-03','2016-02-01',NULL,63,5,NULL,792.00,0.00,792.00,0.00,0.00,792.00,47,NULL,'Facturación por Derechos Aeronáuticos','','P',1,'2016-01-11 00:41:57','2016-01-14 20:27:21',NULL),(123,1,'Crédito','PZO',123,'PZO',219230,'2016-01-03','2016-02-01',NULL,63,5,NULL,21.00,0.00,21.00,0.00,0.00,21.00,48,NULL,'Facturación por Derechos Aeronáuticos','','P',1,'2016-01-11 00:42:56','2016-01-14 20:25:33',NULL),(124,1,'Crédito','PZO',124,'PZO',219220,'2016-01-03','2016-02-01',NULL,63,5,NULL,792.00,0.00,792.00,0.00,0.00,792.00,49,NULL,'Facturación por Derechos Aeronáuticos','','P',1,'2016-01-11 00:45:00','2016-01-14 20:25:11',NULL),(125,1,'Crédito','PZO',125,'PZO',219332,'2016-01-03','2016-02-01',NULL,63,5,NULL,792.00,0.00,792.00,0.00,0.00,792.00,50,NULL,'Facturación por Derechos Aeronáuticos','','P',1,'2016-01-11 00:50:35','2016-01-14 20:24:50',NULL),(126,1,'Crédito','PZO',126,'PZO',219233,'2016-01-03','2016-02-01',NULL,40,5,NULL,5220.00,0.00,5220.00,0.00,0.00,5220.00,51,NULL,'Facturación por Derechos Aeronáuticos','','P',1,'2016-01-11 00:54:31','2016-01-14 20:33:27',NULL),(127,1,'Crédito','PZO',127,'PZO',219234,'2016-01-03','2016-02-01',NULL,40,5,NULL,5281.50,0.00,5281.50,0.00,0.00,5281.50,52,NULL,'Facturación por Derechos Aeronáuticos','','P',1,'2016-01-11 00:58:18','2016-01-15 00:32:13',NULL),(128,1,'Crédito','PZO',128,'PZO',219236,'2016-01-04','2016-02-01',NULL,45,5,NULL,9000.30,0.00,9000.30,0.00,0.00,9000.30,53,NULL,'Facturación por Derechos Aeronáuticos','','P',1,'2016-01-11 01:31:58','2016-01-14 22:56:07',NULL),(129,1,'Crédito','PZO',129,'PZO',219238,'2016-01-04','2016-02-01',NULL,13,5,NULL,4728.00,0.00,4728.00,0.00,0.00,4728.00,54,NULL,'Facturación por Derechos Aeronáuticos','','P',1,'2016-01-11 01:38:14','2016-01-14 22:58:22',NULL),(130,1,'Crédito','PZO',130,'PZO',219239,'2016-01-04','2016-02-01',NULL,13,5,NULL,4834.50,0.00,4834.50,0.00,0.00,4834.50,55,NULL,'Facturación por Derechos Aeronáuticos','','P',1,'2016-01-11 01:41:18','2016-01-14 22:58:51',NULL),(131,1,'Contado','PZO',131,'PZO',219240,'2016-01-04','2016-02-01',NULL,101,5,NULL,82.50,0.00,82.50,0.00,0.00,82.50,56,NULL,'Facturación por Derechos Aeronáuticos','','C',1,'2016-01-11 01:43:16','2016-01-14 23:11:50',NULL),(132,1,'Contado','PZO',132,'PZO',219241,'2016-01-04','2016-02-01',NULL,54,5,NULL,144.00,0.00,144.00,0.00,0.00,144.00,57,NULL,'Facturación por Derechos Aeronáuticos','','C',1,'2016-01-11 01:48:39','2016-01-14 23:12:59',NULL),(133,1,'Contado','PZO',133,'PZO',219243,'2016-01-04','2016-02-01',NULL,159,5,NULL,811.38,0.00,811.38,0.00,0.00,811.38,58,NULL,'Facturación por Derechos Aeronáuticos','','C',0,'2016-01-11 01:57:45','2016-01-14 23:14:32',NULL),(134,1,'Contado','PZO',134,'PZO',219244,'2016-01-04','2016-02-01',NULL,160,5,NULL,697.50,0.00,697.50,0.00,0.00,697.50,59,NULL,'Facturación por Derechos Aeronáuticos','','C',0,'2016-01-11 02:04:58','2016-01-14 23:15:16',NULL),(135,1,'Contado','PZO',135,'PZO',219245,'2016-01-04','2016-02-01',NULL,74,5,NULL,267.00,0.00,267.00,0.00,0.00,267.00,60,NULL,'Facturación por Derechos Aeronáuticos','','C',1,'2016-01-11 02:24:37','2016-01-14 23:18:41',NULL),(136,1,'Contado','PZO',136,'PZO',219214,'2016-01-02','2016-02-01',NULL,155,5,NULL,267.00,0.00,267.00,0.00,0.00,267.00,61,NULL,'Facturación por Derechos Aeronáuticos','','C',1,'2016-01-11 02:27:26','2016-01-14 20:59:40',NULL),(137,1,'Contado','PZO',137,'PZO',219205,'2016-01-02','2016-02-01',NULL,128,5,NULL,328.50,0.00,328.50,0.00,0.00,328.50,62,NULL,'Facturación por Derechos Aeronáuticos','','C',1,'2016-01-11 02:38:49','2016-01-14 20:56:32',NULL),(138,1,'Contado','PZO',138,'PZO',219219,'2016-01-03','2016-02-10',NULL,101,5,NULL,82.50,0.00,82.50,0.00,0.00,82.50,63,NULL,'Facturación por Derechos Aeronáuticos','','C',0,'2016-01-11 02:44:16','2016-01-14 21:09:28',NULL),(139,1,'Contado','PZO',139,'PZO',219235,'2016-01-04','2016-02-11',NULL,15,5,NULL,928.20,0.00,928.20,0.00,0.00,928.20,64,NULL,'Facturación por Derechos Aeronáuticos','','C',1,'2016-01-11 18:09:49','2016-01-14 23:10:32',NULL),(140,1,'Crédito','PZO',140,'PZO',219226,'2016-01-03','2016-02-11',NULL,124,5,NULL,12393.60,0.00,12393.60,0.00,0.00,12393.60,65,NULL,'Facturación por Derechos Aeronáuticos','','P',1,'2016-01-11 18:11:32','2016-01-14 20:22:38',NULL),(141,1,'Contado','PZO',141,'PZO',219206,'2016-01-02','2016-02-11',NULL,153,5,NULL,43380.90,0.00,43380.90,0.00,0.00,43380.90,66,NULL,'Facturación por Derechos Aeronáuticos','','C',1,'2016-01-11 18:24:42','2016-01-14 20:57:34',NULL),(142,1,'Crédito','PZO',142,'',146250,'2016-01-12','2016-02-12',NULL,86,8,NULL,902402.28,0.00,902402.28,108288.27,0.00,999999.99,NULL,NULL,'10% SERVICIOS MES  DICIEMBRE 2015      PATENTE 2010- AG 1845','','P',1,'2016-01-13 01:44:16','2016-01-13 01:44:18',NULL),(143,1,'Contado','PZO',143,'PZO',219246,'2016-01-04','2016-02-13',NULL,161,5,NULL,451.50,0.00,451.50,0.00,0.00,451.50,67,NULL,'Facturación por Derechos Aeronáuticos','','C',0,'2016-01-14 00:51:20','2016-01-14 23:17:03',NULL),(144,1,'Crédito','PZO',144,'PZO',219247,'2016-01-04','2016-02-13',NULL,40,5,NULL,5220.00,0.00,5220.00,0.00,0.00,5220.00,68,NULL,'Facturación por Derechos Aeronáuticos','','P',0,'2016-01-14 01:02:49','2016-01-14 01:02:49',NULL),(145,1,'Crédito','PZO',145,'PZO',219248,'2016-01-04','2016-02-13',NULL,124,5,NULL,4834.50,0.00,4834.50,0.00,0.00,4834.50,69,NULL,'Facturación por Derechos Aeronáuticos','','P',0,'2016-01-14 01:37:04','2016-01-14 01:39:54',NULL),(146,1,'Crédito','PZO',146,'PZO',219249,'2016-01-04','2016-02-13',NULL,124,5,NULL,11930.40,0.00,11930.40,0.00,0.00,11930.40,70,NULL,'Facturación por Derechos Aeronáuticos','','P',0,'2016-01-14 01:46:20','2016-01-14 01:46:20',NULL),(147,1,'Crédito','PZO',147,'PZO',219250,'2016-01-04','2016-02-13',NULL,124,5,NULL,4174.50,0.00,4174.50,0.00,0.00,4174.50,71,NULL,'Facturación por Derechos Aeronáuticos','','P',0,'2016-01-14 01:50:11','2016-01-14 01:50:11',NULL),(148,1,'Contado','PZO',148,'PZO',219251,'2016-01-04','2016-02-13',NULL,162,5,NULL,1168.50,0.00,1168.50,0.00,0.00,1168.50,72,NULL,'Facturación por Derechos Aeronáuticos','','C',1,'2016-01-14 02:22:20','2016-01-14 23:28:38',NULL),(149,1,'Crédito','PZO',149,'PZO',219252,'2016-01-04','2016-02-13',NULL,139,5,NULL,328.50,0.00,328.50,0.00,0.00,328.50,73,NULL,'Facturación por Derechos Aeronáuticos','','P',0,'2016-01-14 03:04:22','2016-01-14 23:41:01',NULL),(150,1,'Crédito','PZO',150,'PZO',219253,'2016-01-04','2016-02-13',NULL,139,5,NULL,328.50,0.00,328.50,0.00,0.00,328.50,74,NULL,'Facturación por Derechos Aeronáuticos','','P',0,'2016-01-14 03:07:46','2016-01-14 23:41:23',NULL),(151,1,'Crédito','PZO',151,'PZO',219254,'2016-01-04','2016-02-13',NULL,139,5,NULL,328.50,0.00,328.50,0.00,0.00,328.50,75,NULL,'Facturación por Derechos Aeronáuticos','','P',0,'2016-01-14 03:11:39','2016-01-14 23:41:48',NULL),(152,1,'Crédito','PZO',152,'PZO',219255,'2016-01-04','2016-02-13',NULL,139,5,NULL,328.50,0.00,328.50,0.00,0.00,328.50,76,NULL,'Facturación por Derechos Aeronáuticos','','P',0,'2016-01-14 03:13:10','2016-01-14 23:42:17',NULL),(153,1,'Crédito','PZO',153,'PZO',219256,'2016-01-04','2016-02-13',NULL,139,5,NULL,328.50,0.00,328.50,0.00,0.00,328.50,77,NULL,'Facturación por Derechos Aeronáuticos','','P',0,'2016-01-14 03:16:17','2016-01-14 23:42:47',NULL),(154,1,'Crédito','PZO',154,'PZO',219257,'2016-01-04','2016-02-13',NULL,139,5,NULL,328.50,0.00,328.50,0.00,0.00,328.50,78,NULL,'Facturación por Derechos Aeronáuticos','','P',0,'2016-01-14 03:17:45','2016-01-14 23:43:09',NULL),(155,1,'Crédito','PZO',155,'PZO',219258,'2016-01-04','2016-02-13',NULL,63,5,NULL,792.00,0.00,792.00,0.00,0.00,792.00,79,NULL,'Facturación por Derechos Aeronáuticos','','P',0,'2016-01-14 03:22:26','2016-01-14 23:43:43',NULL),(156,1,'Crédito','PZO',156,'PZO',219259,'2016-01-04','2016-02-13',NULL,63,5,NULL,792.00,0.00,792.00,0.00,0.00,792.00,80,NULL,'Facturación por Derechos Aeronáuticos','','P',0,'2016-01-14 03:27:31','2016-01-14 23:44:00',NULL),(157,1,'Crédito','PZO',157,'PZO',219260,'2016-01-04','2016-02-13',NULL,40,5,NULL,5220.00,0.00,5220.00,0.00,0.00,5220.00,81,NULL,'Facturación por Derechos Aeronáuticos','','P',0,'2016-01-14 03:29:59','2016-01-14 03:29:59',NULL),(158,1,'Crédito','PZO',158,'PZO',219261,'2016-01-04','2016-02-13',NULL,125,5,NULL,82.50,0.00,82.50,0.00,0.00,82.50,82,NULL,'Facturación por Derechos Aeronáuticos','','P',0,'2016-01-14 03:32:22','2016-01-14 03:32:22',NULL),(159,1,'Crédito','PZO',159,'PZO',219262,'2016-01-04','2016-02-13',NULL,13,5,NULL,4728.00,0.00,4728.00,0.00,0.00,4728.00,83,NULL,'Facturación por Derechos Aeronáuticos','','P',0,'2016-01-14 03:36:15','2016-01-14 03:36:15',NULL),(160,1,'Contado','PZO',160,'PZO',219263,'2016-01-05','2016-02-13',NULL,150,5,NULL,276.00,0.00,276.00,0.00,0.00,276.00,84,NULL,'Facturación por Derechos Aeronáuticos','','C',1,'2016-01-14 03:38:41','2016-01-14 23:58:04',NULL),(161,1,'Crédito','PZO',161,'PZO',219264,'2016-01-05','2016-02-13',NULL,125,5,NULL,82.50,0.00,82.50,0.00,0.00,82.50,85,NULL,'Facturación por Derechos Aeronáuticos','','P',0,'2016-01-14 03:40:51','2016-01-14 03:40:51',NULL),(162,1,'Crédito','PZO',162,'PZO',219265,'2016-01-05','2016-02-13',NULL,13,5,NULL,4680.60,0.00,4680.60,0.00,0.00,4680.60,86,NULL,'Facturación por Derechos Aeronáuticos','','P',0,'2016-01-14 03:43:24','2016-01-14 03:43:24',NULL),(163,1,'Contado','PZO',163,'PZO',219266,'2016-01-05','2016-02-13',NULL,163,5,NULL,2257.92,0.00,2257.92,0.00,0.00,2257.92,87,NULL,'Facturación por Derechos Aeronáuticos','','C',0,'2016-01-14 03:50:44','2016-01-14 23:59:46',NULL),(164,1,'Crédito','PZO',164,'PZO',219267,'2016-01-05','2016-02-13',NULL,45,5,NULL,9000.30,0.00,9000.30,0.00,0.00,9000.30,88,NULL,'Facturación por Derechos Aeronáuticos','','P',1,'2016-01-14 03:54:34','2016-01-15 01:40:23',NULL),(166,1,'Contado','PZO',166,'PZO',219268,'2016-01-05','2016-02-13',NULL,101,5,NULL,82.50,0.00,82.50,0.00,0.00,82.50,89,NULL,'Facturación por Derechos Aeronáuticos','','C',1,'2016-01-14 04:10:13','2016-01-15 00:01:16',NULL),(167,1,'Contado','PZO',167,'PZO',219269,'2016-01-05','2016-02-14',NULL,54,5,NULL,144.00,0.00,144.00,0.00,0.00,144.00,90,NULL,'Facturación por Derechos Aeronáuticos','','C',1,'2016-01-14 17:49:34','2016-01-15 00:05:11',NULL),(168,1,'Contado','PZO',168,'PZO',219270,'2016-01-05','2016-02-14',NULL,164,5,NULL,328.50,0.00,328.50,0.00,0.00,328.50,91,NULL,'Facturación por Derechos Aeronáuticos','','C',1,'2016-01-14 17:57:40','2016-02-04 18:51:46',NULL),(169,1,'Contado','PZO',169,'PZO',219271,'2016-01-05','2016-02-14',NULL,54,5,NULL,144.00,0.00,144.00,0.00,0.00,144.00,92,NULL,'Facturación por Derechos Aeronáuticos','','C',0,'2016-01-14 18:03:12','2016-01-15 00:06:30',NULL),(170,1,'Contado','PZO',170,'PZO',219272,'2016-01-05','2016-02-14',NULL,165,5,NULL,503.04,0.00,503.04,0.00,0.00,503.04,93,NULL,'Facturación por Derechos Aeronáuticos','','C',0,'2016-01-14 18:13:26','2016-01-15 00:07:31',NULL),(171,1,'Contado','PZO',171,'PZO',219273,'2016-01-05','2016-02-14',NULL,166,5,NULL,524.64,0.00,524.64,0.00,0.00,524.64,94,NULL,'Facturación por Derechos Aeronáuticos','','C',0,'2016-01-14 18:22:30','2016-01-15 00:11:12',NULL),(172,1,'Contado','PZO',172,'PZO',219274,'2016-01-05','2016-02-14',NULL,80,5,NULL,233.76,0.00,233.76,0.00,0.00,233.76,95,NULL,'Facturación por Derechos Aeronáuticos','','C',0,'2016-01-14 18:28:29','2016-01-15 00:12:28',NULL),(173,1,'Contado','PZO',173,'PZO',219275,'2016-01-05','2016-02-14',NULL,22,5,NULL,451.50,0.00,451.50,0.00,0.00,451.50,96,NULL,'Facturación por Derechos Aeronáuticos','','C',0,'2016-01-14 18:36:36','2016-01-15 00:13:34',NULL),(174,1,'Contado','PZO',174,'PZO',219276,'2016-01-05','2016-02-14',NULL,167,5,NULL,608.58,0.00,608.58,0.00,0.00,608.58,97,NULL,'Facturación por Derechos Aeronáuticos','','C',0,'2016-01-14 18:43:17','2016-01-15 00:14:16',NULL),(175,1,'Contado','PZO',175,'PZO',219277,'2016-01-05','2016-02-14',NULL,121,5,NULL,1551.00,0.00,1551.00,0.00,0.00,1551.00,98,NULL,'Facturación por Derechos Aeronáuticos','','C',0,'2016-01-14 18:53:27','2016-01-15 00:16:16',NULL),(176,1,'Contado','PZO',176,'PZO',219278,'2016-01-05','2016-02-14',NULL,121,5,NULL,658.50,0.00,658.50,0.00,0.00,658.50,99,NULL,'Facturación por Derechos Aeronáuticos','','C',0,'2016-01-14 18:57:35','2016-01-15 00:16:51',NULL),(177,1,'Crédito','PZO',177,'PZO',219279,'2016-01-05','2016-02-14',NULL,139,5,NULL,328.50,0.00,328.50,0.00,0.00,328.50,100,NULL,'Facturación por Derechos Aeronáuticos','','P',0,'2016-01-14 19:00:21','2016-01-14 19:00:21',NULL),(178,1,'Crédito','PZO',178,'PZO',219280,'2016-01-05','2016-02-14',NULL,139,5,NULL,328.50,0.00,328.50,0.00,0.00,328.50,101,NULL,'Facturación por Derechos Aeronáuticos','','P',0,'2016-01-14 19:03:30','2016-01-14 19:03:30',NULL),(179,1,'Crédito','PZO',179,'PZO',219281,'2016-01-05','2016-02-14',NULL,139,5,NULL,328.50,0.00,328.50,0.00,0.00,328.50,102,NULL,'Facturación por Derechos Aeronáuticos','','P',0,'2016-01-14 19:06:28','2016-01-14 19:06:28',NULL),(180,1,'Crédito','PZO',180,'PZO',219282,'2016-01-05','2016-02-14',NULL,40,5,NULL,12782.64,0.00,12782.64,0.00,0.00,12782.64,103,NULL,'Facturación por Derechos Aeronáuticos','','P',1,'2016-01-14 19:09:43','2016-01-15 00:08:07',NULL),(181,1,'Crédito','PZO',181,'PZO',219283,'2016-01-05','2016-02-14',NULL,40,5,NULL,5220.00,0.00,5220.00,0.00,0.00,5220.00,104,NULL,'Facturación por Derechos Aeronáuticos','','P',0,'2016-01-14 19:13:59','2016-01-14 19:13:59',NULL),(182,1,'Contado','PZO',182,'PZO',219284,'2016-01-05','2016-02-14',NULL,168,5,NULL,786.00,0.00,786.00,0.00,0.00,786.00,105,NULL,'Facturación por Derechos Aeronáuticos','','C',0,'2016-01-14 19:22:47','2016-01-15 00:18:24',NULL),(183,1,'Crédito','PZO',183,'PZO',219285,'2016-01-05','2016-02-14',NULL,139,5,NULL,144.00,0.00,144.00,0.00,0.00,144.00,106,NULL,'Facturación por Derechos Aeronáuticos','','P',0,'2016-01-14 19:27:58','2016-01-14 19:27:58',NULL),(184,1,'Contado','PZO',184,'PZO',219286,'2016-01-05','2016-02-14',NULL,156,5,NULL,144.00,0.00,144.00,0.00,0.00,144.00,107,NULL,'Facturación por Derechos Aeronáuticos','','C',0,'2016-01-14 19:31:51','2016-01-15 00:20:00',NULL),(185,1,'Contado','PZO',185,'PZO',219287,'2016-01-05','2016-02-14',NULL,156,5,NULL,144.00,0.00,144.00,0.00,0.00,144.00,108,NULL,'Facturación por Derechos Aeronáuticos','','C',0,'2016-01-14 19:37:27','2016-01-15 00:19:04',NULL),(186,1,'Contado','PZO',186,'PZO',219288,'2016-01-05','2016-02-14',NULL,154,5,NULL,726.60,0.00,726.60,0.00,0.00,726.60,109,NULL,'Facturación por Derechos Aeronáuticos','','C',0,'2016-01-14 19:40:06','2016-01-15 00:20:31',NULL),(187,1,'Crédito','PZO',187,'PZO',219289,'2016-01-05','2016-02-14',NULL,63,5,NULL,1563.00,0.00,1563.00,0.00,0.00,1563.00,110,NULL,'Facturación por Derechos Aeronáuticos','','P',0,'2016-01-14 19:47:02','2016-01-14 19:47:02',NULL),(188,1,'Crédito','PZO',188,'PZO',219290,'2016-01-05','2016-02-14',NULL,63,5,NULL,792.00,0.00,792.00,0.00,0.00,792.00,111,NULL,'Facturación por Derechos Aeronáuticos','','P',0,'2016-01-14 19:50:10','2016-01-14 19:50:10',NULL),(189,1,'Crédito','PZO',189,'PZO',219291,'2016-01-05','2016-02-14',NULL,124,5,NULL,4051.50,0.00,4051.50,0.00,0.00,4051.50,112,NULL,'Facturación por Derechos Aeronáuticos','','P',1,'2016-01-14 19:52:30','2016-01-14 23:29:05',NULL),(190,1,'Crédito','PZO',190,'PZO',219292,'2016-01-05','2016-02-14',NULL,124,5,NULL,11581.44,0.00,11581.44,0.00,0.00,11581.44,113,NULL,'Facturación por Derechos Aeronáuticos','','P',1,'2016-01-14 19:55:14','2016-01-15 00:00:49',NULL),(191,1,'Crédito','PZO',191,'PZO',219293,'2016-01-05','2016-02-14',NULL,124,5,NULL,4051.50,0.00,4051.50,0.00,0.00,4051.50,114,NULL,'Facturación por Derechos Aeronáuticos','','P',0,'2016-01-14 20:03:46','2016-01-14 20:03:46',NULL),(192,1,'Crédito','PZO',192,'PZO',219294,'2016-01-05','2016-02-14',NULL,12,5,NULL,513.00,0.00,513.00,0.00,0.00,513.00,115,NULL,'Facturación por Derechos Aeronáuticos','','P',1,'2016-01-14 20:08:33','2016-01-15 00:30:04',NULL),(193,1,'Crédito','PZO',193,'PZO',219295,'2016-01-05','2016-02-14',NULL,40,5,NULL,3957.00,0.00,3957.00,0.00,0.00,3957.00,116,NULL,'Facturación por Derechos Aeronáuticos','','P',0,'2016-01-14 20:10:32','2016-01-14 20:10:32',NULL),(194,1,'Crédito','PZO',194,'PZO',219296,'2016-01-05','2016-02-14',NULL,40,5,NULL,6100.56,0.00,6100.56,0.00,0.00,6100.56,117,NULL,'Facturación por Derechos Aeronáuticos','','P',0,'2016-01-14 20:13:07','2016-01-14 20:13:07',NULL),(195,1,'Contado','PZO',195,'PZO',219297,'2016-01-06','2016-02-14',NULL,148,5,NULL,3552.33,0.00,3552.33,0.00,0.00,3552.33,118,NULL,'Facturación por Derechos Aeronáuticos','','C',1,'2016-01-14 20:16:32','2016-01-15 02:03:27',NULL),(196,1,'Contado','PZO',196,'PZO',219298,'2016-01-06','2016-02-14',NULL,150,5,NULL,480.60,0.00,480.60,0.00,0.00,480.60,119,NULL,'Facturación por Derechos Aeronáuticos','','C',0,'2016-01-14 20:18:50','2016-02-03 01:17:51',NULL),(197,1,'Contado','PZO',197,'PZO',219299,'2016-01-06','2016-02-14',NULL,159,5,NULL,744.06,0.00,744.06,0.00,0.00,744.06,120,NULL,'Facturación por Derechos Aeronáuticos','','C',1,'2016-01-14 20:22:19','2016-02-03 01:36:14',NULL),(198,1,'Contado','PZO',198,'PZO',219300,'2016-01-06','2016-02-14',NULL,168,5,NULL,4295.40,0.00,4295.40,0.00,0.00,4295.40,121,NULL,'Facturación por Derechos Aeronáuticos','','C',1,'2016-01-14 20:27:46','2016-02-03 01:38:56',NULL),(199,1,'Contado','PZO',199,'PZO',219301,'2016-01-06','2016-02-14',NULL,24,5,NULL,793.92,0.00,793.92,0.00,0.00,793.92,122,NULL,'Facturación por Derechos Aeronáuticos','','C',0,'2016-01-14 20:36:33','2016-02-03 01:39:47',NULL),(200,1,'Contado','PZO',200,'PZO',219302,'2016-01-06','2016-02-14',NULL,22,5,NULL,535.50,0.00,535.50,0.00,0.00,535.50,123,NULL,'Facturación por Derechos Aeronáuticos','','C',0,'2016-01-14 20:43:53','2016-02-03 01:38:07',NULL),(201,1,'Contado','PZO',201,'PZO',219303,'2016-01-06','2016-02-14',NULL,106,5,NULL,451.50,0.00,451.50,0.00,0.00,451.50,124,NULL,'Facturación por Derechos Aeronáuticos','','C',0,'2016-01-14 20:45:42','2016-02-03 01:40:30',NULL),(202,1,'Contado','PZO',202,'PZO',219304,'2016-01-06','2016-02-14',NULL,54,5,NULL,144.00,0.00,144.00,0.00,0.00,144.00,125,NULL,'Facturación por Derechos Aeronáuticos','','C',0,'2016-01-14 20:49:04','2016-01-14 21:29:56',NULL),(203,1,'Contado','PZO',203,'PZO',219305,'2016-01-06','2016-02-14',NULL,169,5,NULL,144.00,0.00,144.00,0.00,0.00,144.00,126,NULL,'Facturación por Derechos Aeronáuticos','','C',1,'2016-01-14 20:54:24','2016-02-03 01:46:55',NULL),(204,1,'Contado','PZO',204,'PZO',219306,'2016-01-06','2016-02-14',NULL,156,5,NULL,144.00,0.00,144.00,0.00,0.00,144.00,127,NULL,'Facturación por Derechos Aeronáuticos','','C',1,'2016-01-14 20:56:17','2016-02-03 01:48:23',NULL),(205,1,'Crédito','PZO',205,'PZO',219307,'2016-01-06','2016-02-14',NULL,45,5,NULL,9617.40,0.00,9617.40,0.00,0.00,9617.40,128,NULL,'Facturación por Derechos Aeronáuticos','','P',0,'2016-01-14 21:01:25','2016-01-14 21:01:25',NULL),(206,1,'Crédito','PZO',206,'PZO',219308,'2016-01-06','2016-02-14',NULL,45,5,NULL,9268.44,0.00,9268.44,0.00,0.00,9268.44,129,NULL,'Facturación por Derechos Aeronáuticos','','P',0,'2016-01-14 21:08:25','2016-01-14 21:08:25',NULL),(207,1,'Crédito','PZO',207,'PZO',218807,'2015-12-16','2016-01-16',NULL,13,5,NULL,4728.00,0.00,4728.00,0.00,0.00,4728.00,NULL,NULL,'DOSA MESDICIEMBRE','','P',1,'2016-01-14 23:49:09','2016-02-04 01:49:44','2016-02-04 01:49:44'),(208,1,'Crédito','PZO',208,'PZO',219311,'2016-01-06','2016-02-14',NULL,124,5,NULL,4051.50,0.00,4051.50,0.00,0.00,4051.50,130,NULL,'Facturación por Derechos Aeronáuticos','','P',1,'2016-01-14 23:54:06','2016-01-15 02:27:49',NULL),(209,1,'Crédito','PZO',209,'PZO',218806,'2015-12-16','2016-01-16',NULL,13,5,NULL,4834.50,0.00,4834.50,0.00,0.00,4834.50,NULL,NULL,'DOSAS DICIEMBRE 2015','','P',1,'2016-01-14 23:59:48','2016-02-04 01:49:34','2016-02-04 01:49:34'),(210,1,'Crédito','PZO',210,'PZO',1462206,'2015-12-15','2016-01-15',NULL,13,5,NULL,4834.50,0.00,4834.50,0.00,0.00,4834.50,NULL,NULL,'DOSAS DICIEMBRE 2015','','P',0,'2016-01-15 00:15:15','2016-02-03 18:06:05',NULL),(211,1,'Crédito','PZO',211,'PZO',1462207,'2015-12-15','2016-01-15',NULL,13,5,NULL,4605.00,0.00,4605.00,0.00,0.00,4605.00,NULL,NULL,'DOSAS DICIEMBRE 2015','','P',0,'2016-01-15 00:28:35','2016-02-03 18:06:05',NULL),(212,1,'Crédito','PZO',212,'PZO',1462208,'2015-12-14','2016-01-14',NULL,13,5,NULL,4605.00,0.00,4605.00,0.00,0.00,4605.00,NULL,NULL,'DOSAS DICIEMBRE 2015','','P',0,'2016-01-15 00:30:51','2016-02-03 18:06:05',NULL),(213,1,'Crédito','PZO',213,'PZO',1462209,'2015-12-14','2016-01-14',NULL,13,5,NULL,4834.50,0.00,4834.50,0.00,0.00,4834.50,NULL,NULL,'DOSAS DICIEMBRE 2015','','P',0,'2016-01-15 00:32:54','2016-02-03 18:06:05',NULL),(214,1,'Crédito','PZO',214,'PZO',1462210,'2015-12-14','2016-01-14',NULL,13,5,NULL,4728.00,0.00,4728.00,0.00,0.00,4728.00,NULL,NULL,'DOSAS DICIEMBRE 2015','','P',0,'2016-01-15 00:35:18','2016-02-03 18:06:05',NULL),(215,1,'Crédito','PZO',215,'PZO',219310,'2016-01-06','2016-02-14',NULL,13,5,NULL,4728.00,0.00,4728.00,0.00,0.00,4728.00,131,NULL,'Facturación por Derechos Aeronáuticos','','P',1,'2016-01-15 00:35:45','2016-01-15 02:26:45',NULL),(216,1,'Crédito','PZO',216,'PZO',1462211,'2015-12-14','2016-01-14',NULL,13,5,NULL,5496.00,0.00,5496.00,0.00,0.00,5496.00,NULL,NULL,'DOSAS DICIEMBRE 2015','','P',0,'2016-01-15 00:52:44','2016-02-03 18:06:05',NULL),(217,1,'Crédito','PZO',217,'PZO',1462212,'2015-12-14','2016-01-14',NULL,13,5,NULL,4605.00,0.00,4605.00,0.00,0.00,4605.00,NULL,NULL,'DOSAS DICIEMBRE 2015','','P',0,'2016-01-15 00:58:57','2016-02-03 18:06:05',NULL),(218,1,'Crédito','PZO',218,'PZO',1462213,'2015-12-14','2016-01-14',NULL,13,5,NULL,5349.00,0.00,5349.00,0.00,0.00,5349.00,NULL,NULL,'DOSAS DICIEMBRE 2015','','P',0,'2016-01-15 01:00:56','2016-02-03 18:06:05',NULL),(219,1,'Crédito','PZO',219,'PZO',1462214,'2015-12-14','2016-01-14',NULL,13,5,NULL,4605.00,0.00,4605.00,0.00,0.00,4605.00,NULL,NULL,'DOSAS DICIEMBRE 2015','','P',0,'2016-01-15 01:06:15','2016-02-03 18:06:05',NULL),(220,1,'Crédito','PZO',220,'PZO',1462215,'2015-12-14','2016-01-14',NULL,13,5,NULL,4728.00,0.00,4728.00,0.00,0.00,4728.00,NULL,NULL,'DOSAS DICIEMBRE 2015','','P',0,'2016-01-15 01:07:50','2016-02-03 18:06:05',NULL),(221,1,'Crédito','PZO',221,'PZO',1462216,'2015-12-09','2016-01-09',NULL,13,5,NULL,4725.00,0.00,4725.00,0.00,0.00,4725.00,NULL,NULL,'DOSAS DICIEMBRE 2015','','P',0,'2016-01-15 01:09:25','2016-02-03 18:06:05',NULL),(222,1,'Crédito','PZO',222,'PZO',1462217,'2015-12-14','2016-01-14',NULL,13,5,NULL,4728.00,0.00,4728.00,0.00,0.00,4728.00,NULL,NULL,'DOSAS DICIEMBRE 2015','','P',0,'2016-01-15 01:11:02','2016-02-03 18:06:05',NULL),(223,1,'Crédito','PZO',223,'PZO',1462218,'2015-12-08','2016-01-08',NULL,13,5,NULL,4834.50,0.00,4834.50,0.00,0.00,4834.50,NULL,NULL,'DOSAS DICIEMBRE 2015','','P',0,'2016-01-15 01:13:35','2016-02-03 18:06:05',NULL),(224,1,'Crédito','PZO',224,'PZO',1462219,'2015-12-07','2016-01-07',NULL,13,5,NULL,4728.00,0.00,4728.00,0.00,0.00,4728.00,NULL,NULL,'DOSAS DICIEMBRE 2015','','P',0,'2016-01-15 01:23:54','2016-02-03 18:06:05',NULL),(225,1,'Crédito','PZO',225,'PZO',1462220,'2015-12-07','2016-01-07',NULL,13,5,NULL,4834.50,0.00,4834.50,0.00,0.00,4834.50,NULL,NULL,'DOSAS DICIEMBRE 2015','','P',0,'2016-01-15 01:27:09','2016-02-03 18:06:05',NULL),(226,1,'Crédito','PZO',226,'PZO',219309,'2016-01-06','2016-02-14',NULL,13,5,NULL,4834.50,0.00,4834.50,0.00,0.00,4834.50,132,NULL,'Facturación por Derechos Aeronáuticos','','P',0,'2016-01-15 02:20:11','2016-01-15 02:20:11',NULL),(227,1,'Contado','PZO',227,'PZO',219202,'2016-01-02','2016-02-14',NULL,139,5,NULL,1714.80,0.00,1714.80,0.00,0.00,1714.80,133,NULL,'Facturación por Derechos Aeronáuticos','','C',0,'2016-01-15 03:17:03','2016-01-15 03:17:49',NULL),(228,1,'Crédito','PZO',228,'PZO',219237,'2016-01-04','2016-02-14',NULL,40,5,NULL,13500.72,0.00,13500.72,0.00,0.00,13500.72,134,NULL,'Facturación por Derechos Aeronáuticos','','P',0,'2016-01-15 03:32:16','2016-01-15 03:32:16',NULL),(229,1,'Contado','PZO',229,'PZO',219242,'2016-01-04','2016-02-14',NULL,54,5,NULL,144.00,0.00,144.00,0.00,0.00,144.00,135,NULL,'Facturación por Derechos Aeronáuticos','','C',0,'2016-01-15 03:36:13','2016-01-15 03:37:37',NULL),(230,1,'Crédito','PZO',230,'PZO',219312,'2016-01-06','2016-02-15',NULL,124,5,NULL,10810.44,0.00,10810.44,0.00,0.00,10810.44,136,NULL,'Facturación por Derechos Aeronáuticos','','P',0,'2016-01-15 20:03:47','2016-01-15 20:03:47',NULL),(231,1,'Crédito','PZO',231,'PZO',219313,'2016-01-06','2016-02-15',NULL,124,5,NULL,3403.50,0.00,3403.50,0.00,0.00,3403.50,137,NULL,'Facturación por Derechos Aeronáuticos','','P',0,'2016-01-15 20:50:40','2016-01-15 20:50:40',NULL),(232,1,'Crédito','PZO',232,'PZO',219314,'2016-01-06','2016-02-15',NULL,40,5,NULL,11775.72,0.00,11775.72,0.00,0.00,11775.72,138,NULL,'Facturación por Derechos Aeronáuticos','','P',0,'2016-01-15 20:54:42','2016-01-15 20:54:42',NULL),(233,1,'Crédito','PZO',233,'PZO',219315,'2016-01-06','2016-02-15',NULL,40,5,NULL,3957.00,0.00,3957.00,0.00,0.00,3957.00,139,NULL,'Facturación por Derechos Aeronáuticos','','P',0,'2016-01-15 20:58:59','2016-01-15 20:58:59',NULL),(234,1,'Contado','PZO',234,'PZO',219316,'2016-01-06','2016-02-15',NULL,148,5,NULL,1168.50,0.00,1168.50,0.00,0.00,1168.50,140,NULL,'Facturación por Derechos Aeronáuticos','','C',0,'2016-01-15 21:05:37','2016-02-03 01:49:46',NULL),(235,1,'Crédito','PZO',235,'PZO',219317,'2016-01-06','2016-02-15',NULL,139,5,NULL,328.50,0.00,328.50,0.00,0.00,328.50,141,NULL,'Facturación por Derechos Aeronáuticos','','P',0,'2016-01-15 21:07:39','2016-01-15 21:07:39',NULL),(236,1,'Crédito','PZO',236,'PZO',219318,'2016-01-06','2016-02-15',NULL,139,5,NULL,328.50,0.00,328.50,0.00,0.00,328.50,142,NULL,'Facturación por Derechos Aeronáuticos','','P',0,'2016-01-15 21:10:21','2016-01-15 21:10:21',NULL),(237,1,'Crédito','PZO',237,'PZO',219319,'2016-01-06','2016-02-15',NULL,139,5,NULL,328.50,0.00,328.50,0.00,0.00,328.50,143,NULL,'Facturación por Derechos Aeronáuticos','','P',0,'2016-01-15 21:13:28','2016-01-15 21:13:28',NULL),(238,1,'Crédito','PZO',238,'PZO',219320,'2016-01-06','2016-02-15',NULL,139,5,NULL,328.50,0.00,328.50,0.00,0.00,328.50,144,NULL,'Facturación por Derechos Aeronáuticos','','P',0,'2016-01-15 21:18:13','2016-01-15 21:18:13',NULL),(239,1,'Crédito','PZO',239,'PZO',218549,'2015-12-07','2015-01-07',NULL,124,5,NULL,11999.76,0.00,11999.76,0.00,0.00,11999.76,NULL,NULL,'DOSAS DICIEMBRE 2015','','C',0,'2016-01-15 23:26:34','2016-02-02 18:04:09',NULL),(240,1,'Crédito','PZO',240,'PZO',219321,'2016-01-06','2016-02-15',NULL,63,5,NULL,792.00,0.00,792.00,0.00,0.00,792.00,145,NULL,'Facturación por Derechos Aeronáuticos','','P',1,'2016-01-16 00:54:36','2016-02-02 23:49:06',NULL),(241,1,'Crédito','PZO',241,'PZO',219322,'2016-01-06','2016-02-15',NULL,63,5,NULL,792.00,0.00,792.00,0.00,0.00,792.00,146,NULL,'Facturación por Derechos Aeronáuticos','','P',0,'2016-01-16 00:56:57','2016-01-16 00:56:57',NULL),(242,1,'Crédito','PZO',242,'PZO',219323,'2016-01-06','2016-02-15',NULL,40,5,NULL,4728.00,0.00,4728.00,0.00,0.00,4728.00,147,NULL,'Facturación por Derechos Aeronáuticos','','P',0,'2016-01-16 00:59:36','2016-01-16 00:59:36',NULL),(243,1,'Crédito','PZO',243,'PZO',219324,'2016-01-06','2016-02-15',NULL,40,5,NULL,6027.84,0.00,6027.84,0.00,0.00,6027.84,148,NULL,'Facturación por Derechos Aeronáuticos','','P',0,'2016-01-16 01:02:24','2016-01-16 01:02:24',NULL),(244,1,'Contado','PZO',244,'PZO',219325,'2016-01-06','2016-02-15',NULL,170,5,NULL,388.50,0.00,388.50,0.00,0.00,388.50,149,NULL,'Facturación por Derechos Aeronáuticos','','C',0,'2016-01-16 01:10:03','2016-02-03 01:50:59',NULL),(245,1,'Contado','PZO',245,'PZO',219326,'2016-01-07','2016-02-15',NULL,156,5,NULL,503.04,0.00,503.04,0.00,0.00,503.04,150,NULL,'Facturación por Derechos Aeronáuticos','','C',0,'2016-01-16 01:12:31','2016-02-03 01:52:07',NULL),(246,1,'Contado','PZO',246,'PZO',219327,'2016-01-07','2016-02-15',NULL,154,5,NULL,1135.20,0.00,1135.20,0.00,0.00,1135.20,151,NULL,'Facturación por Derechos Aeronáuticos','','C',0,'2016-01-16 01:14:01','2016-02-03 01:52:58',NULL),(247,1,'Contado','PZO',247,'PZO',219328,'2016-01-07','2016-02-15',NULL,116,5,NULL,786.00,0.00,786.00,0.00,0.00,786.00,152,NULL,'Facturación por Derechos Aeronáuticos','','C',1,'2016-01-16 01:48:57','2016-02-03 01:53:46',NULL),(248,1,'Crédito','PZO',248,'PZO',219329,'2016-01-07','2016-02-15',NULL,13,5,NULL,5446.08,0.00,5446.08,0.00,0.00,5446.08,153,NULL,'Facturación por Derechos Aeronáuticos','','P',0,'2016-01-16 02:03:47','2016-01-16 02:03:47',NULL),(249,1,'Crédito','PZO',249,'PZO',219330,'2016-01-07','2016-02-15',NULL,13,5,NULL,4728.00,0.00,4728.00,0.00,0.00,4728.00,154,NULL,'Facturación por Derechos Aeronáuticos','','P',0,'2016-01-16 02:06:34','2016-01-16 02:06:34',NULL),(250,1,'Contado','PZO',250,'PZO',219331,'2016-01-07','2016-02-15',NULL,148,5,NULL,3970.16,0.00,3970.16,0.00,0.00,3970.16,155,NULL,'Facturación por Derechos Aeronáuticos','','C',0,'2016-01-16 02:36:24','2016-02-03 01:55:01',NULL),(251,1,'Crédito','PZO',251,'PZO',219332,'2016-01-07','2016-02-16',NULL,124,5,NULL,3280.50,0.00,3280.50,0.00,0.00,3280.50,156,NULL,'Facturación por Derechos Aeronáuticos','','P',0,'2016-01-16 23:28:33','2016-01-16 23:28:33',NULL),(252,1,'Crédito','PZO',252,'PZO',219333,'2016-01-07','2016-02-16',NULL,124,5,NULL,10986.78,0.00,10986.78,0.00,0.00,10986.78,157,NULL,'Facturación por Derechos Aeronáuticos','','P',1,'2016-01-16 23:51:05','2016-02-01 21:07:28','2016-02-01 21:07:28'),(253,1,'Crédito','PZO',253,'PZO',219334,'2016-01-07','2016-02-16',NULL,124,5,NULL,4051.50,0.00,4051.50,0.00,0.00,4051.50,158,NULL,'Facturación por Derechos Aeronáuticos','','P',0,'2016-01-17 00:04:59','2016-01-17 00:04:59',NULL),(254,1,'Contado','PZO',254,'PZO',219335,'2016-01-07','2016-02-16',NULL,171,5,NULL,144.00,0.00,144.00,0.00,0.00,144.00,159,NULL,'Facturación por Derechos Aeronáuticos','','C',0,'2016-01-17 00:14:14','2016-02-03 01:56:09',NULL),(255,1,'Crédito','PZO',255,'PZO',219336,'2016-01-07','2016-02-16',NULL,40,5,NULL,14088.72,0.00,14088.72,0.00,0.00,14088.72,160,NULL,'Facturación por Derechos Aeronáuticos','','P',0,'2016-01-17 00:18:05','2016-01-17 00:18:05',NULL),(256,1,'Contado','PZO',256,'PZO',219337,'2016-01-07','2016-02-16',NULL,172,5,NULL,3851.48,0.00,3851.48,0.00,0.00,3851.48,161,NULL,'Facturación por Derechos Aeronáuticos','','C',1,'2016-01-17 00:37:51','2016-02-03 01:57:24',NULL),(257,1,'Contado','PZO',257,'PZO',219338,'2016-01-07','2016-02-16',NULL,160,5,NULL,697.50,0.00,697.50,0.00,0.00,697.50,162,NULL,'Facturación por Derechos Aeronáuticos','','C',1,'2016-01-17 00:45:34','2016-02-03 01:58:25',NULL),(258,1,'Contado','PZO',258,'PZO',219339,'2016-01-07','2016-02-16',NULL,174,5,NULL,1394.40,0.00,1394.40,0.00,0.00,1394.40,163,NULL,'Facturación por Derechos Aeronáuticos','','C',1,'2016-01-17 01:50:57','2016-02-03 02:00:21',NULL),(259,1,'Contado','PZO',259,'PZO',219340,'2016-01-07','2016-02-16',NULL,156,5,NULL,144.00,0.00,144.00,0.00,0.00,144.00,164,NULL,'Facturación por Derechos Aeronáuticos','','C',1,'2016-01-17 01:56:20','2016-02-03 02:01:34',NULL),(260,1,'Contado','PZO',260,'PZO',219341,'2016-01-07','2016-02-16',NULL,156,5,NULL,144.00,0.00,144.00,0.00,0.00,144.00,165,NULL,'Facturación por Derechos Aeronáuticos','','C',1,'2016-01-17 01:58:20','2016-02-03 02:02:17',NULL),(261,1,'Contado','PZO',261,'PZO',219342,'2016-01-07','2016-02-16',NULL,156,5,NULL,144.00,0.00,144.00,0.00,0.00,144.00,166,NULL,'Facturación por Derechos Aeronáuticos','','P',0,'2016-01-17 02:00:14','2016-01-17 02:02:40','2016-01-17 02:02:40'),(262,1,'Crédito','PZO',262,'PZO',218550,'2015-12-07','2016-01-07',NULL,124,5,NULL,4051.50,0.00,4051.50,0.00,0.00,4051.50,NULL,NULL,'DOSAS DICIEMBRE 2015','','C',0,'2016-01-20 18:38:44','2016-02-02 18:04:09',NULL),(263,1,'Crédito','PZO',263,'PZO',218554,'2015-12-07','2016-01-07',NULL,124,5,NULL,12594.42,0.00,12594.42,0.00,0.00,12594.42,NULL,NULL,'DOSAS DICIEMBRE 2015','','C',0,'2016-01-20 18:46:32','2016-02-02 18:04:09',NULL),(264,1,'Crédito','PZO',264,'PZO',218555,'2015-12-07','2016-01-07',NULL,124,5,NULL,4051.50,0.00,4051.50,0.00,0.00,4051.50,NULL,NULL,'DOSAS DICIEMBRE 2015','','C',0,'2016-01-20 18:54:46','2016-02-02 18:04:09',NULL),(265,1,'Crédito','PZO',265,'PZO',218587,'2015-12-08','2016-01-08',NULL,124,5,NULL,4051.50,0.00,4051.50,0.00,0.00,4051.50,NULL,NULL,'DOSAS DICIEMBRE 2015','','C',0,'2016-01-20 20:40:21','2016-02-02 18:04:09',NULL),(266,1,'Crédito','PZO',266,'PZO',1462221,'2015-12-08','2015-01-08',NULL,124,5,NULL,11405.10,0.00,11405.10,0.00,0.00,11405.10,NULL,NULL,'DOSAS DICIEMBRE 2015','','C',0,'2016-01-20 20:45:56','2016-02-02 18:04:09',NULL),(267,1,'Crédito','PZO',267,'PZO',218596,'2015-12-08','2016-12-08',NULL,124,5,NULL,4051.50,0.00,4051.50,0.00,0.00,4051.50,NULL,NULL,'DOSAS DICIEMBRE 2015','','C',0,'2016-01-20 20:57:24','2016-02-02 18:04:09',NULL),(268,1,'Crédito','PZO',268,'PZO',218613,'2015-12-09','2016-01-09',NULL,124,5,NULL,14312.76,0.00,14312.76,0.00,0.00,14312.76,NULL,NULL,'DOSAS DICIEMBRE 2015','','C',0,'2016-01-20 21:11:17','2016-02-02 18:04:09',NULL),(269,1,'Crédito','PZO',269,'PZO',218615,'2015-12-09','2016-01-09',NULL,124,5,NULL,4174.50,0.00,4174.50,0.00,0.00,4174.50,NULL,NULL,'DOSAS DICIEMBRE 2015','','C',0,'2016-01-21 00:59:36','2016-02-02 18:04:09',NULL),(270,1,'Crédito','PZO',270,'PZO',218661,'2015-12-10','2016-01-10',NULL,124,5,NULL,4051.50,0.00,4051.50,0.00,0.00,4051.50,NULL,NULL,'DOSAS DICIEMBRE 2015','','P',1,'2016-01-21 01:02:58','2016-01-21 01:20:55','2016-01-21 01:20:55'),(271,1,'Crédito','PZO',271,'PZO',218662,'2015-12-01','2015-01-01',NULL,124,5,NULL,11581.44,0.00,11581.44,0.00,0.00,11581.44,NULL,NULL,'DOSAS DICIEMBRE 2015','','P',1,'2016-01-21 01:09:03','2016-01-21 01:21:10','2016-01-21 01:21:10'),(272,1,'Crédito','PZO',272,'PZO',218661,'2015-12-12','2016-01-01',NULL,124,5,NULL,4051.50,0.00,4051.50,0.00,0.00,4051.50,NULL,NULL,'DOSAS DICIEMBRE 2015','','P',1,'2016-01-21 01:24:22','2016-01-21 19:24:48',NULL),(273,1,'Crédito','PZO',273,'PZO',218663,'2015-12-10','2016-01-10',NULL,124,5,NULL,4051.50,0.00,4051.50,0.00,0.00,4051.50,NULL,NULL,'DOSAS DICIEMBRE  2015','','C',1,'2016-01-21 19:30:17','2016-02-02 18:04:09',NULL),(274,1,'Crédito','PZO',274,'PZO',218692,'2015-12-11','2016-01-11',NULL,124,5,NULL,13541.76,0.00,13541.76,0.00,0.00,13541.76,NULL,NULL,'DOSAS DICIEMBRE  2015','','P',1,'2016-01-21 19:43:28','2016-01-21 19:43:44',NULL),(275,1,'Crédito','PZO',275,'PZO',218692,'2015-12-11','2016-01-11',NULL,124,5,NULL,13541.76,0.00,13541.76,0.00,0.00,13541.76,NULL,NULL,'DOSAS DICIEMBRE  2015','','C',0,'2016-01-21 19:54:55','2016-02-02 18:04:09',NULL),(276,1,'Crédito','PZO',276,'PZO',218693,'2015-12-11','2016-01-11',NULL,124,5,NULL,4051.50,0.00,4051.50,0.00,0.00,4051.50,NULL,NULL,'DOSAS DICIEMBRE  2015','','C',1,'2016-01-21 20:00:52','2016-02-02 18:04:09',NULL),(277,1,'Crédito','PZO',277,'PZO',218701,'2015-12-12','2016-01-12',NULL,124,5,NULL,5876.82,0.00,5876.82,0.00,0.00,5876.82,NULL,NULL,'DOSAS DICIEMBRE  2015','','C',0,'2016-01-21 20:05:09','2016-02-02 18:04:09',NULL),(278,1,'Crédito','PZO',278,'PZO',218702,'2015-12-12','2016-01-12',NULL,124,5,NULL,9621.12,0.00,9621.12,0.00,0.00,9621.12,NULL,NULL,'DOSAS DICIEMBRE  2015','','C',0,'2016-01-21 20:08:59','2016-02-02 18:04:09',NULL),(279,1,'Crédito','PZO',279,'PZO',218703,'2015-12-12','2016-01-12',NULL,124,5,NULL,4051.50,0.00,4051.50,0.00,0.00,4051.50,NULL,NULL,'DOSAS DICIEMBRE  2015','','C',0,'2016-01-21 20:13:42','2016-02-02 18:04:09',NULL),(280,1,'Crédito','PZO',280,'PZO',218716,'2015-12-13','2016-01-13',NULL,124,5,NULL,11999.76,0.00,11999.76,0.00,0.00,11999.76,NULL,NULL,'DOSAS DICIEMBRE  2015','','C',0,'2016-01-21 20:23:05','2016-02-02 18:04:09',NULL),(281,1,'Crédito','PZO',281,'PZO',218717,'2015-12-13','2016-01-13',NULL,124,5,NULL,4051.50,0.00,4051.50,0.00,0.00,4051.50,NULL,NULL,'DOSA DICIEMBRE 2015','','C',0,'2016-01-21 20:39:28','2016-02-02 18:04:09',NULL),(282,1,'Crédito','PZO',282,'PZO',218755,'2015-12-14','2016-01-14',NULL,124,5,NULL,4646.16,0.00,4646.16,0.00,0.00,4646.16,NULL,NULL,'DOSA DICIEMBRE 2015','','C',0,'2016-01-21 20:41:56','2016-02-02 18:04:09',NULL),(283,1,'Crédito','PZO',283,'PZO',1462223,'2015-12-14','2016-01-14',NULL,124,5,NULL,10810.44,0.00,10810.44,0.00,0.00,10810.44,NULL,NULL,'DOSA DICIEMBRE 2015','','C',0,'2016-01-21 20:46:24','2016-02-02 18:04:09',NULL),(284,1,'Crédito','PZO',284,'PZO',218735,'2015-12-14','2016-01-14',NULL,124,5,NULL,4687.50,0.00,4687.50,0.00,0.00,4687.50,NULL,NULL,'DOSA DICIEMBRE 2015','','C',0,'2016-01-21 20:49:54','2016-02-02 18:04:09',NULL),(285,1,'Crédito','PZO',285,'PZO',218799,'2015-12-16','2016-01-16',NULL,124,5,NULL,11228.76,0.00,11228.76,0.00,0.00,11228.76,NULL,NULL,'DOSA DICIEMBRE 2015','','C',0,'2016-01-21 20:53:03','2016-02-02 18:04:09',NULL),(286,1,'Crédito','PZO',286,'PZO',218800,'2015-12-16','2016-01-16',NULL,124,5,NULL,4051.50,0.00,4051.50,0.00,0.00,4051.50,NULL,NULL,'DOSA DICIEMBRE 2015','','C',0,'2016-01-21 20:55:56','2016-02-02 18:04:09',NULL),(287,1,'Crédito','PZO',287,'PZO',218801,'2015-12-16','2016-01-16',NULL,124,5,NULL,4051.50,0.00,4051.50,0.00,0.00,4051.50,NULL,NULL,'DOSA DICIEMBRE 2015','','C',0,'2016-01-21 20:58:11','2016-02-02 18:04:09',NULL),(288,1,'Crédito','PZO',288,'PZO',218802,'2015-12-16','2016-01-16',NULL,124,5,NULL,10810.44,0.00,10810.44,0.00,0.00,10810.44,NULL,NULL,'DOSA DICIEMBRE 2015','','C',0,'2016-01-21 21:02:01','2016-02-02 18:04:09',NULL),(289,1,'Crédito','PZO',289,'PZO',218832,'2015-12-17','2016-01-17',NULL,124,5,NULL,5417.16,0.00,5417.16,0.00,0.00,5417.16,NULL,NULL,'DOSA DICIEMBRE 2015','','C',0,'2016-01-21 21:04:45','2016-02-02 18:04:09',NULL),(290,1,'Crédito','PZO',290,'PZO',218833,'2015-12-17','2016-01-17',NULL,124,5,NULL,9617.40,0.00,9617.40,0.00,0.00,9617.40,NULL,NULL,'DOSA DICIEMBRE 2015','','C',0,'2016-01-21 23:13:29','2016-02-02 18:04:09',NULL),(291,1,'Crédito','PZO',291,'PZO',218834,'2015-12-17','2016-01-17',NULL,124,5,NULL,4646.16,0.00,4646.16,0.00,0.00,4646.16,NULL,NULL,'DOSA DICIEMBRE 2015','','C',0,'2016-01-21 23:15:54','2016-02-02 18:04:09',NULL),(292,1,'Crédito','PZO',292,'PZO',218847,'2015-12-17','2016-01-17',NULL,124,5,NULL,4174.50,0.00,4174.50,0.00,0.00,4174.50,NULL,NULL,'DOSA DICIEMBRE 2015','','C',0,'2016-01-21 23:19:47','2016-02-02 18:04:09',NULL),(293,1,'Crédito','PZO',293,'PZO',218852,'2015-12-18','2016-01-21',NULL,124,5,NULL,11930.40,0.00,11930.40,0.00,0.00,11930.40,NULL,NULL,'DOSA DICIEMBRE 2015','','C',0,'2016-01-21 23:52:41','2016-02-02 18:04:09',NULL),(294,1,'Crédito','PZO',294,'PZO',218864,'2015-12-18','2016-01-21',NULL,124,5,NULL,4174.50,0.00,4174.50,0.00,0.00,4174.50,NULL,NULL,'DOSA DICIEMBRE 2015','','C',1,'2016-01-22 00:06:50','2016-02-02 18:04:09',NULL),(295,1,'Crédito','PZO',295,'PZO',1462224,'2015-12-19','2016-01-19',NULL,124,5,NULL,4174.50,0.00,4174.50,0.00,0.00,4174.50,NULL,NULL,'DOSAS DICIEMBRE 2015','','C',0,'2016-01-22 00:39:24','2016-02-02 18:04:09',NULL),(296,1,'Crédito','PZO',296,'PZO',1462225,'2015-12-19','2016-01-19',NULL,124,5,NULL,4687.50,0.00,4687.50,0.00,0.00,4687.50,NULL,NULL,'DOSAS DICIEMBRE 2015','','C',0,'2016-01-22 00:47:07','2016-02-02 18:04:09',NULL),(297,1,'Crédito','PZO',297,'PZO',218886,'2015-12-19','2016-01-19',NULL,124,5,NULL,9621.12,0.00,9621.12,0.00,0.00,9621.12,NULL,NULL,'DOSAS  DICIEMBRE   2015','','C',0,'2016-01-22 01:02:11','2016-02-02 18:04:09',NULL),(298,1,'Crédito','PZO',298,'PZO',1462226,'2015-12-19','2016-01-19',NULL,124,5,NULL,4174.50,0.00,4174.50,0.00,0.00,4174.50,NULL,NULL,'DOSAS DICIEMBRE  2015','','C',0,'2016-01-22 01:05:22','2016-02-02 18:04:09',NULL),(299,1,'Crédito','PZO',299,'PZO',218906,'2015-12-20','2016-01-20',NULL,124,5,NULL,3916.50,0.00,3916.50,0.00,0.00,3916.50,NULL,NULL,'DOSAS DICIEMBRE 2015','','C',0,'2016-01-22 01:08:00','2016-02-02 18:04:09',NULL),(300,1,'Crédito','PZO',300,'PZO',1462227,'2015-12-20','2016-01-20',NULL,124,5,NULL,10986.78,0.00,10986.78,0.00,0.00,10986.78,NULL,NULL,'DOSAS DICIEMBRE  2015','','C',0,'2016-01-22 01:22:28','2016-02-02 18:04:09',NULL),(301,1,'Crédito','PZO',301,'PZO',1462228,'2015-12-20','2016-01-20',NULL,124,5,NULL,4051.50,0.00,4051.50,0.00,0.00,4051.50,NULL,NULL,'DOSAS DICIEMBRE 2015','','C',0,'2016-01-22 01:26:13','2016-02-02 18:04:09',NULL),(302,1,'Crédito','PZO',302,'PZO',218936,'2015-12-21','2016-01-21',NULL,124,5,NULL,5282.16,0.00,5282.16,0.00,0.00,5282.16,NULL,NULL,'DOSAS DICIEMBRE  2015','','C',0,'2016-01-22 01:30:23','2016-02-02 18:04:09',NULL),(303,1,'Contado','PZO-A',1,'PZO',219342,'2016-01-07','2016-02-21',NULL,156,5,NULL,144.00,0.00,144.00,0.00,0.00,144.00,166,NULL,'Facturación por Derechos Aeronáuticos','','P',1,'2016-01-22 01:32:16','2016-02-03 02:03:00',NULL),(304,1,'Crédito','PZO-A',2,'PZO',218938,'2015-12-21','2016-01-21',NULL,124,5,NULL,4646.16,0.00,4646.16,0.00,0.00,4646.16,NULL,NULL,'DOSAS CREDITO 2015','','P',0,'2016-01-22 01:46:25','2016-01-22 01:46:25',NULL),(305,1,'Crédito','PZO-A',3,'PZO',1462229,'2015-12-21','2016-01-21',NULL,124,5,NULL,4646.16,0.00,4646.16,0.00,0.00,4646.16,NULL,NULL,'DOSAS DICIEMBRE 2015','','P',0,'2016-01-22 18:29:41','2016-01-22 18:29:41',NULL),(306,1,'Crédito','PZO-A',4,'PZO',1462230,'2015-12-21','2016-01-21',NULL,124,5,NULL,4646.16,0.00,4646.16,0.00,0.00,4646.16,NULL,NULL,'DOSA CREDITOS 2015','','P',1,'2016-01-22 18:37:24','2016-01-22 18:37:29',NULL),(307,1,'Crédito','PZO-A',5,'PZO',218938,'2015-12-21','2016-01-21',NULL,124,5,NULL,4646.16,0.00,4646.16,0.00,0.00,4646.16,NULL,NULL,'DOSAS  DICIEMBRE  2015','','P',1,'2016-01-22 23:45:32','2016-01-22 23:45:36',NULL),(308,1,'Crédito','PZO-A',6,'PZO',218938,'2015-12-21','2016-01-21',NULL,124,5,NULL,4646.16,0.00,4646.16,0.00,0.00,4646.16,NULL,NULL,'DOSA DICIEMBRE 2015','','P',1,'2016-01-25 19:55:43','2016-02-02 18:04:09',NULL),(309,1,'Crédito','PZO-A',7,'PZO',219131,'2015-12-29','2016-02-25',NULL,124,5,NULL,4174.50,0.00,4174.50,0.00,0.00,4174.50,NULL,NULL,'DOSAS DICIEMBRE  2015','','P',0,'2016-01-26 00:30:36','2016-02-02 18:04:09',NULL),(310,1,'Crédito','PZO-A',8,'PZO',219112,'2015-12-29','2016-02-25',NULL,124,5,NULL,4051.50,0.00,4051.50,0.00,0.00,4051.50,NULL,NULL,'DOSAS DICIEMBRE  2015','','P',0,'2016-01-26 00:33:35','2016-02-02 18:04:09',NULL),(311,1,'Crédito','PZO-A',9,'PZO',219111,'2015-12-29','2016-01-29',NULL,124,5,NULL,10039.44,0.00,10039.44,0.00,0.00,10039.44,NULL,NULL,'DOSAS DICIEMBRE  2015','','P',0,'2016-01-26 00:36:50','2016-02-02 18:04:09',NULL),(312,1,'Crédito','PZO-A',10,'PZO',219110,'2015-12-29','2016-01-29',NULL,124,5,NULL,4051.50,0.00,4051.50,0.00,0.00,4051.50,NULL,NULL,'DOSAS DICIEMBRE  2015','','P',0,'2016-01-26 00:39:39','2016-02-02 18:04:09',NULL),(313,1,'Crédito','PZO-A',11,'PZO',219109,'2015-12-29','2016-01-29',NULL,124,5,NULL,4646.16,0.00,4646.16,0.00,0.00,4646.16,NULL,NULL,'DOSAS DICIEMBRE  2015','','P',0,'2016-01-26 00:42:15','2016-02-02 18:04:09',NULL),(314,1,'Crédito','PZO-A',12,'PZO',219108,'2015-12-29','2016-01-29',NULL,124,5,NULL,10696.20,0.00,10696.20,0.00,0.00,10696.20,NULL,NULL,'DOSAS DICIEMBRE  2015','','P',0,'2016-01-26 00:44:50','2016-02-02 18:04:09',NULL),(315,1,'Crédito','PZO-A',13,'PZO',219105,'2015-12-29','2016-01-29',NULL,124,5,NULL,4834.50,0.00,4834.50,0.00,0.00,4834.50,NULL,NULL,'DOSAS DICIEMBRE  2015','','P',0,'2016-01-26 00:47:49','2016-02-02 18:04:09',NULL),(316,1,'Crédito','PZO-A',14,'PZO',219064,'2015-12-27','2016-01-27',NULL,124,5,NULL,4051.50,0.00,4051.50,0.00,0.00,4051.50,NULL,NULL,'DOSAS DICIEMBRE  2015','','P',0,'2016-01-26 00:52:15','2016-02-02 18:04:09',NULL),(317,1,'Crédito','PZO-A',15,'PZO',219063,'2015-12-27','2016-01-27',NULL,124,5,NULL,13935.60,0.00,13935.60,0.00,0.00,13935.60,NULL,NULL,'DOSAS DICIEMBRE  2015','','P',0,'2016-01-26 00:54:32','2016-02-02 18:04:09',NULL),(318,1,'Crédito','PZO-A',16,'PZO',219047,'2015-12-26','2016-01-26',NULL,124,5,NULL,4646.16,0.00,4646.16,0.00,0.00,4646.16,NULL,NULL,'DOSAS DICIEMBRE  2015','','P',0,'2016-01-26 00:56:48','2016-02-02 18:04:09',NULL),(319,1,'Crédito','PZO-A',17,'PZO',219046,'2015-12-26','2016-01-26',NULL,124,5,NULL,9617.40,0.00,9617.40,0.00,0.00,9617.40,NULL,NULL,'DOSAS DICIEMBRE  2015','','P',0,'2016-01-26 00:58:55','2016-02-02 18:04:09',NULL),(320,1,'Crédito','PZO-A',18,'PZO',219045,'2015-12-26','2016-01-26',NULL,124,5,NULL,4834.50,0.00,4834.50,0.00,0.00,4834.50,NULL,NULL,'DOSAS DICIEMBRE  2015','','P',0,'2016-01-26 01:02:10','2016-02-02 18:04:09',NULL),(321,1,'Crédito','PZO-A',19,'PZO',219017,'2015-12-24','2016-01-24',NULL,124,5,NULL,4051.50,0.00,4051.50,0.00,0.00,4051.50,NULL,NULL,'DOSAS DICIEMBRE  2015','','P',0,'2016-01-26 01:03:56','2016-02-02 18:04:09',NULL),(322,1,'Crédito','PZO-A',20,'PZO',219016,'2015-12-24','2016-01-24',NULL,124,5,NULL,9000.30,0.00,9000.30,0.00,0.00,9000.30,NULL,NULL,'DOSAS DICIEMBRE  2015','','P',0,'2016-01-26 01:05:30','2016-02-02 18:04:09',NULL),(323,1,'Crédito','PZO-A',21,'PZO',219007,'2015-12-23','2016-01-23',NULL,124,5,NULL,4174.50,0.00,4174.50,0.00,0.00,4174.50,NULL,NULL,'DOSAS DICIEMBRE  2015','','P',0,'2016-01-26 01:07:15','2016-02-02 18:04:09',NULL),(324,1,'Crédito','PZO-A',22,'PZO',218994,'2015-12-23','2016-01-23',NULL,124,5,NULL,4051.50,0.00,4051.50,0.00,0.00,4051.50,NULL,NULL,'DOSAS DICIEMBRE  2015','','P',0,'2016-01-26 01:08:49','2016-02-02 18:04:09',NULL),(325,1,'Crédito','PZO-A',23,'PZO',218993,'2015-12-23','2016-01-23',NULL,124,5,NULL,13123.44,0.00,13123.44,0.00,0.00,13123.44,NULL,NULL,'DOSAS DICIEMBRE  2015','','P',0,'2016-01-26 01:10:48','2016-02-02 18:04:09',NULL),(326,1,'Crédito','PZO-A',24,'PZO',218992,'2015-12-23','2016-01-23',NULL,124,5,NULL,3280.50,0.00,3280.50,0.00,0.00,3280.50,NULL,NULL,'DOSAS DICIEMBRE  2015','','P',0,'2016-01-26 01:12:19','2016-02-02 18:04:09',NULL),(327,1,'Crédito','PZO-A',25,'PZO',218957,'2015-12-22','2016-01-22',NULL,124,5,NULL,4051.50,0.00,4051.50,0.00,0.00,4051.50,NULL,NULL,'DOSAS DICIEMBRE  2015','','P',0,'2016-01-26 01:13:49','2016-02-02 18:04:09',NULL),(328,1,'Crédito','PZO-A',26,'PZO',218956,'2015-12-22','2016-01-22',NULL,124,5,NULL,10810.44,0.00,10810.44,0.00,0.00,10810.44,NULL,NULL,'DOSAS DICIEMBRE  2015','','P',0,'2016-01-26 01:15:40','2016-02-02 18:04:09',NULL),(329,1,'Crédito','PZO-A',27,'PZO',218946,'2015-12-22','2016-01-22',NULL,124,5,NULL,14253.96,0.00,14253.96,0.00,0.00,14253.96,NULL,NULL,'DOSAS DICIEMBRE  2015','','P',0,'2016-01-26 01:18:01','2016-02-02 18:04:09',NULL),(330,1,'Crédito','PZO-A',28,'PZO',219041,'2015-12-26','2016-01-26',NULL,45,5,NULL,11930.40,0.00,11930.40,0.00,0.00,11930.40,NULL,NULL,'DOSAS DICIEMBRE 2015','','P',0,'2016-01-26 18:18:15','2016-01-26 18:18:15',NULL),(331,1,'Crédito','PZO-A',29,'PZO',219010,'2015-12-24','2016-01-24',NULL,45,5,NULL,9925.20,0.00,9925.20,0.00,0.00,9925.20,NULL,NULL,'DOSAS DICIEMBRE 2015','','P',0,'2016-01-26 18:20:59','2016-01-26 18:20:59',NULL),(332,1,'Crédito','PZO-A',30,'PZO',218980,'2015-12-23','2016-01-23',NULL,45,5,NULL,11930.40,0.00,11930.40,0.00,0.00,11930.40,NULL,NULL,'DOSAS DICIEMBRE 2015','','P',0,'2016-01-26 18:23:39','2016-01-26 18:23:39',NULL),(333,1,'Crédito','PZO-A',31,'PZO',218955,'2015-12-22','2016-01-22',NULL,45,5,NULL,9000.30,0.00,9000.30,0.00,0.00,9000.30,NULL,NULL,'DOSAS DICIEMBRE 2015','','P',0,'2016-01-26 18:25:43','2016-01-26 18:25:43',NULL),(334,1,'Crédito','PZO-A',32,'PZO',218806,'2015-12-16','2016-01-16',NULL,13,5,NULL,4834.50,0.00,4834.50,0.00,0.00,4834.50,NULL,NULL,'DOSAS DICIEMBRE 2015','','C',0,'2016-01-26 18:28:43','2016-02-05 01:32:06',NULL),(335,1,'Crédito','PZO-A',33,'PZO',218758,'2015-12-15','2016-01-15',NULL,13,5,NULL,4834.50,0.00,4834.50,0.00,0.00,4834.50,NULL,NULL,'DOSAS DICIEMBRE 2015','','C',0,'2016-01-26 18:30:42','2016-02-05 01:32:06',NULL),(336,1,'Crédito','PZO-A',34,'PZO',218807,'2015-12-16','2016-01-16',NULL,13,5,NULL,4728.00,0.00,4728.00,0.00,0.00,4728.00,NULL,NULL,'DOSAS DICIEMBRE 2015','','C',0,'2016-01-26 18:32:31','2016-02-05 01:32:06',NULL),(337,1,'Crédito','PZO-A',35,'PZO',218759,'2015-12-15','2016-01-15',NULL,13,5,NULL,4605.00,0.00,4605.00,0.00,0.00,4605.00,NULL,NULL,'DOSAS DICIEMBRE 2015','','C',0,'2016-01-26 18:34:43','2016-02-05 01:32:06',NULL),(338,1,'Crédito','PZO-A',36,'PZO',218734,'2015-12-14','2016-01-14',NULL,13,5,NULL,4605.00,0.00,4605.00,0.00,0.00,4605.00,NULL,NULL,'DOSAS DICIEMBRE 2015','','C',0,'2016-01-26 18:36:37','2016-02-05 01:32:06',NULL),(339,1,'Crédito','PZO-A',37,'PZO',218733,'2015-12-14','2016-01-14',NULL,13,5,NULL,4834.50,0.00,4834.50,0.00,0.00,4834.50,NULL,NULL,'DOSAS DICIEMBRE 2015','','C',0,'2016-01-26 18:38:26','2016-02-05 01:32:06',NULL),(340,1,'Crédito','PZO-A',38,'PZO',218732,'2015-12-14','2016-01-14',NULL,13,5,NULL,4728.00,0.00,4728.00,0.00,0.00,4728.00,NULL,NULL,'DOSAS DICIEMBRE 2015','','C',0,'2016-01-26 18:40:16','2016-02-05 01:32:06',NULL),(341,1,'Crédito','PZO-A',39,'PZO',218731,'2015-12-14','2016-01-14',NULL,13,5,NULL,5496.00,0.00,5496.00,0.00,0.00,5496.00,NULL,NULL,'DOSAS DICIEMBRE 2015','','C',0,'2016-01-26 18:41:45','2016-02-05 01:32:06',NULL),(342,1,'Crédito','PZO-A',40,'PZO',218690,'2015-12-11','2016-01-11',NULL,13,5,NULL,4605.00,0.00,4605.00,0.00,0.00,4605.00,NULL,NULL,'DOSAS DICIEMBRE 2015','','C',0,'2016-01-26 18:44:34','2016-02-05 01:32:06',NULL),(343,1,'Crédito','PZO-A',41,'PZO',218689,'2015-12-11','2016-01-11',NULL,13,5,NULL,5349.00,0.00,5349.00,0.00,0.00,5349.00,NULL,NULL,'DOSAS DICIEMBRE 2015','','C',0,'2016-01-26 18:46:20','2016-02-05 01:32:06',NULL),(344,1,'Crédito','PZO-A',42,'PZO',218660,'2015-12-10','2016-01-10',NULL,13,5,NULL,4605.00,0.00,4605.00,0.00,0.00,4605.00,NULL,NULL,'DOSAS DICIEMBRE 2015','','C',0,'2016-01-26 18:47:39','2016-02-05 01:32:06',NULL),(345,1,'Crédito','PZO-A',43,'PZO',218602,'2015-12-09','2016-01-09',NULL,13,5,NULL,4728.00,0.00,4728.00,0.00,0.00,4728.00,NULL,NULL,'DOSAS DICIEMBRE 2015','','C',0,'2016-01-26 18:49:35','2016-02-05 01:32:06',NULL),(346,1,'Crédito','PZO-A',44,'PZO',218601,'2015-12-09','2016-01-09',NULL,13,5,NULL,4725.00,0.00,4725.00,0.00,0.00,4725.00,NULL,NULL,'DOSAS DICIEMBRE 2015','','C',0,'2016-01-26 18:50:41','2016-02-05 01:32:06',NULL),(347,1,'Crédito','PZO-A',45,'PZO',218585,'2015-12-08','2016-01-08',NULL,13,5,NULL,4728.00,0.00,4728.00,0.00,0.00,4728.00,NULL,NULL,'DOSAS DICIEMBRE 2015','','C',0,'2016-01-26 18:52:05','2016-02-05 01:32:06',NULL),(348,1,'Crédito','PZO-A',46,'PZO',218584,'2015-12-08','2016-01-08',NULL,13,5,NULL,4834.50,0.00,4834.50,0.00,0.00,4834.50,NULL,NULL,'DOSAS DICIEMBRE 2015','','C',0,'2016-01-26 23:16:15','2016-02-05 01:32:06',NULL),(349,1,'Crédito','PZO-A',47,'PZO',218570,'2015-12-07','2016-01-07',NULL,13,5,NULL,4728.00,0.00,4728.00,0.00,0.00,4728.00,NULL,NULL,'DOSAS DICIEMBRE 2015','','C',0,'2016-01-26 23:21:04','2016-02-05 01:32:06',NULL),(350,1,'Crédito','PZO-A',48,'PZO',218569,'2015-12-07','2016-01-07',NULL,13,5,NULL,4834.50,0.00,4834.50,0.00,0.00,4834.50,NULL,NULL,'DOSAS DICIEMBRE 2015','','C',0,'2016-01-26 23:23:14','2016-02-05 01:32:06',NULL),(351,1,'Crédito','PZO-A',49,'PZO',219129,'2015-12-29','2016-01-29',NULL,13,5,NULL,4728.00,0.00,4728.00,0.00,0.00,4728.00,NULL,NULL,'DOSAS DICIEMBRE 2015','','P',0,'2016-01-26 23:26:00','2016-02-02 19:26:09',NULL),(352,1,'Crédito','PZO-A',50,'PZO',219098,'2015-12-29','2016-01-29',NULL,13,5,NULL,5496.00,0.00,5496.00,0.00,0.00,5496.00,NULL,NULL,'DOSAS DICIEMBRE 2015','','P',0,'2016-01-26 23:29:32','2016-02-02 19:26:09',NULL),(353,1,'Crédito','PZO-A',51,'PZO',219085,'2015-12-28','2016-01-28',NULL,13,5,NULL,4605.00,0.00,4605.00,0.00,0.00,4605.00,NULL,NULL,'DOSAS DICIEMBRE 2015','','P',0,'2016-01-26 23:31:16','2016-02-02 19:26:09',NULL),(354,1,'Crédito','PZO-A',52,'PZO',219084,'2015-12-28','2016-01-28',NULL,13,5,NULL,4834.50,0.00,4834.50,0.00,0.00,4834.50,NULL,NULL,'DOSAS DICIEMBRE 2015','','P',0,'2016-01-26 23:34:47','2016-02-02 19:26:09',NULL),(355,1,'Crédito','PZO-A',53,'PZO',219040,'2015-12-26','2016-01-26',NULL,13,5,NULL,4728.00,0.00,4728.00,0.00,0.00,4728.00,NULL,NULL,'DOSAS DICIEMBRE 2015','','P',0,'2016-01-26 23:37:14','2016-02-02 19:26:09',NULL),(356,1,'Crédito','PZO-A',54,'PZO',219039,'2015-12-26','2016-01-26',NULL,13,5,NULL,5496.00,0.00,5496.00,0.00,0.00,5496.00,NULL,NULL,'DOSAS DICIEMBRE 2015','','P',0,'2016-01-26 23:38:44','2016-02-02 19:26:09',NULL),(357,1,'Crédito','PZO-A',55,'PZO',219038,'2015-12-26','2016-01-26',NULL,13,5,NULL,4728.00,0.00,4728.00,0.00,0.00,4728.00,NULL,NULL,'DOSAS DICIEMBRE 2015','','P',0,'2016-01-27 00:13:01','2016-02-02 19:26:09',NULL),(358,1,'Crédito','PZO-A',56,'PZO',219037,'2015-12-26','2016-01-26',NULL,13,5,NULL,4834.50,0.00,4834.50,0.00,0.00,4834.50,NULL,NULL,'DOSAS DICIEMBRE 2015','','P',0,'2016-01-27 00:14:58','2016-02-02 19:26:09',NULL),(359,1,'Crédito','PZO-A',57,'PZO',218983,'2015-12-23','2016-01-23',NULL,13,5,NULL,4728.00,0.00,4728.00,0.00,0.00,4728.00,NULL,NULL,'DOSAS DICIEMBRE 2015','','P',0,'2016-01-27 00:16:47','2016-02-02 19:26:09',NULL),(360,1,'Crédito','PZO-A',58,'PZO',218982,'2015-12-23','2016-01-23',NULL,13,5,NULL,4834.50,0.00,4834.50,0.00,0.00,4834.50,NULL,NULL,'DOSAS DICIEMBRE 2015','','P',0,'2016-01-27 00:24:45','2016-02-02 19:26:09',NULL),(361,1,'Crédito','PZO-A',59,'PZO',218954,'2015-12-22','2016-01-22',NULL,13,5,NULL,4605.00,0.00,4605.00,0.00,0.00,4605.00,NULL,NULL,'DOSAS DICIEMBRE 2015','','P',0,'2016-01-27 00:32:29','2016-02-02 19:26:09',NULL),(362,1,'Crédito','PZO-A',60,'PZO',218953,'2015-12-22','2016-01-22',NULL,13,5,NULL,4467.00,0.00,4467.00,0.00,0.00,4467.00,NULL,NULL,'DOSAS DICIEMBRE 2015','','P',0,'2016-01-27 00:34:25','2016-02-02 19:26:09',NULL),(363,1,'Crédito','PZO-A',61,'PZO',218920,'2015-12-21','2016-01-21',NULL,13,5,NULL,4728.00,0.00,4728.00,0.00,0.00,4728.00,NULL,NULL,'DOSAS DICIEMBRE 2015','','P',0,'2016-01-27 00:37:12','2016-02-02 19:26:09',NULL),(364,1,'Crédito','PZO-A',62,'PZO',218918,'2015-12-21','2016-01-21',NULL,13,5,NULL,4605.00,0.00,4605.00,0.00,0.00,4605.00,NULL,NULL,'DOSAS DICIEMBRE 2015','','P',0,'2016-01-27 00:39:42','2016-02-02 19:26:09',NULL),(365,1,'Crédito','PZO-A',63,'PZO',218916,'2015-12-21','2016-01-21',NULL,13,5,NULL,5496.00,0.00,5496.00,0.00,0.00,5496.00,NULL,NULL,'DOSAS DICIEMBRE 2015','','P',1,'2016-01-27 00:41:30','2016-02-02 19:26:09',NULL),(366,1,'Crédito','PZO-A',64,'PZO',218850,'2015-12-18','2016-01-18',NULL,13,5,NULL,4578.00,0.00,4578.00,0.00,0.00,4578.00,NULL,NULL,'DOSAS DICIEMBRE 2015','','P',0,'2016-01-27 00:43:08','2016-02-02 19:26:09',NULL),(367,1,'Crédito','PZO-A',65,'PZO',218821,'2015-12-17','2016-01-17',NULL,13,5,NULL,4728.00,0.00,4728.00,0.00,0.00,4728.00,NULL,NULL,'DOSAS DICIEMBRE 2015','','P',0,'2016-01-27 00:44:40','2016-02-02 19:26:09',NULL),(368,1,'Crédito','PZO-A',66,'PZO',218661,'2015-12-10','2016-01-10',NULL,124,5,NULL,4051.50,0.00,4051.50,0.00,0.00,4051.50,NULL,NULL,'DOSAS DICIEMBRE 2015','','P',0,'2016-02-01 18:57:02','2016-02-02 18:04:09',NULL),(369,1,'Crédito','PZO-A',67,'PZO',218662,'2015-12-10','2016-01-10',NULL,124,5,NULL,11581.44,0.00,11581.44,0.00,0.00,11581.44,NULL,NULL,'DOSAS DICIEMBRE 2015','','P',0,'2016-02-01 18:59:30','2016-02-02 18:04:09',NULL),(370,1,'Contado','PZO-A',68,'PZO',219343,'2016-01-07','2016-03-02',NULL,54,5,NULL,144.00,0.00,144.00,0.00,0.00,144.00,167,NULL,'Facturación por Derechos Aeronáuticos','','P',0,'2016-02-02 16:55:43','2016-02-03 02:03:39',NULL),(371,1,'Contado','PZO-A',69,'PZO',219345,'2016-01-07','2016-03-02',NULL,175,5,NULL,239.16,0.00,239.16,0.00,0.00,239.16,168,NULL,'Facturación por Derechos Aeronáuticos','','P',0,'2016-02-02 17:05:58','2016-02-03 02:10:33',NULL),(372,1,'Contado','PZO-A',70,'PZO',219346,'2016-01-07','2016-03-02',NULL,175,5,NULL,239.16,0.00,239.16,0.00,0.00,239.16,169,NULL,'Facturación por Derechos Aeronáuticos','','P',0,'2016-02-02 17:10:37','2016-02-03 02:11:05',NULL),(373,1,'Contado','PZO-A',71,'PZO',219347,'2016-01-07','2016-03-02',NULL,6,5,NULL,315.00,0.00,315.00,0.00,0.00,315.00,170,NULL,'Facturación por Derechos Aeronáuticos','','P',0,'2016-02-02 17:25:07','2016-02-03 02:11:59',NULL),(374,1,'Contado','PZO-A',72,'PZO',219348,'2016-01-07','2016-03-02',NULL,176,5,NULL,166.44,0.00,166.44,0.00,0.00,166.44,171,NULL,'Facturación por Derechos Aeronáuticos','','P',0,'2016-02-02 17:31:14','2016-02-03 02:12:37',NULL),(375,1,'Contado','PZO-A',73,'PZO',219349,'2016-01-07','2016-03-02',NULL,177,5,NULL,457.32,0.00,457.32,0.00,0.00,457.32,172,NULL,'Facturación por Derechos Aeronáuticos','','P',0,'2016-02-02 17:37:15','2016-02-03 02:18:12',NULL),(376,1,'Contado','PZO-A',74,'PZO',219350,'2016-01-07','2016-03-02',NULL,22,5,NULL,451.50,0.00,451.50,0.00,0.00,451.50,173,NULL,'Facturación por Derechos Aeronáuticos','','P',0,'2016-02-02 17:40:07','2016-02-03 02:20:02',NULL),(377,1,'Contado','PZO-A',75,'PZO',219351,'2016-01-07','2016-03-02',NULL,22,5,NULL,451.50,0.00,451.50,0.00,0.00,451.50,174,NULL,'Facturación por Derechos Aeronáuticos','','P',0,'2016-02-02 17:42:21','2016-02-03 02:20:41',NULL),(378,1,'Crédito','PZO-A',76,'PZO',219352,'2016-01-07','2016-03-02',NULL,40,5,NULL,4728.00,0.00,4728.00,0.00,0.00,4728.00,175,NULL,'Facturación por Derechos Aeronáuticos','','P',0,'2016-02-02 17:53:28','2016-02-02 17:53:28',NULL),(379,1,'Contado','PZO-A',77,'PZO',219344,'2016-01-07','2016-03-02',NULL,130,5,NULL,7623.45,0.00,7623.45,0.00,0.00,7623.45,176,NULL,'Facturación por Derechos Aeronáuticos','','P',1,'2016-02-02 18:12:51','2016-02-03 02:04:57',NULL),(380,1,'Crédito','PZO-A',78,'PZO',219353,'2016-01-07','2016-03-02',NULL,63,5,NULL,792.00,0.00,792.00,0.00,0.00,792.00,177,NULL,'Facturación por Derechos Aeronáuticos','','P',0,'2016-02-02 18:24:17','2016-02-02 18:24:17',NULL),(381,1,'Crédito','PZO-A',79,'PZO',219354,'2016-01-07','2016-03-02',NULL,63,5,NULL,21.00,0.00,21.00,0.00,0.00,21.00,178,NULL,'Facturación por Derechos Aeronáuticos','','P',0,'2016-02-02 18:26:18','2016-02-02 18:26:18',NULL),(382,1,'Crédito','PZO-A',80,'PZO',218883,'2015-12-19','2016-01-19',NULL,13,5,NULL,5496.00,0.00,5496.00,0.00,0.00,5496.00,NULL,NULL,'DOSAS DICIEMBRE 2015','','P',0,'2016-02-02 18:35:33','2016-02-02 19:26:09',NULL),(383,1,'Crédito','PZO-A',81,'PZO',219355,'2016-01-07','2016-03-02',NULL,63,5,NULL,21.00,0.00,21.00,0.00,0.00,21.00,179,NULL,'Facturación por Derechos Aeronáuticos','','P',0,'2016-02-02 19:15:05','2016-02-02 19:15:05',NULL),(384,1,'Crédito','PZO-A',82,'PZO',219356,'2016-01-07','2016-03-02',NULL,40,5,NULL,3957.00,0.00,3957.00,0.00,0.00,3957.00,180,NULL,'Facturación por Derechos Aeronáuticos','','P',0,'2016-02-02 19:17:10','2016-02-02 19:17:10',NULL),(385,1,'Crédito','PZO-A',83,'PZO',218919,'2015-12-21','2016-01-21',NULL,13,5,NULL,4728.00,0.00,4728.00,0.00,0.00,4728.00,NULL,NULL,'DOSAS DICIEMBRE 2015','','P',0,'2016-02-02 19:19:28','2016-02-02 19:26:09',NULL),(386,1,'Crédito','PZO-A',84,'PZO',219357,'2016-01-07','2016-03-02',NULL,139,5,NULL,328.50,0.00,328.50,0.00,0.00,328.50,181,NULL,'Facturación por Derechos Aeronáuticos','','P',0,'2016-02-02 19:20:02','2016-02-02 19:20:02',NULL),(387,1,'Crédito','PZO-A',85,'PZO',219358,'2016-01-07','2016-03-02',NULL,139,5,NULL,328.50,0.00,328.50,0.00,0.00,328.50,182,NULL,'Facturación por Derechos Aeronáuticos','','P',0,'2016-02-02 19:27:36','2016-02-02 19:27:36',NULL),(388,1,'Crédito','PZO-A',86,'PZO',218816,'2015-12-16','2016-01-16',NULL,40,5,NULL,5220.00,0.00,5220.00,0.00,0.00,5220.00,NULL,NULL,'DOSAS DICIEMBRE 2015','','P',0,'2016-02-02 19:39:14','2016-02-03 17:48:19',NULL),(389,1,'Crédito','PZO-A',87,'PZO',218815,'2015-12-16','2016-01-16',NULL,40,5,NULL,4449.00,0.00,4449.00,0.00,0.00,4449.00,NULL,NULL,'DOSAS DICIEMBRE 2015','','P',0,'2016-02-02 19:40:53','2016-02-03 17:48:19',NULL),(390,1,'Crédito','PZO-A',88,'PZO',218795,'2015-12-16','2016-01-16',NULL,40,5,NULL,5220.00,0.00,5220.00,0.00,0.00,5220.00,NULL,NULL,'DOSAS DICIEMBRE 2015','','P',0,'2016-02-02 19:57:01','2016-02-03 17:48:19',NULL),(391,1,'Crédito','PZO-A',89,'PZO',218794,'2015-12-16','2016-01-16',NULL,40,5,NULL,13317.72,0.00,13317.72,0.00,0.00,13317.72,NULL,NULL,'DOSAS DICIEMBRE 2015','','P',0,'2016-02-02 20:00:34','2016-02-03 17:48:19',NULL),(392,1,'Crédito','PZO-A',90,'PZO',218793,'2015-12-16','2016-01-16',NULL,40,5,NULL,4449.00,0.00,4449.00,0.00,0.00,4449.00,NULL,NULL,'DOSAS DICIEMBRE 2015','','P',0,'2016-02-02 20:02:34','2016-02-03 17:48:19',NULL),(393,1,'Crédito','PZO-A',91,'PZO',218792,'2015-12-16','2016-01-16',NULL,40,5,NULL,5220.00,0.00,5220.00,0.00,0.00,5220.00,NULL,NULL,'DOSAS DICIEMBRE 2015','','P',0,'2016-02-02 20:06:45','2016-02-03 17:48:19',NULL),(394,1,'Crédito','PZO-A',92,'PZO',218791,'2015-12-16','2016-01-16',NULL,40,5,NULL,5220.00,0.00,5220.00,0.00,0.00,5220.00,NULL,NULL,'DOSAS DICIEMBRE 2015','','P',0,'2016-02-02 20:09:17','2016-02-03 17:48:19',NULL),(395,1,'Crédito','PZO-A',93,'PZO',218789,'2015-12-16','2016-01-16',NULL,40,5,NULL,14021.70,0.00,14021.70,0.00,0.00,14021.70,NULL,NULL,'DOSAS DICIEMBRE 2015','','P',0,'2016-02-02 20:29:12','2016-02-03 17:48:19',NULL),(396,1,'Crédito','PZO-A',94,'PZO',218754,'2015-12-14','2016-01-14',NULL,40,5,NULL,5220.00,0.00,5220.00,0.00,0.00,5220.00,NULL,NULL,'DOSAS DICIEMBRE 2015','','P',0,'2016-02-02 20:45:32','2016-02-03 17:48:19',NULL),(397,1,'Crédito','PZO-A',95,'PZO',218742,'2015-12-14','2016-01-14',NULL,40,5,NULL,5220.00,0.00,5220.00,0.00,0.00,5220.00,NULL,NULL,'DOSAS DICIEMBRE 2015','','P',0,'2016-02-02 20:48:15','2016-02-03 17:48:19',NULL),(398,1,'Crédito','PZO-A',96,'PZO',218741,'2015-12-14','2016-01-14',NULL,40,5,NULL,13317.72,0.00,13317.72,0.00,0.00,13317.72,NULL,NULL,'DOSAS DICIEMBRE 2015','','P',0,'2016-02-02 23:22:31','2016-02-03 17:48:19',NULL),(399,1,'Crédito','PZO-A',97,'PZO',218740,'2015-12-14','2016-01-14',NULL,40,5,NULL,14970.36,0.00,14970.36,0.00,0.00,14970.36,NULL,NULL,'DOSAS DICIEMBRE 2015','','P',0,'2016-02-02 23:28:04','2016-02-03 17:48:19',NULL),(400,1,'Crédito','PZO-A',98,'PZO',218724,'2015-12-13','2016-01-13',NULL,40,5,NULL,5220.00,0.00,5220.00,0.00,0.00,5220.00,NULL,NULL,'DOSAS DICIEMBRE 2015','','P',0,'2016-02-02 23:31:56','2016-02-03 17:48:19',NULL),(401,1,'Crédito','PZO-A',99,'PZO',218723,'2015-12-13','2016-01-13',NULL,40,5,NULL,6027.84,0.00,6027.84,0.00,0.00,6027.84,NULL,NULL,'DOSAS DICIEMBRE 2015','','P',0,'2016-02-02 23:35:58','2016-02-03 17:48:19',NULL),(402,1,'Contado','PZO-A',100,'PZO',219931,'2016-02-01','2016-03-02',NULL,74,5,NULL,369.96,0.00,369.96,0.00,0.00,369.96,10080199,NULL,'Facturación por Derechos Aeronáuticos','','P',1,'2016-02-02 23:38:20','2016-02-05 02:40:36',NULL),(403,1,'Crédito','PZO-A',101,'PZO',218715,'2015-12-13','2016-01-13',NULL,40,5,NULL,5220.00,0.00,5220.00,0.00,0.00,5220.00,NULL,NULL,'DOSAS DICIEMBRE 2015','','P',0,'2016-02-02 23:43:47','2016-02-03 17:48:19',NULL),(404,1,'Contado','PZO-A',102,'PZO',219360,'2016-01-08','2016-03-02',NULL,54,5,NULL,144.00,0.00,144.00,0.00,0.00,144.00,10079633,NULL,'Facturación por Derechos Aeronáuticos','','P',1,'2016-02-02 23:44:51','2016-02-03 00:43:37',NULL),(405,1,'Crédito','PZO-A',103,'PZO',218713,'2015-12-12','2016-01-12',NULL,40,5,NULL,5220.00,0.00,5220.00,0.00,0.00,5220.00,NULL,NULL,'DOSAS DICIEMBRE 2015','','P',0,'2016-02-02 23:55:21','2016-02-03 17:48:19',NULL),(406,1,'Crédito','PZO-A',104,'PZO',218711,'2015-12-12','2016-01-12',NULL,40,5,NULL,5220.00,0.00,5220.00,0.00,0.00,5220.00,NULL,NULL,'DOSAS DICIEMBRE 2015','','P',0,'2016-02-02 23:57:35','2016-02-03 17:48:19',NULL),(407,1,'Contado','PZO-A',105,'PZO',219361,'2016-01-08','2016-03-02',NULL,101,5,NULL,82.50,0.00,82.50,0.00,0.00,82.50,10079634,NULL,'Facturación por Derechos Aeronáuticos','','P',0,'2016-02-02 23:58:53','2016-02-03 02:41:23',NULL),(408,1,'Crédito','PZO-A',106,'PZO',218708,'2015-12-12','2016-01-12',NULL,40,5,NULL,5220.00,0.00,5220.00,0.00,0.00,5220.00,NULL,NULL,'DOSAS DICIEMBRE 2015','','P',0,'2016-02-03 00:00:39','2016-02-03 17:48:19',NULL),(409,1,'Crédito','PZO-A',107,'PZO',218707,'2015-12-12','2016-01-12',NULL,40,5,NULL,13317.72,0.00,13317.72,0.00,0.00,13317.72,NULL,NULL,'DOSAS DICIEMBRE 2015','','P',0,'2016-02-03 00:04:11','2016-02-03 17:48:19',NULL),(410,1,'Crédito','PZO-A',108,'PZO',218686,'2015-12-11','2016-01-11',NULL,40,5,NULL,5220.00,0.00,5220.00,0.00,0.00,5220.00,NULL,NULL,'DOSAS DICIEMBRE 2015','','P',0,'2016-02-03 00:09:00','2016-02-03 17:48:19',NULL),(411,1,'Crédito','PZO-A',109,'PZO',218680,'2015-12-11','2016-01-11',NULL,40,5,NULL,5220.00,0.00,5220.00,0.00,0.00,5220.00,NULL,NULL,'DOSAS DICIEMBRE 2015','','P',0,'2016-02-03 00:11:38','2016-02-03 17:48:19',NULL),(412,1,'Contado','PZO-A',110,'PZO',219362,'2016-01-08','2016-03-02',NULL,101,5,NULL,82.50,0.00,82.50,0.00,0.00,82.50,10079635,NULL,'Facturación por Derechos Aeronáuticos','','P',0,'2016-02-03 00:14:42','2016-02-03 02:42:36',NULL),(413,1,'Contado','PZO-A',111,'PZO',219363,'2016-01-08','2016-03-02',NULL,54,5,NULL,144.00,0.00,144.00,0.00,0.00,144.00,10079636,NULL,'Facturación por Derechos Aeronáuticos','','P',1,'2016-02-03 00:19:13','2016-02-03 00:41:57',NULL),(414,1,'Crédito','PZO-A',112,'PZO',218669,'2015-12-11','2016-01-11',NULL,40,5,NULL,14251.98,0.00,14251.98,0.00,0.00,14251.98,NULL,NULL,'DOSAS DICIEMBRE 2015','','P',0,'2016-02-03 00:20:44','2016-02-03 17:48:19',NULL),(415,1,'Contado','PZO-A',113,'PZO',219364,'2016-01-08','2016-03-02',NULL,22,5,NULL,535.50,0.00,535.50,0.00,0.00,535.50,10079637,NULL,'Facturación por Derechos Aeronáuticos','','P',0,'2016-02-03 00:21:23','2016-02-03 00:21:23',NULL),(416,1,'Crédito','PZO-A',114,'PZO',218668,'2015-12-11','2016-01-11',NULL,40,5,NULL,5220.00,0.00,5220.00,0.00,0.00,5220.00,NULL,NULL,'DOSAS DICIEMBRE 2015','','P',0,'2016-02-03 00:25:02','2016-02-03 17:48:19',NULL),(417,1,'Crédito','PZO-A',115,'PZO',218666,'2015-12-10','2016-01-10',NULL,40,5,NULL,5220.00,0.00,5220.00,0.00,0.00,5220.00,NULL,NULL,'DOSAS DICIEMBRE 2015','','P',0,'2016-02-03 00:27:45','2016-02-03 17:48:19',NULL),(418,1,'Crédito','PZO-A',116,'PZO',219365,'2016-01-08','2016-03-02',NULL,139,5,NULL,328.50,0.00,328.50,0.00,0.00,328.50,10079638,NULL,'Facturación por Derechos Aeronáuticos','','P',0,'2016-02-03 00:32:12','2016-02-03 00:32:12',NULL),(419,1,'Crédito','PZO-A',117,'PZO',218665,'2015-12-10','2016-01-10',NULL,40,5,NULL,5220.00,0.00,5220.00,0.00,0.00,5220.00,NULL,NULL,'DOSAS DICIEMBRE 2015','','P',0,'2016-02-03 00:36:00','2016-02-03 17:48:19',NULL),(420,1,'Contado','PZO-A',118,'PZO',219366,'2016-01-08','2016-03-02',NULL,121,5,NULL,1338.30,0.00,1338.30,0.00,0.00,1338.30,10079639,NULL,'Facturación por Derechos Aeronáuticos','','P',0,'2016-02-03 00:36:16','2016-02-03 00:36:16',NULL),(421,1,'Contado','PZO-A',119,'PZO',219367,'2016-01-08','2016-03-02',NULL,154,5,NULL,390.00,0.00,390.00,0.00,0.00,390.00,10079640,NULL,'Facturación por Derechos Aeronáuticos','','P',0,'2016-02-03 00:38:10','2016-02-03 00:38:10',NULL),(422,1,'Crédito','PZO-A',120,'PZO',218664,'2015-12-10','2016-01-10',NULL,40,5,NULL,14300.04,0.00,14300.04,0.00,0.00,14300.04,NULL,NULL,'DOSAS DICIEMBRE 2015','','P',0,'2016-02-03 00:40:08','2016-02-03 17:48:19',NULL),(423,1,'Crédito','PZO-A',121,'PZO',218627,'2015-12-09','2016-01-09',NULL,40,5,NULL,5220.00,0.00,5220.00,0.00,0.00,5220.00,NULL,NULL,'DOSAS DICIEMBRE 2015','','P',0,'2016-02-03 00:43:29','2016-02-03 17:48:19',NULL),(424,1,'Crédito','PZO-A',122,'PZO',218626,'2015-12-09','2016-01-09',NULL,40,5,NULL,5220.00,0.00,5220.00,0.00,0.00,5220.00,NULL,NULL,'DOSAS DICIEMBRE 2015','','P',0,'2016-02-03 00:46:10','2016-02-03 17:48:19',NULL),(425,1,'Crédito','PZO-A',123,'PZO',218618,'2015-12-09','2016-01-09',NULL,40,5,NULL,5220.00,0.00,5220.00,0.00,0.00,5220.00,NULL,NULL,'DOSAS DICIEMBRE 2015','','P',0,'2016-02-03 00:47:55','2016-02-03 17:48:19',NULL),(426,1,'Contado','PZO-A',124,'PZO',219368,'2016-01-08','2016-03-02',NULL,178,5,NULL,166.44,0.00,166.44,0.00,0.00,166.44,10079641,NULL,'Facturación por Derechos Aeronáuticos','','P',0,'2016-02-03 00:47:58','2016-02-03 00:47:58',NULL),(427,1,'Crédito','PZO-A',125,'PZO',218617,'2015-12-09','2016-01-09',NULL,40,5,NULL,14251.98,0.00,14251.98,0.00,0.00,14251.98,NULL,NULL,'DOSAS DICIEMBRE 2015','','P',0,'2016-02-03 00:50:19','2016-02-03 17:48:19',NULL),(428,1,'Crédito','PZO-A',126,'PZO',218594,'2015-12-08','2016-01-08',NULL,40,5,NULL,4728.00,0.00,4728.00,0.00,0.00,4728.00,NULL,NULL,'DOSAS DICIEMBRE 2015','','P',0,'2016-02-03 00:52:43','2016-02-03 17:48:19',NULL),(429,1,'Contado','PZO-A',127,'PZO',219369,'2016-01-08','2016-03-02',NULL,179,5,NULL,384.60,0.00,384.60,0.00,0.00,384.60,10079642,NULL,'Facturación por Derechos Aeronáuticos','','P',0,'2016-02-03 00:55:03','2016-02-03 00:55:03',NULL),(430,1,'Crédito','PZO-A',128,'PZO',219370,'2016-01-08','2016-03-02',NULL,139,5,NULL,328.50,0.00,328.50,0.00,0.00,328.50,10079643,NULL,'Facturación por Derechos Aeronáuticos','','P',0,'2016-02-03 00:59:23','2016-02-03 00:59:23',NULL),(431,1,'Crédito','PZO-A',129,'PZO',218593,'2015-12-08','2016-01-08',NULL,40,5,NULL,5220.00,0.00,5220.00,0.00,0.00,5220.00,NULL,NULL,'DOSAS DICIEMBRE 2015','','P',0,'2016-02-03 01:01:38','2016-02-03 17:48:19',NULL),(432,1,'Crédito','PZO-A',130,'PZO',219371,'2016-01-08','2016-03-02',NULL,139,5,NULL,328.50,0.00,328.50,0.00,0.00,328.50,10079644,NULL,'Facturación por Derechos Aeronáuticos','','P',1,'2016-02-03 01:02:31','2016-02-03 20:56:00',NULL),(433,1,'Crédito','PZO-A',131,'PZO',218589,'2015-12-08','2016-01-08',NULL,40,5,NULL,4728.00,0.00,4728.00,0.00,0.00,4728.00,NULL,NULL,'DOSAS DICIEMBRE 2015','','P',0,'2016-02-03 01:04:47','2016-02-03 17:48:19',NULL),(434,1,'Crédito','PZO-A',132,'PZO',218588,'2015-12-08','2016-01-08',NULL,40,5,NULL,13317.72,0.00,13317.72,0.00,0.00,13317.72,NULL,NULL,'DOSAS DICIEMBRE 2015','','P',0,'2016-02-03 01:07:39','2016-02-03 17:48:19',NULL),(435,1,'Contado','PZO-A',133,'PZO',219372,'2016-01-08','2016-03-02',NULL,180,5,NULL,166.44,0.00,166.44,0.00,0.00,166.44,10079645,NULL,'Facturación por Derechos Aeronáuticos','','P',0,'2016-02-03 01:09:06','2016-02-03 01:09:06',NULL),(436,1,'Crédito','PZO-A',134,'PZO',218566,'2015-12-07','2016-01-07',NULL,40,5,NULL,5220.00,0.00,5220.00,0.00,0.00,5220.00,NULL,NULL,'DOSAS DICIEMBRE 2015','','P',0,'2016-02-03 01:13:29','2016-02-03 17:48:19',NULL),(437,1,'Crédito','PZO-A',135,'PZO',218565,'2015-12-07','2016-01-07',NULL,40,5,NULL,4728.00,0.00,4728.00,0.00,0.00,4728.00,NULL,NULL,'DOSAS DICIEMBRE 2015','','P',0,'2016-02-03 01:14:54','2016-02-03 17:48:19',NULL),(438,1,'Crédito','PZO-A',136,'PZO',219373,'2016-01-08','2016-03-02',NULL,139,5,NULL,328.50,0.00,328.50,0.00,0.00,328.50,10079646,NULL,'Facturación por Derechos Aeronáuticos','','P',1,'2016-02-03 01:15:08','2016-02-03 01:16:03',NULL),(439,1,'Crédito','PZO-A',137,'PZO',219333,'2016-01-07','2016-03-02',NULL,124,5,NULL,10392.12,0.00,10392.12,0.00,0.00,10392.12,10079607,NULL,'Facturación por Derechos Aeronáuticos','','P',1,'2016-02-03 01:16:20','2016-02-03 01:21:09',NULL),(440,1,'Crédito','PZO-A',138,'PZO',218564,'2015-12-07','2016-01-07',NULL,40,5,NULL,4728.00,0.00,4728.00,0.00,0.00,4728.00,NULL,NULL,'DOSAS DICIEMBRE 2015','','P',0,'2016-02-03 01:17:17','2016-02-03 17:48:19',NULL),(441,1,'Crédito','PZO-A',139,'PZO',218551,'2015-12-07','2016-01-07',NULL,40,5,NULL,14125.56,0.00,14125.56,0.00,0.00,14125.56,NULL,NULL,'DOSAS DICIEMBRE 2015','','P',0,'2016-02-03 01:19:51','2016-02-03 17:48:19',NULL),(442,1,'Contado','PZO-A',140,'PZO',219374,'2016-01-08','2016-03-02',NULL,181,5,NULL,2610.48,0.00,2610.48,0.00,0.00,2610.48,10079647,NULL,'Facturación por Derechos Aeronáuticos','','P',0,'2016-02-03 02:00:31','2016-02-03 02:00:31',NULL),(443,1,'Contado','PZO-A',141,'PZO',219375,'2016-01-09','2016-03-02',NULL,106,5,NULL,535.50,0.00,535.50,0.00,0.00,535.50,10079648,NULL,'Facturación por Derechos Aeronáuticos','','P',0,'2016-02-03 02:07:16','2016-02-03 02:07:16',NULL),(444,1,'Contado','PZO-A',142,'PZO',219376,'2016-01-09','2016-03-02',NULL,101,5,NULL,82.50,0.00,82.50,0.00,0.00,82.50,10079649,NULL,'Facturación por Derechos Aeronáuticos','','P',0,'2016-02-03 02:09:54','2016-02-03 02:09:54',NULL),(445,1,'Contado','PZO-A',143,'PZO',219377,'2016-01-09','2016-03-02',NULL,148,5,NULL,3022.59,0.00,3022.59,0.00,0.00,3022.59,10079650,NULL,'Facturación por Derechos Aeronáuticos','','P',0,'2016-02-03 02:15:27','2016-02-03 02:15:27',NULL),(446,1,'Contado','PZO-A',144,'PZO',219378,'2016-01-09','2016-03-02',NULL,128,5,NULL,9304.50,0.00,9304.50,0.00,0.00,9304.50,10079651,NULL,'Facturación por Derechos Aeronáuticos','','P',0,'2016-02-03 02:21:21','2016-02-03 02:21:21',NULL),(447,1,'Crédito','PZO-A',145,'PZO',219379,'2016-01-09','2016-03-02',NULL,139,5,NULL,328.50,0.00,328.50,0.00,0.00,328.50,10079652,NULL,'Facturación por Derechos Aeronáuticos','','P',0,'2016-02-03 03:42:17','2016-02-03 03:42:17',NULL),(448,1,'Crédito','PZO-A',146,'PZO',219380,'2016-01-09','2016-03-02',NULL,139,5,NULL,328.50,0.00,328.50,0.00,0.00,328.50,10079653,NULL,'Facturación por Derechos Aeronáuticos','','P',1,'2016-02-03 03:44:48','2016-02-03 20:55:31',NULL),(449,1,'Contado','PZO-A',147,'PZO',219381,'2016-01-09','2016-03-03',NULL,182,5,NULL,1325.52,0.00,1325.52,0.00,0.00,1325.52,10079654,NULL,'Facturación por Derechos Aeronáuticos','','P',0,'2016-02-03 18:29:41','2016-02-03 18:29:41',NULL),(450,1,'Crédito','PZO-A',148,'PZO',219383,'2016-01-09','2016-03-03',NULL,13,5,NULL,4728.00,0.00,4728.00,0.00,0.00,4728.00,10079656,NULL,'Facturación por Derechos Aeronáuticos','','P',0,'2016-02-03 18:33:22','2016-02-03 18:33:22',NULL),(451,1,'Crédito','PZO-A',149,'PZO',219384,'2016-01-09','2016-03-03',NULL,45,5,NULL,8673.78,0.00,8673.78,0.00,0.00,8673.78,10079657,NULL,'Facturación por Derechos Aeronáuticos','','P',0,'2016-02-03 18:35:33','2016-02-03 18:35:33',NULL),(452,1,'Crédito','PZO-A',150,'PZO',219385,'2016-01-09','2016-03-03',NULL,45,5,NULL,9268.44,0.00,9268.44,0.00,0.00,9268.44,10079658,NULL,'Facturación por Derechos Aeronáuticos','','P',0,'2016-02-03 18:39:34','2016-02-03 18:39:34',NULL),(453,1,'Crédito','PZO-A',151,'PZO',219386,'2016-01-09','2016-03-03',NULL,45,5,NULL,10810.44,0.00,10810.44,0.00,0.00,10810.44,10079659,NULL,'Facturación por Derechos Aeronáuticos','','P',0,'2016-02-03 18:43:27','2016-02-03 18:43:27',NULL),(454,1,'Crédito','PZO-A',152,'PZO',219382,'2016-01-09','2016-03-03',NULL,13,5,NULL,4063.50,0.00,4063.50,0.00,0.00,4063.50,10079655,NULL,'Facturación por Derechos Aeronáuticos','','P',0,'2016-02-03 18:45:24','2016-02-03 18:45:24',NULL),(455,1,'Crédito','PZO-A',153,'PZO',219387,'2016-01-09','2016-03-03',NULL,124,5,NULL,11159.40,0.00,11159.40,0.00,0.00,11159.40,10079660,NULL,'Facturación por Derechos Aeronáuticos','','P',0,'2016-02-03 18:53:33','2016-02-03 18:53:33',NULL),(456,1,'Crédito','PZO-A',154,'PZO',219388,'2016-01-09','2016-03-03',NULL,124,5,NULL,4051.50,0.00,4051.50,0.00,0.00,4051.50,10079661,NULL,'Facturación por Derechos Aeronáuticos','','P',0,'2016-02-03 18:56:10','2016-02-03 18:56:10',NULL),(457,1,'Crédito','PZO-A',155,'PZO',219389,'2016-01-09','2016-03-03',NULL,124,5,NULL,4051.50,0.00,4051.50,0.00,0.00,4051.50,10079662,NULL,'Facturación por Derechos Aeronáuticos','','P',0,'2016-02-03 18:59:15','2016-02-03 18:59:15',NULL),(458,1,'Crédito','PZO-A',156,'PZO',219390,'2016-01-09','2016-03-03',NULL,124,5,NULL,4834.50,0.00,4834.50,0.00,0.00,4834.50,10079663,NULL,'Facturación por Derechos Aeronáuticos','','P',0,'2016-02-03 19:00:43','2016-02-03 19:00:43',NULL),(459,1,'Crédito','PZO-A',157,'PZO',219391,'2016-01-09','2016-03-03',NULL,40,5,NULL,14125.56,0.00,14125.56,0.00,0.00,14125.56,10079664,NULL,'Facturación por Derechos Aeronáuticos','','P',0,'2016-02-03 19:02:22','2016-02-03 19:02:22',NULL),(460,1,'Crédito','PZO-A',158,'PZO',219392,'2016-01-09','2016-03-03',NULL,40,5,NULL,3957.00,0.00,3957.00,0.00,0.00,3957.00,10079665,NULL,'Facturación por Derechos Aeronáuticos','','P',0,'2016-02-03 19:04:22','2016-02-03 19:04:22',NULL),(461,1,'Crédito','PZO-A',159,'PZO',219393,'2016-01-09','2016-03-03',NULL,40,5,NULL,4725.00,0.00,4725.00,0.00,0.00,4725.00,10079666,NULL,'Facturación por Derechos Aeronáuticos','','P',0,'2016-02-03 19:06:05','2016-02-03 19:06:05',NULL),(462,1,'Crédito','PZO-A',160,'PZO',219394,'2016-01-09','2016-03-03',NULL,40,5,NULL,5386.50,0.00,5386.50,0.00,0.00,5386.50,10079667,NULL,'Facturación por Derechos Aeronáuticos','','P',0,'2016-02-03 19:08:13','2016-02-03 19:08:13',NULL),(463,1,'Crédito','PZO-A',161,'PZO',219395,'2016-01-09','2016-03-03',NULL,40,5,NULL,9352.20,0.00,9352.20,0.00,0.00,9352.20,10079668,NULL,'Facturación por Derechos Aeronáuticos','','P',0,'2016-02-03 19:11:35','2016-02-03 19:11:35',NULL),(464,1,'Contado','PZO-A',162,'PZO',219396,'2016-01-09','2016-03-03',NULL,183,5,NULL,384.60,0.00,384.60,0.00,0.00,384.60,10079669,NULL,'Facturación por Derechos Aeronáuticos','','P',0,'2016-02-03 19:15:04','2016-02-03 19:15:04',NULL),(465,1,'Contado','PZO-A',163,'PZO',219397,'2016-01-09','2016-03-03',NULL,159,5,NULL,239.16,0.00,239.16,0.00,0.00,239.16,10079670,NULL,'Facturación por Derechos Aeronáuticos','','P',0,'2016-02-03 19:16:43','2016-02-03 19:16:43',NULL),(466,1,'Crédito','PZO-A',164,'PZO',219398,'2016-01-09','2016-03-03',NULL,40,5,NULL,3957.00,0.00,3957.00,0.00,0.00,3957.00,10079671,NULL,'Facturación por Derechos Aeronáuticos','','P',0,'2016-02-03 19:18:54','2016-02-03 19:18:54',NULL),(467,1,'Crédito','PZO-A',165,'PZO',219399,'2016-01-09','2016-03-03',NULL,63,5,NULL,21.00,0.00,21.00,0.00,0.00,21.00,10079672,NULL,'Facturación por Derechos Aeronáuticos','','P',0,'2016-02-03 19:20:20','2016-02-03 19:20:20',NULL),(468,1,'Crédito','PZO-A',166,'PZO',219400,'2016-01-09','2016-03-03',NULL,63,5,NULL,792.00,0.00,792.00,0.00,0.00,792.00,10079673,NULL,'Facturación por Derechos Aeronáuticos','','P',0,'2016-02-03 19:22:21','2016-02-03 19:22:21',NULL),(469,1,'Contado','PZO-A',167,'PZO',219401,'2016-01-09','2016-03-03',NULL,128,5,NULL,328.50,0.00,328.50,0.00,0.00,328.50,10079674,NULL,'Facturación por Derechos Aeronáuticos','','P',1,'2016-02-03 19:24:00','2016-02-03 19:24:32',NULL),(470,1,'Contado','PZO-A',168,'PZO',219402,'2016-01-09','2016-03-03',NULL,22,5,NULL,535.50,0.00,535.50,0.00,0.00,535.50,10079675,NULL,'Facturación por Derechos Aeronáuticos','','P',0,'2016-02-03 19:26:24','2016-02-03 19:26:24',NULL),(471,1,'Crédito','PZO-A',169,'PZO',219403,'2016-01-09','2016-03-03',NULL,63,5,NULL,792.00,0.00,792.00,0.00,0.00,792.00,10079676,NULL,'Facturación por Derechos Aeronáuticos','','P',1,'2016-02-03 19:28:14','2016-02-10 21:26:04',NULL),(472,1,'Crédito','PZO-A',170,'PZO',219405,'2016-01-09','2016-03-03',NULL,63,5,NULL,792.00,0.00,792.00,0.00,0.00,792.00,10079678,NULL,'Facturación por Derechos Aeronáuticos','','P',1,'2016-02-03 19:29:45','2016-02-10 21:26:09',NULL),(473,1,'Crédito','PZO-A',171,'PZO',219406,'2016-01-09','2016-03-03',NULL,40,5,NULL,4728.00,0.00,4728.00,0.00,0.00,4728.00,10079679,NULL,'Facturación por Derechos Aeronáuticos','','P',0,'2016-02-03 19:31:15','2016-02-03 19:31:15',NULL),(474,1,'Crédito','PZO-A',172,'PZO',219407,'2016-01-09','2016-03-03',NULL,40,5,NULL,5281.50,0.00,5281.50,0.00,0.00,5281.50,10079680,NULL,'Facturación por Derechos Aeronáuticos','','P',0,'2016-02-03 19:32:46','2016-02-03 19:32:46',NULL),(475,1,'Crédito','PZO-A',173,'PZO',219408,'2016-01-09','2016-03-03',NULL,124,5,NULL,10542.30,0.00,10542.30,0.00,0.00,10542.30,10079681,NULL,'Facturación por Derechos Aeronáuticos','','P',0,'2016-02-03 19:34:31','2016-02-03 19:34:31',NULL),(476,1,'Crédito','PZO-A',174,'PZO',219409,'2016-01-09','2016-03-03',NULL,124,5,NULL,4051.50,0.00,4051.50,0.00,0.00,4051.50,10079682,NULL,'Facturación por Derechos Aeronáuticos','','P',0,'2016-02-03 19:36:04','2016-02-03 19:36:04',NULL),(477,1,'Contado','PZO-A',175,'PZO',219410,'2016-01-10','2016-03-03',NULL,101,5,NULL,82.50,0.00,82.50,0.00,0.00,82.50,10079683,NULL,'Facturación por Derechos Aeronáuticos','','P',0,'2016-02-03 19:40:36','2016-02-03 19:40:36',NULL),(478,1,'Crédito','PZO-A',176,'PZO',219411,'2016-01-10','2016-03-03',NULL,40,5,NULL,14896.56,0.00,14896.56,0.00,0.00,14896.56,10079684,NULL,'Facturación por Derechos Aeronáuticos','','P',0,'2016-02-03 19:42:07','2016-02-03 19:42:07',NULL),(479,1,'Crédito','PZO-A',177,'PZO',219412,'2016-01-10','2016-03-03',NULL,40,5,NULL,4728.00,0.00,4728.00,0.00,0.00,4728.00,10079685,NULL,'Facturación por Derechos Aeronáuticos','','P',0,'2016-02-03 19:44:09','2016-02-03 19:44:09',NULL),(480,1,'Crédito','PZO-A',178,'PZO',219413,'2016-01-10','2016-03-03',NULL,124,5,NULL,4174.50,0.00,4174.50,0.00,0.00,4174.50,10079686,NULL,'Facturación por Derechos Aeronáuticos','','P',0,'2016-02-03 19:48:47','2016-02-03 19:48:47',NULL),(482,1,'Crédito','PZO-A',180,'PZO',219415,'2016-01-10','2016-03-03',NULL,124,5,NULL,4051.50,0.00,4051.50,0.00,0.00,4051.50,10079688,NULL,'Facturación por Derechos Aeronáuticos','','P',0,'2016-02-03 20:02:04','2016-02-03 20:02:04',NULL),(483,1,'Contado','PZO-A',181,'PZO',219416,'2016-01-10','2016-03-03',NULL,159,5,NULL,239.16,0.00,239.16,0.00,0.00,239.16,10079689,NULL,'Facturación por Derechos Aeronáuticos','','P',0,'2016-02-03 20:03:55','2016-02-03 20:03:55',NULL),(484,1,'Contado','PZO-A',182,'PZO',219417,'2016-01-10','2016-03-03',NULL,150,5,NULL,168.00,0.00,168.00,0.00,0.00,168.00,10079690,NULL,'Facturación por Derechos Aeronáuticos','','P',0,'2016-02-03 20:06:19','2016-02-03 20:07:27',NULL),(485,1,'Contado','PZO-A',183,'PZO',219418,'2016-01-10','2016-03-03',NULL,184,5,NULL,658.50,0.00,658.50,0.00,0.00,658.50,10079691,NULL,'Facturación por Derechos Aeronáuticos','','P',0,'2016-02-03 20:11:36','2016-02-03 20:11:36',NULL),(486,1,'Contado','PZO-A',184,'PZO',219419,'2016-01-10','2016-03-03',NULL,154,5,NULL,1875.72,0.00,1875.72,0.00,0.00,1875.72,10079692,NULL,'Facturación por Derechos Aeronáuticos','','P',0,'2016-02-03 20:13:34','2016-02-03 21:21:27',NULL),(487,1,'Crédito','PZO-A',185,'PZO',219420,'2016-01-10','2016-03-03',NULL,63,5,NULL,792.00,0.00,792.00,0.00,0.00,792.00,10079693,NULL,'Facturación por Derechos Aeronáuticos','','P',1,'2016-02-03 20:15:06','2016-02-10 21:25:36',NULL),(488,1,'Crédito','PZO-A',186,'PZO',219421,'2016-01-10','2016-03-03',NULL,63,5,NULL,792.00,0.00,792.00,0.00,0.00,792.00,10079694,NULL,'Facturación por Derechos Aeronáuticos','','P',0,'2016-02-03 20:17:56','2016-02-03 20:17:56',NULL),(489,1,'Crédito','PZO-A',187,'PZO',219422,'2016-01-10','2016-03-03',NULL,13,5,NULL,5496.00,0.00,5496.00,0.00,0.00,5496.00,10079695,NULL,'Facturación por Derechos Aeronáuticos','','P',0,'2016-02-03 20:20:23','2016-02-03 20:20:23',NULL),(490,1,'Crédito','PZO-A',82786,'PZO',219423,'2016-01-10','2016-03-03',NULL,13,5,NULL,4728.00,0.00,4728.00,0.00,0.00,4728.00,10079696,NULL,'Facturación por Derechos Aeronáuticos','','P',0,'2016-02-03 20:42:36','2016-02-03 20:42:36',NULL),(491,1,'Crédito','PZO-A',82787,'PZO',219424,'2016-01-10','2016-03-03',NULL,40,5,NULL,4728.00,0.00,4728.00,0.00,0.00,4728.00,10079697,NULL,'Facturación por Derechos Aeronáuticos','','P',0,'2016-02-03 20:45:39','2016-02-03 20:45:39',NULL),(492,1,'Contado','PZO-A',82788,'PZO',219425,'2016-01-10','2016-03-03',NULL,148,5,NULL,4744.25,0.00,4744.25,0.00,0.00,4744.25,10079698,NULL,'Facturación por Derechos Aeronáuticos','','P',0,'2016-02-03 23:36:17','2016-02-03 23:36:17',NULL),(493,1,'Contado','PZO-A',82789,'PZO',219426,'2016-01-11','2016-03-03',NULL,106,5,NULL,451.50,0.00,451.50,0.00,0.00,451.50,10079699,NULL,'Facturación por Derechos Aeronáuticos','','P',0,'2016-02-03 23:52:37','2016-02-03 23:53:07',NULL),(494,1,'Contado','PZO-A',82790,'PZO',219427,'2016-01-11','2016-03-03',NULL,54,5,NULL,144.00,0.00,144.00,0.00,0.00,144.00,10079700,NULL,'Facturación por Derechos Aeronáuticos','','P',0,'2016-02-04 00:13:47','2016-02-04 00:13:47',NULL),(495,1,'Contado','PZO-A',82791,'PZO',219428,'2016-01-11','2016-03-03',NULL,54,5,NULL,144.00,0.00,144.00,0.00,0.00,144.00,10079701,NULL,'Facturación por Derechos Aeronáuticos','','P',0,'2016-02-04 00:19:07','2016-02-04 00:19:07',NULL),(496,1,'Contado','PZO-A',82792,'PZO',219429,'2016-01-11','2016-03-03',NULL,54,5,NULL,144.00,0.00,144.00,0.00,0.00,144.00,10079702,NULL,'Facturación por Derechos Aeronáuticos','','P',0,'2016-02-04 00:21:00','2016-02-04 00:21:00',NULL),(497,1,'Contado','PZO-A',82793,'PZO',219430,'2016-01-11','2016-03-03',NULL,163,5,NULL,451.50,0.00,451.50,0.00,0.00,451.50,10079703,NULL,'Facturación por Derechos Aeronáuticos','','P',0,'2016-02-04 00:22:48','2016-02-04 00:22:48',NULL),(498,1,'Contado','PZO-A',82794,'PZO',219431,'2016-01-11','2016-03-03',NULL,161,5,NULL,451.50,0.00,451.50,0.00,0.00,451.50,10079704,NULL,'Facturación por Derechos Aeronáuticos','','P',0,'2016-02-04 00:25:08','2016-02-04 00:25:08',NULL),(499,1,'Crédito','PZO-A',82795,'PZO',219432,'2016-01-11','2016-03-03',NULL,13,5,NULL,5451.60,0.00,5451.60,0.00,0.00,5451.60,10079705,NULL,'Facturación por Derechos Aeronáuticos','','P',0,'2016-02-04 00:27:09','2016-02-04 00:27:09',NULL),(500,1,'Crédito','PZO-A',82796,'PZO',219433,'2016-01-11','2016-03-03',NULL,124,5,NULL,4687.50,0.00,4687.50,0.00,0.00,4687.50,10079706,NULL,'Facturación por Derechos Aeronáuticos','','P',0,'2016-02-04 00:29:35','2016-02-04 00:29:35',NULL),(501,1,'Crédito','PZO-A',82797,'PZO',219434,'2016-01-11','2016-03-03',NULL,124,5,NULL,10810.44,0.00,10810.44,0.00,0.00,10810.44,10079707,NULL,'Facturación por Derechos Aeronáuticos','','P',0,'2016-02-04 00:31:54','2016-02-04 00:31:54',NULL),(502,1,'Crédito','PZO-A',82798,'PZO',219435,'2016-01-11','2016-03-03',NULL,124,5,NULL,4646.16,0.00,4646.16,0.00,0.00,4646.16,10079708,NULL,'Facturación por Derechos Aeronáuticos','','P',0,'2016-02-04 00:33:42','2016-02-04 00:33:42',NULL),(503,1,'Crédito','PZO-A',82799,'PZO',219436,'2016-01-11','2016-03-03',NULL,40,5,NULL,11775.72,0.00,11775.72,0.00,0.00,11775.72,10079709,NULL,'Facturación por Derechos Aeronáuticos','','P',0,'2016-02-04 00:39:06','2016-02-04 00:39:06',NULL),(504,1,'Crédito','PZO-A',82800,'PZO',219437,'2016-01-11','2016-03-03',NULL,40,5,NULL,4728.00,0.00,4728.00,0.00,0.00,4728.00,10079710,NULL,'Facturación por Derechos Aeronáuticos','','P',0,'2016-02-04 00:41:37','2016-02-04 00:41:37',NULL),(505,1,'Contado','PZO-A',82801,'PZO',219438,'2016-01-11','2016-03-03',NULL,106,5,NULL,451.50,0.00,451.50,0.00,0.00,451.50,10079711,NULL,'Facturación por Derechos Aeronáuticos','','P',0,'2016-02-04 00:44:18','2016-02-04 00:44:18',NULL),(506,1,'Contado','PZO-A',82802,'PZO',219439,'2016-01-11','2016-03-03',NULL,54,5,NULL,144.00,0.00,144.00,0.00,0.00,144.00,10079712,NULL,'Facturación por Derechos Aeronáuticos','','P',0,'2016-02-04 00:46:18','2016-02-04 00:46:18',NULL),(507,1,'Crédito','PZO-A',82803,'PZO',219440,'2016-01-11','2016-03-03',NULL,139,5,NULL,328.50,0.00,328.50,0.00,0.00,328.50,10079713,NULL,'Facturación por Derechos Aeronáuticos','','P',0,'2016-02-04 00:48:11','2016-02-04 00:48:11',NULL),(508,1,'Crédito','PZO-A',82804,'PZO',219441,'2016-01-11','2016-03-03',NULL,63,5,NULL,792.00,0.00,792.00,0.00,0.00,792.00,10079714,NULL,'Facturación por Derechos Aeronáuticos','','P',0,'2016-02-04 00:53:00','2016-02-04 00:53:00',NULL),(509,1,'Crédito','PZO-A',82805,'PZO',219442,'2016-01-11','2016-03-03',NULL,63,5,NULL,792.00,0.00,792.00,0.00,0.00,792.00,10079715,NULL,'Facturación por Derechos Aeronáuticos','','P',0,'2016-02-04 00:55:10','2016-02-04 00:55:10',NULL),(510,1,'Contado','PZO-A',82806,'PZO',219443,'2016-01-11','2016-03-03',NULL,185,5,NULL,2080.74,0.00,2080.74,0.00,0.00,2080.74,10079716,NULL,'Facturación por Derechos Aeronáuticos','','P',0,'2016-02-04 01:06:09','2016-02-04 01:06:09',NULL),(511,1,'Crédito','PZO-A',82807,'PZO',219444,'2016-01-11','2016-03-03',NULL,40,5,NULL,4728.00,0.00,4728.00,0.00,0.00,4728.00,10079717,NULL,'Facturación por Derechos Aeronáuticos','','P',0,'2016-02-04 01:08:34','2016-02-04 01:08:34',NULL),(512,1,'Crédito','PZO-A',82808,'PZO',219445,'2016-01-11','2016-03-03',NULL,40,5,NULL,5220.00,0.00,5220.00,0.00,0.00,5220.00,10079718,NULL,'Facturación por Derechos Aeronáuticos','','P',0,'2016-02-04 01:10:25','2016-02-04 01:10:25',NULL),(513,1,'Crédito','PZO-A',82809,'PZO',219446,'2016-01-11','2016-03-03',NULL,12,5,NULL,513.00,0.00,513.00,0.00,0.00,513.00,10079719,NULL,'Facturación por Derechos Aeronáuticos','','P',1,'2016-02-04 01:48:55','2016-02-05 02:37:54',NULL),(514,1,'Contado','PZO-A',82810,'PZO',219447,'2016-01-12','2016-03-03',NULL,6,5,NULL,267.00,0.00,267.00,0.00,0.00,267.00,10079720,NULL,'Facturación por Derechos Aeronáuticos','','P',0,'2016-02-04 01:50:45','2016-02-04 01:50:45',NULL),(515,1,'Contado','PZO-A',82811,'PZO',219448,'2016-01-12','2016-03-03',NULL,116,5,NULL,786.00,0.00,786.00,0.00,0.00,786.00,10079721,NULL,'Facturación por Derechos Aeronáuticos','','P',0,'2016-02-04 01:52:44','2016-02-04 01:52:44',NULL),(516,1,'Contado','PZO-A',82812,'PZO',219449,'2016-01-12','2016-03-03',NULL,101,5,NULL,82.50,0.00,82.50,0.00,0.00,82.50,10079722,NULL,'Facturación por Derechos Aeronáuticos','','P',0,'2016-02-04 01:54:28','2016-02-04 01:54:28',NULL),(517,1,'Contado','PZO-A',82813,'PZO',219450,'2016-01-12','2016-03-03',NULL,163,5,NULL,1786.68,0.00,1786.68,0.00,0.00,1786.68,10079723,NULL,'Facturación por Derechos Aeronáuticos','','P',0,'2016-02-04 01:57:45','2016-02-04 01:57:45',NULL),(518,1,'Contado','PZO-A',82814,'PZO',219451,'2016-01-12','2016-03-03',NULL,106,5,NULL,535.50,0.00,535.50,0.00,0.00,535.50,10079724,NULL,'Facturación por Derechos Aeronáuticos','','P',0,'2016-02-04 02:00:00','2016-02-04 02:00:00',NULL),(519,1,'Contado','PZO-A',82815,'PZO',219452,'2016-01-12','2016-03-03',NULL,181,5,NULL,4756.80,0.00,4756.80,0.00,0.00,4756.80,10079725,NULL,'Facturación por Derechos Aeronáuticos','','P',0,'2016-02-04 02:06:34','2016-02-04 02:06:34',NULL),(520,1,'Crédito','PZO-A',82816,'PZO',219453,'2016-01-12','2016-03-03',NULL,40,5,NULL,13317.72,0.00,13317.72,0.00,0.00,13317.72,10079726,NULL,'Facturación por Derechos Aeronáuticos','','P',0,'2016-02-04 02:09:07','2016-02-04 02:09:07',NULL),(521,1,'Crédito','PZO-A',82817,'PZO',219454,'2016-01-12','2016-03-03',NULL,12,5,NULL,390.00,0.00,390.00,0.00,0.00,390.00,10079727,NULL,'Facturación por Derechos Aeronáuticos','','P',0,'2016-02-04 02:19:56','2016-02-04 02:19:56',NULL),(522,1,'Crédito','PZO-A',82818,'PZO',219455,'2016-01-12','2016-03-03',NULL,124,5,NULL,4174.50,0.00,4174.50,0.00,0.00,4174.50,10079728,NULL,'Facturación por Derechos Aeronáuticos','','P',0,'2016-02-04 02:21:58','2016-02-04 02:21:58',NULL),(523,1,'Crédito','PZO-A',82819,'PZO',219456,'2016-01-12','2016-03-03',NULL,124,5,NULL,11581.44,0.00,11581.44,0.00,0.00,11581.44,10079729,NULL,'Facturación por Derechos Aeronáuticos','','P',0,'2016-02-04 02:23:42','2016-02-04 02:23:42',NULL),(524,1,'Contado','PZO-A',82820,'PZO',219457,'2016-01-12','2016-02-04',NULL,164,5,NULL,328.50,0.00,328.50,0.00,0.00,328.50,10079730,NULL,'Facturación por Derechos Aeronáuticos','','P',0,'2016-02-04 20:35:00','2016-02-04 20:35:00',NULL),(525,1,'Contado','PZO-A',82821,'PZO',219458,'2016-01-12','2016-02-04',NULL,116,5,NULL,786.00,0.00,786.00,0.00,0.00,786.00,10079731,NULL,'Facturación por Derechos Aeronáuticos','','P',1,'2016-02-04 22:46:22','2016-02-04 22:46:32',NULL),(526,1,'Contado','PZO-A',82822,'PZO',219459,'2016-01-12','2016-02-04',NULL,17,5,NULL,1674.90,0.00,1674.90,0.00,0.00,1674.90,10079732,NULL,'Facturación por Derechos Aeronáuticos','','P',1,'2016-02-04 22:51:11','2016-02-04 22:51:20',NULL),(527,1,'Contado','PZO-A',82823,'PZO',219460,'2016-01-12','2016-02-04',NULL,175,5,NULL,946.02,0.00,946.02,0.00,0.00,946.02,10079733,NULL,'Facturación por Derechos Aeronáuticos','','P',1,'2016-02-04 22:57:08','2016-02-04 22:57:22',NULL),(528,1,'Contado','PZO-A',82824,'PZO',219461,'2016-01-12','2016-02-04',NULL,175,5,NULL,946.02,0.00,946.02,0.00,0.00,946.02,10079734,NULL,'Facturación por Derechos Aeronáuticos','','P',0,'2016-02-04 22:59:45','2016-02-04 22:59:45',NULL),(529,1,'Contado','PZO-A',82825,'PZO',219462,'2016-01-12','2016-02-04',NULL,186,5,NULL,3934.56,0.00,3934.56,0.00,0.00,3934.56,10079435,NULL,'Facturación por Derechos Aeronáuticos','','P',0,'2016-02-04 23:07:47','2016-02-04 23:07:47',NULL),(530,1,'Contado','PZO-A',82826,'PZO',219463,'2016-01-12','2016-02-04',NULL,187,5,NULL,2443.68,0.00,2443.68,0.00,0.00,2443.68,10079736,NULL,'Facturación por Derechos Aeronáuticos','','P',1,'2016-02-04 23:17:10','2016-02-04 23:17:21',NULL),(531,1,'Contado','PZO-A',82827,'PZO',219464,'2016-01-12','2016-02-04',NULL,154,5,NULL,457.32,0.00,457.32,0.00,0.00,457.32,10079737,NULL,'Facturación por Derechos Aeronáuticos','','P',0,'2016-02-04 23:19:23','2016-02-04 23:19:23',NULL),(532,1,'Crédito','PZO-A',82829,'PZO',219466,'2016-01-12','2016-02-04',NULL,139,5,NULL,328.50,0.00,328.50,0.00,0.00,328.50,10079738,NULL,'Facturación por Derechos Aeronáuticos','','P',0,'2016-02-04 23:24:24','2016-02-04 23:24:24',NULL),(533,1,'Crédito','PZO-A',82830,'PZO',219467,'2016-01-12','2016-02-04',NULL,139,5,NULL,328.50,0.00,328.50,0.00,0.00,328.50,10079739,NULL,'Facturación por Derechos Aeronáuticos','','P',0,'2016-02-04 23:28:11','2016-02-04 23:28:11',NULL),(534,1,'Crédito','PZO-A',82831,'PZO',219468,'2016-01-12','2016-02-04',NULL,139,5,NULL,328.50,0.00,328.50,0.00,0.00,328.50,10079740,NULL,'Facturación por Derechos Aeronáuticos','','P',0,'2016-02-04 23:31:04','2016-02-04 23:31:04',NULL),(535,1,'Crédito','PZO-A',82832,'PZO',219469,'2016-01-12','2016-02-04',NULL,124,5,NULL,4174.50,0.00,4174.50,0.00,0.00,4174.50,10079741,NULL,'Facturación por Derechos Aeronáuticos','','P',0,'2016-02-04 23:34:23','2016-02-04 23:34:23',NULL),(536,1,'Contado','PZO-A',82833,'PZO',219470,'2016-01-12','2016-02-04',NULL,106,5,NULL,535.50,0.00,535.50,0.00,0.00,535.50,10079742,NULL,'Facturación por Derechos Aeronáuticos','','P',1,'2016-02-04 23:38:19','2016-02-05 02:36:27',NULL),(537,1,'Crédito','PZO-A',82834,'PZO',219471,'2016-01-12','2016-02-04',NULL,63,5,NULL,792.00,0.00,792.00,0.00,0.00,792.00,10079743,NULL,'Facturación por Derechos Aeronáuticos','','P',0,'2016-02-04 23:43:08','2016-02-04 23:43:08',NULL),(538,1,'Crédito','PZO-A',82835,'PZO',219472,'2016-01-12','2016-02-04',NULL,63,5,NULL,792.00,0.00,792.00,0.00,0.00,792.00,10079744,NULL,'Facturación por Derechos Aeronáuticos','','P',0,'2016-02-04 23:45:48','2016-02-04 23:45:48',NULL),(539,1,'Crédito','PZO-A',82836,'PZO',219473,'2016-01-12','2016-02-04',NULL,40,5,NULL,4728.00,0.00,4728.00,0.00,0.00,4728.00,10079745,NULL,'Facturación por Derechos Aeronáuticos','','P',0,'2016-02-04 23:48:41','2016-02-04 23:48:41',NULL),(540,1,'Crédito','PZO-A',82837,'PZO',219474,'2016-01-12','2016-02-04',NULL,40,5,NULL,3957.00,0.00,3957.00,0.00,0.00,3957.00,10079746,NULL,'Facturación por Derechos Aeronáuticos','','P',0,'2016-02-04 23:51:02','2016-02-04 23:51:02',NULL),(541,1,'Contado','PZO-A',82838,'PZO',219475,'2016-01-12','2016-02-04',NULL,155,5,NULL,388.50,0.00,388.50,0.00,0.00,388.50,10079747,NULL,'Facturación por Derechos Aeronáuticos','','P',0,'2016-02-04 23:55:34','2016-02-04 23:55:34',NULL),(542,1,'Crédito','PZO-A',83293,'PZO',219932,'2016-02-01','2016-02-04',NULL,13,5,NULL,4063.50,0.00,4063.50,0.00,0.00,4063.50,10080200,NULL,'Facturación por Derechos Aeronáuticos','','P',1,'2016-02-04 23:58:21','2016-02-04 23:58:39',NULL),(543,1,'Crédito','PZO-A',82839,'PZO',219476,'2016-01-12','2016-02-04',NULL,40,5,NULL,5220.00,0.00,5220.00,0.00,0.00,5220.00,10079748,NULL,'Facturación por Derechos Aeronáuticos','','P',0,'2016-02-05 00:02:27','2016-02-05 00:02:27',NULL),(544,1,'Crédito','PZO-A',83294,'PZO',219933,'2016-02-01','2016-02-04',NULL,45,5,NULL,8673.78,0.00,8673.78,0.00,0.00,8673.78,10080201,NULL,'Facturación por Derechos Aeronáuticos','','P',0,'2016-02-05 00:30:22','2016-02-05 00:30:22',NULL),(545,1,'Contado','PZO-A',83295,'PZO',219934,'2016-02-01','2016-02-04',NULL,106,5,NULL,1635.06,0.00,1635.06,0.00,0.00,1635.06,10080202,NULL,'Facturación por Derechos Aeronáuticos','','P',0,'2016-02-05 01:02:55','2016-02-05 01:02:55',NULL),(546,1,'Crédito','PZO-A',82840,'PZO',219477,'2016-01-13','2016-02-04',NULL,13,5,NULL,4728.00,0.00,4728.00,0.00,0.00,4728.00,10079749,NULL,'Facturación por Derechos Aeronáuticos','','P',0,'2016-02-05 01:06:09','2016-02-05 01:06:09',NULL),(547,1,'Crédito','PZO-A',83296,'PZO',219935,'2016-02-01','2016-02-04',NULL,13,5,NULL,4605.00,0.00,4605.00,0.00,0.00,4605.00,10080203,NULL,'Facturación por Derechos Aeronáuticos','','P',0,'2016-02-05 01:12:47','2016-02-05 01:12:47',NULL),(548,1,'Crédito','PZO-A',82841,'PZO',219478,'2016-01-13','2016-02-04',NULL,13,5,NULL,4578.00,0.00,4578.00,0.00,0.00,4578.00,10079750,NULL,'Facturación por Derechos Aeronáuticos','','P',0,'2016-02-05 01:14:03','2016-02-05 01:14:03',NULL),(549,1,'Crédito','PZO-A',82842,'PZO',219479,'2016-01-13','2016-02-04',NULL,13,5,NULL,4728.00,0.00,4728.00,0.00,0.00,4728.00,10079751,NULL,'Facturación por Derechos Aeronáuticos','','P',0,'2016-02-05 01:16:48','2016-02-05 01:16:48',NULL),(550,1,'Crédito','PZO-A',82843,'PZO',219480,'2016-01-13','2016-02-04',NULL,13,5,NULL,4834.50,0.00,4834.50,0.00,0.00,4834.50,10079752,NULL,'Facturación por Derechos Aeronáuticos','','P',0,'2016-02-05 01:19:20','2016-02-05 01:19:20',NULL),(551,1,'Contado','PZO-A',82844,'PZO',219481,'2016-01-13','2016-02-04',NULL,54,5,NULL,144.00,0.00,144.00,0.00,0.00,144.00,10079753,NULL,'Facturación por Derechos Aeronáuticos','','P',0,'2016-02-05 01:21:24','2016-02-05 01:21:24',NULL),(552,1,'Contado','PZO-A',82845,'PZO',219482,'2016-01-13','2016-02-04',NULL,116,5,NULL,1506.00,0.00,1506.00,0.00,0.00,1506.00,10079754,NULL,'Facturación por Derechos Aeronáuticos','','P',0,'2016-02-05 01:23:32','2016-02-05 01:23:32',NULL),(553,1,'Crédito','PZO-A',82846,'PZO',219483,'2016-01-13','2016-02-04',NULL,13,5,NULL,4728.00,0.00,4728.00,0.00,0.00,4728.00,10079755,NULL,'Facturación por Derechos Aeronáuticos','','P',0,'2016-02-05 01:25:40','2016-02-05 01:25:40',NULL),(554,1,'Crédito','PZO-A',82847,'PZO',219484,'2016-01-13','2016-02-04',NULL,40,5,NULL,12583.56,0.00,12583.56,0.00,0.00,12583.56,10079756,NULL,'Facturación por Derechos Aeronáuticos','','P',0,'2016-02-05 01:28:11','2016-02-05 01:28:11',NULL),(555,1,'Crédito','PZO-A',82848,'PZO',219485,'2016-01-13','2016-02-04',NULL,40,5,NULL,4728.00,0.00,4728.00,0.00,0.00,4728.00,10079757,NULL,'Facturación por Derechos Aeronáuticos','','P',0,'2016-02-05 01:30:23','2016-02-05 01:30:23',NULL),(556,1,'Contado','PZO-A',83297,'PZO',219936,'2016-02-01','2016-02-04',NULL,54,5,NULL,144.00,0.00,144.00,0.00,0.00,144.00,10080204,NULL,'Facturación por Derechos Aeronáuticos','','P',0,'2016-02-05 01:34:13','2016-02-05 01:34:13',NULL),(557,1,'Contado','PZO-A',82849,'PZO',219486,'2016-01-13','2016-02-04',NULL,188,5,NULL,1539.12,0.00,1539.12,0.00,0.00,1539.12,10079758,NULL,'Facturación por Derechos Aeronáuticos','','P',0,'2016-02-05 01:36:38','2016-02-05 01:36:38',NULL),(558,1,'Contado','PZO-A',82850,'PZO',219487,'2016-01-13','2016-02-04',NULL,80,5,NULL,793.92,0.00,793.92,0.00,0.00,793.92,10079759,NULL,'Facturación por Derechos Aeronáuticos','','P',0,'2016-02-05 01:41:10','2016-02-05 01:41:10',NULL),(559,1,'Contado','PZO-A',82851,'PZO',219488,'2016-01-13','2016-02-04',NULL,161,5,NULL,451.50,0.00,451.50,0.00,0.00,451.50,10079760,NULL,'Facturación por Derechos Aeronáuticos','','P',0,'2016-02-05 01:45:47','2016-02-05 01:45:47',NULL),(560,1,'Contado','PZO-A',82852,'PZO',219489,'2016-01-13','2016-02-04',NULL,106,5,NULL,451.50,0.00,451.50,0.00,0.00,451.50,10079761,NULL,'Facturación por Derechos Aeronáuticos','','P',0,'2016-02-05 01:49:28','2016-02-05 01:49:28',NULL),(561,1,'Contado','PZO-A',83298,'PZO',219937,'2016-02-01','2016-02-04',NULL,32,5,NULL,11290.02,0.00,11290.02,0.00,0.00,11290.02,10080205,NULL,'Facturación por Derechos Aeronáuticos','','P',0,'2016-02-05 01:53:58','2016-02-05 01:53:58',NULL),(562,1,'Crédito','PZO-A',82853,'PZO',219490,'2016-01-13','2016-02-04',NULL,124,5,NULL,4051.50,0.00,4051.50,0.00,0.00,4051.50,10079762,NULL,'Facturación por Derechos Aeronáuticos','','P',0,'2016-02-05 01:54:11','2016-02-05 01:54:11',NULL),(563,1,'Crédito','PZO-A',82854,'PZO',219491,'2016-01-13','2016-02-04',NULL,124,5,NULL,12352.44,0.00,12352.44,0.00,0.00,12352.44,10079763,NULL,'Facturación por Derechos Aeronáuticos','','P',0,'2016-02-05 01:56:58','2016-02-05 01:56:58',NULL),(564,1,'Contado','PZO-A',83299,'PZO',219938,'2016-02-01','2016-02-04',NULL,101,5,NULL,82.50,0.00,82.50,0.00,0.00,82.50,10080206,NULL,'Facturación por Derechos Aeronáuticos','','P',0,'2016-02-05 01:59:17','2016-02-05 01:59:17',NULL),(565,1,'Crédito','PZO-A',82855,'PZO',219492,'2016-01-13','2016-02-04',NULL,124,5,NULL,4174.50,0.00,4174.50,0.00,0.00,4174.50,10079764,NULL,'Facturación por Derechos Aeronáuticos','','P',0,'2016-02-05 01:59:54','2016-02-05 01:59:54',NULL),(566,1,'Crédito','PZO-A',83300,'PZO',219939,'2016-02-01','2016-02-04',NULL,40,5,NULL,13317.72,0.00,13317.72,0.00,0.00,13317.72,10080207,NULL,'Facturación por Derechos Aeronáuticos','','P',0,'2016-02-05 02:02:54','2016-02-05 02:02:54',NULL),(567,1,'Crédito','PZO-A',83301,'PZO',219940,'2016-02-01','2016-02-04',NULL,40,5,NULL,4728.00,0.00,4728.00,0.00,0.00,4728.00,10080208,NULL,'Facturación por Derechos Aeronáuticos','','P',0,'2016-02-05 02:05:28','2016-02-05 02:05:28',NULL),(568,1,'Contado','PZO-A',82856,'PZO',219493,'2016-01-13','2016-02-04',NULL,190,5,NULL,233.76,0.00,233.76,0.00,0.00,233.76,10079765,NULL,'Facturación por Derechos Aeronáuticos','','P',0,'2016-02-05 02:06:28','2016-02-05 02:06:28',NULL),(569,1,'Crédito','PZO-A',83302,'PZO',219941,'2016-02-01','2016-02-04',NULL,124,5,NULL,4834.50,0.00,4834.50,0.00,0.00,4834.50,10080209,NULL,'Facturación por Derechos Aeronáuticos','','P',0,'2016-02-05 02:07:48','2016-02-05 02:07:48',NULL),(570,1,'Crédito','PZO-A',83303,'PZO',219942,'2016-02-01','2016-02-04',NULL,124,5,NULL,11930.40,0.00,11930.40,0.00,0.00,11930.40,10080210,NULL,'Facturación por Derechos Aeronáuticos','','P',0,'2016-02-05 02:12:00','2016-02-05 02:12:00',NULL),(571,1,'Crédito','PZO-A',82857,'PZO',219494,'2016-01-13','2016-02-04',NULL,139,5,NULL,328.50,0.00,328.50,0.00,0.00,328.50,10079766,NULL,'Facturación por Derechos Aeronáuticos','','P',0,'2016-02-05 02:12:30','2016-02-05 02:12:30',NULL),(572,1,'Crédito','PZO-A',83304,'PZO',219943,'2016-02-01','2016-02-04',NULL,124,5,NULL,4174.50,0.00,4174.50,0.00,0.00,4174.50,10080211,NULL,'Facturación por Derechos Aeronáuticos','','P',0,'2016-02-05 02:14:33','2016-02-05 02:14:33',NULL),(573,1,'Crédito','PZO-A',83305,'PZO',219944,'2016-02-01','2016-02-04',NULL,139,5,NULL,328.50,0.00,328.50,0.00,0.00,328.50,10080212,NULL,'Facturación por Derechos Aeronáuticos','','P',0,'2016-02-05 02:17:19','2016-02-05 02:17:19',NULL),(574,1,'Crédito','PZO-A',83306,'PZO',219945,'2016-02-01','2016-02-04',NULL,139,5,NULL,328.50,0.00,328.50,0.00,0.00,328.50,10080213,NULL,'Facturación por Derechos Aeronáuticos','','P',0,'2016-02-05 02:21:18','2016-02-05 02:21:18',NULL),(575,1,'Contado','PZO-A',82858,'PZO',219495,'2016-01-13','2016-02-04',NULL,191,5,NULL,1041.00,0.00,1041.00,0.00,0.00,1041.00,10079767,NULL,'Facturación por Derechos Aeronáuticos','','P',0,'2016-02-05 02:22:55','2016-02-05 02:22:55',NULL),(576,1,'Crédito','PZO-A',83307,'PZO',219946,'2016-02-01','2016-02-04',NULL,139,5,NULL,328.50,0.00,328.50,0.00,0.00,328.50,10080214,NULL,'Facturación por Derechos Aeronáuticos','','P',0,'2016-02-05 02:23:03','2016-02-05 02:23:03',NULL),(577,1,'Crédito','PZO-A',83308,'PZO',219947,'2016-02-01','2016-02-04',NULL,139,5,NULL,328.50,0.00,328.50,0.00,0.00,328.50,10080215,NULL,'Facturación por Derechos Aeronáuticos','','P',0,'2016-02-05 02:24:55','2016-02-05 02:24:55',NULL),(578,1,'Contado','PZO-A',82859,'PZO',219496,'2016-01-13','2016-02-04',NULL,162,5,NULL,1168.50,0.00,1168.50,0.00,0.00,1168.50,10079768,NULL,'Facturación por Derechos Aeronáuticos','','P',0,'2016-02-05 02:24:56','2016-02-05 02:24:56',NULL),(579,1,'Crédito','PZO-A',83309,'PZO',219948,'2016-02-01','2016-02-04',NULL,63,5,NULL,792.00,0.00,792.00,0.00,0.00,792.00,10080216,NULL,'Facturación por Derechos Aeronáuticos','','P',0,'2016-02-05 02:28:01','2016-02-05 02:28:01',NULL),(580,1,'Crédito','PZO-A',82860,'PZO',219497,'2016-01-13','2016-02-04',NULL,63,5,NULL,792.00,0.00,792.00,0.00,0.00,792.00,10079769,NULL,'Facturación por Derechos Aeronáuticos','','P',0,'2016-02-05 02:29:00','2016-02-05 02:29:00',NULL),(581,1,'Crédito','PZO-A',83310,'PZO',219949,'2016-02-01','2016-02-04',NULL,63,5,NULL,792.00,0.00,792.00,0.00,0.00,792.00,10080217,NULL,'Facturación por Derechos Aeronáuticos','','P',0,'2016-02-05 02:30:18','2016-02-05 02:30:18',NULL),(582,1,'Crédito','PZO-A',83311,'PZO',219950,'2016-02-01','2016-02-04',NULL,40,5,NULL,4728.00,0.00,4728.00,0.00,0.00,4728.00,10080218,NULL,'Facturación por Derechos Aeronáuticos','','P',0,'2016-02-05 02:33:06','2016-02-05 02:33:06',NULL),(583,1,'Crédito','PZO-A',82861,'PZO',219498,'2016-01-13','2016-02-04',NULL,63,5,NULL,792.00,0.00,792.00,0.00,0.00,792.00,10079770,NULL,'Facturación por Derechos Aeronáuticos','','P',0,'2016-02-05 02:33:13','2016-02-05 02:33:13',NULL),(584,1,'Crédito','PZO-A',83312,'PZO',219951,'2016-02-01','2016-02-04',NULL,40,5,NULL,5281.50,0.00,5281.50,0.00,0.00,5281.50,10080219,NULL,'Facturación por Derechos Aeronáuticos','','P',0,'2016-02-05 02:35:13','2016-02-05 02:35:13',NULL),(585,1,'Contado','PZO-A',82862,'PZO',219499,'2016-01-13','2016-02-04',NULL,17,5,NULL,13912.19,0.00,13912.19,0.00,0.00,13912.19,10079771,NULL,'Facturación por Derechos Aeronáuticos','','P',1,'2016-02-05 02:45:48','2016-02-05 02:46:19',NULL),(586,1,'Crédito','PZO-A',82863,'PZO',219500,'2016-01-13','2016-02-04',NULL,40,5,NULL,5256.84,0.00,5256.84,0.00,0.00,5256.84,10079772,NULL,'Facturación por Derechos Aeronáuticos','','P',0,'2016-02-05 02:50:09','2016-02-05 02:50:09',NULL),(587,1,'Crédito','PZO-A',82864,'PZO',219501,'2016-01-13','2016-02-04',NULL,40,5,NULL,5281.50,0.00,5281.50,0.00,0.00,5281.50,10079773,NULL,'Facturación por Derechos Aeronáuticos','','P',0,'2016-02-05 02:52:06','2016-02-05 02:52:06',NULL),(588,1,'Crédito','PZO-A',82865,'PZO',219502,'2016-01-13','2016-02-04',NULL,124,5,NULL,4051.50,0.00,4051.50,0.00,0.00,4051.50,10079774,NULL,'Facturación por Derechos Aeronáuticos','','P',0,'2016-02-05 02:54:01','2016-02-05 02:54:01',NULL),(589,1,'Contado','PZO-A',82866,'PZO',2019503,'2016-01-14','2016-02-05',NULL,24,5,NULL,3486.72,0.00,3486.72,0.00,0.00,3486.72,10079775,NULL,'Facturación por Derechos Aeronáuticos','','P',0,'2016-02-05 17:39:35','2016-02-05 17:39:35',NULL),(590,1,'Crédito','PZO-A',82867,'PZO',219504,'2016-01-14','2016-02-05',NULL,125,5,NULL,82.50,0.00,82.50,0.00,0.00,82.50,10079776,NULL,'Facturación por Derechos Aeronáuticos','','P',0,'2016-02-05 17:40:57','2016-02-05 17:40:57',NULL),(591,1,'Contado','PZO-A',82868,'PZO',219505,'2016-01-14','2016-02-05',NULL,101,5,NULL,82.50,0.00,82.50,0.00,0.00,82.50,10079777,NULL,'Facturación por Derechos Aeronáuticos','','P',0,'2016-02-05 17:43:36','2016-02-05 17:43:36',NULL),(592,1,'Crédito','PZO-A',82869,'PZO',219506,'2016-01-14','2016-02-05',NULL,13,5,NULL,4728.00,0.00,4728.00,0.00,0.00,4728.00,10079778,NULL,'Facturación por Derechos Aeronáuticos','','P',0,'2016-02-05 17:46:04','2016-02-05 17:46:04',NULL),(593,1,'Crédito','PZO-A',82870,'PZO',219507,'2016-01-14','2016-02-05',NULL,40,5,NULL,14088.72,0.00,14088.72,0.00,0.00,14088.72,10079779,NULL,'Facturación por Derechos Aeronáuticos','','P',0,'2016-02-05 17:48:05','2016-02-05 17:48:05',NULL),(594,1,'Contado','PZO-A',82871,'PZO',219508,'2016-01-14','2016-02-05',NULL,22,5,NULL,451.50,0.00,451.50,0.00,0.00,451.50,10079780,NULL,'Facturación por Derechos Aeronáuticos','','P',0,'2016-02-05 17:50:09','2016-02-05 17:50:09',NULL),(595,1,'Contado','PZO-A',82872,'PZO',219509,'2016-01-14','2016-02-05',NULL,192,5,NULL,913.50,0.00,913.50,0.00,0.00,913.50,10079781,NULL,'Facturación por Derechos Aeronáuticos','','P',0,'2016-02-05 17:57:18','2016-02-05 17:57:18',NULL),(596,1,'Contado','PZO-A',82873,'PZO',219510,'2016-01-14','2016-02-05',NULL,193,5,NULL,3419.90,0.00,3419.90,0.00,0.00,3419.90,10079782,NULL,'Facturación por Derechos Aeronáuticos','','P',1,'2016-02-05 18:04:43','2016-02-05 18:06:38',NULL),(597,1,'Contado','PZO-A',82874,'PZO',219511,'2016-01-14','2016-02-05',NULL,191,5,NULL,4002.24,0.00,4002.24,0.00,0.00,4002.24,10079783,NULL,'Facturación por Derechos Aeronáuticos','','P',0,'2016-02-05 18:17:02','2016-02-05 18:17:02',NULL),(598,1,'Crédito','PZO-A',82875,'PZO',219512,'2016-01-14','2016-02-05',NULL,124,5,NULL,12947.10,0.00,12947.10,0.00,0.00,12947.10,10079784,NULL,'Facturación por Derechos Aeronáuticos','','P',0,'2016-02-05 18:24:42','2016-02-05 18:24:42',NULL),(599,1,'Crédito','PZO-A',82876,'PZO',219513,'2016-01-14','2016-02-05',NULL,124,5,NULL,4051.50,0.00,4051.50,0.00,0.00,4051.50,10079785,NULL,'Facturación por Derechos Aeronáuticos','','P',0,'2016-02-05 18:28:25','2016-02-05 18:28:25',NULL),(600,1,'Crédito','PZO-A',82877,'PZO',219514,'2016-01-14','2016-02-05',NULL,40,5,NULL,5220.00,0.00,5220.00,0.00,0.00,5220.00,10079786,NULL,'Facturación por Derechos Aeronáuticos','','P',0,'2016-02-05 18:30:25','2016-02-05 18:30:25',NULL),(601,1,'Crédito','PZO-A',82878,'PZO',219515,'2016-01-14','2016-02-05',NULL,139,5,NULL,328.50,0.00,328.50,0.00,0.00,328.50,10079787,NULL,'Facturación por Derechos Aeronáuticos','','P',0,'2016-02-05 18:32:13','2016-02-05 18:32:13',NULL),(602,1,'Crédito','PZO-A',82879,'PZO',219516,'2016-01-14','2016-02-05',NULL,139,5,NULL,328.50,0.00,328.50,0.00,0.00,328.50,10079788,NULL,'Facturación por Derechos Aeronáuticos','','P',0,'2016-02-05 18:34:04','2016-02-05 18:34:04',NULL),(603,1,'Contado','PZO-A',82880,'PZO',219517,'2016-01-14','2016-02-05',NULL,160,5,NULL,7238.76,0.00,7238.76,0.00,0.00,7238.76,10079789,NULL,'Facturación por Derechos Aeronáuticos','','P',0,'2016-02-05 18:35:47','2016-02-05 18:35:47',NULL),(604,1,'Contado','PZO-A',82881,'PZO',219518,'2016-01-14','2016-02-05',NULL,191,5,NULL,1041.00,0.00,1041.00,0.00,0.00,1041.00,10079790,NULL,'Facturación por Derechos Aeronáuticos','','C',1,'2016-02-05 18:37:48','2016-02-11 01:17:36',NULL),(605,1,'Crédito','PZO-A',82882,'PZO',219519,'2016-01-14','2016-02-05',NULL,63,5,NULL,792.00,0.00,792.00,0.00,0.00,792.00,10079791,NULL,'Facturación por Derechos Aeronáuticos','','P',0,'2016-02-05 18:45:25','2016-02-05 18:45:25',NULL),(606,1,'Crédito','PZO-A',82883,'PZO',219520,'2016-01-14','2016-02-05',NULL,63,5,NULL,792.00,0.00,792.00,0.00,0.00,792.00,10079792,NULL,'Facturación por Derechos Aeronáuticos','','P',0,'2016-02-05 18:48:43','2016-02-05 18:48:43',NULL),(607,1,'Contado','PZO-A',82884,'PZO',219521,'2016-01-14','2016-02-05',NULL,167,5,NULL,451.50,0.00,451.50,0.00,0.00,451.50,10079793,NULL,'Facturación por Derechos Aeronáuticos','','P',0,'2016-02-05 18:53:44','2016-02-05 18:53:44',NULL),(608,1,'Crédito','PZO-A',82885,'PZO',219523,'2016-01-14','2016-02-05',NULL,12,5,NULL,602.76,0.00,602.76,0.00,0.00,602.76,10079794,NULL,'Facturación por Derechos Aeronáuticos','','P',0,'2016-02-05 18:56:23','2016-02-05 18:56:23',NULL),(609,1,'Contado','PZO-A',82886,'PZO',219524,'2016-01-14','2016-02-05',NULL,181,5,NULL,11890.80,0.00,11890.80,0.00,0.00,11890.80,10079795,NULL,'Facturación por Derechos Aeronáuticos','','P',0,'2016-02-05 19:02:49','2016-02-05 19:02:49',NULL),(610,1,'Contado','PZO-A',82887,'PZO',219525,'2016-01-14','2016-02-05',NULL,194,5,NULL,1258.50,0.00,1258.50,0.00,0.00,1258.50,10079796,NULL,'Facturación por Derechos Aeronáuticos','','P',0,'2016-02-05 19:09:00','2016-02-05 19:09:00',NULL),(611,1,'Contado','PZO-A',82888,'PZO',219526,'2016-01-14','2016-02-05',NULL,160,5,NULL,829.50,0.00,829.50,0.00,0.00,829.50,10079797,NULL,'Facturación por Derechos Aeronáuticos','','P',0,'2016-02-05 19:11:07','2016-02-05 19:11:07',NULL),(612,1,'Crédito','PZO-A',82889,'PZO',219527,'2016-01-14','2016-02-05',NULL,40,5,NULL,5220.00,0.00,5220.00,0.00,0.00,5220.00,10079798,NULL,'Facturación por Derechos Aeronáuticos','','P',0,'2016-02-05 19:12:59','2016-02-05 19:12:59',NULL),(613,1,'Crédito','PZO-A',82890,'PZO',219528,'2016-01-14','2016-02-05',NULL,40,5,NULL,4728.00,0.00,4728.00,0.00,0.00,4728.00,10079799,NULL,'Facturación por Derechos Aeronáuticos','','P',0,'2016-02-05 19:14:53','2016-02-05 19:14:53',NULL),(614,1,'Contado','PZO-A',82891,'PZO',219529,'2016-01-15','2016-02-05',NULL,150,5,NULL,1394.34,0.00,1394.34,0.00,0.00,1394.34,10079800,NULL,'Facturación por Derechos Aeronáuticos','','P',0,'2016-02-06 00:32:47','2016-02-06 00:32:47',NULL),(615,1,'Crédito','PZO-A',82892,'PZO',219530,'2016-01-15','2016-02-05',NULL,40,5,NULL,10967.88,0.00,10967.88,0.00,0.00,10967.88,10079801,NULL,'Facturación por Derechos Aeronáuticos','','P',0,'2016-02-06 00:38:42','2016-02-06 00:38:42',NULL),(616,1,'Crédito','PZO-A',82893,'PZO',219531,'2016-01-15','2016-02-05',NULL,45,5,NULL,9026.46,0.00,9026.46,0.00,0.00,9026.46,10079802,NULL,'Facturación por Derechos Aeronáuticos','','P',0,'2016-02-06 00:42:49','2016-02-06 00:42:49',NULL),(617,1,'Crédito','PZO-A',82894,'PZO',219532,'2016-01-15','2016-02-05',NULL,45,5,NULL,8079.12,0.00,8079.12,0.00,0.00,8079.12,10079803,NULL,'Facturación por Derechos Aeronáuticos','','P',0,'2016-02-06 00:45:13','2016-02-06 00:45:13',NULL),(618,1,'Crédito','PZO-A',82895,'PZO',219533,'2016-01-15','2016-02-05',NULL,45,5,NULL,9621.12,0.00,9621.12,0.00,0.00,9621.12,10079804,NULL,'Facturación por Derechos Aeronáuticos','','P',0,'2016-02-06 00:47:23','2016-02-06 00:47:23',NULL),(619,1,'Crédito','PZO-A',82896,'PZO',219534,'2016-01-15','2016-02-05',NULL,45,5,NULL,8079.12,0.00,8079.12,0.00,0.00,8079.12,10079805,NULL,'Facturación por Derechos Aeronáuticos','','P',0,'2016-02-06 00:56:16','2016-02-06 00:56:16',NULL),(620,1,'Contado','PZO-A',82897,'PZO',219535,'2016-01-15','2016-02-05',NULL,101,5,NULL,82.50,0.00,82.50,0.00,0.00,82.50,10079806,NULL,'Facturación por Derechos Aeronáuticos','','P',0,'2016-02-06 00:58:30','2016-02-06 00:58:30',NULL),(621,1,'Crédito','PZO-A',82898,'PZO',219536,'2016-01-15','2016-02-05',NULL,45,5,NULL,10215.78,0.00,10215.78,0.00,0.00,10215.78,10079807,NULL,'Facturación por Derechos Aeronáuticos','','P',0,'2016-02-06 01:05:07','2016-02-06 01:05:07',NULL),(622,1,'Crédito','PZO-A',82899,'PZO',219537,'2016-01-15','2016-02-05',NULL,13,5,NULL,4834.50,0.00,4834.50,0.00,0.00,4834.50,10079808,NULL,'Facturación por Derechos Aeronáuticos','','P',0,'2016-02-06 01:07:44','2016-02-06 01:07:44',NULL),(623,1,'Crédito','PZO-A',82900,'PZO',219538,'2016-01-15','2016-02-05',NULL,13,5,NULL,4728.00,0.00,4728.00,0.00,0.00,4728.00,10079809,NULL,'Facturación por Derechos Aeronáuticos','','P',0,'2016-02-06 01:09:39','2016-02-06 01:09:39',NULL),(624,1,'Contado','PZO-A',82901,'PZO',219539,'2016-01-15','2016-02-05',NULL,177,5,NULL,390.00,0.00,390.00,0.00,0.00,390.00,10079810,NULL,'Facturación por Derechos Aeronáuticos','','P',0,'2016-02-06 01:11:35','2016-02-06 01:11:35',NULL),(625,1,'Contado','PZO-A',82902,'PZO',219540,'2016-01-15','2016-02-05',NULL,193,5,NULL,3684.77,0.00,3684.77,0.00,0.00,3684.77,10079811,NULL,'Facturación por Derechos Aeronáuticos','','P',0,'2016-02-06 01:17:49','2016-02-06 01:17:49',NULL),(626,1,'Contado','PZO-A',82903,'PZO',219541,'2016-01-15','2016-02-05',NULL,99,5,NULL,861.24,0.00,861.24,0.00,0.00,861.24,10079812,NULL,'Facturación por Derechos Aeronáuticos','','P',0,'2016-02-06 01:23:17','2016-02-06 01:23:17',NULL),(627,1,'Crédito','PZO-A',82904,'PZO',219542,'2016-01-15','2016-02-05',NULL,139,5,NULL,328.50,0.00,328.50,0.00,0.00,328.50,10079813,NULL,'Facturación por Derechos Aeronáuticos','','P',0,'2016-02-06 01:31:34','2016-02-06 01:31:34',NULL),(628,1,'Contado','PZO-A',82905,'PZO',219543,'2016-01-15','2016-02-05',NULL,195,5,NULL,2179.38,0.00,2179.38,0.00,0.00,2179.38,10079814,NULL,'Facturación por Derechos Aeronáuticos','','P',0,'2016-02-06 01:38:38','2016-02-06 01:38:38',NULL),(629,1,'Contado','PZO-A',82906,'PZO',219544,'2016-01-15','2016-02-05',NULL,196,5,NULL,1566.84,0.00,1566.84,0.00,0.00,1566.84,10079815,NULL,'Facturación por Derechos Aeronáuticos','','P',0,'2016-02-06 02:37:44','2016-02-06 02:37:44',NULL),(630,1,'Contado','PZO-A',82907,'PZO',219545,'2016-01-15','2016-02-05',NULL,197,5,NULL,144.00,0.00,144.00,0.00,0.00,144.00,10079816,NULL,'Facturación por Derechos Aeronáuticos','','P',0,'2016-02-06 02:46:35','2016-02-06 02:46:35',NULL),(631,1,'Crédito','PZO-A',82908,'PZO',219546,'2016-01-15','2016-02-05',NULL,124,5,NULL,4051.50,0.00,4051.50,0.00,0.00,4051.50,10079817,NULL,'Facturación por Derechos Aeronáuticos','','P',0,'2016-02-06 02:50:35','2016-02-06 02:50:35',NULL),(632,1,'Crédito','PZO-A',82909,'PZO',219547,'2016-01-15','2016-02-05',NULL,124,5,NULL,11930.40,0.00,11930.40,0.00,0.00,11930.40,10079818,NULL,'Facturación por Derechos Aeronáuticos','','P',0,'2016-02-06 02:53:34','2016-02-06 02:53:34',NULL),(633,1,'Crédito','PZO-A',82910,'PZO',219548,'2016-01-15','2016-02-05',NULL,124,5,NULL,4051.50,0.00,4051.50,0.00,0.00,4051.50,10079819,NULL,'Facturación por Derechos Aeronáuticos','','P',0,'2016-02-06 02:55:48','2016-02-06 02:55:48',NULL),(634,1,'Crédito','PZO-A',82911,'PZO',219549,'2016-01-15','2016-02-05',NULL,63,5,NULL,792.00,0.00,792.00,0.00,0.00,792.00,10079820,NULL,'Facturación por Derechos Aeronáuticos','','P',0,'2016-02-06 03:13:58','2016-02-06 03:13:58',NULL),(635,1,'Crédito','PZO-A',82912,'PZO',219550,'2016-01-15','2016-02-05',NULL,63,5,NULL,792.00,0.00,792.00,0.00,0.00,792.00,10079821,NULL,'Facturación por Derechos Aeronáuticos','','P',0,'2016-02-06 03:20:42','2016-02-06 03:20:42',NULL),(636,1,'Crédito','PZO-A',82913,'PZO',219551,'2016-01-15','2016-02-05',NULL,40,5,NULL,5220.00,0.00,5220.00,0.00,0.00,5220.00,10079822,NULL,'Facturación por Derechos Aeronáuticos','','P',0,'2016-02-06 03:23:46','2016-02-06 03:23:46',NULL),(637,1,'Crédito','PZO-A',82914,'PZO',219552,'2016-01-15','2016-02-05',NULL,40,5,NULL,4449.00,0.00,4449.00,0.00,0.00,4449.00,10079823,NULL,'Facturación por Derechos Aeronáuticos','','P',0,'2016-02-06 03:27:55','2016-02-06 03:27:55',NULL),(638,1,'Crédito','PZO-A',82915,'PZO',219553,'2016-01-15','2016-02-05',NULL,40,5,NULL,4728.00,0.00,4728.00,0.00,0.00,4728.00,10079824,NULL,'Facturación por Derechos Aeronáuticos','','P',0,'2016-02-06 03:30:28','2016-02-06 03:30:28',NULL),(639,1,'Contado','PZO-A',82916,'PZO',219554,'2016-01-16','2016-02-06',NULL,106,5,NULL,451.50,0.00,451.50,0.00,0.00,451.50,10079825,NULL,'Facturación por Derechos Aeronáuticos','','P',0,'2016-02-06 22:53:39','2016-02-06 22:53:39',NULL),(640,1,'Crédito','PZO-A',82917,'PZO',219555,'2016-01-16','2016-02-06',NULL,13,5,NULL,4834.50,0.00,4834.50,0.00,0.00,4834.50,10079826,NULL,'Facturación por Derechos Aeronáuticos','','P',0,'2016-02-06 22:57:02','2016-02-06 22:57:02',NULL),(641,1,'Crédito','PZO-A',82918,'PZO',219556,'2016-01-16','2016-02-06',NULL,13,5,NULL,4728.00,0.00,4728.00,0.00,0.00,4728.00,10079827,NULL,'Facturación por Derechos Aeronáuticos','','P',0,'2016-02-06 23:42:43','2016-02-06 23:42:43',NULL),(642,1,'Crédito','PZO-A',82919,'PZO',219557,'2016-01-16','2016-02-06',NULL,40,5,NULL,13317.72,0.00,13317.72,0.00,0.00,13317.72,10079828,NULL,'Facturación por Derechos Aeronáuticos','','P',0,'2016-02-06 23:46:28','2016-02-06 23:46:28',NULL),(643,1,'Contado','PZO-A',82920,'PZO',219558,'2016-01-16','2016-02-06',NULL,101,5,NULL,82.50,0.00,82.50,0.00,0.00,82.50,10079829,NULL,'Facturación por Derechos Aeronáuticos','','P',0,'2016-02-06 23:48:59','2016-02-06 23:48:59',NULL),(644,1,'Contado','PZO-A',82921,'PZO',219559,'2016-01-16','2016-02-06',NULL,198,5,NULL,1674.90,0.00,1674.90,0.00,0.00,1674.90,10079830,NULL,'Facturación por Derechos Aeronáuticos','','P',0,'2016-02-06 23:56:30','2016-02-06 23:56:30',NULL),(645,1,'Contado','PZO-A',82922,'PZO',219560,'2016-01-16','2016-02-06',NULL,174,5,NULL,793.92,0.00,793.92,0.00,0.00,793.92,10079831,NULL,'Facturación por Derechos Aeronáuticos','','P',0,'2016-02-07 00:01:38','2016-02-07 00:01:38',NULL),(646,1,'Crédito','PZO-A',82923,'PZO',219561,'2016-01-16','2016-02-06',NULL,40,5,NULL,5220.00,0.00,5220.00,0.00,0.00,5220.00,10079832,NULL,'Facturación por Derechos Aeronáuticos','','P',1,'2016-02-07 00:04:03','2016-02-07 00:06:09',NULL),(647,1,'Contado','PZO-A',82924,'PZO',219562,'2016-01-16','2016-02-06',NULL,150,5,NULL,144.00,0.00,144.00,0.00,0.00,144.00,10079833,NULL,'Facturación por Derechos Aeronáuticos','','P',0,'2016-02-07 00:09:08','2016-02-07 00:09:08',NULL),(648,1,'Contado','PZO-A',82925,'PZO',219563,'2016-01-16','2016-02-06',NULL,178,5,NULL,144.00,0.00,144.00,0.00,0.00,144.00,10079834,NULL,'Facturación por Derechos Aeronáuticos','','P',0,'2016-02-07 00:12:13','2016-02-07 00:12:13',NULL),(649,1,'Crédito','PZO-A',82927,'PZO',219565,'2016-01-16','2016-02-06',NULL,40,5,NULL,5220.00,0.00,5220.00,0.00,0.00,5220.00,10079836,NULL,'Facturación por Derechos Aeronáuticos','','P',0,'2016-02-07 00:59:37','2016-02-07 00:59:37',NULL),(650,1,'Crédito','PZO-A',82928,'PZO',219566,'2016-01-16','2016-02-06',NULL,40,5,NULL,5281.50,0.00,5281.50,0.00,0.00,5281.50,10079837,NULL,'Facturación por Derechos Aeronáuticos','','P',0,'2016-02-07 01:02:23','2016-02-07 01:02:23',NULL),(651,1,'Crédito','PZO-A',82929,'PZO',219567,'2016-01-16','2016-02-06',NULL,124,5,NULL,4051.50,0.00,4051.50,0.00,0.00,4051.50,10079838,NULL,'Facturación por Derechos Aeronáuticos','','P',0,'2016-02-07 01:05:16','2016-02-07 01:05:16',NULL),(652,1,'Crédito','PZO-A',82930,'PZO',219568,'2016-01-16','2016-02-06',NULL,124,5,NULL,4834.50,0.00,4834.50,0.00,0.00,4834.50,10079839,NULL,'Facturación por Derechos Aeronáuticos','','P',0,'2016-02-07 01:08:54','2016-02-07 01:08:54',NULL),(653,1,'Crédito','PZO-A',82931,'PZO',219569,'2016-01-16','2016-02-06',NULL,124,5,NULL,9617.40,0.00,9617.40,0.00,0.00,9617.40,10079840,NULL,'Facturación por Derechos Aeronáuticos','','P',0,'2016-02-07 01:10:55','2016-02-07 01:10:55',NULL),(654,1,'Crédito','PZO-A',82932,'PZO',219570,'2016-01-16','2016-02-06',NULL,124,5,NULL,4051.50,0.00,4051.50,0.00,0.00,4051.50,10079841,NULL,'Facturación por Derechos Aeronáuticos','','P',0,'2016-02-07 01:13:03','2016-02-07 01:13:03',NULL),(655,1,'Crédito','PZO-A',82933,'PZO',219571,'2016-01-16','2016-02-06',NULL,63,5,NULL,792.00,0.00,792.00,0.00,0.00,792.00,10079842,NULL,'Facturación por Derechos Aeronáuticos','','P',0,'2016-02-07 01:16:09','2016-02-07 01:16:09',NULL),(656,1,'Crédito','PZO-A',82934,'PZO',219572,'2016-01-16','2016-02-06',NULL,63,5,NULL,792.00,0.00,792.00,0.00,0.00,792.00,10079843,NULL,'Facturación por Derechos Aeronáuticos','','P',0,'2016-02-07 01:18:12','2016-02-07 01:18:12',NULL),(657,1,'Contado','PZO-A',82935,'PZO',219573,'2016-01-17','2016-02-06',NULL,116,5,NULL,786.00,0.00,786.00,0.00,0.00,786.00,10079844,NULL,'Facturación por Derechos Aeronáuticos','','P',0,'2016-02-07 01:25:44','2016-02-07 01:25:44',NULL),(658,1,'Crédito','PZO-A',82936,'PZO',219574,'2016-01-17','2016-02-06',NULL,125,5,NULL,82.50,0.00,82.50,0.00,0.00,82.50,10079845,NULL,'Facturación por Derechos Aeronáuticos','','P',0,'2016-02-07 01:28:47','2016-02-07 01:28:47',NULL),(659,1,'Contado','PZO-A',82937,'PZO',219575,'2016-01-17','2016-02-06',NULL,54,5,NULL,144.00,0.00,144.00,0.00,0.00,144.00,10079846,NULL,'Facturación por Derechos Aeronáuticos','','P',0,'2016-02-07 01:31:00','2016-02-07 01:31:00',NULL),(660,1,'Crédito','PZO-A',82938,'PZO',219576,'2016-01-17','2016-02-06',NULL,40,5,NULL,13447.80,0.00,13447.80,0.00,0.00,13447.80,10079847,NULL,'Facturación por Derechos Aeronáuticos','','P',0,'2016-02-07 01:33:39','2016-02-07 01:33:39',NULL),(661,1,'Crédito','PZO-A',82939,'PZO',219577,'2016-01-17','2016-02-06',NULL,40,5,NULL,5281.50,0.00,5281.50,0.00,0.00,5281.50,10079848,NULL,'Facturación por Derechos Aeronáuticos','','P',0,'2016-02-07 01:36:40','2016-02-07 01:36:40',NULL),(662,1,'Crédito','PZO-A',82940,'PZO',219578,'2016-01-17','2016-02-06',NULL,124,5,NULL,12770.76,0.00,12770.76,0.00,0.00,12770.76,10079849,NULL,'Facturación por Derechos Aeronáuticos','','P',0,'2016-02-07 01:38:39','2016-02-07 01:38:39',NULL),(663,1,'Crédito','PZO-A',82941,'PZO',219579,'2016-01-17','2016-02-06',NULL,124,5,NULL,4051.50,0.00,4051.50,0.00,0.00,4051.50,10079850,NULL,'Facturación por Derechos Aeronáuticos','','P',0,'2016-02-07 01:59:13','2016-02-07 01:59:13',NULL),(664,1,'Contado','PZO-A',82942,'PZO',219580,'2016-01-17','2016-02-06',NULL,17,5,NULL,384.60,0.00,384.60,0.00,0.00,384.60,10079851,NULL,'Facturación por Derechos Aeronáuticos','','P',0,'2016-02-07 02:02:05','2016-02-07 02:02:05',NULL),(665,1,'Contado','PZO-A',82943,'PZO',219581,'2016-01-17','2016-02-06',NULL,106,5,NULL,535.50,0.00,535.50,0.00,0.00,535.50,10079852,NULL,'Facturación por Derechos Aeronáuticos','','P',0,'2016-02-07 02:10:53','2016-02-07 02:10:53',NULL),(666,1,'Crédito','PZO-A',82944,'PZO',219582,'2016-01-17','2016-02-06',NULL,63,5,NULL,792.00,0.00,792.00,0.00,0.00,792.00,10079853,NULL,'Facturación por Derechos Aeronáuticos','','P',0,'2016-02-07 02:13:21','2016-02-07 02:13:21',NULL),(667,1,'Crédito','PZO-A',82945,'PZO',219583,'2016-01-17','2016-02-06',NULL,63,5,NULL,792.00,0.00,792.00,0.00,0.00,792.00,10079854,NULL,'Facturación por Derechos Aeronáuticos','','P',0,'2016-02-07 02:16:38','2016-02-07 02:16:38',NULL),(668,1,'Contado','PZO-A',82946,'PZO',219584,'2016-01-17','2016-02-06',NULL,199,5,NULL,1296.00,0.00,1296.00,0.00,0.00,1296.00,10079855,NULL,'Facturación por Derechos Aeronáuticos','','P',0,'2016-02-07 02:40:13','2016-02-07 02:40:13',NULL),(669,1,'Contado','PZO-A',82947,'PZO',219585,'2016-01-17','2016-02-06',NULL,200,5,NULL,1296.00,0.00,1296.00,0.00,0.00,1296.00,10079856,NULL,'Facturación por Derechos Aeronáuticos','','P',0,'2016-02-07 02:44:43','2016-02-07 02:44:43',NULL),(670,1,'Crédito','PZO-A',82948,'PZO',219586,'2016-01-17','2016-02-06',NULL,40,5,NULL,5220.00,0.00,5220.00,0.00,0.00,5220.00,10079857,NULL,'Facturación por Derechos Aeronáuticos','','P',0,'2016-02-07 02:46:50','2016-02-07 02:46:50',NULL),(671,1,'Crédito','PZO-A',82949,'PZO',219587,'2016-01-17','2016-02-06',NULL,40,5,NULL,4728.00,0.00,4728.00,0.00,0.00,4728.00,10079858,NULL,'Facturación por Derechos Aeronáuticos','','P',0,'2016-02-07 02:48:42','2016-02-07 02:48:42',NULL),(672,1,'Crédito','PZO-A',82950,'PZO',219588,'2016-01-18','2016-02-06',NULL,125,5,NULL,82.50,0.00,82.50,0.00,0.00,82.50,10079859,NULL,'Facturación por Derechos Aeronáuticos','','P',0,'2016-02-07 02:51:53','2016-02-07 02:51:53',NULL),(673,1,'Contado','PZO-A',82951,'PZO',219589,'2016-01-18','2016-02-06',NULL,101,5,NULL,82.50,0.00,82.50,0.00,0.00,82.50,10079860,NULL,'Facturación por Derechos Aeronáuticos','','P',0,'2016-02-07 02:56:30','2016-02-07 02:56:30',NULL),(674,1,'Crédito','PZO-A',82952,'PZO',219590,'2016-01-18','2016-02-06',NULL,40,5,NULL,13317.72,0.00,13317.72,0.00,0.00,13317.72,10079861,NULL,'Facturación por Derechos Aeronáuticos','','P',0,'2016-02-07 02:58:55','2016-02-07 02:58:55',NULL),(675,1,'Contado','PZO-A',82953,'PZO',219591,'2016-01-18','2016-02-06',NULL,22,5,NULL,451.50,0.00,451.50,0.00,0.00,451.50,10079862,NULL,'Facturación por Derechos Aeronáuticos','','P',0,'2016-02-07 03:01:42','2016-02-07 03:01:42',NULL),(676,1,'Crédito','PZO-A',82954,'PZO',219592,'2016-01-18','2016-02-06',NULL,13,5,NULL,4834.50,0.00,4834.50,0.00,0.00,4834.50,10079863,NULL,'Facturación por Derechos Aeronáuticos','','P',0,'2016-02-07 03:05:36','2016-02-07 03:05:36',NULL),(677,1,'Crédito','PZO-A',82955,'PZO',219593,'2016-01-18','2016-02-06',NULL,13,5,NULL,4605.00,0.00,4605.00,0.00,0.00,4605.00,10079864,NULL,'Facturación por Derechos Aeronáuticos','','P',0,'2016-02-07 03:10:02','2016-02-07 03:10:02',NULL),(678,1,'Contado','PZO-A',82956,'PZO',219594,'2016-01-18','2016-02-06',NULL,201,5,NULL,609.00,0.00,609.00,0.00,0.00,609.00,10079865,NULL,'Facturación por Derechos Aeronáuticos','','P',0,'2016-02-07 03:16:29','2016-02-07 03:16:29',NULL),(679,1,'Contado','PZO-A',82957,'PZO',219595,'2016-01-18','2016-02-06',NULL,202,5,NULL,765.66,0.00,765.66,0.00,0.00,765.66,10079866,NULL,'Facturación por Derechos Aeronáuticos','','P',0,'2016-02-07 03:21:30','2016-02-07 03:21:30',NULL),(680,1,'Crédito','PZO-A',82958,'PZO',219596,'2016-01-18','2016-02-06',NULL,124,5,NULL,4687.50,0.00,4687.50,0.00,0.00,4687.50,10079867,NULL,'Facturación por Derechos Aeronáuticos','','P',0,'2016-02-07 03:23:36','2016-02-07 03:23:36',NULL),(681,1,'Crédito','PZO-A',82959,'PZO',219597,'2016-01-18','2016-02-06',NULL,124,5,NULL,12352.44,0.00,12352.44,0.00,0.00,12352.44,10079868,NULL,'Facturación por Derechos Aeronáuticos','','P',0,'2016-02-07 03:28:51','2016-02-07 03:28:51',NULL),(682,1,'Contado','PZO-A',82960,'PZO',219598,'2016-01-18','2016-02-06',NULL,32,5,NULL,451.50,0.00,451.50,0.00,0.00,451.50,10079869,NULL,'Facturación por Derechos Aeronáuticos','','P',0,'2016-02-07 03:31:13','2016-02-07 03:31:13',NULL),(683,1,'Contado','PZO-A',82962,'PZO',219600,'2016-01-18','2016-02-06',NULL,203,5,NULL,7485.83,0.00,7485.83,0.00,0.00,7485.83,10079871,NULL,'Facturación por Derechos Aeronáuticos','','P',0,'2016-02-07 03:40:24','2016-02-07 03:40:24',NULL),(684,1,'Crédito','PZO-A',82963,'PZO',219601,'2016-01-18','2016-02-07',NULL,124,5,NULL,4051.50,0.00,4051.50,0.00,0.00,4051.50,10079872,NULL,'Facturación por Derechos Aeronáuticos','','P',0,'2016-02-07 04:43:42','2016-02-07 04:43:42',NULL),(685,1,'Crédito','PZO-A',82964,'PZO',219602,'2016-01-18','2016-02-07',NULL,40,5,NULL,5220.00,0.00,5220.00,0.00,0.00,5220.00,10079873,NULL,'Facturación por Derechos Aeronáuticos','','P',0,'2016-02-07 04:46:14','2016-02-07 04:46:14',NULL),(686,1,'Contado','PZO-A',82965,'PZO',219603,'2016-01-18','2016-02-07',NULL,193,5,NULL,7392.95,0.00,7392.95,0.00,0.00,7392.95,10079874,NULL,'Facturación por Derechos Aeronáuticos','','P',0,'2016-02-07 04:51:31','2016-02-07 04:51:31',NULL),(687,1,'Crédito','PZO-A',82966,'PZO',219604,'2016-01-18','2016-02-07',NULL,45,5,NULL,10702.80,0.00,10702.80,0.00,0.00,10702.80,10079875,NULL,'Facturación por Derechos Aeronáuticos','','P',0,'2016-02-07 05:05:45','2016-02-07 05:05:45',NULL),(688,1,'Contado','PZO-A',82967,'PZO',219605,'2016-01-18','2016-02-07',NULL,54,5,NULL,144.00,0.00,144.00,0.00,0.00,144.00,10079876,NULL,'Facturación por Derechos Aeronáuticos','','P',1,'2016-02-07 05:15:34','2016-02-07 05:17:53',NULL),(689,1,'Crédito','PZO-A',82968,'PZO',219606,'2016-01-18','2016-02-07',NULL,139,5,NULL,328.50,0.00,328.50,0.00,0.00,328.50,10079877,NULL,'Facturación por Derechos Aeronáuticos','','P',0,'2016-02-07 05:20:18','2016-02-07 05:20:18',NULL),(690,1,'Crédito','PZO-A',82969,'PZO',219607,'2016-01-18','2016-02-07',NULL,139,5,NULL,328.50,0.00,328.50,0.00,0.00,328.50,10079878,NULL,'Facturación por Derechos Aeronáuticos','','P',0,'2016-02-07 05:22:48','2016-02-07 05:22:48',NULL),(691,1,'Crédito','PZO-A',82970,'PZO',219608,'2016-01-18','2016-02-07',NULL,139,5,NULL,328.50,0.00,328.50,0.00,0.00,328.50,10079879,NULL,'Facturación por Derechos Aeronáuticos','','P',0,'2016-02-07 05:25:06','2016-02-07 05:25:06',NULL),(692,1,'Crédito','PZO-A',82971,'PZO',219609,'2016-01-18','2016-02-07',NULL,139,5,NULL,328.50,0.00,328.50,0.00,0.00,328.50,10079880,NULL,'Facturación por Derechos Aeronáuticos','','P',0,'2016-02-07 05:28:45','2016-02-07 05:28:45',NULL),(693,1,'Crédito','PZO-A',82972,'PZO',219610,'2016-01-18','2016-02-07',NULL,139,5,NULL,328.50,0.00,328.50,0.00,0.00,328.50,10079881,NULL,'Facturación por Derechos Aeronáuticos','','P',0,'2016-02-07 05:36:11','2016-02-07 05:36:11',NULL),(694,1,'Crédito','PZO-A',82973,'PZO',219611,'2016-01-18','2016-02-07',NULL,40,5,NULL,4449.00,0.00,4449.00,0.00,0.00,4449.00,10079882,NULL,'Facturación por Derechos Aeronáuticos','','P',0,'2016-02-07 05:38:53','2016-02-07 05:38:53',NULL),(695,1,'Crédito','PZO-A',82974,'PZO',219612,'2016-01-18','2016-02-07',NULL,40,5,NULL,5281.50,0.00,5281.50,0.00,0.00,5281.50,10079883,NULL,'Facturación por Derechos Aeronáuticos','','P',0,'2016-02-07 05:43:21','2016-02-07 05:43:21',NULL),(696,1,'Crédito','PZO-A',82975,'PZO',219613,'2016-01-18','2016-02-07',NULL,63,5,NULL,792.00,0.00,792.00,0.00,0.00,792.00,10079884,NULL,'Facturación por Derechos Aeronáuticos','','P',0,'2016-02-07 05:45:44','2016-02-07 05:45:44',NULL),(697,1,'Crédito','PZO-A',82976,'PZO',219614,'2016-01-18','2016-02-07',NULL,63,5,NULL,792.00,0.00,792.00,0.00,0.00,792.00,10079885,NULL,'Facturación por Derechos Aeronáuticos','','P',0,'2016-02-07 05:47:50','2016-02-07 05:47:50',NULL),(698,1,'Contado','PZO-A',82977,'PZO',219615,'2016-01-18','2016-02-07',NULL,160,5,NULL,829.50,0.00,829.50,0.00,0.00,829.50,10079886,NULL,'Facturación por Derechos Aeronáuticos','','P',0,'2016-02-07 05:49:35','2016-02-07 05:49:35',NULL),(699,1,'Crédito','PZO-A',83313,'PZO',219952,'2016-02-02','2016-02-07',NULL,45,5,NULL,8673.78,0.00,8673.78,0.00,0.00,8673.78,10080220,NULL,'Facturación por Derechos Aeronáuticos','','P',1,'2016-02-07 15:52:47','2016-02-07 15:58:16',NULL),(700,1,'Contado','PZO-A',83314,'PZO',219953,'2016-02-02','2016-02-07',NULL,54,5,NULL,144.00,0.00,144.00,0.00,0.00,144.00,10080221,NULL,'Facturación por Derechos Aeronáuticos','','P',0,'2016-02-07 15:58:49','2016-02-07 15:58:49',NULL),(701,1,'Contado','PZO-A',83315,'PZO',219954,'2016-02-02','2016-02-07',NULL,195,5,NULL,1713.60,0.00,1713.60,0.00,0.00,1713.60,10080222,NULL,'Facturación por Derechos Aeronáuticos','','P',0,'2016-02-07 16:22:16','2016-02-07 16:22:16',NULL),(702,1,'Crédito','PZO-A',83316,'PZO',219955,'2016-02-02','2016-02-07',NULL,12,5,NULL,513.00,0.00,513.00,0.00,0.00,513.00,10080223,NULL,'Facturación por Derechos Aeronáuticos','','P',1,'2016-02-07 16:27:27','2016-02-07 16:27:39',NULL),(703,1,'Crédito','PZO-A',83317,'PZO',219956,'2016-02-02','2016-02-07',NULL,13,5,NULL,4728.00,0.00,4728.00,0.00,0.00,4728.00,10080224,NULL,'Facturación por Derechos Aeronáuticos','','P',0,'2016-02-07 16:30:05','2016-02-07 16:30:05',NULL),(704,1,'Contado','PZO-A',83318,'PZO',219957,'2016-02-02','2016-02-07',NULL,204,5,NULL,390.00,0.00,390.00,0.00,0.00,390.00,10080225,NULL,'Facturación por Derechos Aeronáuticos','','P',1,'2016-02-07 16:37:31','2016-02-07 16:40:43',NULL),(705,1,'Crédito','PZO-A',83320,'PZO',219959,'2016-02-02','2016-02-07',NULL,124,5,NULL,3403.50,0.00,3403.50,0.00,0.00,3403.50,10080227,NULL,'Facturación por Derechos Aeronáuticos','','P',0,'2016-02-07 16:40:31','2016-02-07 16:40:31',NULL),(706,1,'Crédito','PZO-A',83321,'PZO',219960,'2016-02-02','2016-02-07',NULL,124,5,NULL,11159.40,0.00,11159.40,0.00,0.00,11159.40,10080228,NULL,'Facturación por Derechos Aeronáuticos','','P',0,'2016-02-07 16:44:34','2016-02-07 16:44:34',NULL),(707,1,'Crédito','PZO-A',83322,'PZO',219961,'2016-02-02','2016-02-07',NULL,124,5,NULL,4174.50,0.00,4174.50,0.00,0.00,4174.50,10080229,NULL,'Facturación por Derechos Aeronáuticos','','P',0,'2016-02-07 16:47:11','2016-02-07 16:47:11',NULL),(708,1,'Contado','PZO-A',83323,'PZO',219962,'2016-02-02','2016-02-07',NULL,32,5,NULL,530.04,0.00,530.04,0.00,0.00,530.04,10080230,NULL,'Facturación por Derechos Aeronáuticos','','P',0,'2016-02-07 16:49:05','2016-02-07 16:49:05',NULL),(709,1,'Contado','PZO-A',83324,'PZO',219963,'2016-02-02','2016-02-07',NULL,121,5,NULL,1551.00,0.00,1551.00,0.00,0.00,1551.00,10080231,NULL,'Facturación por Derechos Aeronáuticos','','P',0,'2016-02-07 16:53:12','2016-02-07 16:53:12',NULL),(710,1,'Crédito','PZO-A',83325,'PZO',219964,'2016-02-02','2016-02-07',NULL,12,5,NULL,513.00,0.00,513.00,0.00,0.00,513.00,10080232,NULL,'Facturación por Derechos Aeronáuticos','','P',0,'2016-02-07 16:55:14','2016-02-07 16:55:14',NULL),(711,1,'Crédito','PZO-A',83328,'PZO',219967,'2016-02-02','2016-02-07',NULL,139,5,NULL,328.50,0.00,328.50,0.00,0.00,328.50,10080233,NULL,'Facturación por Derechos Aeronáuticos','','P',0,'2016-02-07 16:59:45','2016-02-07 16:59:45',NULL),(712,1,'Contado','PZO-A',83329,'PZO',219968,'2016-02-02','2016-02-07',NULL,84,5,NULL,3486.00,0.00,3486.00,0.00,0.00,3486.00,10080234,NULL,'Facturación por Derechos Aeronáuticos','','P',0,'2016-02-07 17:05:04','2016-02-07 17:05:04',NULL),(713,1,'Crédito','PZO-A',83330,'PZO',219969,'2016-02-03','2016-02-07',NULL,40,5,NULL,13480.98,0.00,13480.98,0.00,0.00,13480.98,10080235,NULL,'Facturación por Derechos Aeronáuticos','','P',1,'2016-02-07 17:08:56','2016-02-07 17:12:12',NULL),(714,1,'Crédito','PZO-A',83331,'PZO',219970,'2016-02-03','2016-02-07',NULL,40,5,NULL,4728.00,0.00,4728.00,0.00,0.00,4728.00,10080236,NULL,'Facturación por Derechos Aeronáuticos','','P',0,'2016-02-07 17:11:48','2016-02-07 17:11:48',NULL),(715,1,'Crédito','PZO-A',83332,'PZO',219971,'2016-02-03','2016-02-07',NULL,40,5,NULL,5220.00,0.00,5220.00,0.00,0.00,5220.00,10080237,NULL,'Facturación por Derechos Aeronáuticos','','P',0,'2016-02-07 17:16:08','2016-02-07 17:16:08',NULL),(716,1,'Crédito','PZO-A',83333,'PZO',219972,'2016-02-03','2016-02-07',NULL,40,5,NULL,3957.00,0.00,3957.00,0.00,0.00,3957.00,10080238,NULL,'Facturación por Derechos Aeronáuticos','','P',0,'2016-02-07 17:18:33','2016-02-07 17:18:33',NULL),(717,1,'Crédito','PZO-A',83334,'PZO',219973,'2016-02-03','2016-02-07',NULL,45,5,NULL,9268.44,0.00,9268.44,0.00,0.00,9268.44,10080239,NULL,'Facturación por Derechos Aeronáuticos','','P',1,'2016-02-07 17:35:34','2016-02-07 17:35:59',NULL),(718,1,'Contado','PZO-A',83335,'PZO',219974,'2016-02-03','2016-02-07',NULL,6,5,NULL,267.00,0.00,267.00,0.00,0.00,267.00,10080240,NULL,'Facturación por Derechos Aeronáuticos','','P',0,'2016-02-07 17:40:20','2016-02-07 17:40:20',NULL),(719,1,'Crédito','PZO-A',83336,'PZO',219975,'2016-02-03','2016-02-07',NULL,125,5,NULL,144.00,0.00,144.00,0.00,0.00,144.00,10080241,NULL,'Facturación por Derechos Aeronáuticos','','P',0,'2016-02-07 17:53:13','2016-02-07 17:53:13',NULL),(720,1,'Contado','PZO-A',83337,'PZO',219976,'2016-02-03','2016-02-07',NULL,24,5,NULL,2140.32,0.00,2140.32,0.00,0.00,2140.32,10080242,NULL,'Facturación por Derechos Aeronáuticos','','P',0,'2016-02-07 18:00:42','2016-02-07 18:00:42',NULL),(721,1,'Contado','PZO-A',83338,'PZO',219977,'2016-02-03','2016-02-07',NULL,184,5,NULL,328.50,0.00,328.50,0.00,0.00,328.50,10080243,NULL,'Facturación por Derechos Aeronáuticos','','P',0,'2016-02-07 18:04:02','2016-02-07 18:04:02',NULL),(722,1,'Contado','PZO-A',83339,'PZO',219978,'2016-02-03','2016-02-07',NULL,193,5,NULL,10194.60,0.00,10194.60,0.00,0.00,10194.60,10080244,NULL,'Facturación por Derechos Aeronáuticos','','P',1,'2016-02-07 18:08:57','2016-02-07 18:09:06',NULL),(723,1,'Contado','PZO-A',83340,'PZO',219979,'2016-02-03','2016-02-07',NULL,10,5,NULL,496.80,0.00,496.80,0.00,0.00,496.80,10080245,NULL,'Facturación por Derechos Aeronáuticos','','P',0,'2016-02-07 18:13:12','2016-02-07 18:13:12',NULL),(724,1,'Contado','PZO-A',83341,'PZO',219980,'2016-02-03','2016-02-07',NULL,101,5,NULL,82.50,0.00,82.50,0.00,0.00,82.50,10080246,NULL,'Facturación por Derechos Aeronáuticos','','P',0,'2016-02-07 18:17:19','2016-02-07 18:17:19',NULL),(725,1,'Contado','PZO-A',83342,'PZO',219981,'2016-02-03','2016-02-07',NULL,101,5,NULL,82.50,0.00,82.50,0.00,0.00,82.50,10080247,NULL,'Facturación por Derechos Aeronáuticos','','P',0,'2016-02-07 18:19:55','2016-02-07 18:19:55',NULL),(726,1,'Contado','PZO-A',83343,'PZO',219982,'2016-02-03','2016-02-07',NULL,80,5,NULL,256.20,0.00,256.20,0.00,0.00,256.20,10080248,NULL,'Facturación por Derechos Aeronáuticos','','P',0,'2016-02-07 18:24:40','2016-02-07 18:24:40',NULL),(727,1,'Contado','PZO-A',83344,'PZO',219983,'2016-02-03','2016-02-07',NULL,106,5,NULL,451.50,0.00,451.50,0.00,0.00,451.50,10080249,NULL,'Facturación por Derechos Aeronáuticos','','P',0,'2016-02-07 18:27:51','2016-02-07 18:27:51',NULL),(728,1,'Crédito','PZO-A',83345,'PZO',219984,'2016-02-03','2016-02-07',NULL,40,5,NULL,13317.72,0.00,13317.72,0.00,0.00,13317.72,10080250,NULL,'Facturación por Derechos Aeronáuticos','','P',1,'2016-02-07 18:32:27','2016-02-07 18:32:43',NULL),(729,1,'Contado','PZO-A',83346,'PZO',219985,'2016-02-03','2016-02-07',NULL,205,5,NULL,239.16,0.00,239.16,0.00,0.00,239.16,10080251,NULL,'Facturación por Derechos Aeronáuticos','','P',1,'2016-02-07 18:45:27','2016-02-07 18:47:08',NULL),(730,1,'Contado','PZO-A',83347,'PZO',219986,'2016-02-03','2016-02-07',NULL,184,5,NULL,328.50,0.00,328.50,0.00,0.00,328.50,10080252,NULL,'Facturación por Derechos Aeronáuticos','','P',0,'2016-02-07 18:47:32','2016-02-07 18:47:32',NULL),(731,1,'Contado','PZO-A',83348,'PZO',219987,'2016-02-03','2016-02-07',NULL,168,5,NULL,2163.60,0.00,2163.60,0.00,0.00,2163.60,10080253,NULL,'Facturación por Derechos Aeronáuticos','','P',0,'2016-02-07 18:56:38','2016-02-07 18:56:38',NULL),(732,1,'Contado','PZO-A',83349,'PZO',219988,'2016-02-03','2016-02-07',NULL,168,5,NULL,144.00,0.00,144.00,0.00,0.00,144.00,10080254,NULL,'Facturación por Derechos Aeronáuticos','','P',0,'2016-02-07 19:00:21','2016-02-07 19:00:21',NULL),(733,1,'Contado','PZO-A',83350,'PZO',219989,'2016-02-03','2016-02-07',NULL,206,5,NULL,2031.75,0.00,2031.75,0.00,0.00,2031.75,10080255,NULL,'Facturación por Derechos Aeronáuticos','','P',0,'2016-02-07 19:26:36','2016-02-07 19:26:36',NULL),(734,1,'Contado','PZO-A',83351,'PZO',219990,'2016-02-03','2016-02-07',NULL,101,5,NULL,82.50,0.00,82.50,0.00,0.00,82.50,10080256,NULL,'Facturación por Derechos Aeronáuticos','','P',0,'2016-02-07 19:29:23','2016-02-07 19:29:23',NULL),(735,1,'Contado','PZO-A',83352,'PZO',219991,'2016-02-03','2016-02-07',NULL,185,5,NULL,1551.00,0.00,1551.00,0.00,0.00,1551.00,10080257,NULL,'Facturación por Derechos Aeronáuticos','','P',1,'2016-02-07 19:32:04','2016-02-07 19:32:15',NULL),(736,1,'Contado','PZO-A',83353,'PZO',219992,'2016-02-03','2016-02-07',NULL,207,5,NULL,3414.00,0.00,3414.00,0.00,0.00,3414.00,10080258,NULL,'Facturación por Derechos Aeronáuticos','','P',0,'2016-02-07 19:46:06','2016-02-07 19:46:06',NULL),(737,1,'Contado','PZO-A',83354,'PZO',219993,'2016-02-03','2016-02-07',NULL,155,5,NULL,328.50,0.00,328.50,0.00,0.00,328.50,10080259,NULL,'Facturación por Derechos Aeronáuticos','','P',1,'2016-02-07 19:52:17','2016-02-07 19:52:31',NULL),(738,1,'Crédito','PZO-A',83355,'PZO',219994,'2016-02-03','2016-02-07',NULL,63,5,NULL,792.00,0.00,792.00,0.00,0.00,792.00,10080260,NULL,'Facturación por Derechos Aeronáuticos','','P',0,'2016-02-07 19:58:51','2016-02-07 19:58:51',NULL),(739,1,'Crédito','PZO-A',83356,'PZO',219995,'2016-02-03','2016-02-07',NULL,63,5,NULL,792.00,0.00,792.00,0.00,0.00,792.00,10080261,NULL,'Facturación por Derechos Aeronáuticos','','P',1,'2016-02-07 20:02:32','2016-02-07 20:03:02',NULL),(740,1,'Contado','PZO-A',83357,'PZO',219996,'2016-02-03','2016-02-07',NULL,191,5,NULL,1982.76,0.00,1982.76,0.00,0.00,1982.76,10080262,NULL,'Facturación por Derechos Aeronáuticos','','P',0,'2016-02-07 20:06:41','2016-02-07 20:06:41',NULL),(741,1,'Contado','PZO-A',83358,'PZO',219997,'2016-02-03','2016-02-07',NULL,154,5,NULL,462.00,0.00,462.00,0.00,0.00,462.00,10080263,NULL,'Facturación por Derechos Aeronáuticos','','P',0,'2016-02-07 20:18:00','2016-02-07 20:18:00',NULL),(742,1,'Contado','PZO-A',83359,'PZO',219998,'2016-02-03','2016-02-07',NULL,181,5,NULL,5435.76,0.00,5435.76,0.00,0.00,5435.76,10080264,NULL,'Facturación por Derechos Aeronáuticos','','P',0,'2016-02-07 20:21:30','2016-02-07 20:21:30',NULL),(743,1,'Crédito','PZO-A',83360,'PZO',219999,'2016-02-03','2016-02-07',NULL,40,5,NULL,5220.00,0.00,5220.00,0.00,0.00,5220.00,10080265,NULL,'Facturación por Derechos Aeronáuticos','','P',0,'2016-02-07 20:23:40','2016-02-07 20:23:40',NULL),(744,1,'Crédito','PZO-A',83361,'PZO',220000,'2016-02-03','2016-02-07',NULL,40,5,NULL,5220.00,0.00,5220.00,0.00,0.00,5220.00,10080266,NULL,'Facturación por Derechos Aeronáuticos','','P',0,'2016-02-07 20:25:45','2016-02-07 20:25:45',NULL),(745,1,'Crédito','PZO-A',83362,'PZO',220001,'2016-02-03','2016-02-07',NULL,40,5,NULL,3957.00,0.00,3957.00,0.00,0.00,3957.00,10080267,NULL,'Facturación por Derechos Aeronáuticos','','P',0,'2016-02-07 20:27:47','2016-02-07 20:27:47',NULL),(746,1,'Crédito','PZO-A',83363,'PZO',220002,'2016-02-03','2016-02-07',NULL,63,5,NULL,792.00,0.00,792.00,0.00,0.00,792.00,10080268,NULL,'Facturación por Derechos Aeronáuticos','','P',0,'2016-02-07 20:30:03','2016-02-07 20:30:03',NULL),(747,1,'Crédito','PZO-A',83364,'PZO',220003,'2016-02-03','2016-02-07',NULL,63,5,NULL,792.00,0.00,792.00,0.00,0.00,792.00,10080269,NULL,'Facturación por Derechos Aeronáuticos','','P',0,'2016-02-07 20:32:15','2016-02-07 20:32:15',NULL),(748,1,'Crédito','PZO-A',83365,'PZO',220004,'2016-02-03','2016-02-07',NULL,12,5,NULL,513.00,0.00,513.00,0.00,0.00,513.00,10080270,NULL,'Facturación por Derechos Aeronáuticos','','P',0,'2016-02-07 20:49:33','2016-02-07 20:49:33',NULL),(749,1,'Crédito','PZO-A',83366,'PZO',220005,'2016-02-03','2016-02-07',NULL,124,5,NULL,4051.50,0.00,4051.50,0.00,0.00,4051.50,10080271,NULL,'Facturación por Derechos Aeronáuticos','','P',0,'2016-02-07 20:54:00','2016-02-07 20:54:00',NULL),(750,1,'Crédito','PZO-A',83367,'PZO',220006,'2016-02-03','2016-02-07',NULL,124,5,NULL,10810.44,0.00,10810.44,0.00,0.00,10810.44,10080272,NULL,'Facturación por Derechos Aeronáuticos','','P',0,'2016-02-07 20:56:08','2016-02-07 20:56:08',NULL),(751,1,'Crédito','PZO-A',83368,'PZO',220007,'2016-02-03','2016-02-07',NULL,124,5,NULL,4051.50,0.00,4051.50,0.00,0.00,4051.50,10080273,NULL,'Facturación por Derechos Aeronáuticos','','P',0,'2016-02-07 20:58:06','2016-02-07 20:58:06',NULL),(752,1,'Crédito','PZO-A',83369,'PZO',220008,'2016-02-03','2016-02-07',NULL,124,5,NULL,4051.50,0.00,4051.50,0.00,0.00,4051.50,10080274,NULL,'Facturación por Derechos Aeronáuticos','','P',0,'2016-02-07 21:00:04','2016-02-07 21:00:04',NULL),(753,1,'Contado','PZO-A',83370,'PZO',220009,'2016-02-04','2016-02-07',NULL,208,5,NULL,13174.98,0.00,13174.98,0.00,0.00,13174.98,10080275,NULL,'Facturación por Derechos Aeronáuticos','','C',0,'2016-02-07 21:14:55','2016-02-07 21:24:23',NULL),(754,1,'Crédito','PZO-A',83371,'PZO',220010,'2016-02-04','2016-02-07',NULL,125,5,NULL,144.00,0.00,144.00,0.00,0.00,144.00,10080276,NULL,'Facturación por Derechos Aeronáuticos','','P',0,'2016-02-07 21:21:35','2016-02-07 21:21:35',NULL),(755,1,'Contado','PZO-A',83372,'PZO',220011,'2016-02-04','2016-02-07',NULL,209,5,NULL,1064.04,0.00,1064.04,0.00,0.00,1064.04,10080277,NULL,'Facturación por Derechos Aeronáuticos','','P',0,'2016-02-07 22:31:54','2016-02-07 22:31:54',NULL),(756,1,'Contado','PZO-A',83373,'PZO',220012,'2016-02-04','2016-02-07',NULL,54,5,NULL,144.00,0.00,144.00,0.00,0.00,144.00,10080278,NULL,'Facturación por Derechos Aeronáuticos','','P',0,'2016-02-07 22:33:51','2016-02-07 22:33:51',NULL),(757,1,'Contado','PZO-A',83374,'PZO',220013,'2016-02-04','2016-02-07',NULL,174,5,NULL,552.90,0.00,552.90,0.00,0.00,552.90,10080279,NULL,'Facturación por Derechos Aeronáuticos','','P',0,'2016-02-07 22:40:50','2016-02-07 22:40:50',NULL),(758,1,'Contado','PZO-A',83375,'PZO',220014,'2016-02-04','2016-02-07',NULL,193,5,NULL,1168.50,0.00,1168.50,0.00,0.00,1168.50,10080280,NULL,'Facturación por Derechos Aeronáuticos','','P',0,'2016-02-07 22:44:31','2016-02-07 22:44:31',NULL),(759,1,'Contado','PZO-A',83376,'PZO',220015,'2016-02-04','2016-02-07',NULL,184,5,NULL,440.70,0.00,440.70,0.00,0.00,440.70,10080281,NULL,'Facturación por Derechos Aeronáuticos','','P',0,'2016-02-07 22:46:07','2016-02-07 22:46:07',NULL),(760,1,'Contado','PZO-A',83377,'PZO',220016,'2016-02-04','2016-02-07',NULL,160,5,NULL,3906.42,0.00,3906.42,0.00,0.00,3906.42,10080282,NULL,'Facturación por Derechos Aeronáuticos','','P',0,'2016-02-07 22:47:56','2016-02-07 22:47:56',NULL),(761,1,'Crédito','PZO-A',83378,'PZO',220017,'2016-02-04','2016-02-07',NULL,13,5,NULL,4728.00,0.00,4728.00,0.00,0.00,4728.00,10080283,NULL,'Facturación por Derechos Aeronáuticos','','P',0,'2016-02-07 22:50:49','2016-02-07 22:50:49',NULL),(762,1,'Crédito','PZO-A',83379,'PZO',220018,'2016-02-04','2016-02-07',NULL,13,5,NULL,4728.00,0.00,4728.00,0.00,0.00,4728.00,10080284,NULL,'Facturación por Derechos Aeronáuticos','','P',0,'2016-02-07 22:54:22','2016-02-07 22:54:22',NULL),(763,1,'Crédito','PZO-A',83380,'PZO',220019,'2016-02-04','2016-02-07',NULL,45,5,NULL,8079.12,0.00,8079.12,0.00,0.00,8079.12,10080285,NULL,'Facturación por Derechos Aeronáuticos','','P',0,'2016-02-07 22:57:19','2016-02-07 22:57:19',NULL),(764,1,'Contado','PZO-A',83381,'PZO',220020,'2016-02-04','2016-02-07',NULL,210,5,NULL,144.00,0.00,144.00,0.00,0.00,144.00,10080286,NULL,'Facturación por Derechos Aeronáuticos','','P',0,'2016-02-07 23:02:54','2016-02-07 23:02:54',NULL),(765,1,'Crédito','PZO-A',83382,'PZO',220021,'2016-02-04','2016-02-07',NULL,40,5,NULL,14125.56,0.00,14125.56,0.00,0.00,14125.56,10080287,NULL,'Facturación por Derechos Aeronáuticos','','P',0,'2016-02-07 23:05:02','2016-02-07 23:05:02',NULL),(766,1,'Crédito','PZO-A',83383,'PZO',220022,'2016-02-04','2016-02-07',NULL,40,5,NULL,5220.00,0.00,5220.00,0.00,0.00,5220.00,10080288,NULL,'Facturación por Derechos Aeronáuticos','','P',0,'2016-02-07 23:07:17','2016-02-07 23:07:17',NULL),(767,1,'Crédito','PZO-A',83384,'PZO',220023,'2016-02-04','2016-02-07',NULL,139,5,NULL,328.50,0.00,328.50,0.00,0.00,328.50,10080289,NULL,'Facturación por Derechos Aeronáuticos','','P',0,'2016-02-07 23:09:12','2016-02-07 23:09:12',NULL),(768,1,'Crédito','PZO-A',83385,'PZO',220024,'2016-02-04','2016-02-07',NULL,139,5,NULL,328.50,0.00,328.50,0.00,0.00,328.50,10080290,NULL,'Facturación por Derechos Aeronáuticos','','P',0,'2016-02-07 23:11:00','2016-02-07 23:11:00',NULL),(769,1,'Crédito','PZO-A',83386,'PZO',220025,'2016-02-04','2016-02-07',NULL,139,5,NULL,328.50,0.00,328.50,0.00,0.00,328.50,10080291,NULL,'Facturación por Derechos Aeronáuticos','','P',0,'2016-02-07 23:13:55','2016-02-07 23:13:55',NULL),(770,1,'Crédito','PZO-A',83387,'PZO',220026,'2016-02-04','2016-02-07',NULL,139,5,NULL,328.50,0.00,328.50,0.00,0.00,328.50,10080292,NULL,'Facturación por Derechos Aeronáuticos','','P',0,'2016-02-07 23:18:24','2016-02-07 23:18:24',NULL),(771,1,'Contado','PZO-A',83388,'PZO',220027,'2016-02-04','2016-02-07',NULL,211,5,NULL,2443.68,0.00,2443.68,0.00,0.00,2443.68,10080293,NULL,'Facturación por Derechos Aeronáuticos','','P',0,'2016-02-07 23:26:07','2016-02-07 23:26:07',NULL),(772,1,'Contado','PZO-A',83389,'PZO',220028,'2016-02-04','2016-02-07',NULL,185,5,NULL,1551.00,0.00,1551.00,0.00,0.00,1551.00,10080294,NULL,'Facturación por Derechos Aeronáuticos','','P',0,'2016-02-07 23:27:51','2016-02-07 23:27:51',NULL),(773,1,'Crédito','PZO-A',83390,'PZO',220029,'2016-02-04','2016-02-07',NULL,40,5,NULL,4449.00,0.00,4449.00,0.00,0.00,4449.00,10080295,NULL,'Facturación por Derechos Aeronáuticos','','P',1,'2016-02-07 23:29:48','2016-02-07 23:34:27',NULL),(774,1,'Crédito','PZO-A',83391,'PZO',220030,'2016-02-04','2016-02-07',NULL,40,5,NULL,5220.00,0.00,5220.00,0.00,0.00,5220.00,10080296,NULL,'Facturación por Derechos Aeronáuticos','','P',1,'2016-02-07 23:34:06','2016-02-07 23:34:18',NULL),(775,1,'Crédito','PZO-A',83392,'PZO',220031,'2016-02-04','2016-02-07',NULL,124,5,NULL,10810.44,0.00,10810.44,0.00,0.00,10810.44,10080297,NULL,'Facturación por Derechos Aeronáuticos','','P',0,'2016-02-07 23:37:12','2016-02-07 23:37:12',NULL),(776,1,'Crédito','PZO-A',83393,'PZO',220032,'2016-02-04','2016-02-07',NULL,124,5,NULL,4174.50,0.00,4174.50,0.00,0.00,4174.50,10080298,NULL,'Facturación por Derechos Aeronáuticos','','P',0,'2016-02-07 23:39:41','2016-02-07 23:39:41',NULL),(777,1,'Crédito','PZO-A',83394,'PZO',220033,'2016-02-04','2016-02-07',NULL,63,5,NULL,792.00,0.00,792.00,0.00,0.00,792.00,10080299,NULL,'Facturación por Derechos Aeronáuticos','','P',0,'2016-02-07 23:42:03','2016-02-07 23:42:03',NULL),(778,1,'Crédito','PZO-A',83395,'PZO',220034,'2016-02-04','2016-02-07',NULL,63,5,NULL,792.00,0.00,792.00,0.00,0.00,792.00,10080300,NULL,'Facturación por Derechos Aeronáuticos','','P',0,'2016-02-07 23:44:02','2016-02-07 23:44:02',NULL),(779,1,'Contado','PZO-A',83396,'PZO',220035,'2016-02-04','2016-02-07',NULL,17,5,NULL,3025.20,0.00,3025.20,0.00,0.00,3025.20,10080301,NULL,'Facturación por Derechos Aeronáuticos','','P',0,'2016-02-07 23:45:57','2016-02-07 23:45:57',NULL),(780,1,'Contado','PZO-A',83397,'PZO',220036,'2016-02-05','2016-02-07',NULL,101,5,NULL,82.50,0.00,82.50,0.00,0.00,82.50,10080302,NULL,'Facturación por Derechos Aeronáuticos','','P',1,'2016-02-08 00:18:10','2016-02-08 00:28:09',NULL),(781,1,'Contado','PZO-A',83398,'PZO',220037,'2016-02-05','2016-02-07',NULL,32,5,NULL,5320.98,0.00,5320.98,0.00,0.00,5320.98,10080303,NULL,'Facturación por Derechos Aeronáuticos','','P',1,'2016-02-08 00:20:49','2016-02-08 00:28:14',NULL),(782,1,'Contado','PZO-A',83399,'PZO',220038,'2016-02-05','2016-02-07',NULL,212,5,NULL,144.00,0.00,144.00,0.00,0.00,144.00,10080304,NULL,'Facturación por Derechos Aeronáuticos','','P',1,'2016-02-08 00:28:02','2016-02-08 00:28:19',NULL),(783,1,'Crédito','PZO-A',83400,'PZO',220039,'2016-02-05','2016-02-07',NULL,125,5,NULL,144.00,0.00,144.00,0.00,0.00,144.00,10080305,NULL,'Facturación por Derechos Aeronáuticos','','P',1,'2016-02-08 00:34:18','2016-02-08 00:34:31',NULL),(784,1,'Contado','PZO-A',83401,'PZO',220040,'2016-02-05','2016-02-07',NULL,74,5,NULL,168.00,0.00,168.00,0.00,0.00,168.00,10080306,NULL,'Facturación por Derechos Aeronáuticos','','P',1,'2016-02-08 00:36:54','2016-02-08 00:37:09',NULL),(785,1,'Contado','PZO-A',83402,'PZO',220041,'2016-02-05','2016-02-07',NULL,54,5,NULL,144.00,0.00,144.00,0.00,0.00,144.00,10080307,NULL,'Facturación por Derechos Aeronáuticos','','P',0,'2016-02-08 00:38:45','2016-02-08 00:38:45',NULL),(786,1,'Contado','PZO-A',83403,'PZO',220042,'2016-02-05','2016-02-07',NULL,54,5,NULL,144.00,0.00,144.00,0.00,0.00,144.00,10080308,NULL,'Facturación por Derechos Aeronáuticos','','P',0,'2016-02-08 00:40:13','2016-02-08 00:40:13',NULL),(787,1,'Contado','PZO-A',83404,'PZO',220043,'2016-02-05','2016-02-07',NULL,54,5,NULL,144.00,0.00,144.00,0.00,0.00,144.00,10080309,NULL,'Facturación por Derechos Aeronáuticos','','P',0,'2016-02-08 00:42:16','2016-02-08 00:42:16',NULL),(788,1,'Contado','PZO-A',83405,'PZO',220044,'2016-02-05','2016-02-07',NULL,54,5,NULL,144.00,0.00,144.00,0.00,0.00,144.00,10080310,NULL,'Facturación por Derechos Aeronáuticos','','P',0,'2016-02-08 00:44:39','2016-02-08 00:44:39',NULL),(789,1,'Crédito','PZO-A',83406,'PZO',220045,'2016-02-05','2016-02-07',NULL,12,5,NULL,513.00,0.00,513.00,0.00,0.00,513.00,10080311,NULL,'Facturación por Derechos Aeronáuticos','','P',0,'2016-02-08 00:46:14','2016-02-08 00:46:14',NULL),(790,1,'Crédito','PZO-A',83407,'PZO',220046,'2016-02-05','2016-02-07',NULL,13,5,NULL,4605.00,0.00,4605.00,0.00,0.00,4605.00,10080312,NULL,'Facturación por Derechos Aeronáuticos','','P',0,'2016-02-08 00:49:35','2016-02-08 00:49:35',NULL),(791,1,'Contado','PZO-A',83408,'PZO',220047,'2016-02-05','2016-02-07',NULL,154,5,NULL,457.32,0.00,457.32,0.00,0.00,457.32,10080313,NULL,'Facturación por Derechos Aeronáuticos','','P',0,'2016-02-08 00:52:00','2016-02-08 00:52:00',NULL),(792,1,'Contado','PZO-A',83409,'PZO',220048,'2016-02-05','2016-02-07',NULL,213,5,NULL,1652.88,0.00,1652.88,0.00,0.00,1652.88,10080314,NULL,'Facturación por Derechos Aeronáuticos','','P',0,'2016-02-08 00:58:30','2016-02-08 00:58:30',NULL),(793,1,'Crédito','PZO-A',83410,'PZO',220049,'2016-02-05','2016-02-07',NULL,124,5,NULL,4051.50,0.00,4051.50,0.00,0.00,4051.50,10080315,NULL,'Facturación por Derechos Aeronáuticos','','P',1,'2016-02-08 01:04:11','2016-02-08 01:09:49',NULL),(794,1,'Crédito','PZO-A',83411,'PZO',220050,'2016-02-05','2016-02-07',NULL,124,5,NULL,10215.78,0.00,10215.78,0.00,0.00,10215.78,10080316,NULL,'Facturación por Derechos Aeronáuticos','','P',1,'2016-02-08 01:09:39','2016-02-08 01:10:22',NULL),(795,1,'Crédito','PZO-A',83412,'PZO',220051,'2016-02-05','2016-02-07',NULL,139,5,NULL,328.50,0.00,328.50,0.00,0.00,328.50,10080317,NULL,'Facturación por Derechos Aeronáuticos','','P',0,'2016-02-08 01:13:17','2016-02-08 01:13:17',NULL),(796,1,'Contado','PZO-A',83413,'PZO',220052,'2016-02-05','2016-02-07',NULL,214,5,NULL,608.58,0.00,608.58,0.00,0.00,608.58,10080318,NULL,'Facturación por Derechos Aeronáuticos','','P',0,'2016-02-08 01:19:06','2016-02-08 01:19:06',NULL),(797,1,'Crédito','PZO-A',83414,'PZO',220053,'2016-02-05','2016-02-07',NULL,124,5,NULL,4051.50,0.00,4051.50,0.00,0.00,4051.50,10080319,NULL,'Facturación por Derechos Aeronáuticos','','P',0,'2016-02-08 01:22:00','2016-02-08 01:22:00',NULL),(798,1,'Crédito','PZO-A',83415,'PZO',220054,'2016-02-05','2016-02-07',NULL,40,5,NULL,10469.64,0.00,10469.64,0.00,0.00,10469.64,10080320,NULL,'Facturación por Derechos Aeronáuticos','','P',0,'2016-02-08 01:25:49','2016-02-08 01:25:49',NULL),(799,1,'Crédito','PZO-A',83416,'PZO',220055,'2016-02-05','2016-02-07',NULL,40,5,NULL,5220.00,0.00,5220.00,0.00,0.00,5220.00,10080321,NULL,'Facturación por Derechos Aeronáuticos','','P',0,'2016-02-08 01:28:34','2016-02-08 01:28:34',NULL),(800,1,'Contado','PZO-A',83417,'PZO',220056,'2016-02-05','2016-02-07',NULL,181,5,NULL,1551.00,0.00,1551.00,0.00,0.00,1551.00,10080322,NULL,'Facturación por Derechos Aeronáuticos','','P',0,'2016-02-08 01:31:14','2016-02-08 01:31:14',NULL),(801,1,'Contado','PZO-A',83418,'PZO',220057,'2016-02-05','2016-02-07',NULL,17,5,NULL,552.90,0.00,552.90,0.00,0.00,552.90,10080323,NULL,'Facturación por Derechos Aeronáuticos','','P',0,'2016-02-08 01:33:00','2016-02-08 01:33:00',NULL),(802,1,'Contado','PZO-A',83419,'PZO',220058,'2016-02-05','2016-02-07',NULL,44,5,NULL,765.66,0.00,765.66,0.00,0.00,765.66,10080324,NULL,'Facturación por Derechos Aeronáuticos','','P',0,'2016-02-08 01:36:36','2016-02-08 01:36:36',NULL),(803,1,'Contado','PZO-A',83420,'PZO',220059,'2016-02-05','2016-02-07',NULL,160,5,NULL,697.50,0.00,697.50,0.00,0.00,697.50,10080325,NULL,'Facturación por Derechos Aeronáuticos','','P',0,'2016-02-08 01:38:14','2016-02-08 01:38:14',NULL),(804,1,'Contado','PZO-A',83421,'PZO',220060,'2016-02-05','2016-02-07',NULL,215,5,NULL,440.70,0.00,440.70,0.00,0.00,440.70,10080326,NULL,'Facturación por Derechos Aeronáuticos','','P',0,'2016-02-08 01:42:13','2016-02-08 01:42:13',NULL),(805,1,'Crédito','PZO-A',83422,'PZO',220061,'2016-02-05','2016-02-07',NULL,40,5,NULL,4449.00,0.00,4449.00,0.00,0.00,4449.00,10080327,NULL,'Facturación por Derechos Aeronáuticos','','P',0,'2016-02-08 01:44:25','2016-02-08 01:44:25',NULL),(806,1,'Crédito','PZO-A',83423,'PZO',220062,'2016-02-05','2016-02-07',NULL,45,5,NULL,12174.90,0.00,12174.90,0.00,0.00,12174.90,10080328,NULL,'Facturación por Derechos Aeronáuticos','','P',0,'2016-02-08 01:55:22','2016-02-08 01:55:22',NULL),(807,1,'Contado','PZO-A',83424,'PZO',220063,'2016-02-06','2016-02-07',NULL,172,5,NULL,3689.61,0.00,3689.61,0.00,0.00,3689.61,10080329,NULL,'Facturación por Derechos Aeronáuticos','','P',1,'2016-02-08 02:07:23','2016-02-08 02:12:40',NULL),(808,1,'Contado','PZO-A',83425,'PZO',220064,'2016-02-06','2016-02-07',NULL,216,5,NULL,205.50,0.00,205.50,0.00,0.00,205.50,10080330,NULL,'Facturación por Derechos Aeronáuticos','','P',0,'2016-02-08 02:13:03','2016-02-08 02:13:03',NULL),(809,1,'Crédito','PZO-A',83426,'PZO',220065,'2016-02-06','2016-02-07',NULL,40,5,NULL,6157.50,0.00,6157.50,0.00,0.00,6157.50,10080331,NULL,'Facturación por Derechos Aeronáuticos','','P',0,'2016-02-08 02:15:13','2016-02-08 02:15:13',NULL),(810,1,'Contado','PZO-A',83427,'PZO',220066,'2016-02-06','2016-02-07',NULL,106,5,NULL,535.50,0.00,535.50,0.00,0.00,535.50,10080332,NULL,'Facturación por Derechos Aeronáuticos','','P',0,'2016-02-08 02:16:54','2016-02-08 02:16:54',NULL),(811,1,'Crédito','PZO-A',83428,'PZO',220067,'2016-02-06','2016-02-07',NULL,40,5,NULL,12509.88,0.00,12509.88,0.00,0.00,12509.88,10080333,NULL,'Facturación por Derechos Aeronáuticos','','P',0,'2016-02-08 02:19:17','2016-02-08 02:19:17',NULL),(812,1,'Contado','PZO-A',83429,'PZO',220068,'2016-02-06','2016-02-07',NULL,54,5,NULL,144.00,0.00,144.00,0.00,0.00,144.00,10080334,NULL,'Facturación por Derechos Aeronáuticos','','P',0,'2016-02-08 02:20:46','2016-02-08 02:20:46',NULL),(813,1,'Crédito','PZO-A',83430,'PZO',220069,'2016-02-06','2016-02-07',NULL,40,5,NULL,5220.00,0.00,5220.00,0.00,0.00,5220.00,10080335,NULL,'Facturación por Derechos Aeronáuticos','','P',0,'2016-02-08 02:22:39','2016-02-08 02:22:39',NULL),(814,1,'Crédito','PZO-A',83431,'PZO',220070,'2016-02-06','2016-02-07',NULL,124,5,NULL,4791.60,0.00,4791.60,0.00,0.00,4791.60,10080336,NULL,'Facturación por Derechos Aeronáuticos','','P',0,'2016-02-08 02:24:35','2016-02-08 02:24:35',NULL),(815,1,'Crédito','PZO-A',83432,'PZO',220071,'2016-02-06','2016-02-07',NULL,124,5,NULL,4687.50,0.00,4687.50,0.00,0.00,4687.50,10080337,NULL,'Facturación por Derechos Aeronáuticos','','P',0,'2016-02-08 02:26:10','2016-02-08 02:26:10',NULL),(816,1,'Crédito','PZO-A',83433,'PZO',220072,'2016-02-06','2016-02-07',NULL,124,5,NULL,10986.78,0.00,10986.78,0.00,0.00,10986.78,10080338,NULL,'Facturación por Derechos Aeronáuticos','','P',0,'2016-02-08 02:28:12','2016-02-08 02:28:12',NULL),(817,1,'Crédito','PZO-A',83434,'PZO',220073,'2016-02-06','2016-02-07',NULL,124,5,NULL,4051.50,0.00,4051.50,0.00,0.00,4051.50,10080339,NULL,'Facturación por Derechos Aeronáuticos','','P',0,'2016-02-08 02:30:03','2016-02-08 02:30:03',NULL),(818,1,'Crédito','PZO-A',83435,'PZO',220074,'2016-02-06','2016-02-07',NULL,13,5,NULL,4725.00,0.00,4725.00,0.00,0.00,4725.00,10080340,NULL,'Facturación por Derechos Aeronáuticos','','P',1,'2016-02-08 02:39:05','2016-02-08 02:42:42',NULL),(819,1,'Crédito','PZO-A',83436,'PZO',220075,'2016-02-06','2016-02-07',NULL,13,5,NULL,4605.00,0.00,4605.00,0.00,0.00,4605.00,10080341,NULL,'Facturación por Derechos Aeronáuticos','','P',1,'2016-02-08 02:41:49','2016-02-08 02:42:35',NULL),(820,1,'Crédito','PZO-A',83437,'PZO',220076,'2016-02-06','2016-02-07',NULL,63,5,NULL,792.00,0.00,792.00,0.00,0.00,792.00,10080342,NULL,'Facturación por Derechos Aeronáuticos','','P',1,'2016-02-08 02:45:16','2016-02-08 02:45:31',NULL),(821,1,'Crédito','PZO-A',83438,'PZO',220077,'2016-02-06','2016-02-07',NULL,63,5,NULL,792.00,0.00,792.00,0.00,0.00,792.00,10080343,NULL,'Facturación por Derechos Aeronáuticos','','P',0,'2016-02-08 02:49:39','2016-02-08 02:49:39',NULL),(822,1,'Contado','PZO-A',83439,'PZO',220078,'2016-02-06','2016-02-07',NULL,206,5,NULL,1296.00,0.00,1296.00,0.00,0.00,1296.00,10080344,NULL,'Facturación por Derechos Aeronáuticos','','P',0,'2016-02-08 02:51:22','2016-02-08 02:51:22',NULL),(823,1,'Contado','PZO-A',83440,'PZO',220079,'2016-02-06','2016-02-07',NULL,101,5,NULL,82.50,0.00,82.50,0.00,0.00,82.50,10080345,NULL,'Facturación por Derechos Aeronáuticos','','P',0,'2016-02-08 02:53:46','2016-02-08 02:53:46',NULL),(824,1,'Contado','PZO-A',83441,'PZO',220080,'2016-02-06','2016-02-07',NULL,101,5,NULL,82.50,0.00,82.50,0.00,0.00,82.50,10080346,NULL,'Facturación por Derechos Aeronáuticos','','P',0,'2016-02-08 02:56:26','2016-02-08 02:56:26',NULL),(825,1,'Contado','PZO-A',83442,'PZO',220081,'2016-02-06','2016-02-07',NULL,212,5,NULL,144.00,0.00,144.00,0.00,0.00,144.00,10080347,NULL,'Facturación por Derechos Aeronáuticos','','P',0,'2016-02-08 02:59:06','2016-02-08 02:59:06',NULL),(826,1,'Crédito','PZO-A',83443,'PZO',220082,'2016-02-06','2016-02-07',NULL,40,5,NULL,5220.00,0.00,5220.00,0.00,0.00,5220.00,10080348,NULL,'Facturación por Derechos Aeronáuticos','','P',1,'2016-02-08 03:06:09','2016-02-08 03:06:20',NULL),(827,1,'Crédito','PZO-A',83444,'PZO',220083,'2016-02-06','2016-02-07',NULL,63,5,NULL,792.00,0.00,792.00,0.00,0.00,792.00,10080349,NULL,'Facturación por Derechos Aeronáuticos','','P',0,'2016-02-08 03:08:45','2016-02-08 03:08:45',NULL),(828,1,'Crédito','PZO-A',83445,'PZO',220084,'2016-02-06','2016-02-07',NULL,63,5,NULL,792.00,0.00,792.00,0.00,0.00,792.00,10080350,NULL,'Facturación por Derechos Aeronáuticos','','P',0,'2016-02-08 03:10:28','2016-02-08 03:10:28',NULL),(829,1,'Crédito','PZO-A',83446,'PZO',220085,'2016-02-07','2016-02-08',NULL,58,5,NULL,710.40,0.00,710.40,0.00,0.00,710.40,10080351,NULL,'Facturación por Derechos Aeronáuticos','','P',1,'2016-02-08 17:19:09','2016-02-10 18:16:41',NULL),(830,1,'Contado','PZO-A',83447,'PZO',220086,'2016-02-07','2016-02-08',NULL,22,5,NULL,451.50,0.00,451.50,0.00,0.00,451.50,10080352,NULL,'Facturación por Derechos Aeronáuticos','','P',0,'2016-02-08 17:21:54','2016-02-08 17:21:54',NULL),(831,1,'Contado','PZO-A',83448,'PZO',220087,'2016-02-07','2016-02-08',NULL,32,5,NULL,4299.96,0.00,4299.96,0.00,0.00,4299.96,10080353,NULL,'Facturación por Derechos Aeronáuticos','','P',0,'2016-02-08 17:26:09','2016-02-08 17:26:09',NULL),(832,1,'Contado','PZO-A',83449,'PZO',220088,'2016-02-07','2016-02-08',NULL,23,5,NULL,328.50,0.00,328.50,0.00,0.00,328.50,10080354,NULL,'Facturación por Derechos Aeronáuticos','','P',0,'2016-02-08 17:31:18','2016-02-08 17:31:18',NULL),(833,1,'Contado','PZO-A',83450,'PZO',220089,'2016-02-07','2016-02-08',NULL,184,5,NULL,328.50,0.00,328.50,0.00,0.00,328.50,10080355,NULL,'Facturación por Derechos Aeronáuticos','','P',0,'2016-02-08 17:35:01','2016-02-08 17:35:01',NULL),(834,1,'Crédito','PZO-A',83451,'PZO',220090,'2016-02-07','2016-02-08',NULL,40,5,NULL,5496.00,0.00,5496.00,0.00,0.00,5496.00,10080356,NULL,'Facturación por Derechos Aeronáuticos','','P',0,'2016-02-08 17:36:54','2016-02-08 17:36:54',NULL),(835,1,'Crédito','PZO-A',83452,'PZO',220091,'2016-02-07','2016-02-08',NULL,40,5,NULL,12758.04,0.00,12758.04,0.00,0.00,12758.04,10080357,NULL,'Facturación por Derechos Aeronáuticos','','P',0,'2016-02-08 17:38:50','2016-02-08 17:38:50',NULL),(836,1,'Crédito','PZO-A',83454,'PZO',220093,'2016-02-07','2016-02-08',NULL,40,5,NULL,5220.00,0.00,5220.00,0.00,0.00,5220.00,10080359,NULL,'Facturación por Derechos Aeronáuticos','','P',0,'2016-02-08 17:51:58','2016-02-08 17:51:58',NULL),(837,1,'Crédito','PZO-A',83455,'PZO',220094,'2016-02-07','2016-02-08',NULL,40,5,NULL,4449.00,0.00,4449.00,0.00,0.00,4449.00,10080360,NULL,'Facturación por Derechos Aeronáuticos','','P',0,'2016-02-08 17:54:32','2016-02-08 17:54:32',NULL),(838,1,'Crédito','PZO-A',83456,'PZO',220095,'2016-02-07','2016-02-08',NULL,40,5,NULL,4449.00,0.00,4449.00,0.00,0.00,4449.00,10080361,NULL,'Facturación por Derechos Aeronáuticos','','P',0,'2016-02-08 17:56:50','2016-02-08 17:56:50',NULL),(839,1,'Crédito','PZO-A',83457,'PZO',220096,'2016-02-07','2016-02-08',NULL,63,5,NULL,21.00,0.00,21.00,0.00,0.00,21.00,10080362,NULL,'Facturación por Derechos Aeronáuticos','','P',0,'2016-02-08 18:04:00','2016-02-08 18:04:00',NULL),(840,1,'Crédito','PZO-A',83458,'PZO',220097,'2016-02-07','2016-02-08',NULL,63,5,NULL,21.00,0.00,21.00,0.00,0.00,21.00,10080363,NULL,'Facturación por Derechos Aeronáuticos','','P',0,'2016-02-08 18:06:47','2016-02-08 18:06:47',NULL),(841,1,'Crédito','PZO-A',83459,'PZO',220098,'2016-02-07','2016-02-08',NULL,12,5,NULL,513.00,0.00,513.00,0.00,0.00,513.00,10080364,NULL,'Facturación por Derechos Aeronáuticos','','P',0,'2016-02-08 18:33:51','2016-02-08 18:33:51',NULL),(842,1,'Crédito','PZO-A',83460,'PZO',220099,'2016-02-07','2016-02-08',NULL,12,5,NULL,513.00,0.00,513.00,0.00,0.00,513.00,10080365,NULL,'Facturación por Derechos Aeronáuticos','','P',0,'2016-02-08 18:35:29','2016-02-08 18:35:29',NULL),(843,1,'Crédito','PZO-A',83461,'PZO',220100,'2016-02-07','2016-02-08',NULL,124,5,NULL,11159.40,0.00,11159.40,0.00,0.00,11159.40,10080366,NULL,'Facturación por Derechos Aeronáuticos','','P',0,'2016-02-08 18:39:47','2016-02-08 18:39:47',NULL),(844,1,'Crédito','PZO-A',83462,'PZO',220101,'2016-02-07','2016-02-08',NULL,124,5,NULL,4051.50,0.00,4051.50,0.00,0.00,4051.50,10080367,NULL,'Facturación por Derechos Aeronáuticos','','P',0,'2016-02-08 18:41:51','2016-02-08 18:41:51',NULL),(845,1,'Crédito','PZO-A',82978,'PZO',219616,'2016-01-19','2016-02-08',NULL,45,5,NULL,10055.64,0.00,10055.64,0.00,0.00,10055.64,10079887,NULL,'Facturación por Derechos Aeronáuticos','','P',0,'2016-02-08 20:37:23','2016-02-08 20:37:23',NULL),(846,1,'Crédito','PZO-A',82979,'PZO',219617,'2016-01-19','2016-02-08',NULL,45,5,NULL,10796.16,0.00,10796.16,0.00,0.00,10796.16,10079888,NULL,'Facturación por Derechos Aeronáuticos','','P',0,'2016-02-08 20:50:48','2016-02-08 20:50:48',NULL),(847,1,'Crédito','PZO-A',82980,'PZO',219618,'2016-01-19','2016-02-08',NULL,40,5,NULL,14896.56,0.00,14896.56,0.00,0.00,14896.56,10079889,NULL,'Facturación por Derechos Aeronáuticos','','P',0,'2016-02-08 20:53:21','2016-02-08 20:53:21',NULL),(848,1,'Crédito','PZO-A',82981,'PZO',219619,'2016-01-19','2016-02-08',NULL,125,5,NULL,82.50,0.00,82.50,0.00,0.00,82.50,10079890,NULL,'Facturación por Derechos Aeronáuticos','','P',0,'2016-02-08 20:56:12','2016-02-08 20:56:12',NULL),(849,1,'Contado','PZO-A',82982,'PZO',219620,'2016-01-19','2016-02-08',NULL,184,5,NULL,1117.80,0.00,1117.80,0.00,0.00,1117.80,10079891,NULL,'Facturación por Derechos Aeronáuticos','','P',0,'2016-02-08 21:00:42','2016-02-08 21:00:42',NULL),(850,1,'Crédito','PZO-A',82983,'PZO',219621,'2016-01-19','2016-02-08',NULL,13,5,NULL,4834.50,0.00,4834.50,0.00,0.00,4834.50,10079892,NULL,'Facturación por Derechos Aeronáuticos','','P',0,'2016-02-08 21:03:43','2016-02-08 21:03:43',NULL),(851,1,'Crédito','PZO-A',82984,'PZO',219622,'2016-01-19','2016-02-08',NULL,13,5,NULL,4728.00,0.00,4728.00,0.00,0.00,4728.00,10079893,NULL,'Facturación por Derechos Aeronáuticos','','P',0,'2016-02-08 21:06:16','2016-02-08 21:06:16',NULL),(852,1,'Contado','PZO-A',82985,'PZO',219623,'2016-01-19','2016-02-08',NULL,24,5,NULL,793.92,0.00,793.92,0.00,0.00,793.92,10079894,NULL,'Facturación por Derechos Aeronáuticos','','P',0,'2016-02-08 21:08:41','2016-02-08 21:08:41',NULL),(853,1,'Contado','PZO-A',83463,'PZO',220102,'2016-02-08','2016-02-08',NULL,74,5,NULL,144.00,0.00,144.00,0.00,0.00,144.00,10080368,NULL,'Facturación por Derechos Aeronáuticos','','P',0,'2016-02-08 23:26:38','2016-02-08 23:26:38',NULL),(854,1,'Contado','PZO-A',83464,'PZO',220103,'2016-02-08','2016-02-08',NULL,32,5,NULL,1629.60,0.00,1629.60,0.00,0.00,1629.60,10080369,NULL,'Facturación por Derechos Aeronáuticos','','P',0,'2016-02-08 23:58:57','2016-02-08 23:58:57',NULL),(855,1,'Crédito','PZO-A',83465,'PZO',220104,'2016-02-08','2016-02-08',NULL,45,5,NULL,8673.78,0.00,8673.78,0.00,0.00,8673.78,10080370,NULL,'Facturación por Derechos Aeronáuticos','','P',0,'2016-02-09 00:00:51','2016-02-09 00:00:51',NULL),(856,1,'Crédito','PZO-A',83466,'PZO',220105,'2016-02-08','2016-02-08',NULL,125,5,NULL,144.00,0.00,144.00,0.00,0.00,144.00,10080371,NULL,'Facturación por Derechos Aeronáuticos','','P',0,'2016-02-09 00:03:57','2016-02-09 00:03:57',NULL),(857,1,'Contado','PZO-A',83467,'PZO',220106,'2016-02-08','2016-02-08',NULL,106,5,NULL,451.50,0.00,451.50,0.00,0.00,451.50,10080372,NULL,'Facturación por Derechos Aeronáuticos','','P',0,'2016-02-09 00:06:54','2016-02-09 00:06:54',NULL),(858,1,'Crédito','PZO-A',83468,'PZO',220107,'2016-02-08','2016-02-08',NULL,40,5,NULL,12729.72,0.00,12729.72,0.00,0.00,12729.72,10080373,NULL,'Facturación por Derechos Aeronáuticos','','P',0,'2016-02-09 00:09:24','2016-02-09 00:09:24',NULL),(859,1,'Crédito','PZO-A',83469,'PZO',220108,'2016-02-08','2016-02-08',NULL,40,5,NULL,5220.00,0.00,5220.00,0.00,0.00,5220.00,10080374,NULL,'Facturación por Derechos Aeronáuticos','','P',0,'2016-02-09 00:16:07','2016-02-09 00:16:07',NULL),(860,1,'Contado','PZO-A',83470,'PZO',220109,'2016-02-08','2016-02-08',NULL,17,5,NULL,328.50,0.00,328.50,0.00,0.00,328.50,10080375,NULL,'Facturación por Derechos Aeronáuticos','','P',0,'2016-02-09 00:23:33','2016-02-09 00:23:33',NULL),(861,1,'Contado','PZO-A',83471,'PZO',220110,'2016-02-08','2016-02-08',NULL,206,5,NULL,4827.60,0.00,4827.60,0.00,0.00,4827.60,10080376,NULL,'Facturación por Derechos Aeronáuticos','','P',0,'2016-02-09 00:25:04','2016-02-09 00:25:04',NULL),(862,1,'Contado','PZO-A',83472,'PZO',220111,'2016-02-08','2016-02-08',NULL,177,5,NULL,793.92,0.00,793.92,0.00,0.00,793.92,10080377,NULL,'Facturación por Derechos Aeronáuticos','','P',0,'2016-02-09 00:26:41','2016-02-09 00:26:41',NULL),(863,1,'Contado','PZO-A',83473,'PZO',220112,'2016-02-08','2016-02-08',NULL,54,5,NULL,144.00,0.00,144.00,0.00,0.00,144.00,10080378,NULL,'Facturación por Derechos Aeronáuticos','','P',0,'2016-02-09 00:28:50','2016-02-09 00:28:50',NULL),(864,1,'Contado','PZO-A',83474,'PZO',220113,'2016-02-08','2016-02-08',NULL,101,5,NULL,82.50,0.00,82.50,0.00,0.00,82.50,10080379,NULL,'Facturación por Derechos Aeronáuticos','','P',0,'2016-02-09 02:06:43','2016-02-09 02:06:43',NULL),(865,1,'Crédito','PZO-A',83475,'PZO',220114,'2016-02-08','2016-02-08',NULL,124,5,NULL,4687.50,0.00,4687.50,0.00,0.00,4687.50,10080380,NULL,'Facturación por Derechos Aeronáuticos','','P',0,'2016-02-09 02:14:47','2016-02-09 02:14:47',NULL),(866,1,'Crédito','PZO-A',83476,'PZO',220115,'2016-02-08','2016-02-08',NULL,124,5,NULL,10215.78,0.00,10215.78,0.00,0.00,10215.78,10080381,NULL,'Facturación por Derechos Aeronáuticos','','P',0,'2016-02-09 02:17:21','2016-02-09 02:17:21',NULL),(867,1,'Crédito','PZO-A',83477,'PZO',220116,'2016-02-08','2016-02-08',NULL,124,5,NULL,4051.50,0.00,4051.50,0.00,0.00,4051.50,10080382,NULL,'Facturación por Derechos Aeronáuticos','','P',0,'2016-02-09 02:18:55','2016-02-09 02:18:55',NULL),(868,1,'Crédito','PZO-A',83478,'PZO',220117,'2016-02-08','2016-02-08',NULL,63,5,NULL,21.00,0.00,21.00,0.00,0.00,21.00,10080383,NULL,'Facturación por Derechos Aeronáuticos','','P',0,'2016-02-09 02:20:41','2016-02-09 02:20:41',NULL),(869,1,'Crédito','PZO-A',83479,'PZO',220118,'2016-02-08','2016-02-08',NULL,63,5,NULL,792.00,0.00,792.00,0.00,0.00,792.00,10080384,NULL,'Facturación por Derechos Aeronáuticos','','P',0,'2016-02-09 02:23:15','2016-02-09 02:23:15',NULL),(870,1,'Contado','PZO-A',82986,'PZO',219624,'2016-01-19','2016-02-08',NULL,217,5,NULL,407.46,0.00,407.46,0.00,0.00,407.46,10079895,NULL,'Facturación por Derechos Aeronáuticos','','P',0,'2016-02-09 02:55:08','2016-02-09 02:55:08',NULL),(871,1,'Contado','PZO-A',82987,'PZO',219625,'2016-01-19','2016-02-08',NULL,101,5,NULL,82.50,0.00,82.50,0.00,0.00,82.50,10079896,NULL,'Facturación por Derechos Aeronáuticos','','P',0,'2016-02-09 02:57:18','2016-02-09 02:57:18',NULL),(872,1,'Contado','PZO-A',82988,'PZO',219626,'2016-01-19','2016-02-08',NULL,155,5,NULL,328.50,0.00,328.50,0.00,0.00,328.50,10079897,NULL,'Facturación por Derechos Aeronáuticos','','P',0,'2016-02-09 02:59:25','2016-02-09 02:59:25',NULL),(873,1,'Contado','PZO-A',82989,'PZO',219627,'2016-01-19','2016-02-08',NULL,80,5,NULL,591.96,0.00,591.96,0.00,0.00,591.96,10079898,NULL,'Facturación por Derechos Aeronáuticos','','P',0,'2016-02-09 03:04:28','2016-02-09 03:04:28',NULL),(874,1,'Crédito','PZO-A',82990,'PZO',219628,'2016-01-19','2016-02-08',NULL,40,5,NULL,5220.00,0.00,5220.00,0.00,0.00,5220.00,10079899,NULL,'Facturación por Derechos Aeronáuticos','','P',0,'2016-02-09 03:05:22','2016-02-09 03:05:22',NULL),(875,1,'Crédito','PZO-A',82991,'PZO',219629,'2016-01-19','2016-02-08',NULL,124,5,NULL,4051.50,0.00,4051.50,0.00,0.00,4051.50,10079900,NULL,'Facturación por Derechos Aeronáuticos','','P',0,'2016-02-09 03:07:58','2016-02-09 03:07:58',NULL),(876,1,'Crédito','PZO-A',82992,'PZO',219630,'2016-01-19','2016-02-08',NULL,124,5,NULL,11581.44,0.00,11581.44,0.00,0.00,11581.44,10079901,NULL,'Facturación por Derechos Aeronáuticos','','P',0,'2016-02-09 03:11:05','2016-02-09 03:11:05',NULL),(877,1,'Crédito','PZO-A',82993,'PZO',219631,'2016-01-19','2016-02-08',NULL,124,5,NULL,4051.50,0.00,4051.50,0.00,0.00,4051.50,10079902,NULL,'Facturación por Derechos Aeronáuticos','','P',0,'2016-02-09 03:13:36','2016-02-09 03:13:36',NULL),(878,1,'Contado','PZO-A',82994,'PZO',219632,'2016-01-19','2016-02-08',NULL,160,5,NULL,697.50,0.00,697.50,0.00,0.00,697.50,10079903,NULL,'Facturación por Derechos Aeronáuticos','','P',0,'2016-02-09 03:17:41','2016-02-09 03:17:41',NULL),(879,1,'Contado','PZO-A',82995,'PZO',219633,'2016-01-19','2016-02-08',NULL,193,5,NULL,4102.59,0.00,4102.59,0.00,0.00,4102.59,10079904,NULL,'Facturación por Derechos Aeronáuticos','','P',0,'2016-02-09 03:24:25','2016-02-09 03:24:25',NULL),(880,1,'Contado','PZO-A',82996,'PZO',219634,'2016-01-19','2016-02-08',NULL,174,5,NULL,457.32,0.00,457.32,0.00,0.00,457.32,10079905,NULL,'Facturación por Derechos Aeronáuticos','','P',0,'2016-02-09 03:28:06','2016-02-09 03:28:06',NULL),(881,1,'Contado','PZO-A',82997,'PZO',219635,'2016-01-19','2016-02-08',NULL,15,5,NULL,608.58,0.00,608.58,0.00,0.00,608.58,10079906,NULL,'Facturación por Derechos Aeronáuticos','','P',0,'2016-02-09 03:37:12','2016-02-09 03:37:12',NULL),(882,1,'Contado','PZO-A',82998,'PZO',219636,'2016-01-19','2016-02-08',NULL,8,5,NULL,188.88,0.00,188.88,0.00,0.00,188.88,10079907,NULL,'Facturación por Derechos Aeronáuticos','','P',0,'2016-02-09 03:44:48','2016-02-09 03:44:48',NULL),(883,1,'Crédito','PZO-A',82999,'PZO',219637,'2016-01-19','2016-02-08',NULL,139,5,NULL,328.50,0.00,328.50,0.00,0.00,328.50,10079908,NULL,'Facturación por Derechos Aeronáuticos','','P',0,'2016-02-09 03:46:53','2016-02-09 03:46:53',NULL),(884,1,'Crédito','PZO-A',83000,'PZO',219638,'2016-01-19','2016-02-08',NULL,63,5,NULL,792.00,0.00,792.00,0.00,0.00,792.00,10079909,NULL,'Facturación por Derechos Aeronáuticos','','P',0,'2016-02-09 03:49:17','2016-02-09 03:49:17',NULL),(885,1,'Crédito','PZO-A',83001,'PZO',219639,'2016-01-19','2016-02-08',NULL,63,5,NULL,792.00,0.00,792.00,0.00,0.00,792.00,10079910,NULL,'Facturación por Derechos Aeronáuticos','','P',0,'2016-02-09 03:51:31','2016-02-09 03:51:31',NULL),(886,1,'Crédito','PZO-A',83002,'PZO',219640,'2016-01-19','2016-02-08',NULL,40,5,NULL,4675.08,0.00,4675.08,0.00,0.00,4675.08,10079911,NULL,'Facturación por Derechos Aeronáuticos','','P',0,'2016-02-09 03:54:16','2016-02-09 03:54:16',NULL),(887,1,'Crédito','PZO-A',83003,'PZO',219641,'2016-01-19','2016-02-08',NULL,40,5,NULL,6027.84,0.00,6027.84,0.00,0.00,6027.84,10079912,NULL,'Facturación por Derechos Aeronáuticos','','P',0,'2016-02-09 03:56:32','2016-02-09 03:56:32',NULL),(888,1,'Contado','PZO-A',83005,'PZO',219643,'2016-01-20','2016-02-09',NULL,106,5,NULL,451.50,0.00,451.50,0.00,0.00,451.50,10079914,NULL,'Facturación por Derechos Aeronáuticos','','P',0,'2016-02-09 17:28:41','2016-02-09 17:28:41',NULL),(889,1,'Crédito','PZO-A',83006,'PZO',219644,'2016-01-20','2016-02-09',NULL,139,5,NULL,328.50,0.00,328.50,0.00,0.00,328.50,10079915,NULL,'Facturación por Derechos Aeronáuticos','','P',0,'2016-02-09 17:34:17','2016-02-09 17:34:17',NULL),(890,1,'Contado','PZO-A',83007,'PZO',219645,'2016-01-20','2016-02-09',NULL,218,5,NULL,530.04,0.00,530.04,0.00,0.00,530.04,10079916,NULL,'Facturación por Derechos Aeronáuticos','','C',0,'2016-02-09 17:41:37','2016-02-09 17:42:44',NULL),(891,1,'Contado','PZO-A',83008,'PZO',219646,'2016-01-20','2016-02-09',NULL,54,5,NULL,144.00,0.00,144.00,0.00,0.00,144.00,10079917,NULL,'Facturación por Derechos Aeronáuticos','','C',0,'2016-02-09 17:45:00','2016-02-09 17:46:42',NULL),(892,1,'Crédito','PZO-A',83009,'PZO',219647,'2016-01-20','2016-02-09',NULL,13,5,NULL,4834.50,0.00,4834.50,0.00,0.00,4834.50,10079918,NULL,'Facturación por Derechos Aeronáuticos','','P',0,'2016-02-09 17:50:45','2016-02-09 17:50:45',NULL),(893,1,'Contado','PZO-A',83010,'PZO',219648,'2016-01-20','2016-02-09',NULL,203,5,NULL,1933.50,0.00,1933.50,0.00,0.00,1933.50,10079919,NULL,'Facturación por Derechos Aeronáuticos','','C',1,'2016-02-09 17:53:28','2016-02-09 17:55:30',NULL),(894,1,'Crédito','PZO-A',83011,'PZO',219649,'2016-01-20','2016-02-09',NULL,13,5,NULL,4605.00,0.00,4605.00,0.00,0.00,4605.00,10079920,NULL,'Facturación por Derechos Aeronáuticos','','P',0,'2016-02-09 18:00:12','2016-02-09 18:00:12',NULL),(895,1,'Crédito','PZO-A',83012,'PZO',219650,'2016-01-20','2016-02-09',NULL,40,5,NULL,11775.72,0.00,11775.72,0.00,0.00,11775.72,10079921,NULL,'Facturación por Derechos Aeronáuticos','','P',0,'2016-02-09 18:02:31','2016-02-09 18:02:31',NULL),(896,1,'Contado','PZO-A',83013,'PZO',219651,'2016-01-20','2016-02-09',NULL,101,5,NULL,82.50,0.00,82.50,0.00,0.00,82.50,10079922,NULL,'Facturación por Derechos Aeronáuticos','','C',0,'2016-02-09 18:04:22','2016-02-09 18:05:13',NULL),(897,1,'Crédito','PZO-A',83014,'PZO',219652,'2016-01-20','2016-02-09',NULL,40,5,NULL,5220.00,0.00,5220.00,0.00,0.00,5220.00,10079923,NULL,'Facturación por Derechos Aeronáuticos','','P',0,'2016-02-09 18:19:25','2016-02-09 18:19:25',NULL),(898,1,'Crédito','PZO-A',83015,'PZO',219653,'2016-01-20','2016-02-09',NULL,63,5,NULL,792.00,0.00,792.00,0.00,0.00,792.00,10079924,NULL,'Facturación por Derechos Aeronáuticos','','P',0,'2016-02-09 19:04:23','2016-02-09 19:04:23',NULL),(899,1,'Crédito','PZO-A',83016,'PZO',219654,'2016-01-20','2016-02-09',NULL,63,5,NULL,792.00,0.00,792.00,0.00,0.00,792.00,10079925,NULL,'Facturación por Derechos Aeronáuticos','','P',0,'2016-02-09 19:13:24','2016-02-09 19:13:24',NULL),(900,1,'Crédito','PZO-A',83017,'PZO',219655,'2016-01-20','2016-02-09',NULL,40,5,NULL,3957.00,0.00,3957.00,0.00,0.00,3957.00,10079926,NULL,'Facturación por Derechos Aeronáuticos','','P',0,'2016-02-09 19:15:41','2016-02-09 19:15:41',NULL),(901,1,'Crédito','PZO-A',83018,'PZO',219656,'2016-01-20','2016-02-09',NULL,40,5,NULL,5220.00,0.00,5220.00,0.00,0.00,5220.00,10079927,NULL,'Facturación por Derechos Aeronáuticos','','P',0,'2016-02-09 19:17:59','2016-02-09 19:17:59',NULL),(902,1,'Crédito','PZO-A',83019,'PZO',219657,'2016-01-20','2016-02-09',NULL,12,5,NULL,513.00,0.00,513.00,0.00,0.00,513.00,10079928,NULL,'Facturación por Derechos Aeronáuticos','','P',0,'2016-02-09 19:19:50','2016-02-09 19:19:50',NULL),(903,1,'Contado','PZO-A',83021,'PZO',219659,'2016-01-20','2016-02-09',NULL,150,5,NULL,1604.16,0.00,1604.16,0.00,0.00,1604.16,10079930,NULL,'Facturación por Derechos Aeronáuticos','','P',0,'2016-02-09 19:33:42','2016-02-09 19:33:42',NULL),(904,1,'Contado','PZO-A',83022,'PZO',219660,'2016-01-20','2016-02-09',NULL,22,5,NULL,535.50,0.00,535.50,0.00,0.00,535.50,10079931,NULL,'Facturación por Derechos Aeronáuticos','','P',0,'2016-02-09 19:36:47','2016-02-09 19:36:47',NULL),(905,1,'Contado','PZO-A',83023,'PZO',219661,'2016-01-20','2016-02-09',NULL,219,5,NULL,388.50,0.00,388.50,0.00,0.00,388.50,10079932,NULL,'Facturación por Derechos Aeronáuticos','','P',0,'2016-02-09 19:42:55','2016-02-09 19:42:55',NULL),(906,1,'Crédito','PZO-A',83024,'PZO',219662,'2016-01-21','2016-02-09',NULL,125,5,NULL,144.00,0.00,144.00,0.00,0.00,144.00,10079933,NULL,'Facturación por Derechos Aeronáuticos','','P',0,'2016-02-09 20:20:04','2016-02-09 20:20:04',NULL),(907,1,'Contado','PZO-A',83025,'PZO',219663,'2016-01-21','2016-02-09',NULL,196,5,NULL,2778.60,0.00,2778.60,0.00,0.00,2778.60,10079934,NULL,'Facturación por Derechos Aeronáuticos','','P',0,'2016-02-09 20:25:42','2016-02-09 20:25:42',NULL),(908,1,'Contado','PZO-A',83026,'PZO',219664,'2016-01-21','2016-02-09',NULL,32,5,NULL,1786.68,0.00,1786.68,0.00,0.00,1786.68,10079935,NULL,'Facturación por Derechos Aeronáuticos','','P',0,'2016-02-09 20:28:11','2016-02-09 20:28:11',NULL),(909,1,'Contado','PZO-A',83027,'PZO',219665,'2016-01-21','2016-02-09',NULL,116,5,NULL,1506.00,0.00,1506.00,0.00,0.00,1506.00,10079936,NULL,'Facturación por Derechos Aeronáuticos','','P',0,'2016-02-09 20:31:06','2016-02-09 20:31:06',NULL),(910,1,'Contado','PZO-A',83028,'PZO',219666,'2016-01-21','2016-02-09',NULL,54,5,NULL,144.00,0.00,144.00,0.00,0.00,144.00,10079937,NULL,'Facturación por Derechos Aeronáuticos','','P',0,'2016-02-09 20:33:49','2016-02-09 20:33:49',NULL),(911,1,'Contado','PZO-A',83029,'PZO',219667,'2016-01-21','2016-02-09',NULL,54,5,NULL,144.00,0.00,144.00,0.00,0.00,144.00,10079938,NULL,'Facturación por Derechos Aeronáuticos','','P',0,'2016-02-09 20:59:28','2016-02-09 20:59:28',NULL),(912,1,'Contado','PZO-A',83030,'PZO',219668,'2016-01-21','2016-02-09',NULL,22,5,NULL,535.50,0.00,535.50,0.00,0.00,535.50,10079939,NULL,'Facturación por Derechos Aeronáuticos','','P',0,'2016-02-09 21:15:24','2016-02-09 21:15:24',NULL),(913,1,'Contado','PZO-A',83031,'PZO',219669,'2016-01-21','2016-02-09',NULL,220,5,NULL,889.50,0.00,889.50,0.00,0.00,889.50,10079940,NULL,'Facturación por Derechos Aeronáuticos','','P',0,'2016-02-09 21:25:34','2016-02-09 21:25:34',NULL),(914,1,'Contado','PZO-A',83032,'PZO',219670,'2016-01-21','2016-02-09',NULL,184,5,NULL,496.80,0.00,496.80,0.00,0.00,496.80,10079941,NULL,'Facturación por Derechos Aeronáuticos','','P',0,'2016-02-09 21:28:04','2016-02-09 21:28:04',NULL),(915,1,'Crédito','PZO-A',83033,'PZO',219671,'2016-01-21','2016-02-09',NULL,13,5,NULL,4728.00,0.00,4728.00,0.00,0.00,4728.00,10079942,NULL,'Facturación por Derechos Aeronáuticos','','P',0,'2016-02-09 21:30:27','2016-02-09 21:30:27',NULL),(916,1,'Crédito','PZO-A',83034,'PZO',219672,'2016-01-21','2016-02-09',NULL,124,5,NULL,4051.50,0.00,4051.50,0.00,0.00,4051.50,10079943,NULL,'Facturación por Derechos Aeronáuticos','','P',0,'2016-02-09 21:34:47','2016-02-09 21:34:47',NULL),(917,1,'Crédito','PZO-A',83035,'PZO',219673,'2016-01-21','2016-02-09',NULL,124,5,NULL,10810.44,0.00,10810.44,0.00,0.00,10810.44,10079944,NULL,'Facturación por Derechos Aeronáuticos','','P',0,'2016-02-09 21:37:44','2016-02-09 21:37:44',NULL),(918,1,'Crédito','PZO-A',83036,'PZO',219674,'2016-01-21','2016-02-09',NULL,124,5,NULL,4051.50,0.00,4051.50,0.00,0.00,4051.50,10079945,NULL,'Facturación por Derechos Aeronáuticos','','P',0,'2016-02-09 21:42:33','2016-02-09 21:42:33',NULL),(919,1,'Crédito','PZO-A',83037,'PZO',219675,'2016-01-21','2016-02-09',NULL,124,5,NULL,4051.50,0.00,4051.50,0.00,0.00,4051.50,10079946,NULL,'Facturación por Derechos Aeronáuticos','','P',0,'2016-02-09 21:47:58','2016-02-09 21:47:58',NULL),(920,1,'Crédito','PZO-A',83038,'PZO',219676,'2016-01-21','2016-02-09',NULL,124,5,NULL,10810.44,0.00,10810.44,0.00,0.00,10810.44,10079947,NULL,'Facturación por Derechos Aeronáuticos','','P',0,'2016-02-09 22:34:13','2016-02-09 22:34:13',NULL),(921,1,'Contado','PZO-A',83039,'PZO',219677,'2016-01-21','2016-02-09',NULL,119,5,NULL,2207.64,0.00,2207.64,0.00,0.00,2207.64,10079948,NULL,'Facturación por Derechos Aeronáuticos','','P',0,'2016-02-09 22:45:32','2016-02-09 22:45:32',NULL),(922,1,'Crédito','PZO-A',83040,'PZO',219678,'2016-01-21','2016-02-09',NULL,124,5,NULL,4174.50,0.00,4174.50,0.00,0.00,4174.50,10079949,NULL,'Facturación por Derechos Aeronáuticos','','P',0,'2016-02-09 23:00:02','2016-02-09 23:00:02',NULL),(923,1,'Crédito','PZO-A',83041,'PZO',219679,'2016-01-21','2016-02-09',NULL,40,5,NULL,13317.72,0.00,13317.72,0.00,0.00,13317.72,10079950,NULL,'Facturación por Derechos Aeronáuticos','','P',0,'2016-02-09 23:04:57','2016-02-09 23:04:57',NULL),(924,1,'Crédito','PZO-A',83042,'PZO',219680,'2016-01-21','2016-02-09',NULL,40,5,NULL,4728.00,0.00,4728.00,0.00,0.00,4728.00,10079951,NULL,'Facturación por Derechos Aeronáuticos','','P',0,'2016-02-09 23:07:21','2016-02-09 23:07:21',NULL),(925,1,'Contado','PZO-A',83043,'PZO',219681,'2016-01-21','2016-02-09',NULL,15,5,NULL,2100.84,0.00,2100.84,0.00,0.00,2100.84,10079952,NULL,'Facturación por Derechos Aeronáuticos','','P',0,'2016-02-09 23:10:38','2016-02-09 23:10:38',NULL),(926,1,'Contado','PZO-A',83044,'PZO',219682,'2016-01-21','2016-02-09',NULL,214,5,NULL,659.28,0.00,659.28,0.00,0.00,659.28,10079953,NULL,'Facturación por Derechos Aeronáuticos','','P',0,'2016-02-09 23:14:29','2016-02-09 23:14:29',NULL),(927,1,'Contado','PZO-A',83045,'PZO',219683,'2016-01-21','2016-02-09',NULL,80,5,NULL,144.00,0.00,144.00,0.00,0.00,144.00,10079954,NULL,'Facturación por Derechos Aeronáuticos','','P',0,'2016-02-09 23:16:39','2016-02-09 23:16:39',NULL),(928,1,'Contado','PZO-A',83046,'PZO',219684,'2016-01-21','2016-02-09',NULL,17,5,NULL,1843.20,0.00,1843.20,0.00,0.00,1843.20,10079955,NULL,'Facturación por Derechos Aeronáuticos','','P',0,'2016-02-09 23:19:55','2016-02-09 23:19:55',NULL),(929,1,'Crédito','PZO-A',83047,'PZO',219685,'2016-01-21','2016-02-09',NULL,139,5,NULL,328.50,0.00,328.50,0.00,0.00,328.50,10079956,NULL,'Facturación por Derechos Aeronáuticos','','P',0,'2016-02-09 23:22:19','2016-02-09 23:22:19',NULL),(930,1,'Contado','PZO-A',83048,'PZO',219686,'2016-01-21','2016-02-09',NULL,74,5,NULL,315.00,0.00,315.00,0.00,0.00,315.00,10079957,NULL,'Facturación por Derechos Aeronáuticos','','P',0,'2016-02-09 23:24:14','2016-02-09 23:24:14',NULL),(931,1,'Crédito','PZO-A',83049,'PZO',219687,'2016-01-21','2016-02-09',NULL,139,5,NULL,328.50,0.00,328.50,0.00,0.00,328.50,10079958,NULL,'Facturación por Derechos Aeronáuticos','','P',0,'2016-02-09 23:27:09','2016-02-09 23:27:09',NULL),(932,1,'Contado','PZO-A',83050,'PZO',219688,'2016-01-21','2016-02-09',NULL,191,5,NULL,4002.24,0.00,4002.24,0.00,0.00,4002.24,10079959,NULL,'Facturación por Derechos Aeronáuticos','','P',1,'2016-02-09 23:29:58','2016-02-09 23:35:26',NULL),(933,1,'Contado','PZO-A',83051,'PZO',219689,'2016-01-21','2016-02-09',NULL,219,5,NULL,384.60,0.00,384.60,0.00,0.00,384.60,10079960,NULL,'Facturación por Derechos Aeronáuticos','','P',0,'2016-02-09 23:35:00','2016-02-09 23:35:00',NULL),(934,1,'Crédito','PZO-A',83052,'PZO',219690,'2016-01-21','2016-02-09',NULL,63,5,NULL,792.00,0.00,792.00,0.00,0.00,792.00,10079961,NULL,'Facturación por Derechos Aeronáuticos','','P',0,'2016-02-09 23:41:10','2016-02-09 23:41:10',NULL),(935,1,'Crédito','PZO-A',83053,'PZO',219691,'2016-01-21','2016-02-09',NULL,63,5,NULL,792.00,0.00,792.00,0.00,0.00,792.00,10079962,NULL,'Facturación por Derechos Aeronáuticos','','P',0,'2016-02-09 23:43:16','2016-02-09 23:43:16',NULL),(936,1,'Crédito','PZO-A',83054,'PZO',219692,'2016-01-21','2016-02-09',NULL,40,5,NULL,5220.00,0.00,5220.00,0.00,0.00,5220.00,10079963,NULL,'Facturación por Derechos Aeronáuticos','','P',0,'2016-02-09 23:47:29','2016-02-09 23:47:29',NULL),(937,1,'Crédito','PZO-A',83055,'PZO',219693,'2016-01-21','2016-02-09',NULL,40,5,NULL,4728.00,0.00,4728.00,0.00,0.00,4728.00,10079964,NULL,'Facturación por Derechos Aeronáuticos','','P',0,'2016-02-09 23:49:56','2016-02-09 23:49:56',NULL),(938,1,'Contado','PZO-A',83056,'PZO',219694,'2016-01-21','2016-02-09',NULL,184,5,NULL,388.50,0.00,388.50,0.00,0.00,388.50,10079965,NULL,'Facturación por Derechos Aeronáuticos','','P',0,'2016-02-09 23:51:57','2016-02-09 23:51:57',NULL),(939,1,'Crédito','PZO-A',83480,'PZO',220119,'2016-02-09','2016-02-09',NULL,40,5,NULL,4449.00,0.00,4449.00,0.00,0.00,4449.00,10080385,NULL,'Facturación por Derechos Aeronáuticos','','P',0,'2016-02-10 02:58:13','2016-02-10 02:58:13',NULL),(940,1,'Crédito','PZO-A',83481,'PZO',220120,'2016-02-09','2016-02-09',NULL,40,5,NULL,11775.72,0.00,11775.72,0.00,0.00,11775.72,10080386,NULL,'Facturación por Derechos Aeronáuticos','','P',0,'2016-02-10 03:10:13','2016-02-10 03:10:13',NULL),(941,1,'Contado','PZO-A',83482,'PZO',220121,'2016-02-09','2016-02-09',NULL,74,5,NULL,315.00,0.00,315.00,0.00,0.00,315.00,10080387,NULL,'Facturación por Derechos Aeronáuticos','','P',0,'2016-02-10 03:12:43','2016-02-10 03:12:43',NULL),(942,1,'Crédito','PZO-A',83483,'PZO',220122,'2016-02-09','2016-02-09',NULL,125,5,NULL,82.50,0.00,82.50,0.00,0.00,82.50,10080388,NULL,'Facturación por Derechos Aeronáuticos','','P',0,'2016-02-10 03:18:09','2016-02-10 03:18:09',NULL),(943,1,'Crédito','PZO-A',83484,'PZO',220123,'2016-02-09','2016-02-09',NULL,45,5,NULL,6889.80,0.00,6889.80,0.00,0.00,6889.80,10080389,NULL,'Facturación por Derechos Aeronáuticos','','P',0,'2016-02-10 03:21:17','2016-02-10 03:21:17',NULL),(944,1,'Crédito','PZO-A',83485,'PZO',220124,'2016-02-09','2016-02-09',NULL,45,5,NULL,9000.30,0.00,9000.30,0.00,0.00,9000.30,10080390,NULL,'Facturación por Derechos Aeronáuticos','','P',0,'2016-02-10 03:23:15','2016-02-10 03:23:15',NULL),(945,1,'Contado','PZO-A',83486,'PZO',220125,'2016-02-09','2016-02-09',NULL,101,5,NULL,82.50,0.00,82.50,0.00,0.00,82.50,10080391,NULL,'Facturación por Derechos Aeronáuticos','','P',0,'2016-02-10 03:25:13','2016-02-10 03:25:13',NULL),(946,1,'Contado','PZO-A',83487,'PZO',220126,'2016-02-09','2016-02-09',NULL,80,5,NULL,211.32,0.00,211.32,0.00,0.00,211.32,10080392,NULL,'Facturación por Derechos Aeronáuticos','','P',0,'2016-02-10 03:26:49','2016-02-10 03:26:49',NULL),(947,1,'Contado','PZO-A',83488,'PZO',220127,'2016-02-09','2016-02-09',NULL,106,5,NULL,451.50,0.00,451.50,0.00,0.00,451.50,10080393,NULL,'Facturación por Derechos Aeronáuticos','','P',0,'2016-02-10 03:29:13','2016-02-10 03:29:13',NULL),(948,1,'Crédito','PZO-A',83489,'PZO',220128,'2016-02-09','2016-02-09',NULL,139,5,NULL,328.50,0.00,328.50,0.00,0.00,328.50,10080394,NULL,'Facturación por Derechos Aeronáuticos','','P',0,'2016-02-10 03:32:51','2016-02-10 03:32:51',NULL),(949,1,'Crédito','PZO-A',83490,'PZO',220129,'2016-02-09','2016-02-09',NULL,139,5,NULL,328.50,0.00,328.50,0.00,0.00,328.50,10080395,NULL,'Facturación por Derechos Aeronáuticos','','P',0,'2016-02-10 03:35:16','2016-02-10 03:35:16',NULL),(950,1,'Crédito','PZO-A',83491,'PZO',220130,'2016-02-09','2016-02-09',NULL,139,5,NULL,328.50,0.00,328.50,0.00,0.00,328.50,10080396,NULL,'Facturación por Derechos Aeronáuticos','','P',0,'2016-02-10 03:49:25','2016-02-10 03:49:25',NULL),(951,1,'Crédito','PZO-A',83492,'PZO',220131,'2016-02-09','2016-02-09',NULL,139,5,NULL,328.50,0.00,328.50,0.00,0.00,328.50,10080397,NULL,'Facturación por Derechos Aeronáuticos','','P',0,'2016-02-10 03:51:13','2016-02-10 03:51:13',NULL),(952,1,'Crédito','PZO-A',83493,'PZO',220132,'2016-02-09','2016-02-09',NULL,139,5,NULL,328.50,0.00,328.50,0.00,0.00,328.50,10080398,NULL,'Facturación por Derechos Aeronáuticos','','P',0,'2016-02-10 03:53:08','2016-02-10 03:53:08',NULL),(953,1,'Crédito','PZO-A',83494,'PZO',220133,'2016-02-09','2016-02-10',NULL,139,5,NULL,328.50,0.00,328.50,0.00,0.00,328.50,10080399,NULL,'Facturación por Derechos Aeronáuticos','','P',0,'2016-02-10 04:56:35','2016-02-10 04:56:35',NULL),(954,1,'Crédito','PZO-A',83495,'PZO',220134,'2016-02-09','2016-02-10',NULL,139,5,NULL,328.50,0.00,328.50,0.00,0.00,328.50,10080400,NULL,'Facturación por Derechos Aeronáuticos','','P',0,'2016-02-10 04:59:39','2016-02-10 04:59:39',NULL),(955,1,'Crédito','PZO-A',83496,'PZO',220135,'2016-02-09','2016-02-10',NULL,139,5,NULL,328.50,0.00,328.50,0.00,0.00,328.50,10080401,NULL,'Facturación por Derechos Aeronáuticos','','P',0,'2016-02-10 05:03:02','2016-02-10 05:03:02',NULL),(956,1,'Crédito','PZO-A',83497,'PZO',220136,'2016-02-09','2016-02-10',NULL,139,5,NULL,328.50,0.00,328.50,0.00,0.00,328.50,10080402,NULL,'Facturación por Derechos Aeronáuticos','','P',0,'2016-02-10 05:05:02','2016-02-10 05:05:02',NULL),(957,1,'Crédito','PZO-A',83498,'PZO',220137,'2016-02-09','2016-02-10',NULL,139,5,NULL,328.50,0.00,328.50,0.00,0.00,328.50,10080403,NULL,'Facturación por Derechos Aeronáuticos','','P',0,'2016-02-10 05:07:07','2016-02-10 05:07:07',NULL),(958,1,'Crédito','PZO-A',83499,'PZO',220138,'2016-02-09','2016-02-10',NULL,139,5,NULL,328.50,0.00,328.50,0.00,0.00,328.50,10080404,NULL,'Facturación por Derechos Aeronáuticos','','P',0,'2016-02-10 05:09:12','2016-02-10 05:09:12',NULL),(959,1,'Crédito','PZO-A',83500,'PZO',220139,'2016-02-09','2016-02-10',NULL,139,5,NULL,328.50,0.00,328.50,0.00,0.00,328.50,10080405,NULL,'Facturación por Derechos Aeronáuticos','','P',0,'2016-02-10 05:11:26','2016-02-10 05:11:26',NULL),(960,1,'Crédito','PZO-A',83501,'PZO',220140,'2016-02-09','2016-02-10',NULL,139,5,NULL,1057.80,0.00,1057.80,0.00,0.00,1057.80,10080406,NULL,'Facturación por Derechos Aeronáuticos','','P',0,'2016-02-10 05:13:22','2016-02-10 05:13:22',NULL),(961,1,'Contado','PZO-A',83502,'PZO',220141,'2016-02-09','2016-02-10',NULL,74,5,NULL,661.68,0.00,661.68,0.00,0.00,661.68,10080407,NULL,'Facturación por Derechos Aeronáuticos','','P',0,'2016-02-10 05:15:08','2016-02-10 05:15:08',NULL),(962,1,'Crédito','PZO-A',83503,'PZO',220142,'2016-02-09','2016-02-10',NULL,124,5,NULL,5417.16,0.00,5417.16,0.00,0.00,5417.16,10080408,NULL,'Facturación por Derechos Aeronáuticos','','P',0,'2016-02-10 05:17:18','2016-02-10 05:17:18',NULL),(963,1,'Crédito','PZO-A',83504,'PZO',220143,'2016-02-09','2016-02-10',NULL,124,5,NULL,12352.44,0.00,12352.44,0.00,0.00,12352.44,10080409,NULL,'Facturación por Derechos Aeronáuticos','','P',0,'2016-02-10 05:19:36','2016-02-10 05:19:36',NULL),(964,1,'Crédito','PZO-A',83505,'PZO',220144,'2016-02-09','2016-02-10',NULL,124,5,NULL,4051.50,0.00,4051.50,0.00,0.00,4051.50,10080410,NULL,'Facturación por Derechos Aeronáuticos','','P',0,'2016-02-10 05:21:26','2016-02-10 05:21:26',NULL),(965,1,'Crédito','PZO-A',83506,'PZO',220145,'2016-02-09','2016-02-10',NULL,124,5,NULL,4051.50,0.00,4051.50,0.00,0.00,4051.50,10080411,NULL,'Facturación por Derechos Aeronáuticos','','P',0,'2016-02-10 05:24:21','2016-02-10 05:24:21',NULL),(966,1,'Crédito','PZO-A',83507,'PZO',220146,'2016-02-09','2016-02-10',NULL,40,5,NULL,5220.00,0.00,5220.00,0.00,0.00,5220.00,10080412,NULL,'Facturación por Derechos Aeronáuticos','','P',0,'2016-02-10 05:32:34','2016-02-10 05:32:34',NULL),(967,1,'Crédito','PZO-A',83508,'PZO',220147,'2016-02-09','2016-02-10',NULL,40,5,NULL,4510.50,0.00,4510.50,0.00,0.00,4510.50,10080413,NULL,'Facturación por Derechos Aeronáuticos','','P',0,'2016-02-10 05:34:44','2016-02-10 05:34:44',NULL),(968,1,'Crédito','PZO-A',83509,'PZO',220148,'2016-02-09','2016-02-10',NULL,40,5,NULL,4728.00,0.00,4728.00,0.00,0.00,4728.00,10080414,NULL,'Facturación por Derechos Aeronáuticos','','P',0,'2016-02-10 05:37:02','2016-02-10 05:37:02',NULL),(969,1,'Crédito','PZO-A',83510,'PZO',220149,'2016-02-09','2016-02-10',NULL,63,5,NULL,792.00,0.00,792.00,0.00,0.00,792.00,10080415,NULL,'Facturación por Derechos Aeronáuticos','','P',0,'2016-02-10 06:16:54','2016-02-10 06:16:54',NULL),(970,1,'Crédito','PZO-A',83511,'PZO',220150,'2016-02-09','2016-02-10',NULL,63,5,NULL,792.00,0.00,792.00,0.00,0.00,792.00,10080416,NULL,'Facturación por Derechos Aeronáuticos','','P',0,'2016-02-10 06:18:47','2016-02-10 06:18:47',NULL),(971,1,'Crédito','PZO-A',82445,'PZO',219082,'2015-12-28','2016-01-28',NULL,45,5,NULL,8673.78,0.00,8673.78,0.00,0.00,8673.78,NULL,NULL,'DOSAS DICIEMBRE 2015','','C',0,'2016-02-10 18:29:46','2016-02-10 18:43:33',NULL),(972,1,'Crédito','PZO-A',82446,'PZO',219083,'2015-12-28','2016-01-28',NULL,45,5,NULL,9000.30,0.00,9000.30,0.00,0.00,9000.30,NULL,NULL,'DOSAS DICIEMBRE 2015','','C',0,'2016-02-10 18:32:20','2016-02-10 18:43:33',NULL),(973,1,'Crédito','PZO-A',82463,'PZO',219100,'2015-12-29','2016-01-29',NULL,45,5,NULL,9925.20,0.00,9925.20,0.00,0.00,9925.20,NULL,NULL,'DOSAS DICIEMBRE 2015','','C',0,'2016-02-10 18:35:26','2016-02-10 18:43:33',NULL),(974,1,'Crédito','PZO-A',82532,'PZO',219169,'2015-12-31','2016-01-31',NULL,45,5,NULL,9925.20,0.00,9925.20,0.00,0.00,9925.20,NULL,NULL,'DOSAS DICIEMBRE 2015','','C',0,'2016-02-10 18:37:48','2016-02-10 18:43:33',NULL),(975,1,'Crédito','PZO-A',82519,'PZO',219156,'2015-12-30','2016-01-30',NULL,45,5,NULL,10215.78,0.00,10215.78,0.00,0.00,10215.78,NULL,NULL,'DOSAS DICIEMBRE 2015','','C',0,'2016-02-10 18:39:55','2016-02-10 18:43:33',NULL),(976,1,'Crédito','PZO-A',80389,'PZO',216011,'2015-10-11','2016-02-10',NULL,139,5,NULL,328.50,0.00,328.50,0.00,0.00,328.50,NULL,NULL,'DOSAS DICIEMBRE 2015','','P',0,'2016-02-10 18:46:47','2016-02-10 18:46:47',NULL),(977,1,'Crédito','PZO-A',80235,'PZO',214857,'2015-10-04','2015-11-04',NULL,139,5,NULL,328.50,0.00,328.50,0.00,0.00,328.50,NULL,NULL,'DOSAS DICIEMBRE 2015','','P',0,'2016-02-10 18:48:17','2016-02-10 18:48:17',NULL),(978,1,'Crédito','PZO-A',80194,'PZO',214816,'2015-10-02','2016-02-10',NULL,139,5,NULL,328.50,0.00,328.50,0.00,0.00,328.50,NULL,NULL,'DOSAS DICIEMBRE 2015','','P',0,'2016-02-10 18:51:51','2016-02-10 18:51:51',NULL),(979,1,'Crédito','PZO-A',80192,'PZO',214814,'2015-10-02','2016-02-10',NULL,139,5,NULL,328.50,0.00,328.50,0.00,0.00,328.50,NULL,NULL,'DOSAS DICIEMBRE 2015','','P',0,'2016-02-10 18:53:57','2016-02-10 18:53:57',NULL),(980,1,'Crédito','PZO-A',80191,'PZO',214813,'2015-10-02','2016-02-10',NULL,139,5,NULL,328.50,0.00,328.50,0.00,0.00,328.50,NULL,NULL,'DOSAS DICIEMBRE 2015','','P',0,'2016-02-10 18:55:26','2016-02-10 18:55:26',NULL),(981,1,'Crédito','PZO-A',80190,'PZO',214812,'2015-10-02','2016-02-10',NULL,139,5,NULL,328.50,0.00,328.50,0.00,0.00,328.50,NULL,NULL,'DOSAS DICIEMBRE 2015','','P',0,'2016-02-10 18:56:59','2016-02-10 18:56:59',NULL),(982,1,'Crédito','PZO-A',80189,'PZO',214811,'2015-10-02','2016-02-10',NULL,139,5,NULL,328.50,0.00,328.50,0.00,0.00,328.50,NULL,NULL,'DOSAS DICIEMBRE 2015','','P',0,'2016-02-10 19:06:16','2016-02-10 19:06:16',NULL),(983,1,'Crédito','PZO-A',80188,'PZO',214810,'2015-10-02','2016-02-10',NULL,139,5,NULL,328.50,0.00,328.50,0.00,0.00,328.50,NULL,NULL,'DOSAS DICIEMBRE 2015','','P',0,'2016-02-10 19:07:25','2016-02-10 19:07:25',NULL),(984,1,'Crédito','PZO-A',80732,'PZO',215356,'2015-10-23','2016-02-10',NULL,139,5,NULL,328.50,0.00,328.50,0.00,0.00,328.50,NULL,NULL,'DOSAS DICIEMBRE 2015','','P',0,'2016-02-10 19:08:54','2016-02-10 19:08:54',NULL),(985,1,'Crédito','PZO-A',80731,'PZO',215355,'2015-10-23','2016-02-10',NULL,139,5,NULL,328.50,0.00,328.50,0.00,0.00,328.50,NULL,NULL,'DOSAS DICIEMBRE 2015','','P',0,'2016-02-10 19:10:44','2016-02-10 19:10:44',NULL),(986,1,'Crédito','PZO-A',80730,'PZO',215354,'2015-10-23','2016-02-10',NULL,139,5,NULL,328.50,0.00,328.50,0.00,0.00,328.50,NULL,NULL,'DOSAS DICIEMBRE 2015','','P',0,'2016-02-10 19:13:00','2016-02-10 19:13:00',NULL),(987,1,'Crédito','PZO-A',80729,'PZO',215353,'2015-10-23','2016-02-10',NULL,139,5,NULL,328.50,0.00,328.50,0.00,0.00,328.50,NULL,NULL,'DOSAS DICIEMBRE 2015','','P',0,'2016-02-10 19:14:14','2016-02-10 19:14:14',NULL),(988,1,'Crédito','PZO-A',80703,'PZO',215327,'2015-10-22','2016-02-10',NULL,139,5,NULL,328.50,0.00,328.50,0.00,0.00,328.50,NULL,NULL,'DOSAS DICIEMBRE 2015','','P',0,'2016-02-10 19:15:29','2016-02-10 19:15:29',NULL),(989,1,'Crédito','PZO-A',80702,'PZO',215326,'2015-10-22','2016-02-10',NULL,139,5,NULL,328.50,0.00,328.50,0.00,0.00,328.50,NULL,NULL,'DOSAS DICIEMBRE 2015','','P',0,'2016-02-10 19:16:29','2016-02-10 19:16:29',NULL),(990,1,'Crédito','PZO-A',80701,'PZO',215325,'2015-10-22','2016-02-10',NULL,139,5,NULL,328.50,0.00,328.50,0.00,0.00,328.50,NULL,NULL,'DOSAS DICIEMBRE 2015','','P',0,'2016-02-10 19:18:13','2016-02-10 19:18:13',NULL),(991,1,'Crédito','PZO-A',80648,'PZO',215272,'2015-10-20','2016-02-10',NULL,139,5,NULL,328.50,0.00,328.50,0.00,0.00,328.50,NULL,NULL,'DOSAS DICIEMBRE 2015','','P',0,'2016-02-10 19:19:38','2016-02-10 19:19:38',NULL),(992,1,'Crédito','PZO-A',80647,'PZO',215271,'2015-10-20','2016-02-10',NULL,139,5,NULL,328.50,0.00,328.50,0.00,0.00,328.50,NULL,NULL,'DOSAS DICIEMBRE 2015','','P',0,'2016-02-10 19:20:56','2016-02-10 19:20:56',NULL),(993,1,'Crédito','PZO-A',80646,'PZO',215270,'2015-10-20','2016-02-10',NULL,139,5,NULL,328.50,0.00,328.50,0.00,0.00,328.50,NULL,NULL,'DOSAS DICIEMBRE 2015','','P',0,'2016-02-10 19:21:58','2016-02-10 19:21:58',NULL),(994,1,'Crédito','PZO-A',80673,'PZO',215297,'2015-10-21','2016-02-10',NULL,139,5,NULL,328.50,0.00,328.50,0.00,0.00,328.50,NULL,NULL,'DOSAS DICIEMBRE 2015','','P',0,'2016-02-10 19:23:24','2016-02-10 19:23:24',NULL),(995,1,'Crédito','PZO-A',80672,'PZO',215296,'2015-10-21','2016-02-10',NULL,139,5,NULL,328.50,0.00,328.50,0.00,0.00,328.50,NULL,NULL,'DOSAS DICIEMBRE 2015','','P',0,'2016-02-10 19:26:06','2016-02-10 19:26:06',NULL),(996,1,'Crédito','PZO-A',80670,'PZO',215294,'2015-10-21','2016-02-10',NULL,139,5,NULL,328.50,0.00,328.50,0.00,0.00,328.50,NULL,NULL,'DOSAS DICIEMBRE 2015','','P',0,'2016-02-10 19:27:36','2016-02-10 19:27:36',NULL),(997,1,'Crédito','PZO-A',80669,'PZO',215293,'2015-10-21','2016-02-10',NULL,139,5,NULL,328.50,0.00,328.50,0.00,0.00,328.50,NULL,NULL,'DOSAS DICIEMBRE 2015','','P',0,'2016-02-10 19:28:40','2016-02-10 19:28:40',NULL),(998,1,'Crédito','PZO-A',80668,'PZO',215292,'2015-10-21','2016-02-10',NULL,139,5,NULL,328.50,0.00,328.50,0.00,0.00,328.50,NULL,NULL,'DOSAS DICIEMBRE 2015','','P',0,'2016-02-10 19:29:46','2016-02-10 19:29:46',NULL),(999,1,'Crédito','PZO-A',80667,'PZO',215291,'2015-10-21','2016-02-10',NULL,139,5,NULL,328.50,0.00,328.50,0.00,0.00,328.50,NULL,NULL,'DOSAS DICIEMBRE 2015','','P',0,'2016-02-10 19:30:52','2016-02-10 19:30:52',NULL),(1000,1,'Crédito','PZO-A',80947,'PZO',215573,'2015-10-31','2016-02-10',NULL,139,5,NULL,328.50,0.00,328.50,0.00,0.00,328.50,NULL,NULL,'DOSAS DICIEMBRE 2015','','P',0,'2016-02-10 19:31:55','2016-02-10 19:31:55',NULL),(1001,1,'Crédito','PZO-A',80946,'PZO',215572,'2015-10-31','2015-11-30',NULL,139,5,NULL,328.50,0.00,328.50,0.00,0.00,328.50,NULL,NULL,'DOSAS DICIEMBRE 2015','','P',0,'2016-02-10 19:33:23','2016-02-10 19:33:23',NULL),(1002,1,'Crédito','PZO-A',80945,'PZO',215571,'2015-10-31','2016-02-10',NULL,139,5,NULL,328.50,0.00,328.50,0.00,0.00,328.50,NULL,NULL,'DOSAS DICIEMBRE 2015','','P',0,'2016-02-10 19:35:21','2016-02-10 19:35:21',NULL),(1003,1,'Crédito','PZO-A',80915,'PZO',215541,'2015-10-30','2016-02-10',NULL,139,5,NULL,328.50,0.00,328.50,0.00,0.00,328.50,NULL,NULL,'DOSAS DICIEMBRE 2015','','P',0,'2016-02-10 19:37:00','2016-02-10 19:37:00',NULL),(1004,1,'Crédito','PZO-A',80914,'PZO',215540,'2015-10-30','2016-02-10',NULL,139,5,NULL,328.50,0.00,328.50,0.00,0.00,328.50,NULL,NULL,'DOSAS DICIEMBRE 2015','','P',0,'2016-02-10 19:38:20','2016-02-10 19:38:20',NULL),(1005,1,'Crédito','PZO-A',80913,'PZO',215539,'2015-10-30','2016-02-10',NULL,139,5,NULL,328.50,0.00,328.50,0.00,0.00,328.50,NULL,NULL,'DOSAS DICIEMBRE 2015','','P',0,'2016-02-10 19:40:20','2016-02-10 19:40:20',NULL),(1006,1,'Crédito','PZO-A',80912,'PZO',215538,'2015-10-30','2016-02-10',NULL,139,5,NULL,328.50,0.00,328.50,0.00,0.00,328.50,NULL,NULL,'DOSAS DICIEMBRE 2015','','P',0,'2016-02-10 19:43:01','2016-02-10 19:43:01',NULL),(1007,1,'Crédito','PZO-A',80909,'PZO',215535,'2015-10-30','2016-02-10',NULL,139,5,NULL,328.50,0.00,328.50,0.00,0.00,328.50,NULL,NULL,'DOSAS DICIEMBRE 2015','','P',0,'2016-02-10 19:46:35','2016-02-10 19:46:35',NULL),(1008,1,'Crédito','PZO-A',80908,'PZO',215534,'2015-10-30','2016-02-10',NULL,139,5,NULL,328.50,0.00,328.50,0.00,0.00,328.50,NULL,NULL,'DOSAS DICIEMBRE 2015','','P',0,'2016-02-10 19:49:01','2016-02-10 19:49:01',NULL),(1009,1,'Crédito','PZO-A',80907,'PZO',215533,'2015-10-30','2016-02-10',NULL,139,5,NULL,328.50,0.00,328.50,0.00,0.00,328.50,NULL,NULL,'DOSAS DICIEMBRE 2015','','P',0,'2016-02-10 19:50:21','2016-02-10 19:50:21',NULL),(1010,1,'Crédito','PZO-A',80904,'PZO',215530,'2015-10-30','2016-02-10',NULL,139,5,NULL,328.50,0.00,328.50,0.00,0.00,328.50,NULL,NULL,'DOSAS DICIEMBRE 2015','','P',0,'2016-02-10 19:51:54','2016-02-10 19:51:54',NULL),(1011,1,'Crédito','PZO-A',80903,'PZO',215529,'2015-10-30','2016-02-10',NULL,139,5,NULL,328.50,0.00,328.50,0.00,0.00,328.50,NULL,NULL,'DOSAS DICIEMBRE 2015','','P',0,'2016-02-10 19:53:19','2016-02-10 19:53:19',NULL),(1012,1,'Crédito','PZO-A',80885,'PZO',215510,'2015-10-29','2016-02-10',NULL,139,5,NULL,328.50,0.00,328.50,0.00,0.00,328.50,NULL,NULL,'DOSAS DICIEMBRE 2015','','P',0,'2016-02-10 19:54:54','2016-02-10 19:54:54',NULL),(1013,1,'Crédito','PZO-A',80884,'PZO',215509,'2015-10-29','2016-02-10',NULL,139,5,NULL,328.50,0.00,328.50,0.00,0.00,328.50,NULL,NULL,'DOSAS DICIEMBRE 2015','','P',0,'2016-02-10 19:56:42','2016-02-10 19:56:42',NULL),(1014,1,'Crédito','PZO-A',80883,'PZO',215508,'2015-10-29','2016-02-10',NULL,139,5,NULL,328.50,0.00,328.50,0.00,0.00,328.50,NULL,NULL,'DOSAS DICIEMBRE 2015','','P',0,'2016-02-10 19:57:57','2016-02-10 19:57:57',NULL),(1015,1,'Crédito','PZO-A',80882,'PZO',215507,'2015-10-29','2016-02-10',NULL,139,5,NULL,328.50,0.00,328.50,0.00,0.00,328.50,NULL,NULL,'DOSAS DICIEMBRE 2015','','P',0,'2016-02-10 19:59:20','2016-02-10 19:59:20',NULL),(1016,1,'Crédito','PZO-A',80881,'PZO',215506,'2015-10-29','2016-02-10',NULL,139,5,NULL,328.50,0.00,328.50,0.00,0.00,328.50,NULL,NULL,'DOSAS DICIEMBRE 2015','','P',0,'2016-02-10 20:00:30','2016-02-10 20:00:30',NULL),(1017,1,'Crédito','PZO-A',80880,'PZO',215505,'2015-10-29','2016-02-10',NULL,139,5,NULL,328.50,0.00,328.50,0.00,0.00,328.50,NULL,NULL,'DOSAS DICIEMBRE 2015','','P',0,'2016-02-10 20:01:40','2016-02-10 20:01:40',NULL),(1018,1,'Crédito','PZO-A',80879,'PZO',2019504,'2015-10-29','2016-02-10',NULL,139,5,NULL,328.50,0.00,328.50,0.00,0.00,328.50,NULL,NULL,'DOSAS DICIEMBRE 2015','','P',0,'2016-02-10 20:03:37','2016-02-10 20:03:37',NULL),(1019,1,'Crédito','PZO-A',80878,'PZO',215503,'2015-10-29','2016-02-10',NULL,139,5,NULL,328.50,0.00,328.50,0.00,0.00,328.50,NULL,NULL,'DOSAS DICIEMBRE 2015','','P',0,'2016-02-10 20:04:44','2016-02-10 20:04:44',NULL),(1020,1,'Crédito','PZO-A',80877,'PZO',215502,'2015-10-29','2016-02-10',NULL,139,5,NULL,328.50,0.00,328.50,0.00,0.00,328.50,NULL,NULL,'DOSAS DICIEMBRE 2015','','P',0,'2016-02-10 20:06:00','2016-02-10 20:06:00',NULL),(1021,1,'Crédito','PZO-A',80876,'PZO',215501,'2015-10-29','2016-02-10',NULL,139,5,NULL,328.50,0.00,328.50,0.00,0.00,328.50,NULL,NULL,'DOSAS DICIEMBRE 2015','','P',0,'2016-02-10 20:07:18','2016-02-10 20:07:18',NULL),(1022,1,'Crédito','PZO-A',81888,'PZO',218520,'2015-12-05','2016-02-10',NULL,139,5,NULL,328.50,0.00,328.50,0.00,0.00,328.50,NULL,NULL,'DOSAS DICIEMBRE 2015','','P',0,'2016-02-10 20:08:34','2016-02-10 20:08:34',NULL),(1023,1,'Crédito','PZO-A',81887,'PZO',218519,'2015-12-05','2016-02-10',NULL,139,5,NULL,328.50,0.00,328.50,0.00,0.00,328.50,NULL,NULL,'DOSAS DICIEMBRE 2015','','P',0,'2016-02-10 20:09:38','2016-02-10 20:09:38',NULL),(1024,1,'Crédito','PZO-A',81886,'PZO',218518,'2015-12-05','2016-02-10',NULL,139,5,NULL,328.50,0.00,328.50,0.00,0.00,328.50,NULL,NULL,'DOSAS DICIEMBRE 2015','','P',0,'2016-02-10 20:10:50','2016-02-10 20:10:50',NULL),(1025,1,'Crédito','PZO-A',81885,'PZO',218517,'2015-12-05','2016-02-10',NULL,139,5,NULL,328.50,0.00,328.50,0.00,0.00,328.50,NULL,NULL,'DOSAS DICIEMBRE 2015','','P',0,'2016-02-10 20:11:45','2016-02-10 20:11:45',NULL),(1026,1,'Crédito','PZO-A',81874,'PZO',218506,'2015-12-04','2016-02-10',NULL,139,5,NULL,328.50,0.00,328.50,0.00,0.00,328.50,NULL,NULL,'DOSAS DICIEMBRE 2015','','P',0,'2016-02-10 20:13:11','2016-02-10 20:13:11',NULL),(1027,1,'Crédito','PZO-A',81873,'PZO',218505,'2015-12-04','2016-02-10',NULL,139,5,NULL,328.50,0.00,328.50,0.00,0.00,328.50,NULL,NULL,'DOSAS DICIEMBRE 2015','','P',0,'2016-02-10 20:14:29','2016-02-10 20:14:29',NULL),(1028,1,'Crédito','PZO-A',81872,'PZO',218504,'2015-12-04','2016-02-10',NULL,139,5,NULL,328.50,0.00,328.50,0.00,0.00,328.50,NULL,NULL,'DOSAS DICIEMBRE 2015','','P',0,'2016-02-10 20:15:38','2016-02-10 20:15:38',NULL),(1029,1,'Crédito','PZO-A',81871,'PZO',218503,'2015-12-04','2016-02-10',NULL,139,5,NULL,328.50,0.00,328.50,0.00,0.00,328.50,NULL,NULL,'DOSAS DICIEMBRE 2015','','P',0,'2016-02-10 20:24:55','2016-02-10 20:24:55',NULL),(1030,1,'Crédito','PZO-A',81870,'PZO',218502,'2015-12-04','2016-02-10',NULL,139,5,NULL,328.50,0.00,328.50,0.00,0.00,328.50,NULL,NULL,'DOSAS DICIEMBRE 2015','','P',0,'2016-02-10 20:27:49','2016-02-10 20:27:49',NULL),(1031,1,'Crédito','PZO-A',81869,'PZO',218501,'2015-12-04','2016-02-10',NULL,139,5,NULL,328.50,0.00,328.50,0.00,0.00,328.50,NULL,NULL,'DOSAS DICIEMBRE 2015','','P',0,'2016-02-10 20:28:51','2016-02-10 20:28:51',NULL),(1032,1,'Crédito','PZO-A',81778,'PZO',218408,'2015-12-01','2016-02-10',NULL,139,5,NULL,1618.80,0.00,1618.80,0.00,0.00,1618.80,NULL,NULL,'DOSAS DICIEMBRE 2015','','P',0,'2016-02-10 20:30:52','2016-02-10 20:30:52',NULL),(1033,1,'Crédito','PZO-A',81777,'PZO',218407,'2015-12-01','2016-02-10',NULL,139,5,NULL,328.50,0.00,328.50,0.00,0.00,328.50,NULL,NULL,'DOSAS DICIEMBRE 2015','','P',0,'2016-02-10 20:32:00','2016-02-10 20:32:00',NULL),(1034,1,'Crédito','PZO-A',82137,'PZO',218772,'2015-12-15','2016-02-10',NULL,139,5,NULL,328.50,0.00,328.50,0.00,0.00,328.50,NULL,NULL,'DOSAS DICIEMBRE 2015','','P',0,'2016-02-10 20:36:08','2016-02-10 20:36:08',NULL),(1035,1,'Crédito','PZO-A',82135,'PZO',218770,'2015-12-15','2016-02-10',NULL,139,5,NULL,328.50,0.00,328.50,0.00,0.00,328.50,NULL,NULL,'DOSAS DICIEMBRE 2015','','P',0,'2016-02-10 20:38:03','2016-02-10 20:38:03',NULL),(1036,1,'Crédito','PZO-A',82134,'PZO',218769,'2015-12-15','2016-02-10',NULL,139,5,NULL,328.50,0.00,328.50,0.00,0.00,328.50,NULL,NULL,'DOSAS DICIEMBRE 2015','','P',0,'2016-02-10 20:41:29','2016-02-10 20:41:29',NULL),(1037,1,'Crédito','PZO-A',82117,'PZO',218750,'2015-12-14','2016-02-10',NULL,139,5,NULL,328.50,0.00,328.50,0.00,0.00,328.50,NULL,NULL,'DOSAS DICIEMBRE 2015','','P',0,'2016-02-10 20:43:26','2016-02-10 20:43:26',NULL),(1038,1,'Crédito','PZO-A',82116,'PZO',218749,'2015-12-14','2016-02-10',NULL,139,5,NULL,328.50,0.00,328.50,0.00,0.00,328.50,NULL,NULL,'DOSAS DICIEMBRE 2015','','P',0,'2016-02-10 20:45:06','2016-02-10 20:45:06',NULL),(1039,1,'Crédito','PZO-A',82115,'PZO',218748,'2015-12-14','2016-02-10',NULL,139,5,NULL,328.50,0.00,328.50,0.00,0.00,328.50,NULL,NULL,'DOSAS DICIEMBRE 2015','','P',0,'2016-02-10 20:46:39','2016-02-10 20:46:39',NULL),(1040,1,'Crédito','PZO-A',82114,'PZO',218747,'2015-12-14','2016-02-10',NULL,139,5,NULL,328.50,0.00,328.50,0.00,0.00,328.50,NULL,NULL,'DOSAS DICIEMBRE 2015','','P',0,'2016-02-10 20:50:19','2016-02-10 20:50:19',NULL),(1041,1,'Crédito','PZO-A',82113,'PZO',218746,'2015-12-14','2016-02-10',NULL,139,5,NULL,328.50,0.00,328.50,0.00,0.00,328.50,NULL,NULL,'DOSAS DICIEMBRE 2015','','P',0,'2016-02-10 20:54:10','2016-02-10 20:54:10',NULL),(1042,1,'Crédito','PZO-A',82046,'PZO',218679,'2015-12-11','2016-02-10',NULL,139,5,NULL,1338.30,0.00,1338.30,0.00,0.00,1338.30,NULL,NULL,'DOSAS DICIEMBRE 2015','','P',0,'2016-02-10 21:10:19','2016-02-10 21:10:19',NULL),(1043,1,'Contado','PZO-A',83512,'PZO',220151,'2016-02-10','2016-02-10',NULL,106,5,NULL,1399.44,0.00,1399.44,0.00,0.00,1399.44,10080417,NULL,'Facturación por Derechos Aeronáuticos','','P',0,'2016-02-10 22:26:30','2016-02-10 22:26:30',NULL),(1044,1,'Contado','PZO-A',83513,'PZO',220152,'2016-02-10','2016-02-10',NULL,23,5,NULL,384.60,0.00,384.60,0.00,0.00,384.60,10080418,NULL,'Facturación por Derechos Aeronáuticos','','P',0,'2016-02-10 22:29:38','2016-02-10 22:29:38',NULL),(1045,1,'Crédito','PZO-A',83514,'PZO',220153,'2016-02-10','2016-02-10',NULL,125,5,NULL,144.00,0.00,144.00,0.00,0.00,144.00,10080419,NULL,'Facturación por Derechos Aeronáuticos','','P',0,'2016-02-10 22:31:44','2016-02-10 22:31:44',NULL),(1046,1,'Contado','PZO-A',83515,'PZO',220154,'2016-02-10','2016-02-10',NULL,74,5,NULL,144.00,0.00,144.00,0.00,0.00,144.00,10080420,NULL,'Facturación por Derechos Aeronáuticos','','P',0,'2016-02-10 22:33:28','2016-02-10 22:33:28',NULL),(1047,1,'Contado','PZO-A',83516,'PZO',220155,'2016-02-10','2016-02-10',NULL,54,5,NULL,144.00,0.00,144.00,0.00,0.00,144.00,10080421,NULL,'Facturación por Derechos Aeronáuticos','','P',0,'2016-02-10 22:35:07','2016-02-10 22:35:07',NULL),(1048,1,'Contado','PZO-A',83517,'PZO',220156,'2016-02-10','2016-02-10',NULL,32,5,NULL,4142.88,0.00,4142.88,0.00,0.00,4142.88,10080422,NULL,'Facturación por Derechos Aeronáuticos','','P',0,'2016-02-10 22:36:39','2016-02-10 22:36:39',NULL),(1049,1,'Contado','PZO-A',83518,'PZO',220157,'2016-02-10','2016-02-10',NULL,80,5,NULL,211.32,0.00,211.32,0.00,0.00,211.32,10080423,NULL,'Facturación por Derechos Aeronáuticos','','P',0,'2016-02-10 22:38:57','2016-02-10 22:38:57',NULL),(1050,1,'Contado','PZO-A',83519,'PZO',220158,'2016-02-10','2016-02-10',NULL,160,5,NULL,697.50,0.00,697.50,0.00,0.00,697.50,10080424,NULL,'Facturación por Derechos Aeronáuticos','','P',0,'2016-02-10 22:41:15','2016-02-10 22:41:15',NULL),(1051,1,'Contado','PZO-A',83520,'PZO',220159,'2016-02-10','2016-02-10',NULL,210,5,NULL,144.00,0.00,144.00,0.00,0.00,144.00,10080425,NULL,'Facturación por Derechos Aeronáuticos','','P',0,'2016-02-10 22:43:56','2016-02-10 22:43:56',NULL),(1052,1,'Contado','PZO-A',83521,'PZO',220160,'2016-02-10','2016-02-10',NULL,23,5,NULL,496.80,0.00,496.80,0.00,0.00,496.80,10080426,NULL,'Facturación por Derechos Aeronáuticos','','P',0,'2016-02-10 22:52:29','2016-02-10 22:52:29',NULL),(1053,1,'Contado','PZO-A',83522,'PZO',220161,'2016-02-10','2016-02-10',NULL,17,5,NULL,1510.50,0.00,1510.50,0.00,0.00,1510.50,10080427,NULL,'Facturación por Derechos Aeronáuticos','','P',0,'2016-02-10 22:54:10','2016-02-10 22:54:10',NULL),(1054,1,'Contado','PZO-A',83523,'PZO',220162,'2016-02-10','2016-02-10',NULL,184,5,NULL,328.50,0.00,328.50,0.00,0.00,328.50,10080428,NULL,'Facturación por Derechos Aeronáuticos','','P',0,'2016-02-10 22:55:39','2016-02-10 22:55:39',NULL),(1055,1,'Crédito','PZO-A',82026,'PZO',218659,'2015-12-10','2016-02-10',NULL,139,5,NULL,328.50,0.00,328.50,0.00,0.00,328.50,NULL,NULL,'DOSAS DICIEMBRE 2015','','P',0,'2016-02-10 23:00:43','2016-02-10 23:00:43',NULL),(1056,1,'Crédito','PZO-A',83524,'PZO',220163,'2016-02-10','2016-02-10',NULL,45,5,NULL,8673.78,0.00,8673.78,0.00,0.00,8673.78,10080429,NULL,'Facturación por Derechos Aeronáuticos','','P',0,'2016-02-10 23:05:37','2016-02-10 23:05:37',NULL),(1057,1,'Crédito','PZO-A',82023,'PZO',218656,'2015-12-10','2016-02-10',NULL,139,5,NULL,328.50,0.00,328.50,0.00,0.00,328.50,NULL,NULL,'DOSAS DICIEMBRE 2015','','P',0,'2016-02-10 23:25:32','2016-02-10 23:25:32',NULL),(1058,1,'Crédito','PZO-A',82022,'PZO',218655,'2015-12-10','2016-02-10',NULL,139,5,NULL,328.50,0.00,328.50,0.00,0.00,328.50,NULL,NULL,'DOSAS DICIEMBRE 2015','','P',0,'2016-02-10 23:28:58','2016-02-10 23:28:58',NULL),(1059,1,'Crédito','PZO-A',82021,'PZO',218654,'2015-12-10','2016-02-10',NULL,139,5,NULL,388.50,0.00,388.50,0.00,0.00,388.50,NULL,NULL,'DOSAS DICIEMBRE 2015','','P',0,'2016-02-10 23:31:49','2016-02-10 23:31:49',NULL),(1060,1,'Crédito','PZO-A',82020,'PZO',218653,'2015-12-10','2016-02-10',NULL,139,5,NULL,328.50,0.00,328.50,0.00,0.00,328.50,NULL,NULL,'DOSAS DICIEMBRE 2015','','P',0,'2016-02-10 23:33:00','2016-02-10 23:33:00',NULL),(1061,1,'Crédito','PZO-A',82017,'PZO',218650,'2015-12-10','2016-02-10',NULL,139,5,NULL,328.50,0.00,328.50,0.00,0.00,328.50,NULL,NULL,'DOSAS DICIEMBRE 2015','','P',0,'2016-02-10 23:34:20','2016-02-10 23:34:20',NULL),(1062,1,'Crédito','PZO-A',82016,'PZO',218649,'2015-12-10','2016-02-10',NULL,139,5,NULL,328.50,0.00,328.50,0.00,0.00,328.50,NULL,NULL,'DOSAS DICIEMBRE 2015','','P',0,'2016-02-10 23:35:35','2016-02-10 23:35:35',NULL),(1063,1,'Crédito','PZO-A',82015,'PZO',218648,'2015-12-10','2016-02-10',NULL,139,5,NULL,388.50,0.00,388.50,0.00,0.00,388.50,NULL,NULL,'DOSAS DICIEMBRE 2015','','P',0,'2016-02-10 23:38:03','2016-02-10 23:38:03',NULL),(1064,1,'Crédito','PZO-A',82012,'PZO',218645,'2015-12-10','2016-01-10',NULL,139,5,NULL,328.50,0.00,328.50,0.00,0.00,328.50,NULL,NULL,'DOSAS DICIEMBRE 2015','','P',0,'2016-02-10 23:40:40','2016-02-10 23:40:40',NULL),(1065,1,'Crédito','PZO-A',82011,'PZO',218644,'2015-12-10','2016-02-10',NULL,139,5,NULL,328.50,0.00,328.50,0.00,0.00,328.50,NULL,NULL,'DOSAS DICIEMBRE 2015','','P',0,'2016-02-10 23:42:34','2016-02-10 23:42:34',NULL),(1066,1,'Crédito','PZO-A',82010,'PZO',218643,'2015-12-10','2016-02-10',NULL,139,5,NULL,328.50,0.00,328.50,0.00,0.00,328.50,NULL,NULL,'DOSAS DICIEMBRE 2015','','P',0,'2016-02-10 23:43:25','2016-02-10 23:43:25',NULL),(1067,1,'Crédito','PZO-A',82009,'PZO',218642,'2015-12-10','2016-02-10',NULL,139,5,NULL,328.50,0.00,328.50,0.00,0.00,328.50,NULL,NULL,'DOSAS DICIEMBRE 2015','','P',0,'2016-02-10 23:44:26','2016-02-10 23:44:26',NULL),(1068,1,'Crédito','PZO-A',82003,'PZO',218636,'2015-12-10','2016-02-10',NULL,139,5,NULL,328.50,0.00,328.50,0.00,0.00,328.50,NULL,NULL,'DOSAS DICIEMBRE 2015','','P',0,'2016-02-10 23:46:31','2016-02-10 23:46:31',NULL),(1069,1,'Crédito','PZO-A',82001,'PZO',218634,'2015-12-10','2016-02-10',NULL,139,5,NULL,328.50,0.00,328.50,0.00,0.00,328.50,NULL,NULL,'DOSAS DICIEMBRE 2015','','P',0,'2016-02-10 23:47:38','2016-02-10 23:47:38',NULL),(1070,1,'Crédito','PZO-A',82194,'PZO',218830,'2015-12-17','2016-02-10',NULL,139,5,NULL,2853.00,0.00,2853.00,0.00,0.00,2853.00,NULL,NULL,'DOSAS DICIEMBRE 2015','','P',0,'2016-02-10 23:49:16','2016-02-10 23:49:16',NULL),(1071,1,'Crédito','PZO-A',82193,'PZO',218829,'2015-12-17','2016-02-10',NULL,139,5,NULL,328.50,0.00,328.50,0.00,0.00,328.50,NULL,NULL,'DOSAS DICIEMBRE 2015','','P',0,'2016-02-10 23:51:43','2016-02-10 23:51:43',NULL),(1072,1,'Crédito','PZO-A',82192,'PZO',218828,'2015-12-17','2016-02-10',NULL,139,5,NULL,1450.50,0.00,1450.50,0.00,0.00,1450.50,NULL,NULL,'DOSAS DICIEMBRE 2015','','P',0,'2016-02-10 23:54:18','2016-02-10 23:54:18',NULL),(1073,1,'Crédito','PZO-A',82191,'PZO',218827,'2015-12-17','2016-02-10',NULL,139,5,NULL,328.50,0.00,328.50,0.00,0.00,328.50,NULL,NULL,'DOSAS DICIEMBRE 2015','','P',0,'2016-02-10 23:56:21','2016-02-10 23:56:21',NULL),(1074,1,'Crédito','PZO-A',82229,'PZO',218866,'2015-12-18','2016-02-10',NULL,139,5,NULL,1562.70,0.00,1562.70,0.00,0.00,1562.70,NULL,NULL,'DOSAS DICIEMBRE 2015','','P',0,'2016-02-10 23:58:23','2016-02-10 23:58:23',NULL),(1075,1,'Crédito','PZO-A',82228,'PZO',218865,'2015-12-18','2016-02-10',NULL,139,5,NULL,1450.50,0.00,1450.50,0.00,0.00,1450.50,NULL,NULL,'DOSAS DICIEMBRE 2015','','P',0,'2016-02-10 23:59:57','2016-02-10 23:59:57',NULL),(1076,1,'Crédito','PZO-A',82489,'PZO',219126,'2015-12-29','2016-02-10',NULL,139,5,NULL,328.50,0.00,328.50,0.00,0.00,328.50,NULL,NULL,'DOSAS DICIEMBRE 2015','','P',0,'2016-02-11 00:01:32','2016-02-11 00:01:32',NULL),(1077,1,'Crédito','PZO-A',82488,'PZO',219125,'2015-12-29','2016-02-10',NULL,139,5,NULL,328.50,0.00,328.50,0.00,0.00,328.50,NULL,NULL,'DOSAS DICIEMBRE 2015','','P',0,'2016-02-11 00:03:00','2016-02-11 00:03:00',NULL),(1078,1,'Crédito','PZO-A',82777,'PZO',219414,'2016-01-10','2016-02-10',NULL,124,5,NULL,12176.10,0.00,12176.10,0.00,0.00,12176.10,10079687,NULL,'Facturación por Derechos Aeronáuticos','','P',1,'2016-02-11 00:25:06','2016-02-11 00:30:00',NULL),(1079,1,'Contado','PZO-A',82926,'PZO',219564,'2016-01-16','2016-02-10',NULL,23,5,NULL,144729.90,0.00,144729.90,0.00,0.00,144729.90,10079835,NULL,'Facturación por Derechos Aeronáuticos','','P',0,'2016-02-11 00:44:37','2016-02-11 00:44:37',NULL),(1080,1,'Contado','PZO-A',83525,'PZO',220164,'2016-02-10','2016-02-10',NULL,222,5,NULL,697.50,0.00,697.50,0.00,0.00,697.50,10080430,NULL,'Facturación por Derechos Aeronáuticos','','P',0,'2016-02-11 01:09:34','2016-02-11 01:09:34',NULL),(1081,1,'Crédito','PZO-A',82487,'PZO',219124,'2015-12-29','2016-02-10',NULL,139,5,NULL,328.50,0.00,328.50,0.00,0.00,328.50,NULL,NULL,'DOSAS DICIEMBRE 2015','','P',0,'2016-02-11 01:25:04','2016-02-11 01:25:04',NULL),(1082,1,'Crédito','PZO-A',82486,'PZO',219123,'2015-12-29','2016-02-10',NULL,139,5,NULL,328.50,0.00,328.50,0.00,0.00,328.50,NULL,NULL,'DOSAS DICIEMBRE 2015','','P',0,'2016-02-11 01:29:14','2016-02-11 01:29:14',NULL),(1083,1,'Crédito','PZO-A',82485,'PZO',219122,'2015-12-29','2016-02-10',NULL,139,5,NULL,328.50,0.00,328.50,0.00,0.00,328.50,NULL,NULL,'DOSAS DICIEMBRE 2015','','P',0,'2016-02-11 01:31:03','2016-02-11 01:31:03',NULL),(1084,1,'Crédito','PZO-A',82484,'PZO',219121,'2015-12-29','2016-02-10',NULL,139,5,NULL,328.50,0.00,328.50,0.00,0.00,328.50,NULL,NULL,'DOSAS DICIEMBRE 2015','','P',0,'2016-02-11 01:32:22','2016-02-11 01:32:22',NULL),(1085,1,'Crédito','PZO-A',82483,'PZO',219120,'2015-12-29','2016-02-10',NULL,139,5,NULL,328.50,0.00,328.50,0.00,0.00,328.50,NULL,NULL,'DOSAS DICIEMBRE 2015','','P',0,'2016-02-11 01:34:43','2016-02-11 01:34:43',NULL),(1086,1,'Crédito','PZO-A',83526,'PZO',220165,'2016-02-10','2016-02-10',NULL,124,5,NULL,10215.78,0.00,10215.78,0.00,0.00,10215.78,10080431,NULL,'Facturación por Derechos Aeronáuticos','','P',0,'2016-02-11 01:34:46','2016-02-11 01:34:46',NULL),(1087,1,'Crédito','PZO-A',82482,'PZO',219119,'2015-12-29','2016-02-10',NULL,139,5,NULL,1506.60,0.00,1506.60,0.00,0.00,1506.60,NULL,NULL,'DOSAS DICIEMBRE 2015','','P',0,'2016-02-11 01:36:13','2016-02-11 01:36:13',NULL),(1088,1,'Crédito','PZO-A',82481,'PZO',219118,'2015-12-29','2016-02-10',NULL,139,5,NULL,328.50,0.00,328.50,0.00,0.00,328.50,NULL,NULL,'DOSAS DICIEMBRE 2015','','P',0,'2016-02-11 01:37:32','2016-02-11 01:37:32',NULL),(1089,1,'Crédito','PZO-A',82338,'PZO',218975,'2015-12-22','2016-02-10',NULL,139,5,NULL,328.50,0.00,328.50,0.00,0.00,328.50,NULL,NULL,'DOSAS DICIEMBRE 2015','','P',0,'2016-02-11 01:39:27','2016-02-11 01:39:27',NULL),(1090,1,'Contado','PZO-A',83527,'PZO',220166,'2016-02-10','2016-02-10',NULL,10,5,NULL,496.80,0.00,496.80,0.00,0.00,496.80,10080432,NULL,'Facturación por Derechos Aeronáuticos','','P',0,'2016-02-11 01:39:43','2016-02-11 01:39:43',NULL),(1091,1,'Crédito','PZO-A',82337,'PZO',218974,'2015-12-22','2016-02-10',NULL,139,5,NULL,328.50,0.00,328.50,0.00,0.00,328.50,NULL,NULL,'DOSAS DICIEMBRE 2015','','P',0,'2016-02-11 01:40:31','2016-02-11 01:40:31',NULL),(1092,1,'Crédito','PZO-A',83528,'PZO',220167,'2016-02-10','2016-02-10',NULL,124,5,NULL,4051.50,0.00,4051.50,0.00,0.00,4051.50,10080433,NULL,'Facturación por Derechos Aeronáuticos','','P',0,'2016-02-11 01:42:16','2016-02-11 01:42:16',NULL),(1093,1,'Crédito','PZO-A',82336,'PZO',218973,'2015-12-22','2016-02-10',NULL,139,5,NULL,328.50,0.00,328.50,0.00,0.00,328.50,NULL,NULL,'DOSAS DICIEMBRE 2015','','P',0,'2016-02-11 01:42:20','2016-02-11 01:42:20',NULL),(1094,1,'Crédito','PZO-A',82335,'PZO',218972,'2015-12-22','2016-02-10',NULL,139,5,NULL,328.50,0.00,328.50,0.00,0.00,328.50,NULL,NULL,'DOSAS DICIEMBRE 2015','','P',0,'2016-02-11 01:43:37','2016-02-11 01:43:37',NULL),(1095,1,'Crédito','PZO-A',83529,'PZO',220168,'2016-02-10','2016-02-10',NULL,40,5,NULL,13317.72,0.00,13317.72,0.00,0.00,13317.72,10080434,NULL,'Facturación por Derechos Aeronáuticos','','P',0,'2016-02-11 01:44:48','2016-02-11 01:44:48',NULL),(1096,1,'Crédito','PZO-A',82334,'PZO',218971,'2015-12-22','2016-02-10',NULL,139,5,NULL,1061.70,0.00,1061.70,0.00,0.00,1061.70,NULL,NULL,'DOSAS DICIEMBRE 2015','','P',0,'2016-02-11 01:45:30','2016-02-11 01:45:30',NULL),(1097,1,'Crédito','PZO-A',82333,'PZO',218970,'2015-12-22','2016-02-10',NULL,139,5,NULL,328.50,0.00,328.50,0.00,0.00,328.50,NULL,NULL,'DOSAS DICIEMBRE 2015','','P',0,'2016-02-11 01:46:30','2016-02-11 01:46:30',NULL),(1098,1,'Crédito','PZO-A',83530,'PZO',220169,'2016-02-10','2016-02-10',NULL,40,5,NULL,5220.00,0.00,5220.00,0.00,0.00,5220.00,10080435,NULL,'Facturación por Derechos Aeronáuticos','','P',0,'2016-02-11 01:46:34','2016-02-11 01:46:34',NULL),(1099,1,'Crédito','PZO-A',82332,'PZO',218969,'2015-12-22','2016-02-10',NULL,139,5,NULL,328.50,0.00,328.50,0.00,0.00,328.50,NULL,NULL,'DOSAS DICIEMBRE 2015','','P',0,'2016-02-11 01:47:48','2016-02-11 01:47:48',NULL),(1100,1,'Crédito','PZO-A',83531,'PZO',220170,'2016-02-10','2016-02-10',NULL,139,5,NULL,328.50,0.00,328.50,0.00,0.00,328.50,10080436,NULL,'Facturación por Derechos Aeronáuticos','','P',0,'2016-02-11 01:48:24','2016-02-11 01:48:24',NULL),(1101,1,'Crédito','PZO-A',82327,'PZO',218964,'2015-12-22','2016-02-10',NULL,139,5,NULL,2853.00,0.00,2853.00,0.00,0.00,2853.00,NULL,NULL,'DOSAS DICIEMBRE 2015','','P',0,'2016-02-11 01:49:08','2016-02-11 01:49:08',NULL),(1102,1,'Crédito','PZO-A',83532,'PZO',220171,'2016-02-10','2016-02-10',NULL,139,5,NULL,328.50,0.00,328.50,0.00,0.00,328.50,10080437,NULL,'Facturación por Derechos Aeronáuticos','','P',0,'2016-02-11 01:50:00','2016-02-11 01:50:00',NULL),(1103,1,'Crédito','PZO-A',82326,'PZO',218963,'2015-12-22','2016-02-10',NULL,139,5,NULL,328.50,0.00,328.50,0.00,0.00,328.50,NULL,NULL,'DOSAS DICIEMBRE 2015','','P',0,'2016-02-11 01:50:25','2016-02-11 01:50:25',NULL),(1104,1,'Crédito','PZO-A',83533,'PZO',220172,'2016-02-10','2016-02-10',NULL,139,5,NULL,328.50,0.00,328.50,0.00,0.00,328.50,10080438,NULL,'Facturación por Derechos Aeronáuticos','','P',1,'2016-02-11 01:51:35','2016-02-11 01:52:50',NULL),(1105,1,'Crédito','PZO-A',82325,'PZO',218962,'2015-12-22','2016-02-10',NULL,139,5,NULL,328.50,0.00,328.50,0.00,0.00,328.50,NULL,NULL,'DOSAS DICIEMBRE 2015','','P',0,'2016-02-11 01:51:39','2016-02-11 01:51:39',NULL),(1106,1,'Crédito','PZO-A',82363,'PZO',219000,'2015-12-23','2016-02-10',NULL,139,5,NULL,328.50,0.00,328.50,0.00,0.00,328.50,NULL,NULL,'DOSAS DICIEMBRE 2015','','P',0,'2016-02-11 01:52:39','2016-02-11 01:52:39',NULL),(1107,1,'Crédito','PZO-A',82362,'PZO',218999,'2015-12-23','2016-02-10',NULL,139,5,NULL,328.50,0.00,328.50,0.00,0.00,328.50,NULL,NULL,'DOSAS DICIEMBRE 2015','','P',0,'2016-02-11 01:53:51','2016-02-11 01:53:51',NULL),(1108,1,'Crédito','PZO-A',82354,'PZO',218991,'2015-12-23','2016-02-10',NULL,139,5,NULL,328.50,0.00,328.50,0.00,0.00,328.50,NULL,NULL,'DOSAS DICIEMBRE 2015','','P',0,'2016-02-11 01:54:48','2016-02-11 01:54:48',NULL),(1109,1,'Crédito','PZO-A',83534,'PZO',220173,'2016-02-10','2016-02-10',NULL,63,5,NULL,792.00,0.00,792.00,0.00,0.00,792.00,10080439,NULL,'Facturación por Derechos Aeronáuticos','','P',0,'2016-02-11 01:56:21','2016-02-11 01:56:21',NULL),(1110,1,'Crédito','PZO-A',82353,'PZO',218990,'2015-12-23','2016-02-10',NULL,139,5,NULL,328.50,0.00,328.50,0.00,0.00,328.50,NULL,NULL,'DOSAS DICIEMBRE 2015','','P',0,'2016-02-11 01:58:06','2016-02-11 01:58:06',NULL),(1111,1,'Crédito','PZO-A',83535,'PZO',220174,'2016-02-10','2016-02-10',NULL,63,5,NULL,792.00,0.00,792.00,0.00,0.00,792.00,10080440,NULL,'Facturación por Derechos Aeronáuticos','','P',0,'2016-02-11 01:58:40','2016-02-11 01:58:40',NULL);
/*!40000 ALTER TABLE `facturas` ENABLE KEYS */;
UNLOCK TABLES;

--
-- Table structure for table `footers`
--

DROP TABLE IF EXISTS `footers`;
/*!40101 SET @saved_cs_client     = @@character_set_client */;
/*!40101 SET character_set_client = utf8 */;
CREATE TABLE `footers` (
  `id` int(10) unsigned NOT NULL AUTO_INCREMENT,
  `footer` varchar(200) COLLATE utf8_unicode_ci NOT NULL,
  `fecha_registro` datetime NOT NULL,
  `usuario` varchar(100) COLLATE utf8_unicode_ci NOT NULL,
  `status` varchar(1) COLLATE utf8_unicode_ci NOT NULL,
  `created_at` timestamp NOT NULL DEFAULT '0000-00-00 00:00:00',
  `updated_at` timestamp NOT NULL DEFAULT '0000-00-00 00:00:00',
  PRIMARY KEY (`id`)
) ENGINE=InnoDB DEFAULT CHARSET=utf8 COLLATE=utf8_unicode_ci;
/*!40101 SET character_set_client = @saved_cs_client */;

--
-- Dumping data for table `footers`
--

LOCK TABLES `footers` WRITE;
/*!40000 ALTER TABLE `footers` DISABLE KEYS */;
/*!40000 ALTER TABLE `footers` ENABLE KEYS */;
UNLOCK TABLES;

--
-- Table structure for table `hangars`
--

DROP TABLE IF EXISTS `hangars`;
/*!40101 SET @saved_cs_client     = @@character_set_client */;
/*!40101 SET character_set_client = utf8 */;
CREATE TABLE `hangars` (
  `id` int(10) unsigned NOT NULL AUTO_INCREMENT,
  `nombre` varchar(300) COLLATE utf8_unicode_ci NOT NULL,
  `aeropuerto_id` int(10) unsigned NOT NULL,
  `created_at` timestamp NOT NULL DEFAULT '0000-00-00 00:00:00',
  `updated_at` timestamp NOT NULL DEFAULT '0000-00-00 00:00:00',
  PRIMARY KEY (`id`),
  KEY `hangars_aeropuerto_id_foreign` (`aeropuerto_id`),
  CONSTRAINT `hangars_aeropuerto_id_foreign` FOREIGN KEY (`aeropuerto_id`) REFERENCES `aeropuertos` (`id`)
) ENGINE=InnoDB AUTO_INCREMENT=45 DEFAULT CHARSET=utf8 COLLATE=utf8_unicode_ci;
/*!40101 SET character_set_client = @saved_cs_client */;

--
-- Dumping data for table `hangars`
--

LOCK TABLES `hangars` WRITE;
/*!40000 ALTER TABLE `hangars` DISABLE KEYS */;
INSERT INTO `hangars` VALUES (2,'1-A',1,'2015-09-11 00:50:52','2015-09-11 00:50:52'),(5,'4-A',1,'2015-09-11 02:02:04','2015-09-11 02:02:04'),(6,'5-A',1,'2015-09-11 02:02:11','2015-09-11 02:02:11'),(7,'6-A',1,'2015-09-11 02:02:20','2015-09-11 02:02:20'),(8,'7-A',1,'2015-09-11 02:02:37','2015-09-11 02:02:37'),(9,'8-A',1,'2015-09-11 02:02:43','2015-09-11 02:02:43'),(10,'9-A',1,'2015-09-11 02:03:45','2015-09-11 02:03:45'),(11,'10-A',1,'2015-09-11 02:03:54','2015-09-11 02:03:54'),(12,'11-A',1,'2015-09-11 02:04:03','2015-09-11 02:04:03'),(13,'1-B',1,'2015-09-11 02:04:20','2015-09-11 02:04:20'),(14,'2-B',1,'2015-09-11 02:04:27','2015-09-11 02:04:27'),(15,'3-B',1,'2015-09-11 02:04:34','2015-09-11 02:04:34'),(16,'4-B',1,'2015-09-11 02:04:41','2015-09-11 02:07:54'),(17,'5-B',1,'2015-09-11 02:04:52','2015-09-11 02:04:52'),(19,'2-A',1,'2015-09-11 02:15:32','2015-09-11 02:15:32'),(20,'3-A',1,'2015-09-11 02:15:45','2015-09-11 02:15:45'),(21,'6-B',1,'2015-09-11 02:16:49','2015-09-11 02:16:49'),(22,'7-B',1,'2015-09-11 02:17:12','2015-09-11 02:17:12'),(23,'8-B',1,'2015-09-11 02:17:28','2015-09-11 02:17:28'),(24,'9-B',1,'2015-09-11 02:17:34','2015-09-11 02:17:34'),(25,'10-B',1,'2015-09-11 02:17:46','2015-09-11 02:17:46'),(26,'11-B',1,'2015-09-11 02:18:03','2015-09-11 02:18:03'),(27,'12-B',1,'2015-09-11 02:18:16','2015-09-11 02:18:16'),(28,'13-B',1,'2015-09-11 02:18:51','2015-09-11 02:18:51'),(29,'14-B',1,'2015-09-11 02:18:59','2015-09-11 02:18:59'),(30,'1-C',1,'2015-09-11 02:19:26','2015-09-11 02:19:26'),(31,'2-C',1,'2015-09-11 02:19:36','2015-09-11 02:19:36'),(32,'3-C',1,'2015-09-11 02:19:42','2015-09-11 02:19:42'),(33,'4-C',1,'2015-09-11 02:19:48','2015-09-11 02:19:48'),(34,'5-C',1,'2015-09-11 02:19:53','2015-09-11 02:19:53'),(35,'6-C',1,'2015-09-11 02:20:00','2015-09-11 02:20:00'),(36,'7-C',1,'2015-09-11 02:20:06','2015-09-11 02:20:06'),(37,'8-C',1,'2015-09-11 02:20:20','2015-09-11 02:20:20'),(38,'9-C',1,'2015-09-11 02:20:28','2015-09-11 02:20:28'),(39,'10-C',1,'2015-09-11 02:20:37','2015-09-11 02:20:37'),(40,'11-C',1,'2015-09-11 02:21:11','2015-09-11 02:21:11'),(41,'12-C',1,'2015-09-11 02:21:18','2015-09-11 02:21:18'),(42,'13-C',1,'2015-09-11 02:21:24','2015-09-11 02:21:24'),(43,'14-C',1,'2015-09-11 02:21:34','2015-09-11 02:21:34'),(44,'HE-04',1,'2016-01-08 23:57:05','2016-01-08 23:57:05');
/*!40000 ALTER TABLE `hangars` ENABLE KEYS */;
UNLOCK TABLES;

--
-- Table structure for table `horarios_aeronauticos`
--

DROP TABLE IF EXISTS `horarios_aeronauticos`;
/*!40101 SET @saved_cs_client     = @@character_set_client */;
/*!40101 SET character_set_client = utf8 */;
CREATE TABLE `horarios_aeronauticos` (
  `id` int(10) unsigned NOT NULL AUTO_INCREMENT,
  `operaciones_inicio` time NOT NULL,
  `operaciones_fin` time NOT NULL,
  `sol_salida` time NOT NULL,
  `sol_puesta` time NOT NULL,
  `aeropuerto_id` int(10) unsigned NOT NULL,
  `created_at` timestamp NOT NULL DEFAULT '0000-00-00 00:00:00',
  `updated_at` timestamp NOT NULL DEFAULT '0000-00-00 00:00:00',
  PRIMARY KEY (`id`),
  KEY `horarios_aeronauticos_aeropuerto_id_foreign` (`aeropuerto_id`),
  CONSTRAINT `horarios_aeronauticos_aeropuerto_id_foreign` FOREIGN KEY (`aeropuerto_id`) REFERENCES `aeropuertos` (`id`)
) ENGINE=InnoDB AUTO_INCREMENT=2 DEFAULT CHARSET=utf8 COLLATE=utf8_unicode_ci;
/*!40101 SET character_set_client = @saved_cs_client */;

--
-- Dumping data for table `horarios_aeronauticos`
--

LOCK TABLES `horarios_aeronauticos` WRITE;
/*!40000 ALTER TABLE `horarios_aeronauticos` DISABLE KEYS */;
INSERT INTO `horarios_aeronauticos` VALUES (1,'05:00:00','23:59:00','06:00:00','18:00:00',1,'0000-00-00 00:00:00','2016-01-14 01:37:29');
/*!40000 ALTER TABLE `horarios_aeronauticos` ENABLE KEYS */;
UNLOCK TABLES;

--
-- Table structure for table `lista_tasas`
--

DROP TABLE IF EXISTS `lista_tasas`;
/*!40101 SET @saved_cs_client     = @@character_set_client */;
/*!40101 SET character_set_client = utf8 */;
CREATE TABLE `lista_tasas` (
  `id` int(10) unsigned NOT NULL AUTO_INCREMENT,
  `opcion` varchar(100) COLLATE utf8_unicode_ci NOT NULL,
  `relacion` int(11) NOT NULL DEFAULT '0',
  `created_at` timestamp NOT NULL DEFAULT '0000-00-00 00:00:00',
  `updated_at` timestamp NOT NULL DEFAULT '0000-00-00 00:00:00',
  PRIMARY KEY (`id`)
) ENGINE=InnoDB DEFAULT CHARSET=utf8 COLLATE=utf8_unicode_ci;
/*!40101 SET character_set_client = @saved_cs_client */;

--
-- Dumping data for table `lista_tasas`
--

LOCK TABLES `lista_tasas` WRITE;
/*!40000 ALTER TABLE `lista_tasas` DISABLE KEYS */;
/*!40000 ALTER TABLE `lista_tasas` ENABLE KEYS */;
UNLOCK TABLES;

--
-- Table structure for table `meta_detalles`
--

DROP TABLE IF EXISTS `meta_detalles`;
/*!40101 SET @saved_cs_client     = @@character_set_client */;
/*!40101 SET character_set_client = utf8 */;
CREATE TABLE `meta_detalles` (
  `id` int(10) unsigned NOT NULL AUTO_INCREMENT,
  `meta_id` int(10) unsigned NOT NULL,
  `concepto_id` int(10) unsigned NOT NULL,
  `gobernacion_meta` double(8,2) NOT NULL,
  `saar_meta` double(8,2) NOT NULL,
  `created_at` timestamp NOT NULL DEFAULT '0000-00-00 00:00:00',
  `updated_at` timestamp NOT NULL DEFAULT '0000-00-00 00:00:00',
  PRIMARY KEY (`id`),
  KEY `meta_detalles_meta_id_foreign` (`meta_id`),
  KEY `meta_detalles_concepto_id_foreign` (`concepto_id`),
  CONSTRAINT `meta_detalles_concepto_id_foreign` FOREIGN KEY (`concepto_id`) REFERENCES `conceptos` (`id`),
  CONSTRAINT `meta_detalles_meta_id_foreign` FOREIGN KEY (`meta_id`) REFERENCES `metas` (`id`)
) ENGINE=InnoDB DEFAULT CHARSET=utf8 COLLATE=utf8_unicode_ci;
/*!40101 SET character_set_client = @saved_cs_client */;

--
-- Dumping data for table `meta_detalles`
--

LOCK TABLES `meta_detalles` WRITE;
/*!40000 ALTER TABLE `meta_detalles` DISABLE KEYS */;
/*!40000 ALTER TABLE `meta_detalles` ENABLE KEYS */;
UNLOCK TABLES;

--
-- Table structure for table `metas`
--

DROP TABLE IF EXISTS `metas`;
/*!40101 SET @saved_cs_client     = @@character_set_client */;
/*!40101 SET character_set_client = utf8 */;
CREATE TABLE `metas` (
  `id` int(10) unsigned NOT NULL AUTO_INCREMENT,
  `aeropuerto_id` int(10) unsigned NOT NULL,
  `fecha_inicio` date NOT NULL,
  `fecha_fin` date DEFAULT NULL,
  `created_at` timestamp NOT NULL DEFAULT '0000-00-00 00:00:00',
  `updated_at` timestamp NOT NULL DEFAULT '0000-00-00 00:00:00',
  PRIMARY KEY (`id`),
  KEY `metas_aeropuerto_id_foreign` (`aeropuerto_id`),
  CONSTRAINT `metas_aeropuerto_id_foreign` FOREIGN KEY (`aeropuerto_id`) REFERENCES `aeropuertos` (`id`)
) ENGINE=InnoDB DEFAULT CHARSET=utf8 COLLATE=utf8_unicode_ci;
/*!40101 SET character_set_client = @saved_cs_client */;

--
-- Dumping data for table `metas`
--

LOCK TABLES `metas` WRITE;
/*!40000 ALTER TABLE `metas` DISABLE KEYS */;
/*!40000 ALTER TABLE `metas` ENABLE KEYS */;
UNLOCK TABLES;

--
-- Table structure for table `migrations`
--

DROP TABLE IF EXISTS `migrations`;
/*!40101 SET @saved_cs_client     = @@character_set_client */;
/*!40101 SET character_set_client = utf8 */;
CREATE TABLE `migrations` (
  `migration` varchar(255) COLLATE utf8_unicode_ci NOT NULL,
  `batch` int(11) NOT NULL
) ENGINE=InnoDB DEFAULT CHARSET=utf8 COLLATE=utf8_unicode_ci;
/*!40101 SET character_set_client = @saved_cs_client */;

--
-- Dumping data for table `migrations`
--

LOCK TABLES `migrations` WRITE;
/*!40000 ALTER TABLE `migrations` DISABLE KEYS */;
INSERT INTO `migrations` VALUES ('2015_01_12_210508_crear_tabla_usuario',1),('2015_01_15_105324_create_roles_table',1),('2015_01_15_114412_create_role_user_table',1),('2015_01_26_115212_create_permissions_table',1),('2015_01_26_115523_create_permission_role_table',1),('2015_02_09_132439_create_permission_user_table',1),('2015_06_19_203145_create_departamentos_table',1),('2015_06_19_203850_create_cargos_table',1),('2015_06_19_203900_create_aeropuertos_table',1),('2015_06_19_204816_claves_foraneas_tabla_usuarios',1),('2015_06_22_152418_creacion_tablas_estacionamiento',1),('2015_06_23_022444_creacion_tablas_bancos_cuentas',1),('2015_06_23_145953_create_pais_table',1),('2015_06_25_145636_create_tipo_aeronaves_table',1),('2015_06_25_145710_create_modelo_aeronaves_table',1),('2015_06_25_160950_create_puertos_table',1),('2015_07_20_185459_create_nacionalidad_matriculas_table',1),('2015_07_21_150533_creacion_tabla_cliente',1),('2015_07_21_160679_create_hangars_table',1),('2015_07_21_160999_create_tipo_matriculas_table',1),('2015_07_21_161000_create_aeronaves_table',1),('2015_07_22_154747_create_pilotos_table',1),('2015_07_22_174910_create_contratos_table',1),('2015_07_22_180751_create_modulos_table',1),('2015_07_23_051826_create_nacionalidad_vuelos_table',1),('2015_07_23_051928_create_aterrizajes_table',1),('2015_07_23_060536_create_facturas_table',1),('2015_08_04_152519_create_cliente_hangar_table',1),('2015_08_20_160827_creacion_tabla_facturametadatas',1),('2015_08_20_181530_creacion_tablas_cobranzas',1),('2015_10_09_201851_create_montos_fijos_table',1),('2015_10_14_195516_create_precios_aterrizajes_despegues_table',1),('2015_10_15_161731_create_estacionamiento_aeronaves_table',1),('2015_10_20_194806_create_horarios_aeronauticos_table',1),('2015_10_20_195000_create_cargos_varios_table',1),('2015_10_28_144452_create_precios_cargas_table',1),('2015_10_30_185118_create_otros_cargos_table',1),('2015_11_06_135819_create_metas_table',1),('2015_11_06_135827_create_meta_detalles_table',1),('2015_11_09_141140_create_despegues_table',1),('2015_11_12_163326_create_concils_table',1),('2015_11_12_163501_create_footers_table',1),('2015_11_12_163515_create_lista_tasas_table',1),('2015_11_12_163533_create_tasa_cierres_table',1),('2015_11_12_163551_create_ta_tasas_table',1),('2015_11_12_163600_create_tip_tas_table',1),('2015_11_12_163608_create_topes_table',1),('2015_11_20_143239_create_cargas_table',1),('2015_11_30_020918_create_despegue_otros_cargo_table',1),('2016_01_18_145123_update_estacionamitoops_added_estacionamiento_fkey',2),('2016_01_21_134231_update_conceptos_added_condicion_pago',2);
/*!40000 ALTER TABLE `migrations` ENABLE KEYS */;
UNLOCK TABLES;

--
-- Table structure for table `modelo_aeronaves`
--

DROP TABLE IF EXISTS `modelo_aeronaves`;
/*!40101 SET @saved_cs_client     = @@character_set_client */;
/*!40101 SET character_set_client = utf8 */;
CREATE TABLE `modelo_aeronaves` (
  `id` int(10) unsigned NOT NULL AUTO_INCREMENT,
  `modelo` varchar(50) COLLATE utf8_unicode_ci NOT NULL,
  `peso_maximo` varchar(20) COLLATE utf8_unicode_ci NOT NULL,
  `tipo_id` int(10) unsigned NOT NULL,
  `created_at` timestamp NOT NULL DEFAULT '0000-00-00 00:00:00',
  `updated_at` timestamp NOT NULL DEFAULT '0000-00-00 00:00:00',
  PRIMARY KEY (`id`),
  KEY `modelo_aeronaves_tipo_id_foreign` (`tipo_id`),
  CONSTRAINT `modelo_aeronaves_tipo_id_foreign` FOREIGN KEY (`tipo_id`) REFERENCES `tipo_aeronaves` (`id`)
) ENGINE=InnoDB AUTO_INCREMENT=462 DEFAULT CHARSET=utf8 COLLATE=utf8_unicode_ci;
/*!40101 SET character_set_client = @saved_cs_client */;

--
-- Dumping data for table `modelo_aeronaves`
--

LOCK TABLES `modelo_aeronaves` WRITE;
/*!40000 ALTER TABLE `modelo_aeronaves` DISABLE KEYS */;
INSERT INTO `modelo_aeronaves` VALUES (1,'206B3','1500',2,'0000-00-00 00:00:00','0000-00-00 00:00:00'),(2,'8R-GHB','2500',1,'0000-00-00 00:00:00','0000-00-00 00:00:00'),(3,'A-109','2000',2,'0000-00-00 00:00:00','0000-00-00 00:00:00'),(4,'A-119','3000',2,'0000-00-00 00:00:00','0000-00-00 00:00:00'),(5,'A-300','0',1,'0000-00-00 00:00:00','0000-00-00 00:00:00'),(6,'A-310','0',1,'0000-00-00 00:00:00','0000-00-00 00:00:00'),(7,'A-319','76000',1,'0000-00-00 00:00:00','0000-00-00 00:00:00'),(8,'A-320','78000',1,'0000-00-00 00:00:00','0000-00-00 00:00:00'),(9,'A-330','0',1,'0000-00-00 00:00:00','0000-00-00 00:00:00'),(10,'A-340-200','275000',1,'0000-00-00 00:00:00','0000-00-00 00:00:00'),(11,'A-340-300','260000',1,'0000-00-00 00:00:00','0000-00-00 00:00:00'),(12,'A-36','0',1,'0000-00-00 00:00:00','0000-00-00 00:00:00'),(13,'AA-5B','2000',1,'0000-00-00 00:00:00','0000-00-00 00:00:00'),(14,'AASB','3000',1,'0000-00-00 00:00:00','0000-00-00 00:00:00'),(15,'AC-14','0',1,'0000-00-00 00:00:00','0000-00-00 00:00:00'),(16,'AC-21','0',1,'0000-00-00 00:00:00','0000-00-00 00:00:00'),(17,'AC-500','0',1,'0000-00-00 00:00:00','0000-00-00 00:00:00'),(18,'AC-520','0',1,'0000-00-00 00:00:00','0000-00-00 00:00:00'),(19,'AC-560','2800',1,'0000-00-00 00:00:00','0000-00-00 00:00:00'),(20,'AC-600','0',1,'0000-00-00 00:00:00','0000-00-00 00:00:00'),(21,'AC-640','5000',1,'0000-00-00 00:00:00','0000-00-00 00:00:00'),(22,'AC-680','5000',1,'0000-00-00 00:00:00','0000-00-00 00:00:00'),(23,'AC-690','5000',1,'0000-00-00 00:00:00','0000-00-00 00:00:00'),(24,'AC-695','5000',1,'0000-00-00 00:00:00','0000-00-00 00:00:00'),(25,'AC-81','5000',1,'0000-00-00 00:00:00','0000-00-00 00:00:00'),(26,'AC-840','5000',1,'0000-00-00 00:00:00','0000-00-00 00:00:00'),(27,'AC-90','5000',1,'0000-00-00 00:00:00','0000-00-00 00:00:00'),(28,'AC-900','5000',1,'0000-00-00 00:00:00','0000-00-00 00:00:00'),(29,'AC-980','5000',1,'0000-00-00 00:00:00','0000-00-00 00:00:00'),(30,'AE-355','0',2,'0000-00-00 00:00:00','0000-00-00 00:00:00'),(31,'AEROESTAR 600','0',1,'0000-00-00 00:00:00','0000-00-00 00:00:00'),(32,'AG-109','0',2,'0000-00-00 00:00:00','0000-00-00 00:00:00'),(33,'AG-109C','0',2,'0000-00-00 00:00:00','0000-00-00 00:00:00'),(34,'AJ-25','0',1,'0000-00-00 00:00:00','0000-00-00 00:00:00'),(35,'AK-88B','4000',1,'0000-00-00 00:00:00','0000-00-00 00:00:00'),(36,'ALOUETTE-2','650',2,'0000-00-00 00:00:00','0000-00-00 00:00:00'),(37,'ALOVTTE 2','1500',1,'0000-00-00 00:00:00','0000-00-00 00:00:00'),(38,'AMT-200','850',1,'0000-00-00 00:00:00','0000-00-00 00:00:00'),(39,'AN-124-100','300000',1,'0000-00-00 00:00:00','0000-00-00 00:00:00'),(40,'AN-12BP','61000',1,'0000-00-00 00:00:00','0000-00-00 00:00:00'),(41,'AN-2','6000',1,'0000-00-00 00:00:00','0000-00-00 00:00:00'),(42,'AN-26','24000',1,'0000-00-00 00:00:00','0000-00-00 00:00:00'),(43,'AN-28','6000',1,'0000-00-00 00:00:00','0000-00-00 00:00:00'),(44,'AN-II','0',1,'0000-00-00 00:00:00','0000-00-00 00:00:00'),(45,'AP-681P','2590',1,'0000-00-00 00:00:00','0000-00-00 00:00:00'),(46,'AP-68P','0',1,'0000-00-00 00:00:00','0000-00-00 00:00:00'),(47,'as-350b','1300',1,'0000-00-00 00:00:00','0000-00-00 00:00:00'),(48,'AS-355F1','0',2,'0000-00-00 00:00:00','0000-00-00 00:00:00'),(49,'AS-TR','0',1,'0000-00-00 00:00:00','0000-00-00 00:00:00'),(50,'ASTR-SPX','11000',1,'0000-00-00 00:00:00','0000-00-00 00:00:00'),(51,'AT-401','3000',1,'0000-00-00 00:00:00','0000-00-00 00:00:00'),(52,'AT-42','0',1,'0000-00-00 00:00:00','0000-00-00 00:00:00'),(53,'AT-502B','3000',1,'0000-00-00 00:00:00','0000-00-00 00:00:00'),(54,'ATR-42','0',1,'0000-00-00 00:00:00','0000-00-00 00:00:00'),(55,'ATR-42-500','0',1,'0000-00-00 00:00:00','0000-00-00 00:00:00'),(56,'ATR-72','0',1,'0000-00-00 00:00:00','0000-00-00 00:00:00'),(57,'ATR-72500','22000',1,'0000-00-00 00:00:00','0000-00-00 00:00:00'),(58,'B-190','7815',1,'0000-00-00 00:00:00','0000-00-00 00:00:00'),(59,'B-206 B','1500',2,'0000-00-00 00:00:00','0000-00-00 00:00:00'),(60,'B-212','0',2,'0000-00-00 00:00:00','0000-00-00 00:00:00'),(61,'B-300','6500',1,'0000-00-00 00:00:00','0000-00-00 00:00:00'),(62,'B-407','2500',1,'0000-00-00 00:00:00','0000-00-00 00:00:00'),(63,'B-427','2682',2,'0000-00-00 00:00:00','0000-00-00 00:00:00'),(64,'B-707','0',1,'0000-00-00 00:00:00','0000-00-00 00:00:00'),(65,'B-707-300','0',1,'0000-00-00 00:00:00','0000-00-00 00:00:00'),(66,'B-727','0',1,'0000-00-00 00:00:00','0000-00-00 00:00:00'),(67,'B-727-100','69000',1,'0000-00-00 00:00:00','0000-00-00 00:00:00'),(68,'B-727-200','87000',1,'0000-00-00 00:00:00','0000-00-00 00:00:00'),(69,'B-727-227','0',1,'0000-00-00 00:00:00','0000-00-00 00:00:00'),(70,'B-727-300','0',1,'0000-00-00 00:00:00','0000-00-00 00:00:00'),(71,'B-737-200','53000',1,'0000-00-00 00:00:00','0000-00-00 00:00:00'),(72,'B-737-200RDV','55000',1,'0000-00-00 00:00:00','0000-00-00 00:00:00'),(73,'B-737-241','52390',1,'0000-00-00 00:00:00','0000-00-00 00:00:00'),(74,'B-737-300','57000',1,'0000-00-00 00:00:00','0000-00-00 00:00:00'),(75,'B-737-400','66000',1,'0000-00-00 00:00:00','0000-00-00 00:00:00'),(76,'B-737-500','66000',1,'0000-00-00 00:00:00','0000-00-00 00:00:00'),(77,'B-737-700','68000',1,'0000-00-00 00:00:00','0000-00-00 00:00:00'),(78,'B-737-800','79010',1,'0000-00-00 00:00:00','0000-00-00 00:00:00'),(79,'B-747','0',1,'0000-00-00 00:00:00','0000-00-00 00:00:00'),(80,'B-747-200','0',1,'0000-00-00 00:00:00','0000-00-00 00:00:00'),(81,'B-752','114000',1,'0000-00-00 00:00:00','0000-00-00 00:00:00'),(82,'B-757','0',1,'0000-00-00 00:00:00','0000-00-00 00:00:00'),(83,'B-757-2','0',1,'0000-00-00 00:00:00','0000-00-00 00:00:00'),(84,'B-757-236','0',1,'0000-00-00 00:00:00','0000-00-00 00:00:00'),(85,'B-767','0',1,'0000-00-00 00:00:00','0000-00-00 00:00:00'),(86,'B-767-100','142881',1,'0000-00-00 00:00:00','0000-00-00 00:00:00'),(87,'B-767-3','0',1,'0000-00-00 00:00:00','0000-00-00 00:00:00'),(88,'B-767-300','0',1,'0000-00-00 00:00:00','0000-00-00 00:00:00'),(89,'B-777-200','294200',1,'0000-00-00 00:00:00','0000-00-00 00:00:00'),(90,'B-777-300','299370',1,'0000-00-00 00:00:00','0000-00-00 00:00:00'),(91,'BA-31','0',1,'0000-00-00 00:00:00','0000-00-00 00:00:00'),(92,'BA-900','0',1,'0000-00-00 00:00:00','0000-00-00 00:00:00'),(93,'BAE-800','12000',1,'0000-00-00 00:00:00','0000-00-00 00:00:00'),(94,'BE-02','8000',1,'0000-00-00 00:00:00','0000-00-00 00:00:00'),(95,'BE-10','5000',1,'0000-00-00 00:00:00','0000-00-00 00:00:00'),(96,'BE-100','5000',1,'0000-00-00 00:00:00','0000-00-00 00:00:00'),(97,'BE-109','6000',1,'0000-00-00 00:00:00','0000-00-00 00:00:00'),(98,'BE-18','2000',1,'0000-00-00 00:00:00','0000-00-00 00:00:00'),(99,'BE-1900','8000',1,'0000-00-00 00:00:00','0000-00-00 00:00:00'),(100,'BE-1900-D','8000',1,'0000-00-00 00:00:00','0000-00-00 00:00:00'),(101,'BE-20','6000',2,'0000-00-00 00:00:00','2016-02-09 22:38:58'),(102,'BE-200','6000',1,'0000-00-00 00:00:00','0000-00-00 00:00:00'),(103,'BE-23','2000',1,'0000-00-00 00:00:00','0000-00-00 00:00:00'),(104,'BE-24r','3000',1,'0000-00-00 00:00:00','0000-00-00 00:00:00'),(105,'BE-300','6000',1,'0000-00-00 00:00:00','0000-00-00 00:00:00'),(106,'BE-33','2000',1,'0000-00-00 00:00:00','0000-00-00 00:00:00'),(107,'BE-35','2000',1,'0000-00-00 00:00:00','0000-00-00 00:00:00'),(108,'BE-350','8000',1,'0000-00-00 00:00:00','0000-00-00 00:00:00'),(109,'BE-36','2000',1,'0000-00-00 00:00:00','0000-00-00 00:00:00'),(110,'BE-400','8000',1,'0000-00-00 00:00:00','0000-00-00 00:00:00'),(111,'BE-50','3000',1,'0000-00-00 00:00:00','0000-00-00 00:00:00'),(112,'BE-55','3000',1,'0000-00-00 00:00:00','0000-00-00 00:00:00'),(113,'BE-58','3000',1,'0000-00-00 00:00:00','0000-00-00 00:00:00'),(114,'BE-60','4000',1,'0000-00-00 00:00:00','0000-00-00 00:00:00'),(115,'BE-65','4000',1,'0000-00-00 00:00:00','0000-00-00 00:00:00'),(116,'BE-76','4000',1,'0000-00-00 00:00:00','0000-00-00 00:00:00'),(117,'BE-80','4000',1,'0000-00-00 00:00:00','0000-00-00 00:00:00'),(118,'BE-90','5000',1,'0000-00-00 00:00:00','0000-00-00 00:00:00'),(119,'BE-95','5000',1,'0000-00-00 00:00:00','0000-00-00 00:00:00'),(120,'BE-99','5000',1,'0000-00-00 00:00:00','0000-00-00 00:00:00'),(121,'BE-9L','5000',1,'0000-00-00 00:00:00','0000-00-00 00:00:00'),(122,'BELL-206L','0',2,'0000-00-00 00:00:00','0000-00-00 00:00:00'),(123,'BELL-222U','4500',2,'0000-00-00 00:00:00','0000-00-00 00:00:00'),(124,'BELL-406','2200',2,'0000-00-00 00:00:00','0000-00-00 00:00:00'),(125,'BELL-407','2000',2,'0000-00-00 00:00:00','0000-00-00 00:00:00'),(126,'BELL-412','5410',2,'0000-00-00 00:00:00','0000-00-00 00:00:00'),(127,'BELL-427','2100',2,'0000-00-00 00:00:00','0000-00-00 00:00:00'),(128,'BELL-429','3175',2,'0000-00-00 00:00:00','0000-00-00 00:00:00'),(129,'BELL-L3','0',2,'0000-00-00 00:00:00','0000-00-00 00:00:00'),(130,'BELL206','1000',2,'0000-00-00 00:00:00','0000-00-00 00:00:00'),(131,'BELL206BIII','1000',2,'0000-00-00 00:00:00','0000-00-00 00:00:00'),(132,'BELL230','4000',2,'0000-00-00 00:00:00','0000-00-00 00:00:00'),(133,'BH-06','2000',2,'0000-00-00 00:00:00','0000-00-00 00:00:00'),(134,'BH-07','2268',2,'0000-00-00 00:00:00','0000-00-00 00:00:00'),(135,'BH-206','0',2,'0000-00-00 00:00:00','0000-00-00 00:00:00'),(136,'BH-412','3000',2,'0000-00-00 00:00:00','0000-00-00 00:00:00'),(137,'BID-1900','7700',1,'0000-00-00 00:00:00','0000-00-00 00:00:00'),(138,'BL-26','0',1,'0000-00-00 00:00:00','0000-00-00 00:00:00'),(139,'BN-2','0',1,'0000-00-00 00:00:00','0000-00-00 00:00:00'),(140,'BN-3','0',1,'0000-00-00 00:00:00','0000-00-00 00:00:00'),(141,'BN-III','0',1,'0000-00-00 00:00:00','0000-00-00 00:00:00'),(142,'BN2','2000',1,'0000-00-00 00:00:00','0000-00-00 00:00:00'),(143,'BO-105','0',2,'0000-00-00 00:00:00','0000-00-00 00:00:00'),(144,'C-1','5000',1,'0000-00-00 00:00:00','0000-00-00 00:00:00'),(145,'C-130J HERCULES','70310',1,'0000-00-00 00:00:00','0000-00-00 00:00:00'),(146,'C-152','800',1,'0000-00-00 00:00:00','0000-00-00 00:00:00'),(147,'C-160','50000',1,'0000-00-00 00:00:00','0000-00-00 00:00:00'),(148,'C-172','2000',1,'0000-00-00 00:00:00','0000-00-00 00:00:00'),(149,'C-177','1600',1,'0000-00-00 00:00:00','0000-00-00 00:00:00'),(150,'C-17A GLOBEMAST','266000',1,'0000-00-00 00:00:00','0000-00-00 00:00:00'),(151,'C-182','2000',1,'0000-00-00 00:00:00','0000-00-00 00:00:00'),(152,'C-185','2000',1,'0000-00-00 00:00:00','0000-00-00 00:00:00'),(153,'C-206','2000',1,'0000-00-00 00:00:00','0000-00-00 00:00:00'),(154,'C-207','2000',1,'0000-00-00 00:00:00','0000-00-00 00:00:00'),(155,'C-208','2000',1,'0000-00-00 00:00:00','0000-00-00 00:00:00'),(156,'C-208B','5000',1,'0000-00-00 00:00:00','0000-00-00 00:00:00'),(157,'C-210','2000',1,'0000-00-00 00:00:00','0000-00-00 00:00:00'),(158,'C-212','2000',1,'0000-00-00 00:00:00','0000-00-00 00:00:00'),(159,'C-302','3000',1,'0000-00-00 00:00:00','0000-00-00 00:00:00'),(160,'C-303','1500',1,'0000-00-00 00:00:00','0000-00-00 00:00:00'),(161,'C-310','3000',1,'0000-00-00 00:00:00','0000-00-00 00:00:00'),(162,'C-335','3000',1,'0000-00-00 00:00:00','0000-00-00 00:00:00'),(163,'C-337','3000',1,'0000-00-00 00:00:00','0000-00-00 00:00:00'),(164,'C-340','3000',1,'0000-00-00 00:00:00','0000-00-00 00:00:00'),(165,'C-401','3000',1,'0000-00-00 00:00:00','0000-00-00 00:00:00'),(166,'C-402','4000',1,'0000-00-00 00:00:00','0000-00-00 00:00:00'),(167,'C-404','4000',1,'0000-00-00 00:00:00','0000-00-00 00:00:00'),(168,'C-406','5000',1,'0000-00-00 00:00:00','0000-00-00 00:00:00'),(169,'C-411','2000',1,'0000-00-00 00:00:00','0000-00-00 00:00:00'),(170,'C-414','2856',1,'0000-00-00 00:00:00','0000-00-00 00:00:00'),(171,'C-421','4000',1,'0000-00-00 00:00:00','0000-00-00 00:00:00'),(172,'C-425','4000',1,'0000-00-00 00:00:00','0000-00-00 00:00:00'),(173,'C-440','5000',1,'0000-00-00 00:00:00','0000-00-00 00:00:00'),(174,'C-441','5000',1,'0000-00-00 00:00:00','0000-00-00 00:00:00'),(175,'C-500','6000',1,'0000-00-00 00:00:00','0000-00-00 00:00:00'),(176,'C-501','6000',1,'0000-00-00 00:00:00','0000-00-00 00:00:00'),(177,'C-510','3921',1,'0000-00-00 00:00:00','0000-00-00 00:00:00'),(178,'C-525','4800',1,'0000-00-00 00:00:00','0000-00-00 00:00:00'),(179,'C-52A','5000',1,'0000-00-00 00:00:00','0000-00-00 00:00:00'),(180,'C-550','7000',1,'0000-00-00 00:00:00','0000-00-00 00:00:00'),(181,'C-551','6000',1,'0000-00-00 00:00:00','0000-00-00 00:00:00'),(182,'C-560','6000',1,'0000-00-00 00:00:00','0000-00-00 00:00:00'),(183,'C-56X','10000',1,'0000-00-00 00:00:00','0000-00-00 00:00:00'),(184,'C-601','21000',1,'0000-00-00 00:00:00','0000-00-00 00:00:00'),(185,'C-650','0',1,'0000-00-00 00:00:00','0000-00-00 00:00:00'),(186,'C-750','16195',1,'0000-00-00 00:00:00','0000-00-00 00:00:00'),(187,'C-III','9500',1,'0000-00-00 00:00:00','0000-00-00 00:00:00'),(188,'CHALLENGER','19618',1,'0000-00-00 00:00:00','0000-00-00 00:00:00'),(189,'CL-22','20000',1,'0000-00-00 00:00:00','0000-00-00 00:00:00'),(190,'CL-300','26000',1,'0000-00-00 00:00:00','0000-00-00 00:00:00'),(191,'CL-60','21000',1,'0000-00-00 00:00:00','0000-00-00 00:00:00'),(192,'CL-600','0',1,'0000-00-00 00:00:00','0000-00-00 00:00:00'),(193,'CL-601','20200',1,'0000-00-00 00:00:00','0000-00-00 00:00:00'),(194,'CL-602','22000',1,'0000-00-00 00:00:00','0000-00-00 00:00:00'),(195,'CL-604','21000',1,'0000-00-00 00:00:00','0000-00-00 00:00:00'),(196,'CL-605','21000',1,'0000-00-00 00:00:00','0000-00-00 00:00:00'),(197,'CL-64','0',1,'0000-00-00 00:00:00','0000-00-00 00:00:00'),(198,'CN-232','0',1,'0000-00-00 00:00:00','0000-00-00 00:00:00'),(199,'CN-235','0',1,'0000-00-00 00:00:00','0000-00-00 00:00:00'),(200,'CRJ-700','21000',1,'0000-00-00 00:00:00','0000-00-00 00:00:00'),(201,'CV-24','0',1,'0000-00-00 00:00:00','0000-00-00 00:00:00'),(202,'CV-340','0',1,'0000-00-00 00:00:00','0000-00-00 00:00:00'),(203,'CV-440','15500',1,'0000-00-00 00:00:00','0000-00-00 00:00:00'),(204,'CV-580','0',1,'0000-00-00 00:00:00','0000-00-00 00:00:00'),(205,'CW-3','6000',1,'0000-00-00 00:00:00','0000-00-00 00:00:00'),(206,'D-228-2','0',1,'0000-00-00 00:00:00','0000-00-00 00:00:00'),(207,'D-28','0',1,'0000-00-00 00:00:00','0000-00-00 00:00:00'),(208,'D-328','0',1,'0000-00-00 00:00:00','0000-00-00 00:00:00'),(209,'D02802','3500',1,'0000-00-00 00:00:00','0000-00-00 00:00:00'),(210,'DA-10','0',1,'0000-00-00 00:00:00','0000-00-00 00:00:00'),(211,'DA-20','0',1,'0000-00-00 00:00:00','0000-00-00 00:00:00'),(212,'DA-50','0',1,'0000-00-00 00:00:00','0000-00-00 00:00:00'),(213,'DA-90','0',1,'0000-00-00 00:00:00','0000-00-00 00:00:00'),(214,'DAS-8-300','0',1,'0000-00-00 00:00:00','0000-00-00 00:00:00'),(215,'DASH 7','12273',1,'0000-00-00 00:00:00','0000-00-00 00:00:00'),(216,'DASH-7','0',1,'0000-00-00 00:00:00','0000-00-00 00:00:00'),(217,'DC-10','0',1,'0000-00-00 00:00:00','0000-00-00 00:00:00'),(218,'DC-10-10','0',1,'0000-00-00 00:00:00','0000-00-00 00:00:00'),(219,'DC-10-15','0',1,'0000-00-00 00:00:00','0000-00-00 00:00:00'),(220,'DC-10-30','0',1,'0000-00-00 00:00:00','0000-00-00 00:00:00'),(221,'DC-10/15','206400',1,'0000-00-00 00:00:00','0000-00-00 00:00:00'),(222,'DC-3','0',1,'0000-00-00 00:00:00','0000-00-00 00:00:00'),(223,'DC-3C','0',1,'0000-00-00 00:00:00','0000-00-00 00:00:00'),(224,'DC-6','0',1,'0000-00-00 00:00:00','0000-00-00 00:00:00'),(225,'DC-8','159091',1,'0000-00-00 00:00:00','0000-00-00 00:00:00'),(226,'DC-9','0',1,'0000-00-00 00:00:00','0000-00-00 00:00:00'),(227,'DC-9-15','43000',1,'0000-00-00 00:00:00','0000-00-00 00:00:00'),(228,'DC-9-30','0',1,'0000-00-00 00:00:00','0000-00-00 00:00:00'),(229,'DC-9-31','0',1,'0000-00-00 00:00:00','0000-00-00 00:00:00'),(230,'DC-9-32','50000',1,'0000-00-00 00:00:00','0000-00-00 00:00:00'),(231,'DC-9-34CF','0',1,'0000-00-00 00:00:00','0000-00-00 00:00:00'),(232,'DC-9-50','55000',1,'0000-00-00 00:00:00','0000-00-00 00:00:00'),(233,'DC-9-51','0',1,'0000-00-00 00:00:00','0000-00-00 00:00:00'),(234,'DC-9-82','66000',1,'0000-00-00 00:00:00','0000-00-00 00:00:00'),(235,'DC-9-83','0',1,'0000-00-00 00:00:00','0000-00-00 00:00:00'),(236,'DH-06','5682',1,'0000-00-00 00:00:00','0000-00-00 00:00:00'),(237,'DH-7','0',1,'0000-00-00 00:00:00','0000-00-00 00:00:00'),(238,'DH-8','0',1,'0000-00-00 00:00:00','0000-00-00 00:00:00'),(239,'DHS-7','0',1,'0000-00-00 00:00:00','0000-00-00 00:00:00'),(240,'DO-C6','0',1,'0000-00-00 00:00:00','0000-00-00 00:00:00'),(241,'DSH7','0',1,'0000-00-00 00:00:00','0000-00-00 00:00:00'),(242,'E-120','12000',1,'0000-00-00 00:00:00','0000-00-00 00:00:00'),(243,'E50-P','6000',1,'0000-00-00 00:00:00','0000-00-00 00:00:00'),(244,'EA-30','0',1,'0000-00-00 00:00:00','0000-00-00 00:00:00'),(245,'EA-31','0',1,'0000-00-00 00:00:00','0000-00-00 00:00:00'),(246,'EA-320','0',1,'0000-00-00 00:00:00','0000-00-00 00:00:00'),(247,'EC-120','900',2,'0000-00-00 00:00:00','0000-00-00 00:00:00'),(248,'EC-130','2427',2,'0000-00-00 00:00:00','0000-00-00 00:00:00'),(249,'EC-135','2800',2,'0000-00-00 00:00:00','0000-00-00 00:00:00'),(250,'EMB-110','0',1,'0000-00-00 00:00:00','0000-00-00 00:00:00'),(251,'EMB-120','12000',1,'0000-00-00 00:00:00','0000-00-00 00:00:00'),(252,'EMB-135BJ','22500',1,'0000-00-00 00:00:00','0000-00-00 00:00:00'),(253,'EMB-190-100','51800',1,'0000-00-00 00:00:00','0000-00-00 00:00:00'),(254,'EMB-810','0',1,'0000-00-00 00:00:00','0000-00-00 00:00:00'),(255,'EPIC','3000',1,'0000-00-00 00:00:00','0000-00-00 00:00:00'),(256,'ERJ-145','22000',1,'0000-00-00 00:00:00','0000-00-00 00:00:00'),(257,'F-10','0',1,'0000-00-00 00:00:00','0000-00-00 00:00:00'),(258,'F-100','0',1,'0000-00-00 00:00:00','0000-00-00 00:00:00'),(259,'F-20','0',1,'0000-00-00 00:00:00','0000-00-00 00:00:00'),(260,'F-27','0',1,'0000-00-00 00:00:00','0000-00-00 00:00:00'),(261,'F-50','17300',1,'0000-00-00 00:00:00','0000-00-00 00:00:00'),(262,'F-900','20000',1,'0000-00-00 00:00:00','0000-00-00 00:00:00'),(263,'FA-50','20000',1,'0000-00-00 00:00:00','0000-00-00 00:00:00'),(264,'FALCOM 2000LX','19142',1,'0000-00-00 00:00:00','0000-00-00 00:00:00'),(265,'G-02','0',1,'0000-00-00 00:00:00','0000-00-00 00:00:00'),(266,'G-100','12000',1,'0000-00-00 00:00:00','0000-00-00 00:00:00'),(267,'G-150','12000',1,'0000-00-00 00:00:00','0000-00-00 00:00:00'),(268,'G-159','16200',1,'0000-00-00 00:00:00','0000-00-00 00:00:00'),(269,'G-200','16000',1,'0000-00-00 00:00:00','0000-00-00 00:00:00'),(270,'G-280','16000',1,'0000-00-00 00:00:00','0000-00-00 00:00:00'),(271,'G-3','0',1,'0000-00-00 00:00:00','0000-00-00 00:00:00'),(272,'G-4','0',1,'0000-00-00 00:00:00','0000-00-00 00:00:00'),(273,'G-73','0',1,'0000-00-00 00:00:00','0000-00-00 00:00:00'),(274,'G-II','0',1,'0000-00-00 00:00:00','0000-00-00 00:00:00'),(275,'GA-8','1800',1,'0000-00-00 00:00:00','0000-00-00 00:00:00'),(276,'GA-LX','16000',1,'0000-00-00 00:00:00','0000-00-00 00:00:00'),(277,'GL-25','0',1,'0000-00-00 00:00:00','0000-00-00 00:00:00'),(278,'GL-F2','28000',1,'0000-00-00 00:00:00','0000-00-00 00:00:00'),(279,'GL-F4','0',1,'0000-00-00 00:00:00','0000-00-00 00:00:00'),(280,'GLEX','55000',1,'0000-00-00 00:00:00','0000-00-00 00:00:00'),(281,'GLF-3','31615',1,'0000-00-00 00:00:00','0000-00-00 00:00:00'),(282,'GLF-5','41300',1,'0000-00-00 00:00:00','0000-00-00 00:00:00'),(283,'GLF/5M','40910',1,'0000-00-00 00:00:00','0000-00-00 00:00:00'),(284,'GULFTREAM','33000',1,'0000-00-00 00:00:00','0000-00-00 00:00:00'),(285,'GULFTREAM - G550','34156',1,'0000-00-00 00:00:00','0000-00-00 00:00:00'),(286,'H-25A','11000',1,'0000-00-00 00:00:00','0000-00-00 00:00:00'),(287,'H-25B','14500',2,'0000-00-00 00:00:00','2016-02-07 03:34:30'),(288,'H-400','8500',1,'0000-00-00 00:00:00','0000-00-00 00:00:00'),(289,'H-500C','0',1,'0000-00-00 00:00:00','0000-00-00 00:00:00'),(290,'H-500D','0',2,'0000-00-00 00:00:00','0000-00-00 00:00:00'),(291,'H-700','13000',1,'0000-00-00 00:00:00','0000-00-00 00:00:00'),(292,'H-800','10000',1,'0000-00-00 00:00:00','0000-00-00 00:00:00'),(293,'H-A1','1200',1,'0000-00-00 00:00:00','0000-00-00 00:00:00'),(294,'H-M18','0',2,'0000-00-00 00:00:00','0000-00-00 00:00:00'),(295,'HA-1','0',1,'0000-00-00 00:00:00','0000-00-00 00:00:00'),(296,'HF-32','0',1,'0000-00-00 00:00:00','0000-00-00 00:00:00'),(297,'HI-125','0',1,'0000-00-00 00:00:00','0000-00-00 00:00:00'),(298,'HP-137','0',1,'0000-00-00 00:00:00','0000-00-00 00:00:00'),(299,'HS-125','9000',1,'0000-00-00 00:00:00','0000-00-00 00:00:00'),(300,'HS-155','0',1,'0000-00-00 00:00:00','0000-00-00 00:00:00'),(301,'HS-25','12500',1,'0000-00-00 00:00:00','0000-00-00 00:00:00'),(302,'HS-25A','12000',1,'0000-00-00 00:00:00','0000-00-00 00:00:00'),(303,'HS-400','0',1,'0000-00-00 00:00:00','0000-00-00 00:00:00'),(304,'HS-800','12600',1,'0000-00-00 00:00:00','0000-00-00 00:00:00'),(305,'IL-18','0',1,'0000-00-00 00:00:00','0000-00-00 00:00:00'),(306,'IL-62','60000',1,'0000-00-00 00:00:00','0000-00-00 00:00:00'),(307,'IL-62M','0',1,'0000-00-00 00:00:00','0000-00-00 00:00:00'),(308,'IL-76','0',1,'0000-00-00 00:00:00','0000-00-00 00:00:00'),(309,'J-328','16000',1,'0000-00-00 00:00:00','0000-00-00 00:00:00'),(310,'JC-1121','0',1,'0000-00-00 00:00:00','0000-00-00 00:00:00'),(311,'JCOM','8000',1,'0000-00-00 00:00:00','0000-00-00 00:00:00'),(312,'JS-31','7000',1,'0000-00-00 00:00:00','0000-00-00 00:00:00'),(313,'JS-32','5000',1,'0000-00-00 00:00:00','0000-00-00 00:00:00'),(314,'KODI','3770',1,'0000-00-00 00:00:00','0000-00-00 00:00:00'),(315,'L-1011','0',1,'0000-00-00 00:00:00','0000-00-00 00:00:00'),(316,'L-1011-500','0',1,'0000-00-00 00:00:00','0000-00-00 00:00:00'),(317,'L-1329','0',1,'0000-00-00 00:00:00','0000-00-00 00:00:00'),(318,'L-329','0',1,'0000-00-00 00:00:00','0000-00-00 00:00:00'),(319,'L-39','0',1,'0000-00-00 00:00:00','0000-00-00 00:00:00'),(320,'LANCER','1000',1,'0000-00-00 00:00:00','0000-00-00 00:00:00'),(321,'LC-30','1454',1,'0000-00-00 00:00:00','0000-00-00 00:00:00'),(322,'LEARJET 55','9525',1,'0000-00-00 00:00:00','0000-00-00 00:00:00'),(323,'LET-410','0',1,'0000-00-00 00:00:00','0000-00-00 00:00:00'),(324,'LJ-25','7000',1,'0000-00-00 00:00:00','0000-00-00 00:00:00'),(325,'LJ-31','8000',1,'0000-00-00 00:00:00','0000-00-00 00:00:00'),(326,'LJ-35','8319',1,'0000-00-00 00:00:00','0000-00-00 00:00:00'),(327,'LJ-45','9752',1,'0000-00-00 00:00:00','0000-00-00 00:00:00'),(328,'LJ-55','10000',1,'0000-00-00 00:00:00','0000-00-00 00:00:00'),(329,'LJ-60','11000',1,'0000-00-00 00:00:00','0000-00-00 00:00:00'),(330,'LNC-4','2000',1,'0000-00-00 00:00:00','0000-00-00 00:00:00'),(331,'LONG-RANGER','1500',2,'0000-00-00 00:00:00','0000-00-00 00:00:00'),(332,'LOR-35','0',2,'0000-00-00 00:00:00','0000-00-00 00:00:00'),(333,'LR-23','0',1,'0000-00-00 00:00:00','0000-00-00 00:00:00'),(334,'LR-24','0',1,'0000-00-00 00:00:00','0000-00-00 00:00:00'),(335,'LR-25','0',1,'0000-00-00 00:00:00','0000-00-00 00:00:00'),(336,'LR-28','7000',1,'0000-00-00 00:00:00','0000-00-00 00:00:00'),(337,'LR-31','0',1,'0000-00-00 00:00:00','0000-00-00 00:00:00'),(338,'LR-31A','0',1,'0000-00-00 00:00:00','0000-00-00 00:00:00'),(339,'LR-35','7000',1,'0000-00-00 00:00:00','0000-00-00 00:00:00'),(340,'LR-35A','7000',1,'0000-00-00 00:00:00','0000-00-00 00:00:00'),(341,'LR-36','8910',1,'0000-00-00 00:00:00','0000-00-00 00:00:00'),(342,'LR-45','9320',1,'0000-00-00 00:00:00','0000-00-00 00:00:00'),(343,'LR-55','10000',1,'0000-00-00 00:00:00','0000-00-00 00:00:00'),(344,'LR-60','0',1,'0000-00-00 00:00:00','0000-00-00 00:00:00'),(345,'LR-915','1500',2,'0000-00-00 00:00:00','0000-00-00 00:00:00'),(346,'M-02K','0',1,'0000-00-00 00:00:00','0000-00-00 00:00:00'),(347,'M-20P','1246',1,'0000-00-00 00:00:00','0000-00-00 00:00:00'),(348,'M-20R','0',1,'0000-00-00 00:00:00','0000-00-00 00:00:00'),(349,'M-21','0',1,'0000-00-00 00:00:00','0000-00-00 00:00:00'),(350,'M-220J','0',1,'0000-00-00 00:00:00','0000-00-00 00:00:00'),(351,'M-26','1200',1,'0000-00-00 00:00:00','0000-00-00 00:00:00'),(352,'M-28','7000',1,'0000-00-00 00:00:00','0000-00-00 00:00:00'),(353,'M-3','0',1,'0000-00-00 00:00:00','0000-00-00 00:00:00'),(354,'M-7','0',1,'0000-00-00 00:00:00','0000-00-00 00:00:00'),(355,'MALIBU','0',1,'0000-00-00 00:00:00','0000-00-00 00:00:00'),(356,'MD-11','0',1,'0000-00-00 00:00:00','0000-00-00 00:00:00'),(357,'MD-500','0',2,'0000-00-00 00:00:00','0000-00-00 00:00:00'),(358,'MD-500E','1500',2,'0000-00-00 00:00:00','0000-00-00 00:00:00'),(359,'MD-520','0',2,'0000-00-00 00:00:00','0000-00-00 00:00:00'),(360,'MD-600','0',2,'0000-00-00 00:00:00','0000-00-00 00:00:00'),(361,'MD-80','67955',1,'0000-00-00 00:00:00','0000-00-00 00:00:00'),(362,'MD-82','64000',1,'0000-00-00 00:00:00','0000-00-00 00:00:00'),(363,'MD-83','72000',1,'0000-00-00 00:00:00','0000-00-00 00:00:00'),(364,'MD-87','0',1,'0000-00-00 00:00:00','0000-00-00 00:00:00'),(365,'MD-88','0',1,'0000-00-00 00:00:00','0000-00-00 00:00:00'),(366,'MD-90','75500',1,'0000-00-00 00:00:00','0000-00-00 00:00:00'),(367,'MD-900','3000',2,'0000-00-00 00:00:00','0000-00-00 00:00:00'),(368,'MI-02','3000',2,'0000-00-00 00:00:00','0000-00-00 00:00:00'),(369,'MI-8','0',2,'0000-00-00 00:00:00','0000-00-00 00:00:00'),(370,'MID-2','0',2,'0000-00-00 00:00:00','0000-00-00 00:00:00'),(371,'MO-20','1800',1,'0000-00-00 00:00:00','0000-00-00 00:00:00'),(372,'MO-21','1000',1,'0000-00-00 00:00:00','0000-00-00 00:00:00'),(373,'MR-404','0',1,'0000-00-00 00:00:00','0000-00-00 00:00:00'),(374,'MU-2','0',1,'0000-00-00 00:00:00','0000-00-00 00:00:00'),(375,'MU-2B','0',1,'0000-00-00 00:00:00','0000-00-00 00:00:00'),(376,'MU-30','7000',1,'0000-00-00 00:00:00','0000-00-00 00:00:00'),(377,'MU-300','0',1,'0000-00-00 00:00:00','0000-00-00 00:00:00'),(378,'MU-60','0',1,'0000-00-00 00:00:00','0000-00-00 00:00:00'),(379,'MV-02','5000',1,'0000-00-00 00:00:00','0000-00-00 00:00:00'),(380,'MY-20','3000',1,'0000-00-00 00:00:00','0000-00-00 00:00:00'),(381,'N-235','0',1,'0000-00-00 00:00:00','0000-00-00 00:00:00'),(382,'N-265','0',1,'0000-00-00 00:00:00','0000-00-00 00:00:00'),(383,'N-265-60','0',1,'0000-00-00 00:00:00','0000-00-00 00:00:00'),(384,'N-327AR   LJ-60','23500',1,'0000-00-00 00:00:00','0000-00-00 00:00:00'),(385,'N-731PC','3200',1,'0000-00-00 00:00:00','0000-00-00 00:00:00'),(386,'NA-265','9000',1,'0000-00-00 00:00:00','0000-00-00 00:00:00'),(387,'NE-821','0',1,'0000-00-00 00:00:00','0000-00-00 00:00:00'),(388,'P-58','2495',1,'0000-00-00 00:00:00','0000-00-00 00:00:00'),(389,'P-68T','2627',1,'0000-00-00 00:00:00','0000-00-00 00:00:00'),(390,'P68C','1600',1,'0000-00-00 00:00:00','0000-00-00 00:00:00'),(391,'PA-18','0',1,'0000-00-00 00:00:00','0000-00-00 00:00:00'),(392,'PA-22','0',1,'0000-00-00 00:00:00','0000-00-00 00:00:00'),(393,'PA-23','2360',1,'0000-00-00 00:00:00','0000-00-00 00:00:00'),(394,'PA-28','2000',1,'0000-00-00 00:00:00','0000-00-00 00:00:00'),(395,'PA-30','0',1,'0000-00-00 00:00:00','0000-00-00 00:00:00'),(396,'PA-31','5000',1,'0000-00-00 00:00:00','0000-00-00 00:00:00'),(397,'PA-31T','3200',1,'0000-00-00 00:00:00','0000-00-00 00:00:00'),(398,'PA-32','2000',1,'0000-00-00 00:00:00','0000-00-00 00:00:00'),(399,'PA-34','2000',1,'0000-00-00 00:00:00','0000-00-00 00:00:00'),(400,'PA-38','920',1,'0000-00-00 00:00:00','0000-00-00 00:00:00'),(401,'PA-41','0',1,'0000-00-00 00:00:00','0000-00-00 00:00:00'),(402,'PA-42','5000',1,'0000-00-00 00:00:00','0000-00-00 00:00:00'),(403,'PA-44','0',1,'0000-00-00 00:00:00','0000-00-00 00:00:00'),(404,'PA-46','2000',1,'0000-00-00 00:00:00','0000-00-00 00:00:00'),(405,'PA-60','0',1,'0000-00-00 00:00:00','0000-00-00 00:00:00'),(406,'PAT-31','3200',1,'0000-00-00 00:00:00','0000-00-00 00:00:00'),(407,'PAY-1','4380',2,'0000-00-00 00:00:00','2016-01-17 00:57:28'),(408,'PAY-2','5000',1,'0000-00-00 00:00:00','0000-00-00 00:00:00'),(409,'PC-68','2000',1,'0000-00-00 00:00:00','0000-00-00 00:00:00'),(410,'PC12','0',1,'0000-00-00 00:00:00','0000-00-00 00:00:00'),(411,'PH-206','0',2,'0000-00-00 00:00:00','0000-00-00 00:00:00'),(412,'PIPER-28','1450',1,'0000-00-00 00:00:00','0000-00-00 00:00:00'),(413,'PR-M1','6000',1,'0000-00-00 00:00:00','0000-00-00 00:00:00'),(414,'PY1','4000',1,'0000-00-00 00:00:00','0000-00-00 00:00:00'),(415,'R-22','410',1,'0000-00-00 00:00:00','0000-00-00 00:00:00'),(416,'R-44','800',2,'0000-00-00 00:00:00','0000-00-00 00:00:00'),(417,'RANYE','0',1,'0000-00-00 00:00:00','0000-00-00 00:00:00'),(418,'RF-10','850',1,'0000-00-00 00:00:00','0000-00-00 00:00:00'),(419,'RL-893','0',1,'0000-00-00 00:00:00','0000-00-00 00:00:00'),(420,'S-135','2700',1,'0000-00-00 00:00:00','0000-00-00 00:00:00'),(421,'S-300C','0',2,'0000-00-00 00:00:00','0000-00-00 00:00:00'),(422,'S-350','0',2,'0000-00-00 00:00:00','0000-00-00 00:00:00'),(423,'S2R','2800',1,'0000-00-00 00:00:00','0000-00-00 00:00:00'),(424,'SAAB-340B','13155',1,'0000-00-00 00:00:00','0000-00-00 00:00:00'),(425,'SBR1','9000',1,'0000-00-00 00:00:00','0000-00-00 00:00:00'),(426,'SC-80','9000',1,'0000-00-00 00:00:00','0000-00-00 00:00:00'),(427,'SD-360','10387',1,'0000-00-00 00:00:00','0000-00-00 00:00:00'),(428,'SE-210','52000',1,'0000-00-00 00:00:00','0000-00-00 00:00:00'),(429,'SF-34','0',1,'0000-00-00 00:00:00','0000-00-00 00:00:00'),(430,'SIKORSKI','3500',1,'0000-00-00 00:00:00','0000-00-00 00:00:00'),(431,'SK-59','0',1,'0000-00-00 00:00:00','0000-00-00 00:00:00'),(432,'SK-76','0',2,'0000-00-00 00:00:00','0000-00-00 00:00:00'),(433,'SL-265','0',1,'0000-00-00 00:00:00','0000-00-00 00:00:00'),(434,'SL-8','0',1,'0000-00-00 00:00:00','0000-00-00 00:00:00'),(435,'SR-20','1500',1,'0000-00-00 00:00:00','0000-00-00 00:00:00'),(436,'SR-22','1900',1,'0000-00-00 00:00:00','0000-00-00 00:00:00'),(437,'SR22','1900',1,'0000-00-00 00:00:00','0000-00-00 00:00:00'),(438,'ST-200','0',1,'0000-00-00 00:00:00','0000-00-00 00:00:00'),(439,'SW-2','4600',1,'0000-00-00 00:00:00','0000-00-00 00:00:00'),(440,'SW-3','5680',1,'0000-00-00 00:00:00','0000-00-00 00:00:00'),(441,'SW-4','0',1,'0000-00-00 00:00:00','0000-00-00 00:00:00'),(442,'T-39','0',1,'0000-00-00 00:00:00','0000-00-00 00:00:00'),(443,'TB-9','0',1,'0000-00-00 00:00:00','0000-00-00 00:00:00'),(444,'TS-60','2800',1,'0000-00-00 00:00:00','0000-00-00 00:00:00'),(445,'TU-154M','100000',1,'0000-00-00 00:00:00','0000-00-00 00:00:00'),(446,'TWINS OSTER','5300',1,'0000-00-00 00:00:00','0000-00-00 00:00:00'),(447,'V35B','0',1,'0000-00-00 00:00:00','0000-00-00 00:00:00'),(448,'VU-93','0',1,'0000-00-00 00:00:00','0000-00-00 00:00:00'),(449,'W-201','0',1,'0000-00-00 00:00:00','0000-00-00 00:00:00'),(450,'WW-1123','0',1,'0000-00-00 00:00:00','0000-00-00 00:00:00'),(451,'WW-1124','0',1,'0000-00-00 00:00:00','0000-00-00 00:00:00'),(452,'WW-2','0',1,'0000-00-00 00:00:00','0000-00-00 00:00:00'),(453,'WW-23','0',1,'0000-00-00 00:00:00','0000-00-00 00:00:00'),(454,'WW-24','0',1,'0000-00-00 00:00:00','0000-00-00 00:00:00'),(455,'XSH-500','0',1,'0000-00-00 00:00:00','0000-00-00 00:00:00'),(456,'Y-12','12000',1,'0000-00-00 00:00:00','0000-00-00 00:00:00'),(457,'YAK-40','0',1,'0000-00-00 00:00:00','0000-00-00 00:00:00'),(458,'YAK-42','0',1,'0000-00-00 00:00:00','0000-00-00 00:00:00'),(459,'YAK-42D','0',1,'0000-00-00 00:00:00','0000-00-00 00:00:00'),(460,'YV-136T','4800',1,'0000-00-00 00:00:00','0000-00-00 00:00:00'),(461,'PA-34-200T','2155',2,'2016-01-11 01:50:42','2016-01-11 01:50:42');
/*!40000 ALTER TABLE `modelo_aeronaves` ENABLE KEYS */;
UNLOCK TABLES;

--
-- Table structure for table `modulos`
--

DROP TABLE IF EXISTS `modulos`;
/*!40101 SET @saved_cs_client     = @@character_set_client */;
/*!40101 SET character_set_client = utf8 */;
CREATE TABLE `modulos` (
  `id` int(10) unsigned NOT NULL AUTO_INCREMENT,
  `nombre` varchar(100) COLLATE utf8_unicode_ci NOT NULL,
  `descripcion` text COLLATE utf8_unicode_ci NOT NULL,
  `nFacturaPrefix` varchar(100) COLLATE utf8_unicode_ci NOT NULL,
  `nControlPrefix` varchar(100) COLLATE utf8_unicode_ci NOT NULL,
  `isRetencion` tinyint(1) NOT NULL,
  `isPredeterminado` tinyint(1) NOT NULL,
  `aeropuerto_id` int(10) unsigned NOT NULL,
  `created_at` timestamp NOT NULL DEFAULT '0000-00-00 00:00:00',
  `updated_at` timestamp NOT NULL DEFAULT '0000-00-00 00:00:00',
  PRIMARY KEY (`id`),
  KEY `modulos_aeropuerto_id_foreign` (`aeropuerto_id`),
  CONSTRAINT `modulos_aeropuerto_id_foreign` FOREIGN KEY (`aeropuerto_id`) REFERENCES `aeropuertos` (`id`)
) ENGINE=InnoDB AUTO_INCREMENT=9 DEFAULT CHARSET=utf8 COLLATE=utf8_unicode_ci;
/*!40101 SET character_set_client = @saved_cs_client */;

--
-- Dumping data for table `modulos`
--

LOCK TABLES `modulos` WRITE;
/*!40000 ALTER TABLE `modulos` DISABLE KEYS */;
INSERT INTO `modulos` VALUES (2,'CANON','ARRENDAMIENTO DE LOCALES COMERCIALES','PZO-B','PZO',0,0,1,'2015-08-04 15:40:52','2016-01-22 01:23:53'),(3,'PUBLICIDAD','INGRESOS POR ALQUILER DE ESPACIOS PUBLICITARIOS','PZO-B','PZO',0,0,1,'2015-08-08 01:50:37','2016-01-22 01:32:01'),(4,'ESTACIONAMIENTO','INGRESOS POR TICKETS DE ESTACIONAMIENTO DE VEHICULOS','PZO','PZO',0,0,1,'2015-08-08 01:51:06','2015-08-08 01:51:06'),(5,'DOSAS','MANEJO DE MOVIMIENTOS AERONAUTICOS POR CONTROL DE VUELO','PZO-A','PZO',0,0,1,'2015-08-08 01:51:53','2016-01-22 01:31:20'),(6,'CARGA','','PZO-A','PZO',0,0,1,'2015-12-04 20:13:03','2016-01-22 01:32:44'),(7,'TARJETAS DE IDENTIFICACION','TARJETAS DE IDENTIFICACION','PZO-B','PZO',0,0,1,'2016-01-13 00:14:36','2016-01-22 01:32:25'),(8,'OTROS INGRESOS NO AERONAUTICOS','OTROS INGRESOS NO AERONAUTICOS','PZO-B','PZO',0,0,1,'2016-01-13 00:15:30','2016-01-22 01:31:50');
/*!40000 ALTER TABLE `modulos` ENABLE KEYS */;
UNLOCK TABLES;

--
-- Table structure for table `montos_fijos`
--

DROP TABLE IF EXISTS `montos_fijos`;
/*!40101 SET @saved_cs_client     = @@character_set_client */;
/*!40101 SET character_set_client = utf8 */;
CREATE TABLE `montos_fijos` (
  `id` int(10) unsigned NOT NULL AUTO_INCREMENT,
  `unidad_tributaria` double(8,2) NOT NULL,
  `dolar_oficial` double(8,2) NOT NULL,
  `aeropuerto_id` int(10) unsigned NOT NULL,
  `created_at` timestamp NOT NULL DEFAULT '0000-00-00 00:00:00',
  `updated_at` timestamp NOT NULL DEFAULT '0000-00-00 00:00:00',
  PRIMARY KEY (`id`),
  KEY `montos_fijos_aeropuerto_id_foreign` (`aeropuerto_id`),
  CONSTRAINT `montos_fijos_aeropuerto_id_foreign` FOREIGN KEY (`aeropuerto_id`) REFERENCES `aeropuertos` (`id`)
) ENGINE=InnoDB AUTO_INCREMENT=2 DEFAULT CHARSET=utf8 COLLATE=utf8_unicode_ci;
/*!40101 SET character_set_client = @saved_cs_client */;

--
-- Dumping data for table `montos_fijos`
--

LOCK TABLES `montos_fijos` WRITE;
/*!40000 ALTER TABLE `montos_fijos` DISABLE KEYS */;
INSERT INTO `montos_fijos` VALUES (1,150.00,195.25,1,'0000-00-00 00:00:00','2015-10-15 00:36:03');
/*!40000 ALTER TABLE `montos_fijos` ENABLE KEYS */;
UNLOCK TABLES;

--
-- Table structure for table `nacionalidad_matriculas`
--

DROP TABLE IF EXISTS `nacionalidad_matriculas`;
/*!40101 SET @saved_cs_client     = @@character_set_client */;
/*!40101 SET character_set_client = utf8 */;
CREATE TABLE `nacionalidad_matriculas` (
  `id` int(10) unsigned NOT NULL AUTO_INCREMENT,
  `siglas` varchar(2) COLLATE utf8_unicode_ci NOT NULL,
  `nombre` varchar(20) COLLATE utf8_unicode_ci NOT NULL,
  `created_at` timestamp NOT NULL DEFAULT '0000-00-00 00:00:00',
  `updated_at` timestamp NOT NULL DEFAULT '0000-00-00 00:00:00',
  PRIMARY KEY (`id`)
) ENGINE=InnoDB AUTO_INCREMENT=252 DEFAULT CHARSET=utf8 COLLATE=utf8_unicode_ci;
/*!40101 SET character_set_client = @saved_cs_client */;

--
-- Dumping data for table `nacionalidad_matriculas`
--

LOCK TABLES `nacionalidad_matriculas` WRITE;
/*!40000 ALTER TABLE `nacionalidad_matriculas` DISABLE KEYS */;
INSERT INTO `nacionalidad_matriculas` VALUES (1,'YA','Afganistán','2015-08-31 15:47:40','0000-00-00 00:00:00'),(2,'ZA','Albania','0000-00-00 00:00:00','0000-00-00 00:00:00'),(3,'D','Alemania','0000-00-00 00:00:00','0000-00-00 00:00:00'),(8,'C3','Andorra','0000-00-00 00:00:00','0000-00-00 00:00:00'),(9,'D2','Angola','0000-00-00 00:00:00','0000-00-00 00:00:00'),(10,'VP','Anguila','0000-00-00 00:00:00','0000-00-00 00:00:00'),(11,'V2','Antigua y Barbuda','0000-00-00 00:00:00','0000-00-00 00:00:00'),(12,'HZ','Arabia Saudita','0000-00-00 00:00:00','0000-00-00 00:00:00'),(13,'7T','Argelia','0000-00-00 00:00:00','0000-00-00 00:00:00'),(14,'LV','Argentina','0000-00-00 00:00:00','0000-00-00 00:00:00'),(16,'EK','Armenia','0000-00-00 00:00:00','0000-00-00 00:00:00'),(17,'P4','Aruba','0000-00-00 00:00:00','0000-00-00 00:00:00'),(18,'VH','Australia','0000-00-00 00:00:00','0000-00-00 00:00:00'),(19,'OE','Austria','0000-00-00 00:00:00','0000-00-00 00:00:00'),(20,'4K','Azerbaiyá','2015-08-31 15:43:37','0000-00-00 00:00:00'),(21,'C6','Bahamas','0000-00-00 00:00:00','0000-00-00 00:00:00'),(22,'S2','Bangladés','2015-08-31 15:43:37','0000-00-00 00:00:00'),(23,'8P','Barbados','0000-00-00 00:00:00','0000-00-00 00:00:00'),(24,'A9','Baréis','2015-08-31 15:43:37','0000-00-00 00:00:00'),(25,'OO','Bélgica','2015-08-31 15:43:37','0000-00-00 00:00:00'),(26,'V3','Belice','0000-00-00 00:00:00','0000-00-00 00:00:00'),(27,'TY','Benín','2015-08-31 15:43:37','0000-00-00 00:00:00'),(29,'VR','Bermudas','0000-00-00 00:00:00','0000-00-00 00:00:00'),(30,'EW','Bielorrusia','0000-00-00 00:00:00','0000-00-00 00:00:00'),(31,'XY','Myanmar','0000-00-00 00:00:00','0000-00-00 00:00:00'),(33,'CP','Bolivia','0000-00-00 00:00:00','0000-00-00 00:00:00'),(37,'T9','Bosnia y Herzegovina','0000-00-00 00:00:00','0000-00-00 00:00:00'),(39,'A2','Botsuana','0000-00-00 00:00:00','0000-00-00 00:00:00'),(40,'PP','Brasil','0000-00-00 00:00:00','0000-00-00 00:00:00'),(44,'V8','Brunéi','2015-08-31 15:43:37','0000-00-00 00:00:00'),(45,'LZ','Bulgaria','0000-00-00 00:00:00','0000-00-00 00:00:00'),(46,'XT','Burkina Faso','0000-00-00 00:00:00','0000-00-00 00:00:00'),(47,'9U','Burundi','0000-00-00 00:00:00','0000-00-00 00:00:00'),(48,'A5','Bután','2015-08-31 15:43:37','0000-00-00 00:00:00'),(49,'D4','Cabo Verde','0000-00-00 00:00:00','0000-00-00 00:00:00'),(50,'XU','Camboya','0000-00-00 00:00:00','0000-00-00 00:00:00'),(51,'TJ','Camerú','2015-08-31 15:43:37','0000-00-00 00:00:00'),(52,'CF','Canadá','2015-08-31 15:43:37','0000-00-00 00:00:00'),(56,'A7','Catar','0000-00-00 00:00:00','0000-00-00 00:00:00'),(57,'TT','Chad','0000-00-00 00:00:00','0000-00-00 00:00:00'),(58,'CC','Chile','0000-00-00 00:00:00','0000-00-00 00:00:00'),(59,'B','China','0000-00-00 00:00:00','0000-00-00 00:00:00'),(60,'B','República de China','2015-08-31 15:43:37','0000-00-00 00:00:00'),(61,'5B','Chipre','0000-00-00 00:00:00','0000-00-00 00:00:00'),(62,'HK','Colombia','0000-00-00 00:00:00','0000-00-00 00:00:00'),(68,'D6','Comoras','0000-00-00 00:00:00','0000-00-00 00:00:00'),(69,'P','Corea del Norte','0000-00-00 00:00:00','0000-00-00 00:00:00'),(70,'HL','Corea del Sur','0000-00-00 00:00:00','0000-00-00 00:00:00'),(71,'TU','Costa de Marfil','0000-00-00 00:00:00','0000-00-00 00:00:00'),(72,'TI','Costa Rica','0000-00-00 00:00:00','0000-00-00 00:00:00'),(74,'9A','Croacia','0000-00-00 00:00:00','0000-00-00 00:00:00'),(75,'CU','Cuba','0000-00-00 00:00:00','0000-00-00 00:00:00'),(76,'OY','Dinamarca','0000-00-00 00:00:00','0000-00-00 00:00:00'),(79,'OY','Dinamarca','0000-00-00 00:00:00','0000-00-00 00:00:00'),(80,'J7','Dominica','0000-00-00 00:00:00','0000-00-00 00:00:00'),(81,'HC','Ecuador','0000-00-00 00:00:00','0000-00-00 00:00:00'),(82,'SU','Egipto','0000-00-00 00:00:00','0000-00-00 00:00:00'),(83,'YS','El Salvador','0000-00-00 00:00:00','0000-00-00 00:00:00'),(84,'A6','Emiratos Árabes Unid','2015-08-31 15:43:37','0000-00-00 00:00:00'),(85,'E3','Eritrea','0000-00-00 00:00:00','0000-00-00 00:00:00'),(86,'OM','Eslovaquia','0000-00-00 00:00:00','0000-00-00 00:00:00'),(87,'S5','Eslovenia','0000-00-00 00:00:00','0000-00-00 00:00:00'),(88,'EC','España','2015-08-31 15:43:37','0000-00-00 00:00:00'),(89,'N','Estados Unidos','0000-00-00 00:00:00','0000-00-00 00:00:00'),(90,'ES','Estonia','0000-00-00 00:00:00','0000-00-00 00:00:00'),(91,'ET','Etiopía','2015-08-31 15:43:37','0000-00-00 00:00:00'),(92,'RP','Filipinas','0000-00-00 00:00:00','0000-00-00 00:00:00'),(93,'OH','Finlandia','0000-00-00 00:00:00','0000-00-00 00:00:00'),(94,'DQ','Fiyi','0000-00-00 00:00:00','0000-00-00 00:00:00'),(95,'F','Francia','0000-00-00 00:00:00','0000-00-00 00:00:00'),(99,'TR','Gabón','2015-08-31 15:43:37','0000-00-00 00:00:00'),(100,'C5','Gambia','0000-00-00 00:00:00','0000-00-00 00:00:00'),(101,'4L','Georgia','0000-00-00 00:00:00','0000-00-00 00:00:00'),(102,'9G','Ghana','0000-00-00 00:00:00','0000-00-00 00:00:00'),(103,'VP','Gibraltar','0000-00-00 00:00:00','0000-00-00 00:00:00'),(104,'J3','Granada','0000-00-00 00:00:00','0000-00-00 00:00:00'),(105,'SX','Grecia','0000-00-00 00:00:00','0000-00-00 00:00:00'),(106,'OY','Groenlandia','0000-00-00 00:00:00','0000-00-00 00:00:00'),(107,'TG','Guatemala','0000-00-00 00:00:00','0000-00-00 00:00:00'),(108,'3X','Guinea','0000-00-00 00:00:00','0000-00-00 00:00:00'),(109,'J5','Guinea-Bisáu','2015-08-31 15:43:37','0000-00-00 00:00:00'),(110,'3C','Guinea Ecuatorial','0000-00-00 00:00:00','0000-00-00 00:00:00'),(111,'8R','Guyana','0000-00-00 00:00:00','0000-00-00 00:00:00'),(112,'HH','Haití','2015-08-31 15:43:38','0000-00-00 00:00:00'),(113,'HR','Honduras','0000-00-00 00:00:00','0000-00-00 00:00:00'),(114,'VR','Hong Kong','0000-00-00 00:00:00','0000-00-00 00:00:00'),(117,'HA','Hungría','2015-08-31 15:43:38','0000-00-00 00:00:00'),(118,'VT','India','0000-00-00 00:00:00','0000-00-00 00:00:00'),(119,'PK','Indonesia','0000-00-00 00:00:00','0000-00-00 00:00:00'),(120,'YI','Irak','0000-00-00 00:00:00','0000-00-00 00:00:00'),(121,'EP','Irán','2015-08-31 15:43:38','0000-00-00 00:00:00'),(122,'EI','Irlanda','0000-00-00 00:00:00','0000-00-00 00:00:00'),(123,'M1','Isla de Man','0000-00-00 00:00:00','0000-00-00 00:00:00'),(124,'TF','Islandia','0000-00-00 00:00:00','0000-00-00 00:00:00'),(125,'VP','Islas Caimá','2015-08-31 15:43:38','0000-00-00 00:00:00'),(126,'E5','Islas Cook','0000-00-00 00:00:00','0000-00-00 00:00:00'),(127,'OY','Islas Feroe','0000-00-00 00:00:00','0000-00-00 00:00:00'),(128,'VP','Islas Malvinas','0000-00-00 00:00:00','0000-00-00 00:00:00'),(129,'V7','Islas Marshall','0000-00-00 00:00:00','0000-00-00 00:00:00'),(130,'H4','Islas Salomón','2015-08-31 15:43:38','0000-00-00 00:00:00'),(131,'VQ','Islas Turcas y Caico','0000-00-00 00:00:00','0000-00-00 00:00:00'),(132,'VP','Islas Vírgenes Britá','2015-08-31 15:43:38','0000-00-00 00:00:00'),(133,'4X','Israel','0000-00-00 00:00:00','0000-00-00 00:00:00'),(134,'I','Italia','0000-00-00 00:00:00','0000-00-00 00:00:00'),(135,'6Y','Jamaica','0000-00-00 00:00:00','0000-00-00 00:00:00'),(136,'JA','Japón','2015-08-31 15:45:51','0000-00-00 00:00:00'),(137,'JY','Jordania','0000-00-00 00:00:00','0000-00-00 00:00:00'),(138,'UN','Kazajistán','2015-08-31 15:45:51','0000-00-00 00:00:00'),(139,'5Y','Kenia','0000-00-00 00:00:00','0000-00-00 00:00:00'),(140,'EX','Kirguistán','2015-08-31 15:45:51','0000-00-00 00:00:00'),(141,'T3','Kiribati','0000-00-00 00:00:00','0000-00-00 00:00:00'),(142,'9K','Kuwait','0000-00-00 00:00:00','0000-00-00 00:00:00'),(143,'RD','Laos','0000-00-00 00:00:00','0000-00-00 00:00:00'),(144,'7P','Lesoto','0000-00-00 00:00:00','0000-00-00 00:00:00'),(145,'YL','Letonia','0000-00-00 00:00:00','0000-00-00 00:00:00'),(146,'OD','Líbano','2015-08-31 15:45:51','0000-00-00 00:00:00'),(147,'A8','Liberia','0000-00-00 00:00:00','0000-00-00 00:00:00'),(148,'5A','Libia','0000-00-00 00:00:00','0000-00-00 00:00:00'),(149,'LY','Lituania','0000-00-00 00:00:00','0000-00-00 00:00:00'),(150,'LX','Luxemburgo','0000-00-00 00:00:00','0000-00-00 00:00:00'),(151,'B-','Macao','0000-00-00 00:00:00','0000-00-00 00:00:00'),(152,'Z3','Macedonia','0000-00-00 00:00:00','0000-00-00 00:00:00'),(153,'5R','Madagascar','0000-00-00 00:00:00','0000-00-00 00:00:00'),(154,'9M','Malasia','0000-00-00 00:00:00','0000-00-00 00:00:00'),(155,'7Q','Malaui','0000-00-00 00:00:00','0000-00-00 00:00:00'),(156,'8Q','Maldivas','0000-00-00 00:00:00','0000-00-00 00:00:00'),(157,'TZ','Malí','2015-08-31 15:45:52','0000-00-00 00:00:00'),(158,'9H','Malta','0000-00-00 00:00:00','0000-00-00 00:00:00'),(159,'CN','Marruecos','0000-00-00 00:00:00','0000-00-00 00:00:00'),(160,'3B','Mauricio','0000-00-00 00:00:00','0000-00-00 00:00:00'),(161,'5T','Mauritania','0000-00-00 00:00:00','0000-00-00 00:00:00'),(162,'XA','México','2015-08-31 15:45:52','0000-00-00 00:00:00'),(163,'XB','México','2015-08-31 15:45:52','0000-00-00 00:00:00'),(164,'XC','México','2015-08-31 15:45:52','0000-00-00 00:00:00'),(165,'V6','Micronesia','0000-00-00 00:00:00','0000-00-00 00:00:00'),(166,'ER','Moldavia','0000-00-00 00:00:00','0000-00-00 00:00:00'),(167,'3A','Mónaco','2015-08-31 15:45:52','0000-00-00 00:00:00'),(168,'JU','Mongolia','0000-00-00 00:00:00','0000-00-00 00:00:00'),(169,'4O','Montenegro','0000-00-00 00:00:00','0000-00-00 00:00:00'),(170,'VP','Montserrat','0000-00-00 00:00:00','0000-00-00 00:00:00'),(171,'C9','Mozambique','0000-00-00 00:00:00','0000-00-00 00:00:00'),(172,'V5','Namibia','0000-00-00 00:00:00','0000-00-00 00:00:00'),(173,'C2','Nauru','0000-00-00 00:00:00','0000-00-00 00:00:00'),(174,'9N','Nepal','0000-00-00 00:00:00','0000-00-00 00:00:00'),(175,'YN','Nicaragua','0000-00-00 00:00:00','0000-00-00 00:00:00'),(176,'5U','Nigería','2015-08-31 15:45:52','0000-00-00 00:00:00'),(177,'5N','Nigeria','0000-00-00 00:00:00','0000-00-00 00:00:00'),(178,'LN','Noruega','0000-00-00 00:00:00','0000-00-00 00:00:00'),(179,'ZK','Nueva Zelanda','0000-00-00 00:00:00','0000-00-00 00:00:00'),(180,'A4','Omán','2015-08-31 15:45:52','0000-00-00 00:00:00'),(181,'4U','ONU','0000-00-00 00:00:00','0000-00-00 00:00:00'),(182,'PH','Países Bajos','2015-08-31 15:45:52','0000-00-00 00:00:00'),(183,'PJ','Antillas Neerlandesa','0000-00-00 00:00:00','0000-00-00 00:00:00'),(184,'AP','Pakistán','2015-08-31 15:45:52','0000-00-00 00:00:00'),(185,'HP','Panamá','2015-08-31 15:45:52','0000-00-00 00:00:00'),(186,'P2','Papúa Nueva Guinea','2015-08-31 15:45:52','0000-00-00 00:00:00'),(187,'ZP','Paraguay','0000-00-00 00:00:00','0000-00-00 00:00:00'),(188,'OB','Perú','2015-08-31 15:45:52','0000-00-00 00:00:00'),(193,'SP','Polonia','0000-00-00 00:00:00','0000-00-00 00:00:00'),(194,'CS','Portugal','0000-00-00 00:00:00','0000-00-00 00:00:00'),(195,'G','Reino Unido','0000-00-00 00:00:00','0000-00-00 00:00:00'),(196,'TL','República Centroafri','2015-08-31 15:45:52','0000-00-00 00:00:00'),(197,'OK','República Checa','2015-08-31 15:45:52','0000-00-00 00:00:00'),(198,'TN','República del Congo','2015-08-31 15:45:52','0000-00-00 00:00:00'),(199,'9Q','República Democrátic','2015-08-31 15:45:52','0000-00-00 00:00:00'),(200,'HI','República Dominicana','2015-08-31 15:45:52','0000-00-00 00:00:00'),(201,'9X','Ruanda','0000-00-00 00:00:00','0000-00-00 00:00:00'),(202,'YR','Rumania','0000-00-00 00:00:00','0000-00-00 00:00:00'),(203,'RA','Rusia','0000-00-00 00:00:00','0000-00-00 00:00:00'),(204,'5W','Samoa','0000-00-00 00:00:00','0000-00-00 00:00:00'),(205,'V4','San Cristóbal y Niev','2015-08-31 15:46:56','0000-00-00 00:00:00'),(206,'T7','San Marino','0000-00-00 00:00:00','0000-00-00 00:00:00'),(207,'J8','San Vicente y las Gr','0000-00-00 00:00:00','0000-00-00 00:00:00'),(208,'VQ','Santa Helena','0000-00-00 00:00:00','0000-00-00 00:00:00'),(209,'J6','Santa Lucía','2015-08-31 15:46:56','0000-00-00 00:00:00'),(210,'S9','Santo Tomé y Príncip','2015-08-31 15:46:56','0000-00-00 00:00:00'),(211,'6V','Senegal','0000-00-00 00:00:00','0000-00-00 00:00:00'),(213,'YU','Serbia','0000-00-00 00:00:00','0000-00-00 00:00:00'),(214,'S7','Seychelles','0000-00-00 00:00:00','0000-00-00 00:00:00'),(215,'9L','Sierra Leona','0000-00-00 00:00:00','0000-00-00 00:00:00'),(216,'9V','Singapur','0000-00-00 00:00:00','0000-00-00 00:00:00'),(217,'YK','Siria','0000-00-00 00:00:00','0000-00-00 00:00:00'),(218,'6O','Somalia','0000-00-00 00:00:00','0000-00-00 00:00:00'),(219,'4R','Sri Lanka','0000-00-00 00:00:00','0000-00-00 00:00:00'),(220,'3D','Suazilandia','0000-00-00 00:00:00','0000-00-00 00:00:00'),(221,'ZS','Sudáfrica','2015-08-31 15:46:56','0000-00-00 00:00:00'),(224,'ST','Sudán','2015-08-31 15:46:56','0000-00-00 00:00:00'),(225,'SE','Suecia','0000-00-00 00:00:00','0000-00-00 00:00:00'),(226,'HB','Suiza','0000-00-00 00:00:00','0000-00-00 00:00:00'),(227,'PZ','Surinam','0000-00-00 00:00:00','0000-00-00 00:00:00'),(228,'F-','Tahití','2015-08-31 15:46:56','0000-00-00 00:00:00'),(229,'HS','Tailandia','0000-00-00 00:00:00','0000-00-00 00:00:00'),(230,'5H','Tanzania','0000-00-00 00:00:00','0000-00-00 00:00:00'),(231,'EY','Tayikistán','2015-08-31 15:46:56','0000-00-00 00:00:00'),(232,'4W','Timor Oriental','0000-00-00 00:00:00','0000-00-00 00:00:00'),(233,'5V','Togo','0000-00-00 00:00:00','0000-00-00 00:00:00'),(234,'A3','Tonga','0000-00-00 00:00:00','0000-00-00 00:00:00'),(235,'9Y','Trinidad y Tobago','0000-00-00 00:00:00','0000-00-00 00:00:00'),(236,'TS','Túnez','2015-08-31 15:46:56','0000-00-00 00:00:00'),(237,'EZ','Turkmenistán','2015-08-31 15:46:56','0000-00-00 00:00:00'),(238,'TC','Turquía','2015-08-31 15:46:56','0000-00-00 00:00:00'),(239,'T2','Tuvalu','0000-00-00 00:00:00','0000-00-00 00:00:00'),(240,'5X','Uganda','0000-00-00 00:00:00','0000-00-00 00:00:00'),(241,'UR','Ucrania','0000-00-00 00:00:00','0000-00-00 00:00:00'),(242,'CX','Uruguay','0000-00-00 00:00:00','0000-00-00 00:00:00'),(244,'UK','Uzbekistán','2015-08-31 15:46:56','0000-00-00 00:00:00'),(245,'YJ','Vanuatu','0000-00-00 00:00:00','0000-00-00 00:00:00'),(246,'YV','Venezuela','0000-00-00 00:00:00','0000-00-00 00:00:00'),(247,'VN','Vietnam','0000-00-00 00:00:00','0000-00-00 00:00:00'),(248,'7O','Yemen','0000-00-00 00:00:00','0000-00-00 00:00:00'),(249,'J2','Yibuti','0000-00-00 00:00:00','0000-00-00 00:00:00'),(250,'9J','Zambia','0000-00-00 00:00:00','0000-00-00 00:00:00'),(251,'Z','Zimbabue','0000-00-00 00:00:00','0000-00-00 00:00:00');
/*!40000 ALTER TABLE `nacionalidad_matriculas` ENABLE KEYS */;
UNLOCK TABLES;

--
-- Table structure for table `nacionalidad_vuelos`
--

DROP TABLE IF EXISTS `nacionalidad_vuelos`;
/*!40101 SET @saved_cs_client     = @@character_set_client */;
/*!40101 SET character_set_client = utf8 */;
CREATE TABLE `nacionalidad_vuelos` (
  `id` int(10) unsigned NOT NULL AUTO_INCREMENT,
  `siglas` varchar(2) COLLATE utf8_unicode_ci NOT NULL,
  `nombre` varchar(20) COLLATE utf8_unicode_ci NOT NULL,
  `created_at` timestamp NOT NULL DEFAULT '0000-00-00 00:00:00',
  `updated_at` timestamp NOT NULL DEFAULT '0000-00-00 00:00:00',
  PRIMARY KEY (`id`)
) ENGINE=InnoDB AUTO_INCREMENT=3 DEFAULT CHARSET=utf8 COLLATE=utf8_unicode_ci;
/*!40101 SET character_set_client = @saved_cs_client */;

--
-- Dumping data for table `nacionalidad_vuelos`
--

LOCK TABLES `nacionalidad_vuelos` WRITE;
/*!40000 ALTER TABLE `nacionalidad_vuelos` DISABLE KEYS */;
INSERT INTO `nacionalidad_vuelos` VALUES (1,'V','Nacional','2015-10-06 02:13:59','2015-10-06 02:13:59'),(2,'I','Internacional','2015-10-06 02:14:12','2015-10-06 02:14:12');
/*!40000 ALTER TABLE `nacionalidad_vuelos` ENABLE KEYS */;
UNLOCK TABLES;

--
-- Table structure for table `otros_cargos`
--

DROP TABLE IF EXISTS `otros_cargos`;
/*!40101 SET @saved_cs_client     = @@character_set_client */;
/*!40101 SET character_set_client = utf8 */;
CREATE TABLE `otros_cargos` (
  `id` int(10) unsigned NOT NULL AUTO_INCREMENT,
  `nombre_cargo` varchar(255) COLLATE utf8_unicode_ci NOT NULL,
  `precio_cargo` double(8,2) NOT NULL,
  `aeropuerto_id` int(10) unsigned NOT NULL,
  `conceptoCredito_id` int(10) unsigned DEFAULT NULL,
  `conceptoContado_id` int(10) unsigned NOT NULL,
  `created_at` timestamp NOT NULL DEFAULT '0000-00-00 00:00:00',
  `updated_at` timestamp NOT NULL DEFAULT '0000-00-00 00:00:00',
  PRIMARY KEY (`id`),
  KEY `otros_cargos_aeropuerto_id_foreign` (`aeropuerto_id`),
  KEY `otros_cargos_conceptocredito_id_foreign` (`conceptoCredito_id`),
  KEY `otros_cargos_conceptocontado_id_foreign` (`conceptoContado_id`),
  CONSTRAINT `otros_cargos_aeropuerto_id_foreign` FOREIGN KEY (`aeropuerto_id`) REFERENCES `aeropuertos` (`id`),
  CONSTRAINT `otros_cargos_conceptocontado_id_foreign` FOREIGN KEY (`conceptoContado_id`) REFERENCES `conceptos` (`id`),
  CONSTRAINT `otros_cargos_conceptocredito_id_foreign` FOREIGN KEY (`conceptoCredito_id`) REFERENCES `conceptos` (`id`)
) ENGINE=InnoDB DEFAULT CHARSET=utf8 COLLATE=utf8_unicode_ci;
/*!40101 SET character_set_client = @saved_cs_client */;

--
-- Dumping data for table `otros_cargos`
--

LOCK TABLES `otros_cargos` WRITE;
/*!40000 ALTER TABLE `otros_cargos` DISABLE KEYS */;
/*!40000 ALTER TABLE `otros_cargos` ENABLE KEYS */;
UNLOCK TABLES;

--
-- Table structure for table `pais`
--

DROP TABLE IF EXISTS `pais`;
/*!40101 SET @saved_cs_client     = @@character_set_client */;
/*!40101 SET character_set_client = utf8 */;
CREATE TABLE `pais` (
  `id` int(10) unsigned NOT NULL AUTO_INCREMENT,
  `siglas` varchar(3) COLLATE utf8_unicode_ci NOT NULL,
  `nombre` varchar(50) COLLATE utf8_unicode_ci NOT NULL,
  `created_at` timestamp NOT NULL DEFAULT '0000-00-00 00:00:00',
  `updated_at` timestamp NOT NULL DEFAULT '0000-00-00 00:00:00',
  PRIMARY KEY (`id`)
) ENGINE=InnoDB AUTO_INCREMENT=241 DEFAULT CHARSET=utf8 COLLATE=utf8_unicode_ci;
/*!40101 SET character_set_client = @saved_cs_client */;

--
-- Dumping data for table `pais`
--

LOCK TABLES `pais` WRITE;
/*!40000 ALTER TABLE `pais` DISABLE KEYS */;
INSERT INTO `pais` VALUES (1,'AF','Afganistan','2015-06-25 19:41:13','2015-06-25 19:41:13'),(2,'AX','Islas Gland','2015-06-25 19:41:13','2015-06-25 19:41:13'),(3,'AL','Albania','2015-06-25 19:41:13','2015-06-25 19:41:13'),(4,'DE','Alemania','2015-06-25 19:41:13','2015-06-25 19:41:13'),(5,'AD','Andorra','2015-06-25 19:41:13','2015-06-25 19:41:13'),(6,'AO','Angola','2015-06-25 19:41:13','2015-06-25 19:41:13'),(7,'AI','Anguilla','2015-06-25 19:41:13','2015-06-25 19:41:13'),(8,'AQ','Antártida','2015-06-25 19:41:13','2015-06-25 19:41:13'),(9,'AG','Antigua y Barbuda','2015-06-25 19:41:13','2015-06-25 19:41:13'),(10,'AN','Antillas Holandesas','2015-06-25 19:41:13','2015-06-25 19:41:13'),(11,'SA','Arabia Saudí','2015-06-25 19:41:13','2015-06-25 19:41:13'),(12,'DZ','Argelia','2015-06-25 19:41:13','2015-06-25 19:41:13'),(13,'AR','Argentina','2015-06-25 19:41:13','2015-06-25 19:41:13'),(14,'AM','Armenia','2015-06-25 19:41:13','2015-06-25 19:41:13'),(15,'AW','Aruba','2015-06-25 19:41:13','2015-06-25 19:41:13'),(16,'AU','Australia','2015-06-25 19:41:13','2015-06-25 19:41:13'),(17,'AT','Austria','2015-06-25 19:41:13','2015-06-25 19:41:13'),(18,'AZ','Azerbaiyán','2015-06-25 19:41:13','2015-06-25 19:41:13'),(19,'BS','Bahamas','2015-06-25 19:41:13','2015-06-25 19:41:13'),(20,'BH','Bahréin','2015-06-25 19:41:13','2015-06-25 19:41:13'),(21,'BD','Bangladesh','2015-06-25 19:41:13','2015-06-25 19:41:13'),(22,'BB','Barbados','2015-06-25 19:41:13','2015-06-25 19:41:13'),(23,'BY','Bielorrusia','2015-06-25 19:41:13','2015-06-25 19:41:13'),(24,'BE','Bélgica','2015-06-25 19:41:13','2015-06-25 19:41:13'),(25,'BZ','Belice','2015-06-25 19:41:13','2015-06-25 19:41:13'),(26,'BJ','Benin','2015-06-25 19:41:13','2015-06-25 19:41:13'),(27,'BM','Bermudas','2015-06-25 19:41:13','2015-06-25 19:41:13'),(28,'BT','Bhután','2015-06-25 19:41:13','2015-06-25 19:41:13'),(29,'BO','Bolivia','2015-06-25 19:41:13','2015-06-25 19:41:13'),(30,'BA','Bosnia y Herzegovina','2015-06-25 19:41:13','2015-06-25 19:41:13'),(31,'BW','Botsuana','2015-06-25 19:41:13','2015-06-25 19:41:13'),(32,'BV','Isla Bouvet','2015-06-25 19:41:13','2015-06-25 19:41:13'),(33,'BR','Brasil','2015-06-25 19:41:13','2015-06-25 19:41:13'),(34,'BN','Brunéi','2015-06-25 19:41:13','2015-06-25 19:41:13'),(35,'BG','Bulgaria','2015-06-25 19:41:13','2015-06-25 19:41:13'),(36,'BF','Burkina Faso','2015-06-25 19:41:13','2015-06-25 19:41:13'),(37,'BI','Burundi','2015-06-25 19:41:13','2015-06-25 19:41:13'),(38,'CV','Cabo Verde','2015-06-25 19:41:13','2015-06-25 19:41:13'),(39,'KY','Islas Caimán','2015-06-25 19:41:13','2015-06-25 19:41:13'),(40,'KH','Camboya','2015-06-25 19:41:13','2015-06-25 19:41:13'),(41,'CM','Camerún','2015-06-25 19:41:13','2015-06-25 19:41:13'),(42,'CA','Canadá','2015-06-25 19:41:13','2015-06-25 19:41:13'),(43,'CF','República Centroafricana','2015-06-25 19:41:13','2015-06-25 19:41:13'),(44,'TD','Chad','2015-06-25 19:41:13','2015-06-25 19:41:13'),(45,'CZ','República Checa','2015-06-25 19:41:13','2015-06-25 19:41:13'),(46,'CL','Chile','2015-06-25 19:41:13','2015-06-25 19:41:13'),(47,'CN','China','2015-06-25 19:41:13','2015-06-25 19:41:13'),(48,'CY','Chipre','2015-06-25 19:41:13','2015-06-25 19:41:13'),(49,'CX','Isla de Navidad','2015-06-25 19:41:13','2015-06-25 19:41:13'),(50,'VA','Ciudad del Vaticano','2015-06-25 19:41:13','2015-06-25 19:41:13'),(51,'CC','Islas Cocos','2015-06-25 19:41:13','2015-06-25 19:41:13'),(52,'CO','Colombia','2015-06-25 19:41:13','2015-06-25 19:41:13'),(53,'KM','Comoras','2015-06-25 19:41:13','2015-06-25 19:41:13'),(54,'CD','República Democrática del Congo','2015-06-25 19:41:13','2015-06-25 19:41:13'),(55,'CG','Congo','2015-06-25 19:41:13','2015-06-25 19:41:13'),(56,'CK','Islas Cook','2015-06-25 19:41:13','2015-06-25 19:41:13'),(57,'KP','Corea del Norte','2015-06-25 19:41:13','2015-06-25 19:41:13'),(58,'KR','Corea del Sur','2015-06-25 19:41:13','2015-06-25 19:41:13'),(59,'CI','Costa de Marfil','2015-06-25 19:41:13','2015-06-25 19:41:13'),(60,'CR','Costa Rica','2015-06-25 19:41:13','2015-06-25 19:41:13'),(61,'HR','Croacia','2015-06-25 19:41:13','2015-06-25 19:41:13'),(62,'CU','Cuba','2015-06-25 19:41:13','2015-06-25 19:41:13'),(63,'DK','Dinamarca','2015-06-25 19:41:13','2015-06-25 19:41:13'),(64,'DM','Dominica','2015-06-25 19:41:13','2015-06-25 19:41:13'),(65,'DO','República Dominicana','2015-06-25 19:41:13','2015-06-25 19:41:13'),(66,'EC','Ecuador','2015-06-25 19:41:13','2015-06-25 19:41:13'),(67,'EG','Egipto','2015-06-25 19:41:13','2015-06-25 19:41:13'),(68,'SV','El Salvador','2015-06-25 19:41:13','2015-06-25 19:41:13'),(69,'AE','Emiratos Árabes Unidos','2015-06-25 19:41:13','2015-06-25 19:41:13'),(70,'ER','Eritrea','2015-06-25 19:41:13','2015-06-25 19:41:13'),(71,'SK','Eslovaquia','2015-06-25 19:41:13','2015-06-25 19:41:13'),(72,'SI','Eslovenia','2015-06-25 19:41:13','2015-06-25 19:41:13'),(73,'ES','España','2015-06-25 19:41:13','2015-06-25 19:41:13'),(74,'UM','Islas ultramarinas de Estados Unidos','2015-06-25 19:41:13','2015-06-25 19:41:13'),(75,'US','Estados Unidos','2015-06-25 19:41:13','2015-06-25 19:41:13'),(76,'EE','Estonia','2015-06-25 19:41:13','2015-06-25 19:41:13'),(77,'ET','Etiopía','2015-06-25 19:41:13','2015-06-25 19:41:13'),(78,'FO','Islas Feroe','2015-06-25 19:41:13','2015-06-25 19:41:13'),(79,'PH','Filipinas','2015-06-25 19:41:13','2015-06-25 19:41:13'),(80,'FI','Finlandia','2015-06-25 19:41:13','2015-06-25 19:41:13'),(81,'FJ','Fiyi','2015-06-25 19:41:13','2015-06-25 19:41:13'),(82,'FR','Francia','2015-06-25 19:41:13','2015-06-25 19:41:13'),(83,'GA','Gabón','2015-06-25 19:41:13','2015-06-25 19:41:13'),(84,'GM','Gambia','2015-06-25 19:41:13','2015-06-25 19:41:13'),(85,'GE','Georgia','2015-06-25 19:41:13','2015-06-25 19:41:13'),(86,'GS','Islas Georgias del Sur y Sandwich del Sur','2015-06-25 19:41:13','2015-06-25 19:41:13'),(87,'GH','Ghana','2015-06-25 19:41:13','2015-06-25 19:41:13'),(88,'GI','Gibraltar','2015-06-25 19:41:13','2015-06-25 19:41:13'),(89,'GD','Granada','2015-06-25 19:41:13','2015-06-25 19:41:13'),(90,'GR','Grecia','2015-06-25 19:41:13','2015-06-25 19:41:13'),(91,'GL','Groenlandia','2015-06-25 19:41:13','2015-06-25 19:41:13'),(92,'GP','Guadalupe','2015-06-25 19:41:13','2015-06-25 19:41:13'),(93,'GU','Guam','2015-06-25 19:41:13','2015-06-25 19:41:13'),(94,'GT','Guatemala','2015-06-25 19:41:13','2015-06-25 19:41:13'),(95,'GF','Guayana Francesa','2015-06-25 19:41:13','2015-06-25 19:41:13'),(96,'GN','Guinea','2015-06-25 19:41:13','2015-06-25 19:41:13'),(97,'GQ','Guinea Ecuatorial','2015-06-25 19:41:13','2015-06-25 19:41:13'),(98,'GW','Guinea-Bissau','2015-06-25 19:41:13','2015-06-25 19:41:13'),(99,'GY','Guyana','2015-06-25 19:41:13','2015-06-25 19:41:13'),(100,'HT','Haití','2015-06-25 19:41:13','2015-06-25 19:41:13'),(101,'HM','Islas Heard y McDonald','2015-06-25 19:41:13','2015-06-25 19:41:13'),(102,'HN','Honduras','2015-06-25 19:41:13','2015-06-25 19:41:13'),(103,'HK','Hong Kong','2015-06-25 19:41:13','2015-06-25 19:41:13'),(104,'HU','Hungría','2015-06-25 19:41:13','2015-06-25 19:41:13'),(105,'IN','India','2015-06-25 19:41:13','2015-06-25 19:41:13'),(106,'ID','Indonesia','2015-06-25 19:41:13','2015-06-25 19:41:13'),(107,'IR','Irán','2015-06-25 19:41:13','2015-06-25 19:41:13'),(108,'IQ','Iraq','2015-06-25 19:41:13','2015-06-25 19:41:13'),(109,'IE','Irlanda','2015-06-25 19:41:13','2015-06-25 19:41:13'),(110,'IS','Islandia','2015-06-25 19:41:13','2015-06-25 19:41:13'),(111,'IL','Israel','2015-06-25 19:41:13','2015-06-25 19:41:13'),(112,'IT','Italia','2015-06-25 19:41:13','2015-06-25 19:41:13'),(113,'JM','Jamaica','2015-06-25 19:41:13','2015-06-25 19:41:13'),(114,'JP','Japón','2015-06-25 19:41:13','2015-06-25 19:41:13'),(115,'JO','Jordania','2015-06-25 19:41:13','2015-06-25 19:41:13'),(116,'KZ','Kazajstán','2015-06-25 19:41:13','2015-06-25 19:41:13'),(117,'KE','Kenia','2015-06-25 19:41:13','2015-06-25 19:41:13'),(118,'KG','Kirguistán','2015-06-25 19:41:13','2015-06-25 19:41:13'),(119,'KI','Kiribati','2015-06-25 19:41:13','2015-06-25 19:41:13'),(120,'KW','Kuwait','2015-06-25 19:41:13','2015-06-25 19:41:13'),(121,'LA','Laos','2015-06-25 19:41:13','2015-06-25 19:41:13'),(122,'LS','Lesotho','2015-06-25 19:41:13','2015-06-25 19:41:13'),(123,'LV','Letonia','2015-06-25 19:41:13','2015-06-25 19:41:13'),(124,'LB','Líbano','2015-06-25 19:41:13','2015-06-25 19:41:13'),(125,'LR','Liberia','2015-06-25 19:41:13','2015-06-25 19:41:13'),(126,'LY','Libia','2015-06-25 19:41:13','2015-06-25 19:41:13'),(127,'LI','Liechtenstein','2015-06-25 19:41:13','2015-06-25 19:41:13'),(128,'LT','Lituania','2015-06-25 19:41:13','2015-06-25 19:41:13'),(129,'LU','Luxemburgo','2015-06-25 19:41:13','2015-06-25 19:41:13'),(130,'MO','Macao','2015-06-25 19:41:13','2015-06-25 19:41:13'),(131,'MK','ARY Macedonia','2015-06-25 19:41:13','2015-06-25 19:41:13'),(132,'MG','Madagascar','2015-06-25 19:41:13','2015-06-25 19:41:13'),(133,'MY','Malasia','2015-06-25 19:41:13','2015-06-25 19:41:13'),(134,'MW','Malawi','2015-06-25 19:41:13','2015-06-25 19:41:13'),(135,'MV','Maldivas','2015-06-25 19:41:13','2015-06-25 19:41:13'),(136,'ML','Malí','2015-06-25 19:41:13','2015-06-25 19:41:13'),(137,'MT','Malta','2015-06-25 19:41:13','2015-06-25 19:41:13'),(138,'FK','Islas Malvinas','2015-06-25 19:41:13','2015-06-25 19:41:13'),(139,'MP','Islas Marianas del Norte','2015-06-25 19:41:13','2015-06-25 19:41:13'),(140,'MA','Marruecos','2015-06-25 19:41:13','2015-06-25 19:41:13'),(141,'MH','Islas Marshall','2015-06-25 19:41:13','2015-06-25 19:41:13'),(142,'MQ','Martinica','2015-06-25 19:41:13','2015-06-25 19:41:13'),(143,'MU','Mauricio','2015-06-25 19:41:13','2015-06-25 19:41:13'),(144,'MR','Mauritania','2015-06-25 19:41:13','2015-06-25 19:41:13'),(145,'YT','Mayotte','2015-06-25 19:41:13','2015-06-25 19:41:13'),(146,'MX','México','2015-06-25 19:41:13','2015-06-25 19:41:13'),(147,'FM','Micronesia','2015-06-25 19:41:13','2015-06-25 19:41:13'),(148,'MD','Moldavia','2015-06-25 19:41:13','2015-06-25 19:41:13'),(149,'MC','Mónaco','2015-06-25 19:41:13','2015-06-25 19:41:13'),(150,'MN','Mongolia','2015-06-25 19:41:13','2015-06-25 19:41:13'),(151,'MS','Montserrat','2015-06-25 19:41:13','2015-06-25 19:41:13'),(152,'MZ','Mozambique','2015-06-25 19:41:13','2015-06-25 19:41:13'),(153,'MM','Myanmar','2015-06-25 19:41:13','2015-06-25 19:41:13'),(154,'NA','Namibia','2015-06-25 19:41:13','2015-06-25 19:41:13'),(155,'NR','Nauru','2015-06-25 19:41:13','2015-06-25 19:41:13'),(156,'NP','Nepal','2015-06-25 19:41:13','2015-06-25 19:41:13'),(157,'NI','Nicaragua','2015-06-25 19:41:13','2015-06-25 19:41:13'),(158,'NE','Níger','2015-06-25 19:41:13','2015-06-25 19:41:13'),(159,'NG','Nigeria','2015-06-25 19:41:13','2015-06-25 19:41:13'),(160,'NU','Niue','2015-06-25 19:41:13','2015-06-25 19:41:13'),(161,'NF','Isla Norfolk','2015-06-25 19:41:13','2015-06-25 19:41:13'),(162,'NO','Noruega','2015-06-25 19:41:13','2015-06-25 19:41:13'),(163,'NC','Nueva Caledonia','2015-06-25 19:41:13','2015-06-25 19:41:13'),(164,'NZ','Nueva Zelanda','2015-06-25 19:41:13','2015-06-25 19:41:13'),(165,'OM','Omán','2015-06-25 19:41:13','2015-06-25 19:41:13'),(166,'NL','Países Bajos','2015-06-25 19:41:13','2015-06-25 19:41:13'),(167,'PK','Pakistán','2015-06-25 19:41:13','2015-06-25 19:41:13'),(168,'PW','Palau','2015-06-25 19:41:13','2015-06-25 19:41:13'),(169,'PS','Palestina','2015-06-25 19:41:13','2015-06-25 19:41:13'),(170,'PA','Panamá','2015-06-25 19:41:13','2015-06-25 19:41:13'),(171,'PG','Papúa Nueva Guinea','2015-06-25 19:41:13','2015-06-25 19:41:13'),(172,'PY','Paraguay','2015-06-25 19:41:13','2015-06-25 19:41:13'),(173,'PE','Perú','2015-06-25 19:41:13','2015-06-25 19:41:13'),(174,'PN','Islas Pitcairn','2015-06-25 19:41:13','2015-06-25 19:41:13'),(175,'PF','Polinesia Francesa','2015-06-25 19:41:13','2015-06-25 19:41:13'),(176,'PL','Polonia','2015-06-25 19:41:13','2015-06-25 19:41:13'),(177,'PT','Portugal','2015-06-25 19:41:13','2015-06-25 19:41:13'),(178,'PR','Puerto Rico','2015-06-25 19:41:13','2015-06-25 19:41:13'),(179,'QA','Qatar','2015-06-25 19:41:13','2015-06-25 19:41:13'),(180,'GB','Reino Unido','2015-06-25 19:41:13','2015-06-25 19:41:13'),(181,'RE','Reunión','2015-06-25 19:41:13','2015-06-25 19:41:13'),(182,'RW','Ruanda','2015-06-25 19:41:13','2015-06-25 19:41:13'),(183,'RO','Rumania','2015-06-25 19:41:13','2015-06-25 19:41:13'),(184,'RU','Rusia','2015-06-25 19:41:13','2015-06-25 19:41:13'),(185,'EH','Sahara Occidental','2015-06-25 19:41:13','2015-06-25 19:41:13'),(186,'SB','Islas Salomón','2015-06-25 19:41:13','2015-06-25 19:41:13'),(187,'WS','Samoa','2015-06-25 19:41:13','2015-06-25 19:41:13'),(188,'AS','Samoa Americana','2015-06-25 19:41:13','2015-06-25 19:41:13'),(189,'KN','San Cristóbal y Nevis','2015-06-25 19:41:13','2015-06-25 19:41:13'),(190,'SM','San Marino','2015-06-25 19:41:13','2015-06-25 19:41:13'),(191,'PM','San Pedro y Miquelón','2015-06-25 19:41:13','2015-06-25 19:41:13'),(192,'VC','San Vicente y las Granadinas','2015-06-25 19:41:13','2015-06-25 19:41:13'),(193,'SH','Santa Helena','2015-06-25 19:41:13','2015-06-25 19:41:13'),(194,'LC','Santa Lucía','2015-06-25 19:41:13','2015-06-25 19:41:13'),(195,'ST','Santo Tomé y Príncipe','2015-06-25 19:41:13','2015-06-25 19:41:13'),(196,'SN','Senegal','2015-06-25 19:41:13','2015-06-25 19:41:13'),(197,'CS','Serbia y Montenegro','2015-06-25 19:41:13','2015-06-25 19:41:13'),(198,'SC','Seychelles','2015-06-25 19:41:13','2015-06-25 19:41:13'),(199,'SL','Sierra Leona','2015-06-25 19:41:13','2015-06-25 19:41:13'),(200,'SG','Singapur','2015-06-25 19:41:13','2015-06-25 19:41:13'),(201,'SY','Siria','2015-06-25 19:41:13','2015-06-25 19:41:13'),(202,'SO','Somalia','2015-06-25 19:41:13','2015-06-25 19:41:13'),(203,'LK','Sri Lanka','2015-06-25 19:41:13','2015-06-25 19:41:13'),(204,'SZ','Suazilandia','2015-06-25 19:41:13','2015-06-25 19:41:13'),(205,'ZA','Sudáfrica','2015-06-25 19:41:13','2015-06-25 19:41:13'),(206,'SD','Sudán','2015-06-25 19:41:13','2015-06-25 19:41:13'),(207,'SE','Suecia','2015-06-25 19:41:13','2015-06-25 19:41:13'),(208,'CH','Suiza','2015-06-25 19:41:13','2015-06-25 19:41:13'),(209,'SR','Surinam','2015-06-25 19:41:13','2015-06-25 19:41:13'),(210,'SJ','Svalbard y Jan Mayen','2015-06-25 19:41:13','2015-06-25 19:41:13'),(211,'TH','Tailandia','2015-06-25 19:41:13','2015-06-25 19:41:13'),(212,'TW','Taiwán','2015-06-25 19:41:13','2015-06-25 19:41:13'),(213,'TZ','Tanzania','2015-06-25 19:41:13','2015-06-25 19:41:13'),(214,'TJ','Tayikistán','2015-06-25 19:41:13','2015-06-25 19:41:13'),(215,'IO','Territorio Británico del Océano Índico','2015-06-25 19:41:13','2015-06-25 19:41:13'),(216,'TF','Territorios Australes Franceses','2015-06-25 19:41:13','2015-06-25 19:41:13'),(217,'TL','Timor Oriental','2015-06-25 19:41:13','2015-06-25 19:41:13'),(218,'TG','Togo','2015-06-25 19:41:13','2015-06-25 19:41:13'),(219,'TK','Tokelau','2015-06-25 19:41:13','2015-06-25 19:41:13'),(220,'TO','Tonga','2015-06-25 19:41:13','2015-06-25 19:41:13'),(221,'TT','Trinidad y Tobago','2015-06-25 19:41:13','2015-06-25 19:41:13'),(222,'TN','Túnez','2015-06-25 19:41:13','2015-06-25 19:41:13'),(223,'TC','Islas Turcas y Caicos','2015-06-25 19:41:13','2015-06-25 19:41:13'),(224,'TM','Turkmenistán','2015-06-25 19:41:13','2015-06-25 19:41:13'),(225,'TR','Turquía','2015-06-25 19:41:13','2015-06-25 19:41:13'),(226,'TV','Tuvalu','2015-06-25 19:41:13','2015-06-25 19:41:13'),(227,'UA','Ucrania','2015-06-25 19:41:13','2015-06-25 19:41:13'),(228,'UG','Uganda','2015-06-25 19:41:13','2015-06-25 19:41:13'),(229,'UY','Uruguay','2015-06-25 19:41:13','2015-06-25 19:41:13'),(230,'UZ','Uzbekistán','2015-06-25 19:41:13','2015-06-25 19:41:13'),(231,'VU','Vanuatu','2015-06-25 19:41:13','2015-06-25 19:41:13'),(232,'VE','Venezuela','2015-06-25 19:41:13','2015-06-25 19:41:13'),(233,'VN','Vietnam','2015-06-25 19:41:13','2015-06-25 19:41:13'),(234,'VG','Islas Vírgenes Británicas','2015-06-25 19:41:13','2015-06-25 19:41:13'),(235,'VI','Islas Vírgenes de los Estados Unidos','2015-06-25 19:41:13','2015-06-25 19:41:13'),(236,'WF','Wallis y Futuna','2015-06-25 19:41:13','2015-06-25 19:41:13'),(237,'YE','Yemen','2015-06-25 19:41:13','2015-06-25 19:41:13'),(238,'DJ','Yibuti','2015-06-25 19:41:13','2015-06-25 19:41:13'),(239,'ZM','Zambia','2015-06-25 19:41:13','2015-06-25 19:41:13'),(240,'ZW','Zimbabue','2015-06-25 19:41:13','2015-06-25 19:41:13');
/*!40000 ALTER TABLE `pais` ENABLE KEYS */;
UNLOCK TABLES;

--
-- Table structure for table `permission_role`
--

DROP TABLE IF EXISTS `permission_role`;
/*!40101 SET @saved_cs_client     = @@character_set_client */;
/*!40101 SET character_set_client = utf8 */;
CREATE TABLE `permission_role` (
  `id` int(10) unsigned NOT NULL AUTO_INCREMENT,
  `permission_id` int(10) unsigned NOT NULL,
  `role_id` int(10) unsigned NOT NULL,
  `created_at` timestamp NOT NULL DEFAULT '0000-00-00 00:00:00',
  `updated_at` timestamp NOT NULL DEFAULT '0000-00-00 00:00:00',
  PRIMARY KEY (`id`),
  KEY `permission_role_permission_id_index` (`permission_id`),
  KEY `permission_role_role_id_index` (`role_id`),
  CONSTRAINT `permission_role_permission_id_foreign` FOREIGN KEY (`permission_id`) REFERENCES `permissions` (`id`) ON DELETE CASCADE,
  CONSTRAINT `permission_role_role_id_foreign` FOREIGN KEY (`role_id`) REFERENCES `roles` (`id`) ON DELETE CASCADE
) ENGINE=InnoDB AUTO_INCREMENT=100 DEFAULT CHARSET=utf8 COLLATE=utf8_unicode_ci;
/*!40101 SET character_set_client = @saved_cs_client */;

--
-- Dumping data for table `permission_role`
--

LOCK TABLES `permission_role` WRITE;
/*!40000 ALTER TABLE `permission_role` DISABLE KEYS */;
INSERT INTO `permission_role` VALUES (25,3,1,'2015-09-01 19:14:15','2015-09-01 19:14:15'),(27,5,1,'2015-09-01 19:14:15','2015-09-01 19:14:15'),(29,13,1,'2015-09-01 19:14:15','2015-09-01 19:14:15'),(31,14,1,'2015-09-01 19:14:15','2015-09-01 19:14:15'),(34,4,1,'2015-09-01 19:14:15','2015-09-01 19:14:15'),(37,11,1,'2015-09-01 19:14:15','2015-09-01 19:14:15'),(38,7,2,'2015-09-02 00:34:18','2015-09-02 00:34:18'),(39,9,2,'2015-09-02 00:34:18','2015-09-02 00:34:18'),(40,10,2,'2015-09-02 00:34:18','2015-09-02 00:34:18'),(41,6,2,'2015-09-02 00:34:18','2015-09-02 00:34:18'),(42,8,2,'2015-09-02 00:34:18','2015-09-02 00:34:18'),(43,7,1,'2015-09-02 01:16:44','2015-09-02 01:16:44'),(44,12,1,'2015-09-02 01:17:12','2015-09-02 01:17:12'),(45,1,1,'2015-09-02 01:17:12','2015-09-02 01:17:12'),(46,2,1,'2015-09-02 01:17:12','2015-09-02 01:17:12'),(47,9,1,'2015-09-02 01:17:12','2015-09-02 01:17:12'),(48,10,1,'2015-09-02 01:17:12','2015-09-02 01:17:12'),(49,6,1,'2015-09-02 01:17:12','2015-09-02 01:17:12'),(50,8,1,'2015-09-02 01:17:12','2015-09-02 01:17:12'),(51,3,3,'2015-09-02 01:19:32','2015-09-02 01:19:32'),(52,12,3,'2015-09-02 01:19:32','2015-09-02 01:19:32'),(53,5,3,'2015-09-02 01:19:32','2015-09-02 01:19:32'),(54,1,3,'2015-09-02 01:19:32','2015-09-02 01:19:32'),(55,2,3,'2015-09-02 01:19:32','2015-09-02 01:19:32'),(57,4,3,'2015-09-02 01:19:32','2015-09-02 01:19:32'),(58,15,1,'2015-10-05 18:38:09','2015-10-05 18:38:09'),(59,17,1,'2015-10-05 18:38:09','2015-10-05 18:38:09'),(60,16,1,'2015-10-05 18:38:09','2015-10-05 18:38:09'),(61,18,2,'2015-10-10 00:54:39','2015-10-10 00:54:39'),(62,18,1,'2015-10-10 00:54:46','2015-10-10 00:54:46'),(63,19,1,'2015-12-10 02:05:30','2015-12-10 02:05:30'),(64,21,1,'2015-12-10 02:05:30','2015-12-10 02:05:30'),(65,20,1,'2015-12-10 02:05:30','2015-12-10 02:05:30'),(66,22,1,'2015-12-10 02:05:30','2015-12-10 02:05:30'),(67,15,2,'2015-12-16 18:14:07','2015-12-16 18:14:07'),(68,17,2,'2015-12-16 18:14:07','2015-12-16 18:14:07'),(69,16,2,'2015-12-16 18:14:07','2015-12-16 18:14:07'),(70,20,2,'2015-12-16 18:14:07','2015-12-16 18:14:07'),(71,23,2,'2015-12-16 18:14:07','2015-12-16 18:14:07'),(72,1,4,'2016-01-05 19:54:09','2016-01-05 19:54:09'),(73,3,2,'2016-01-05 23:21:20','2016-01-05 23:21:20'),(74,2,2,'2016-01-11 19:58:55','2016-01-11 19:58:55'),(75,7,5,'2016-01-11 23:38:30','2016-01-11 23:38:30'),(76,15,5,'2016-01-11 23:38:30','2016-01-11 23:38:30'),(77,17,5,'2016-01-11 23:38:30','2016-01-11 23:38:30'),(78,3,5,'2016-01-11 23:38:30','2016-01-11 23:38:30'),(80,16,5,'2016-01-11 23:38:30','2016-01-11 23:38:30'),(81,9,5,'2016-01-11 23:38:30','2016-01-11 23:38:30'),(82,10,5,'2016-01-11 23:38:30','2016-01-11 23:38:30'),(83,6,5,'2016-01-11 23:38:30','2016-01-11 23:38:30'),(84,8,5,'2016-01-11 23:38:30','2016-01-11 23:38:30'),(85,20,5,'2016-01-11 23:38:30','2016-01-11 23:38:30'),(86,13,6,'2016-01-22 19:07:05','2016-01-22 19:07:05'),(87,19,6,'2016-01-22 19:07:05','2016-01-22 19:07:05'),(88,22,6,'2016-01-22 19:07:05','2016-01-22 19:07:05'),(89,3,6,'2016-01-22 19:19:39','2016-01-22 19:19:39'),(90,3,4,'2016-01-26 02:10:10','2016-01-26 02:10:10'),(91,21,3,'2016-01-27 19:01:42','2016-01-27 19:01:42'),(96,13,3,'2016-01-28 18:02:18','2016-01-28 18:02:18'),(97,19,3,'2016-01-28 18:02:18','2016-01-28 18:02:18'),(98,20,3,'2016-01-28 18:02:18','2016-01-28 18:02:18'),(99,22,3,'2016-01-28 18:02:18','2016-01-28 18:02:18');
/*!40000 ALTER TABLE `permission_role` ENABLE KEYS */;
UNLOCK TABLES;

--
-- Table structure for table `permission_usuario`
--

DROP TABLE IF EXISTS `permission_usuario`;
/*!40101 SET @saved_cs_client     = @@character_set_client */;
/*!40101 SET character_set_client = utf8 */;
CREATE TABLE `permission_usuario` (
  `id` int(10) unsigned NOT NULL AUTO_INCREMENT,
  `permission_id` int(10) unsigned NOT NULL,
  `usuario_id` int(10) unsigned NOT NULL,
  `created_at` timestamp NOT NULL DEFAULT '0000-00-00 00:00:00',
  `updated_at` timestamp NOT NULL DEFAULT '0000-00-00 00:00:00',
  PRIMARY KEY (`id`),
  KEY `permission_usuario_permission_id_index` (`permission_id`),
  KEY `permission_usuario_usuario_id_index` (`usuario_id`),
  CONSTRAINT `permission_usuario_permission_id_foreign` FOREIGN KEY (`permission_id`) REFERENCES `permissions` (`id`) ON DELETE CASCADE,
  CONSTRAINT `permission_usuario_usuario_id_foreign` FOREIGN KEY (`usuario_id`) REFERENCES `usuarios` (`id`) ON DELETE CASCADE
) ENGINE=InnoDB DEFAULT CHARSET=utf8 COLLATE=utf8_unicode_ci;
/*!40101 SET character_set_client = @saved_cs_client */;

--
-- Dumping data for table `permission_usuario`
--

LOCK TABLES `permission_usuario` WRITE;
/*!40000 ALTER TABLE `permission_usuario` DISABLE KEYS */;
/*!40000 ALTER TABLE `permission_usuario` ENABLE KEYS */;
UNLOCK TABLES;

--
-- Table structure for table `permissions`
--

DROP TABLE IF EXISTS `permissions`;
/*!40101 SET @saved_cs_client     = @@character_set_client */;
/*!40101 SET character_set_client = utf8 */;
CREATE TABLE `permissions` (
  `id` int(10) unsigned NOT NULL AUTO_INCREMENT,
  `name` varchar(255) COLLATE utf8_unicode_ci NOT NULL,
  `slug` varchar(255) COLLATE utf8_unicode_ci NOT NULL,
  `description` varchar(255) COLLATE utf8_unicode_ci DEFAULT NULL,
  `model` varchar(255) COLLATE utf8_unicode_ci DEFAULT NULL,
  `created_at` timestamp NOT NULL DEFAULT '0000-00-00 00:00:00',
  `updated_at` timestamp NOT NULL DEFAULT '0000-00-00 00:00:00',
  PRIMARY KEY (`id`)
) ENGINE=InnoDB AUTO_INCREMENT=24 DEFAULT CHARSET=utf8 COLLATE=utf8_unicode_ci;
/*!40101 SET character_set_client = @saved_cs_client */;

--
-- Dumping data for table `permissions`
--

LOCK TABLES `permissions` WRITE;
/*!40000 ALTER TABLE `permissions` DISABLE KEYS */;
INSERT INTO `permissions` VALUES (1,'Menu contrato','menu.contrato',NULL,NULL,'0000-00-00 00:00:00','0000-00-00 00:00:00'),(2,'Menu factura','menu.factura',NULL,NULL,'0000-00-00 00:00:00','0000-00-00 00:00:00'),(3,'Menu cliente','menu.cliente',NULL,NULL,'0000-00-00 00:00:00','0000-00-00 00:00:00'),(4,'Menu modulo','menu.modulo',NULL,NULL,'0000-00-00 00:00:00','0000-00-00 00:00:00'),(5,'Menu concepto','menu.concepto',NULL,NULL,'0000-00-00 00:00:00','0000-00-00 00:00:00'),(6,'Menu pilotos','menu.piloto',NULL,NULL,'0000-00-00 00:00:00','0000-00-00 00:00:00'),(7,'Menu aeronaves','menu.aeronave',NULL,NULL,'0000-00-00 00:00:00','0000-00-00 00:00:00'),(8,'Menu puertos','menu.puerto',NULL,NULL,'0000-00-00 00:00:00','0000-00-00 00:00:00'),(9,'Menu hangares','menu.hangar',NULL,NULL,'0000-00-00 00:00:00','0000-00-00 00:00:00'),(10,'Menu modelo aeronave','menu.modeloaeronave',NULL,NULL,'0000-00-00 00:00:00','0000-00-00 00:00:00'),(11,'Menu usuario','menu.usuario',NULL,NULL,'0000-00-00 00:00:00','0000-00-00 00:00:00'),(12,'Menu cobranza','menu.cobranza',NULL,NULL,'0000-00-00 00:00:00','0000-00-00 00:00:00'),(13,'Menu estacionamiento','menu.estacionamiento',NULL,NULL,'0000-00-00 00:00:00','0000-00-00 00:00:00'),(14,'Menu grupos de usuario','menu.role',NULL,NULL,'0000-00-00 00:00:00','0000-00-00 00:00:00'),(15,'Menu Aterrizaje','menu.aterrizaje',NULL,NULL,'0000-00-00 00:00:00','0000-00-00 00:00:00'),(16,'Menu Despegue','menu.despegue',NULL,NULL,'0000-00-00 00:00:00','0000-00-00 00:00:00'),(17,'Menu Carga','menu.carga',NULL,NULL,'0000-00-00 00:00:00','0000-00-00 00:00:00'),(18,'Menu Configuración de Precios SCV','menu.preciosSCV',NULL,NULL,'0000-00-00 00:00:00','0000-00-00 00:00:00'),(19,'Menú Información','menu.informacion',NULL,NULL,'0000-00-00 00:00:00','0000-00-00 00:00:00'),(20,'Menú Reportes SCV','menu.reporteSCV',NULL,NULL,'0000-00-00 00:00:00','0000-00-00 00:00:00'),(21,'Menú Reportes Recaudación','menu.reporteRecaudacion',NULL,NULL,'0000-00-00 00:00:00','0000-00-00 00:00:00'),(22,'Menú Tasas','menu.tasas',NULL,NULL,'0000-00-00 00:00:00','0000-00-00 00:00:00'),(23,'Menú Systas','menu.systas',NULL,NULL,'0000-00-00 00:00:00','0000-00-00 00:00:00');
/*!40000 ALTER TABLE `permissions` ENABLE KEYS */;
UNLOCK TABLES;

--
-- Table structure for table `pilotos`
--

DROP TABLE IF EXISTS `pilotos`;
/*!40101 SET @saved_cs_client     = @@character_set_client */;
/*!40101 SET character_set_client = utf8 */;
CREATE TABLE `pilotos` (
  `id` int(10) unsigned NOT NULL AUTO_INCREMENT,
  `nombre` varchar(100) COLLATE utf8_unicode_ci NOT NULL,
  `nacionalidad_id` int(10) unsigned NOT NULL,
  `documento_identidad` varchar(255) COLLATE utf8_unicode_ci NOT NULL,
  `telefono` varchar(255) COLLATE utf8_unicode_ci NOT NULL,
  `licencia` varchar(255) COLLATE utf8_unicode_ci NOT NULL,
  `estado` int(11) NOT NULL DEFAULT '0',
  `created_at` timestamp NOT NULL DEFAULT '0000-00-00 00:00:00',
  `updated_at` timestamp NOT NULL DEFAULT '0000-00-00 00:00:00',
  PRIMARY KEY (`id`),
  KEY `pilotos_nacionalidad_id_foreign` (`nacionalidad_id`),
  CONSTRAINT `pilotos_nacionalidad_id_foreign` FOREIGN KEY (`nacionalidad_id`) REFERENCES `pais` (`id`)
) ENGINE=InnoDB AUTO_INCREMENT=294 DEFAULT CHARSET=utf8 COLLATE=utf8_unicode_ci;
/*!40101 SET character_set_client = @saved_cs_client */;

--
-- Dumping data for table `pilotos`
--

LOCK TABLES `pilotos` WRITE;
/*!40000 ALTER TABLE `pilotos` DISABLE KEYS */;
INSERT INTO `pilotos` VALUES (6,'ABREU RODRIGUEZ RAUL',232,'11061864','04241312040','11061864',1,'2015-09-02 01:59:37','2016-01-10 20:54:11'),(7,'VELASQUES JOSE',232,'2980419','','2980419',1,'2015-09-03 01:16:40','2015-09-03 01:16:40'),(8,'RADOMIR ALEKSIC',232,'4437969','','4437969',1,'2015-09-03 20:08:31','2015-09-03 20:08:31'),(9,'SILVA JOSE',232,'8176555','','8176555',1,'2015-09-03 20:10:44','2015-09-03 20:13:34'),(10,'VILLA JOSE',232,'8378052','','8378052',1,'2015-09-03 20:11:45','2015-09-03 20:13:48'),(11,'KABBABE JORGE',232,'8436081','','8436081',1,'2015-09-03 20:12:44','2015-09-03 20:13:16'),(12,'HERNANDEZ GERONIMO',232,'10582334','','10582334',1,'2015-09-03 20:14:56','2015-09-03 20:14:56'),(13,'CASTILLO JAIRO',232,'10630006','','10630006',1,'2015-09-03 20:15:58','2015-09-03 20:15:58'),(14,'GONZALEZ CARLOS',232,'14917644','','14917644',1,'2015-09-03 20:16:47','2015-09-03 20:16:47'),(15,'JIMENEZ OMAR',232,'17837581','','17837581',1,'2015-09-03 20:17:45','2015-09-03 20:17:45'),(16,'GUIA ALEJANDRO',232,'23565494','','23565494',1,'2015-09-03 20:27:01','2015-09-03 20:27:01'),(17,'ALVAREZ RICCIUTI MICKHAIL CAMILO',232,'13325677','04122880318','13325677',1,'2015-09-03 20:30:57','2015-09-03 20:31:37'),(18,'AMER FAUZI YORDI SOUKI',232,'15327442','04123100213','15327442',1,'2015-09-03 20:33:02','2015-09-03 20:33:28'),(19,'BAFFONE SOGAMOSO VINCENZO',232,'6975871','04143651019','6975871',1,'2015-09-03 20:35:13','2015-09-03 20:35:38'),(20,'CISNEROS PERFETTI ELIO ANTONIO',232,'10568561','04141555353','10568561',1,'2015-09-03 20:37:40','2015-09-03 20:38:06'),(21,'CORNET CAYAMA JESUS RAFAEL',232,'4177877','04142398877','4177877',1,'2015-09-03 20:39:14','2015-09-03 20:39:56'),(22,'COTTIN MENDOZA EDUARDO ENRIQUE',232,'11306456','04142821258','11306456',1,'2015-09-03 20:40:58','2015-09-03 20:41:25'),(23,'DE VITA JOYCE GIANFRANCO JORGE',232,'5532284','04142560662','5532284',1,'2015-09-03 20:43:26','2015-09-03 20:47:57'),(24,'DEGOUT PELAEZ GUILLERMO ANTONIO',232,'3888287','04241311033','3888287',1,'2015-09-03 20:48:51','2015-09-03 20:49:17'),(25,'EDUARDO GONZALEZ HAROLD JESUS',232,'14567397','04126083856','14567397',1,'2015-09-03 20:51:12','2015-09-03 20:51:34'),(26,'GARCIA MORILLOCARLOS ENRIQUE',232,'5093045','04142405068','5093045',1,'2015-09-03 20:53:25','2015-09-03 20:54:07'),(27,'GONZALEZ SABAL FELIPE ALBERTO',232,'3478445','04143321341','3478445',1,'2015-09-03 20:55:10','2015-09-03 20:55:31'),(28,'HEVER PLAZA GUILLERMO ALFREDO',232,'4559273','04129911570','4559273',1,'2015-09-03 20:56:37','2015-09-03 20:57:00'),(29,'LAGARDERA LOZANO ANGEL DAVID',232,'14201847','04142495621','14201847',1,'2015-09-03 20:58:04','2015-09-03 20:58:24'),(30,'LANDAETA MONZON JESUS EDUARDO',232,'5519233','04146246151','5519233',1,'2015-09-03 20:59:42','2015-09-03 21:01:27'),(31,'MEDINA SILVERIO JORGE LUIS',232,'5406859','04141293680','5406859',1,'2015-09-03 21:02:42','2015-09-03 21:02:59'),(36,'MIRANDA RAMOS CESAR MIGUEL',232,'5940813','04142709710','5940813',1,'2015-09-04 01:42:57','2015-09-04 01:42:57'),(37,'MONTIEL PARRA LEONARDO RAFAEL',232,'15162272','04146715656','15162272',1,'2015-09-05 00:51:19','2015-09-05 00:51:19'),(38,'NARANJO TOVAR CARLOS JOSE',232,'3562587','04141199019','3562587',1,'2015-09-05 00:52:57','2015-09-05 00:52:57'),(39,'OCONNOR JAVIER',232,'4251408','04168994568','4251408',1,'2015-09-05 00:55:41','2015-09-05 00:55:41'),(40,'PEREZ CRUZ MANUEL DARIO',232,'7991335','04147877678','7991335',1,'2015-09-05 00:57:16','2015-09-05 00:57:16'),(41,'PEREZ LUNA COLINA ALEXIS',232,'12626563','04167022937','12626563',1,'2015-09-05 00:59:00','2015-09-05 00:59:00'),(42,'PORTILLO GONZALEZ ERNESTO JOSE',232,'14369112','04146098900','14369112',1,'2015-09-05 01:00:24','2015-09-05 01:00:24'),(43,'POSADAS JESUS',232,'10788282','04129638096','10788282',1,'2015-09-05 01:01:52','2015-09-05 01:01:53'),(44,'PRADA PAVEL',232,'4556796','04267166755','4556796',1,'2015-09-05 01:03:12','2015-09-05 01:03:12'),(45,'QUINTERO TRUJILLO HUGO',232,'16330706','04141959036','16330706',1,'2015-09-05 01:04:44','2015-09-05 01:04:44'),(46,'REYES LUIS',232,'10584716','04122286000','10584716',1,'2015-09-05 01:05:51','2015-09-05 01:05:52'),(47,'ROMERO ACOSTA',232,'4357954','04142780517','4357954',1,'2015-09-05 01:07:11','2015-09-05 01:07:11'),(48,'SANOJA OLIVIERI ALEXIS ANTONIO',232,'2906578','04148892366','2906578',1,'2015-09-05 01:08:35','2015-09-05 01:08:35'),(49,'SARDI TANCREDI VICTOR EDUARDO',232,'11225530','04123397907','11225530',1,'2015-09-05 01:09:51','2015-09-05 01:09:51'),(50,'SOSA UTRERA ALEXIS ANTONIO',232,'10389436','04148773806','10389436',1,'2015-09-05 01:11:22','2015-09-05 01:11:23'),(51,'SCHELLING VALLENILLA JORGE ERNESTO',232,'4006103','04143573134','4006103',1,'2015-09-05 01:12:54','2015-09-05 01:12:54'),(52,'VECCHIONE BELLO PEDRO PABLO',232,'3725524','04144040856','3725524',1,'2015-09-05 01:14:22','2015-09-05 01:14:22'),(53,'YAGUARACUTO MANUEL',232,'14187680','04148059901','14187680',1,'2015-09-05 01:16:41','2015-09-05 01:16:41'),(54,'ZAPATA NAHMENS',232,'3182675','04142028243','3182675',1,'2015-09-05 01:18:16','2015-09-05 01:18:16'),(55,'BORTONE JOSE',232,'12626549','04142527566','12626549',1,'2015-09-05 01:53:36','2015-09-05 01:53:36'),(57,'LANZON EDGAR',232,'11059497','','11059497',1,'2015-09-07 19:51:12','2015-09-07 19:51:12'),(58,'OZONIAN ALEX',232,'12039059','','12039059',1,'2015-09-07 19:53:21','2015-09-07 19:53:21'),(59,'FERNANDEZ ',232,'9675994','','9675994',1,'2015-09-07 19:55:33','2015-09-07 19:55:33'),(60,'TAVARES PAULO',232,'18186685','','18186685',1,'2015-09-07 19:56:31','2015-09-07 19:56:31'),(61,'YUMAR IVAN',232,'13887427','','13887427',1,'2015-09-07 19:57:54','2015-09-07 19:57:54'),(62,'AGUDELO ERWIN',232,'11995910','','11995910',1,'2015-09-07 19:58:46','2015-09-07 19:58:46'),(63,'JACKSON PABLO',232,'10614582','','10614582',1,'2015-09-07 19:59:37','2015-09-07 19:59:37'),(64,'FLORES OMAR',232,'7368825','','7368825',1,'2015-09-07 20:01:07','2015-09-07 20:01:07'),(65,'SILVA MARIO',232,'13335802','','13338802',1,'2015-09-07 20:01:52','2015-09-07 20:01:52'),(66,'PARRA JOSE',232,'9609116','','9609116',1,'2015-09-07 20:02:41','2015-09-07 20:02:41'),(67,'GRATEROL JONATHAN',232,'15119777','','15119777',1,'2015-09-07 20:03:30','2015-09-07 20:03:30'),(68,'PERNALETE JOSE',232,'5096520','','5096520',1,'2015-09-07 20:04:28','2015-09-07 20:04:28'),(69,'ISSA RICARDO',232,'15931820','','15931820',1,'2015-09-07 20:05:45','2015-09-07 20:05:45'),(70,'SOSA VLADIMIR',232,'10542402','','10542402',1,'2015-09-07 20:06:46','2015-09-07 20:06:46'),(71,'CEGARRA LUIS',232,'12417605','','12417605',1,'2015-09-07 20:07:59','2015-09-07 20:07:59'),(72,'RODRIGUEZ RICARDO',232,'12568179','','12568179',1,'2015-09-07 20:09:08','2015-09-07 20:09:08'),(73,'MORBIDELLI REMO',232,'12560171','','12560171',1,'2015-09-07 20:10:08','2015-09-07 20:10:08'),(74,'BERMUDEZ HECTOR',232,'9664751','','9664751',1,'2015-09-07 20:11:02','2015-09-07 20:11:02'),(75,'CALVIÑO JOSE ',232,'7993795','','7993795',1,'2015-09-07 20:11:39','2015-09-07 20:11:39'),(76,'FORTUL JORGE',232,'11120999','','11120999',1,'2015-09-07 20:12:11','2015-09-07 20:12:11'),(77,'MILLAN GUSTAVO',232,'11028206','','11028206',1,'2015-09-07 20:20:06','2015-09-07 20:20:06'),(78,'RAMONES ALEXIS',232,'9807561','','9807561',1,'2015-09-07 20:21:16','2015-09-07 20:21:16'),(79,'CARVAJAL RIGOBERTO',232,'14197215','','14197215',1,'2015-09-07 20:22:04','2015-09-07 20:22:04'),(80,'ARIAS ALBERTO',232,'17346180','','17643180',1,'2015-09-07 20:22:45','2015-09-07 20:22:45'),(81,'CARRILLO ELIO',232,'8818257','','8818257',1,'2015-09-07 20:23:42','2015-09-07 20:23:42'),(82,'OTERO HOMER',232,'13053466','','13053466',1,'2015-09-07 20:24:35','2015-09-07 20:24:35'),(83,'SERRA HUMBERTO',232,'14129730','','14129730',1,'2015-09-07 20:25:30','2015-09-07 20:25:30'),(84,'CARRIZALES RAMON',232,'14395597','','14395597',1,'2015-09-07 20:26:17','2015-09-07 20:26:17'),(85,'GRANADOS JESUS',232,'10169569','','10169596',1,'2015-09-07 20:27:24','2015-09-07 20:27:24'),(86,'PEREIRA DANIEL',232,'9063007','','9063007',1,'2015-09-07 20:28:55','2015-09-07 20:28:55'),(87,'NAVARRO OSWALDO',232,'12260023','','12260023',1,'2015-09-07 20:29:41','2015-09-07 20:29:41'),(88,'SALAS ARTURO',232,'11033637','','11033637',1,'2015-09-07 20:30:30','2015-09-07 20:30:30'),(89,'GASPARRINI EDDY',232,'6682031','','6682031',1,'2015-09-07 20:31:16','2015-09-07 20:31:16'),(90,'CARRATU FELIX',232,'116422083','','116422083',1,'2015-09-07 20:32:05','2015-09-07 20:32:05'),(91,'FERNANDEZ CESAR',232,'15122548','','15122548',1,'2015-09-07 20:32:49','2015-09-07 20:32:49'),(92,'MARTINEZ DAVID',232,'11391024','','11391024',1,'2015-09-07 20:33:37','2015-09-07 20:33:37'),(93,'DIAZ MICHAEL',232,'11413408','','11413408',1,'2015-09-07 20:34:32','2015-09-07 20:34:32'),(94,'BITORZOLI GIOVANNI',232,'6977466','','6977466',1,'2015-09-07 20:35:18','2015-09-07 20:35:18'),(95,'TERAN ANGEL',232,'15780479','','15780479',1,'2015-09-07 20:36:00','2015-09-07 20:36:00'),(96,'MARCANO JOSE',232,'15830660','','15830660',1,'2015-09-07 20:37:12','2015-09-07 20:37:12'),(97,'SILVESTRE JOSE',232,'5967398','','5967398',1,'2015-09-07 20:38:06','2015-09-07 20:38:06'),(98,'HERNANDEZ JOSE',232,'18441491','','18441491',1,'2015-09-07 20:39:46','2015-09-07 20:39:46'),(99,'CASTILLO HECTOR',232,'12994855','','12994855',1,'2015-09-07 20:40:28','2015-09-07 20:40:28'),(100,'CELIS RUBEN',232,'9967178','','9967178',1,'2015-09-07 20:41:05','2015-09-07 20:41:05'),(101,'BETANCOURT JORGE',232,'3180391','','3180391',1,'2015-09-11 00:15:26','2015-09-11 00:15:26'),(102,'MOSQUEDA JOSE',232,'2473673','','2473673',1,'2015-09-11 00:16:07','2015-09-11 00:16:07'),(103,'BERNAL GUSTAVO',232,'3541137','','3541137',1,'2015-09-11 00:16:58','2015-09-11 00:16:58'),(104,'IRISARRI JOSE ',232,'2136658','','2136658',1,'2015-09-11 00:17:45','2015-09-11 00:17:45'),(105,'BARRAGAN HERNAN',232,'3542779','','3542779',1,'2015-09-11 00:19:02','2015-09-11 00:19:02'),(106,'KOUKOUBINOSATHAANASSIOS',232,'6191637','','6191637',1,'2015-09-11 00:20:00','2015-09-11 00:20:00'),(107,'LEON GUSTAVO',232,'3973809','','3973809',1,'2015-09-11 00:20:31','2015-09-11 00:20:31'),(108,'MORENO HUGO',232,'5570066','','5570066',1,'2015-09-11 00:21:00','2015-09-11 00:21:00'),(109,'ABREU TOMAS',232,'5577495','','5577495',1,'2015-09-11 00:21:39','2015-09-11 00:21:39'),(110,'DARRIBA JOSE',232,'9098121','','9098121',1,'2015-09-11 00:22:12','2015-09-11 00:22:12'),(111,'ANTON ANTONIO',232,'6153225','','6153225',1,'2015-09-11 00:23:06','2015-09-11 00:23:06'),(112,'RAMOS ADELSIS',232,'5299596','','5299596',1,'2015-09-11 00:23:57','2015-09-11 00:23:57'),(113,'BLANCO MANUEL',232,'6498989','','6498989',1,'2015-09-11 00:25:34','2015-09-11 00:25:34'),(114,'GRILLO FRANCISCO',232,'17705495','','17705495',1,'2015-09-11 00:26:27','2015-09-11 00:26:27'),(115,'BONILLA OSCAR',232,'11985112','','11985112',1,'2015-09-11 00:27:15','2015-09-11 00:27:15'),(116,'RAMIREZ WILFREDO',232,'15183117','','15183117',1,'2015-09-11 00:28:00','2015-09-11 00:28:00'),(117,'WHITE ANTONIO',232,'13832371','','13832271',1,'2015-09-11 00:28:39','2015-09-11 00:28:39'),(118,'MAYORCA JUAN',232,'16182296','','16182296',1,'2015-09-11 00:29:24','2015-09-11 00:29:24'),(119,'OVALLES ALEJANDRO',232,'18037618','','18037618',1,'2015-09-11 00:30:26','2015-09-11 00:30:26'),(120,'JAIMES ROBERTO',232,'637330','','637330',1,'2015-09-11 01:26:19','2015-09-11 01:26:19'),(131,'COVARRUVIAS MARCEL',232,'5533569','','5533569',1,'2016-01-06 20:01:19','2016-01-06 20:01:19'),(132,'RODRIGUEZ FERNANDO',232,'12160859','','12160859',1,'2016-01-06 20:02:26','2016-01-06 20:02:26'),(133,'HERNANDEZ JOSE',232,'11738273','','11738273',1,'2016-01-06 20:03:11','2016-01-06 20:03:11'),(134,'MONTELONGO JOSE',232,'11515355','','11515355',1,'2016-01-06 20:03:52','2016-01-06 20:03:52'),(135,'MORA GABRIEL',232,'15920263','','15920263',1,'2016-01-07 00:50:59','2016-01-07 00:50:59'),(136,'VILLARROEL SEGUNDO',232,'4118731','','4118731',1,'2016-01-07 00:52:29','2016-01-08 03:30:10'),(137,'PIZZANI FRANCISCO',232,'11064203','','11064203',1,'2016-01-07 00:54:09','2016-01-07 00:54:09'),(138,'LEON PEDRO',232,'4883370','','4883370',1,'2016-01-07 00:54:46','2016-01-07 00:54:46'),(139,'RODRIGUEZ JULIAN J.',232,'15756585','','15756585',1,'2016-01-07 00:56:18','2016-01-14 03:09:48'),(140,'FIGUERA JOSE',232,'12292508','','12292508',1,'2016-01-07 01:05:50','2016-01-07 01:05:50'),(141,'ANGEL JOSE MIGUEL',232,'7255288','','7255288',1,'2016-01-08 00:45:26','2016-01-08 00:45:26'),(142,'MARCANO BRAULIO',232,'12506281','','12506281',1,'2016-01-08 00:47:10','2016-01-08 00:47:10'),(143,'GIL MANUEL',232,'13929107','','13929107',1,'2016-01-08 03:00:31','2016-01-08 03:00:31'),(144,'AÑEZ MIGUEL',232,'12615061','','12615061',1,'2016-01-08 03:18:20','2016-01-08 03:18:20'),(145,'RODRIGUEZ RAUL',232,'20808805','','20808805',1,'2016-01-08 07:48:26','2016-01-08 07:48:26'),(146,'LARRODE ANGEL',232,'9970564','','9970564',1,'2016-01-08 07:53:19','2016-01-08 07:53:19'),(147,' LEAL LUIS',232,'6548167','','6548167',1,'2016-01-09 02:13:03','2016-01-11 01:28:22'),(148,'  CORSER LUIS',232,'6940492','','6940492',1,'2016-01-09 02:40:06','2016-01-11 01:28:01'),(149,'PLASENCIA ANTONIO',232,'15637351','','15637351',1,'2016-01-09 02:51:39','2016-01-09 02:51:39'),(150,'SOSA CARLOS',232,'13595114','','13595114',1,'2016-01-09 03:01:04','2016-01-09 03:01:04'),(151,'SEGUIAS CARLOS',232,'17163746','','17163746',1,'2016-01-09 03:50:15','2016-01-09 03:50:15'),(152,'YUNKOSA HERNAN',232,'7397758','','7397758',1,'2016-01-09 04:48:45','2016-01-09 04:48:45'),(153,'RIVAS JOWER',232,'6266110','','6266110',1,'2016-01-09 18:18:10','2016-01-09 18:18:10'),(154,'SOLIS MIGUEL',232,'12570961','','12750961',1,'2016-01-09 18:25:34','2016-01-09 18:25:34'),(155,'PANIZ JEAN MARCOS ',232,'13684963','','13684963',1,'2016-01-09 18:30:37','2016-01-09 18:30:37'),(156,'MEDINA RUBEN',232,'3578741','','3578741',1,'2016-01-10 19:59:58','2016-01-10 19:59:58'),(157,'GOMEZ JHONNY',232,'12399013','','12399013',1,'2016-01-10 20:24:09','2016-01-10 20:24:09'),(158,'CRUZ  CARLOS',232,'3244265','','3244265',1,'2016-01-10 20:27:27','2016-01-10 20:27:27'),(159,'GARCIA RAMON',232,'5021503','','5021503',1,'2016-01-10 20:31:05','2016-01-10 20:31:05'),(160,'CASTILLO LUIS',232,'6317223','','6317223',1,'2016-01-10 20:59:59','2016-01-10 20:59:59'),(161,'GOMEZ RHAMSES',232,'17270428','','17270428',1,'2016-01-11 00:51:54','2016-01-11 00:51:54'),(162,' ALVAREZ MICKHAIL',232,'13625377','','13625377',1,'2016-01-11 00:56:22','2016-01-11 00:56:22'),(163,'LONGOBARDI PAUL',232,'16273336','','16273336',1,'2016-01-11 01:01:03','2016-01-11 01:01:03'),(164,'FARFAN LUIS',232,'4561031','','4561031',1,'2016-01-11 01:29:12','2016-01-11 01:29:12'),(165,'MARINHO FRANCISCO RONAL',232,'757031','','757031',1,'2016-01-11 01:33:45','2016-01-11 01:33:45'),(166,'JIMENEZ JEAN',232,'15689931','','15689931',1,'2016-01-11 01:46:17','2016-01-11 01:46:17'),(167,'RIVAS MICHEL',232,'4639163','','4639163',1,'2016-01-11 01:49:41','2016-01-11 01:49:41'),(168,'TERAN ALEJANDRO',232,'9494629','','9494629',1,'2016-01-11 02:02:59','2016-01-11 02:02:59'),(169,'SANCHEZ JUAN',232,'4654718','','4654718',1,'2016-01-14 00:38:55','2016-01-14 00:38:55'),(170,'ROQUE NELSON',232,'3227979','','3227979',1,'2016-01-14 00:46:15','2016-01-14 00:46:15'),(171,'BARMES ROGER',232,'2342875','','2342875',1,'2016-01-14 02:03:45','2016-01-14 02:03:45'),(172,'SOSA OSCAR',232,'6896590','','6896590',1,'2016-01-14 03:19:08','2016-01-14 03:19:08'),(173,'RUIZ JOSE',232,'3207316','','3207316',1,'2016-01-14 03:33:40','2016-01-14 03:33:40'),(174,'CARIAS JULIO',232,'4035674','','4035674',1,'2016-01-14 03:49:07','2016-01-14 03:49:07'),(175,'GRANIER RAMON',232,'19840552','','19840552',1,'2016-01-14 03:52:21','2016-01-14 03:52:21'),(176,'RAMIREZ JUAN',232,'16891816','','16891816',1,'2016-01-14 17:51:31','2016-01-14 17:51:31'),(177,'JIMENEZ JHONNIER',232,'17764519','','17764519',1,'2016-01-14 18:01:24','2016-01-14 18:01:24'),(178,'ROSENQVIST HARALD',232,'11664926','','11664926',1,'2016-01-14 18:10:43','2016-01-14 18:10:43'),(179,'CALDERON ALEXIS',232,'6182198','','6182198',1,'2016-01-14 18:20:11','2016-01-14 18:20:11'),(180,'AZARA ARNALDO',232,'4546389','','4546389',1,'2016-01-14 18:25:39','2016-01-14 18:25:39'),(181,'CORDOBA JOSE',232,'3102446','','3102446',1,'2016-01-14 18:33:11','2016-01-14 18:33:11'),(182,'GHANAIN IBRAHIM',232,'18732086','','18732086',1,'2016-01-14 18:40:32','2016-01-14 18:40:32'),(183,'MILLAN ROBERT',232,'12414780','','12414780',1,'2016-01-14 18:49:27','2016-01-14 18:49:27'),(184,'MANRIQUE JESUS',232,'20673595','','20673595',1,'2016-01-14 18:55:17','2016-01-14 18:55:17'),(185,'LOSADA OSCAR',232,'6256920','','6256920',1,'2016-01-14 19:11:16','2016-01-14 19:11:16'),(186,'ARVELO JERRY',232,'13905369','','13905369',1,'2016-01-14 19:19:32','2016-01-14 19:19:32'),(187,'DINELLI DANIEL',232,'10041141','','10041141',1,'2016-01-14 19:35:46','2016-01-14 19:35:46'),(188,'GARDONA SAMUEL',232,'16945254','','16945254',1,'2016-01-14 19:41:18','2016-01-14 19:41:18'),(189,'HERNANDEZ VICTOR',232,'15005452','','15005452',1,'2016-01-14 20:06:33','2016-01-14 20:06:33'),(190,'ARIAS RAUL',232,'4384045','','4384045',1,'2016-01-14 20:25:14','2016-01-14 20:25:14'),(191,'BELANDRIA EUGENIO',232,'5428286','','5428286',1,'2016-01-14 20:29:24','2016-01-14 20:29:24'),(192,'SHAYLOR DALE',232,'8949077','','8949077',1,'2016-01-14 20:47:05','2016-01-14 20:47:05'),(193,'NAKAL NUMAN',232,'4172947','','4172947',1,'2016-01-14 20:52:45','2016-01-14 20:52:45'),(194,'AZUAJE ISRAEL',232,'17252891','','17252891',1,'2016-01-14 20:58:16','2016-01-14 20:58:16'),(195,'JAMROZ TADEO',232,'12956303','','12956303',1,'2016-01-14 21:05:21','2016-01-14 21:05:21'),(196,'PIETRI FRANCOIS',232,'6555718','','6555718',1,'2016-01-16 01:07:24','2016-01-16 01:07:24'),(197,'MUJICA LUIS',232,'11850959','','11850959',1,'2016-01-16 01:46:20','2016-01-16 01:46:20'),(198,'COLINA JULIO',232,'10218250','','10218250',1,'2016-01-16 23:24:50','2016-01-16 23:24:50'),(199,'GARCIA MARCOS',232,'8634698','','8634698',1,'2016-01-17 00:06:26','2016-01-17 00:06:26'),(200,'PAREDES JORGE',170,'5893803','','5893803',1,'2016-01-17 00:30:17','2016-01-17 00:30:17'),(201,'GONZALEZ MARCO',232,'10533379','','10533379',1,'2016-01-17 00:59:48','2016-01-17 00:59:48'),(202,'ORTIZ CARLOS',232,'6442832','','6442832',1,'2016-01-22 01:38:10','2016-01-22 01:38:10'),(203,'MIGLIORISI ANGEL',232,'15597257','','15597257',1,'2016-02-02 17:04:06','2016-02-02 17:04:06'),(204,'HIDALGO RAFAEL',232,'13969266','','13969266',1,'2016-02-02 17:08:17','2016-02-04 19:44:19'),(205,'MOYA EMERSON',232,'17047548','','17047548',1,'2016-02-02 17:21:03','2016-02-02 17:21:03'),(206,'GIL OVIEDO HERNAN',232,'3560038','','3560038',1,'2016-02-02 17:28:27','2016-02-02 17:28:28'),(207,'MONTES FRANCISCO',232,'18231240','','18231240',1,'2016-02-02 17:35:26','2016-02-02 17:35:26'),(208,'CAMPOS CARLOS',232,'8960015','','8960015',1,'2016-02-02 18:28:48','2016-02-02 18:28:48'),(209,'PEREZ JOSE MANUEL',232,'15908868','','15908868',1,'2016-02-02 23:31:38','2016-02-02 23:31:38'),(210,'RODRIGUEZ JULIAN',232,'5072398','','5072398',1,'2016-02-03 00:28:39','2016-02-03 00:28:39'),(211,'GUTIERREZ ARMANDO',232,'13112768','','13112768',1,'2016-02-03 00:34:02','2016-02-03 00:34:02'),(212,'CHUN JONATHAN',232,'19628272','','19628272',1,'2016-02-03 00:42:37','2016-02-03 00:42:37'),(213,'DESMOINEAUX JULIO',232,'12919018','','12919018',1,'2016-02-03 01:06:14','2016-02-03 01:06:14'),(214,'VALENZUELA HECTOR',232,'11406498','','11406498',1,'2016-02-03 18:17:20','2016-02-03 18:17:20'),(215,'LAROCCA VICENTE',232,'6439320','','6439320',1,'2016-02-03 18:37:46','2016-02-03 18:37:46'),(216,'AZOCAR JESUS',232,'11057660','','11057660',1,'2016-02-03 18:41:40','2016-02-03 18:41:40'),(217,'VETRONE ALVARO',232,'13137481','','13137481',1,'2016-02-03 18:57:15','2016-02-03 18:57:15'),(218,'SALAS JOSE',232,'10515811','','10515811',1,'2016-02-03 19:37:45','2016-02-03 19:37:45'),(219,'GONZALO PABLO',232,'6824703','','6824703',1,'2016-02-03 20:10:09','2016-02-03 20:10:09'),(220,'ESTEVEZ JOSE',232,'5113053','','5113053',1,'2016-02-04 01:01:11','2016-02-04 01:01:11'),(221,'CARBONELL CARLOS ',232,'3288373','','3288373',1,'2016-02-04 01:45:22','2016-02-04 01:45:22'),(222,'IGLESIAS JOSE',232,'3831251','','3831251',1,'2016-02-04 02:15:41','2016-02-04 02:15:41'),(223,'HERNANDEZ GERMAN',232,'4470448','','4470448',1,'2016-02-04 19:09:31','2016-02-04 19:09:31'),(224,'DIAZ JESUS',232,'5271173','','5271173',1,'2016-02-04 19:45:07','2016-02-04 19:45:07'),(225,'CANINO JOHN GERARDO',232,'3887811','','3887811',1,'2016-02-04 23:13:49','2016-02-04 23:13:49'),(226,'MELENDEZ VICTOR',232,'5376613','','5376613',1,'2016-02-05 01:30:42','2016-02-05 01:30:42'),(227,'GARCIA CARPIO JESUS',232,'6978827','','6978827',1,'2016-02-05 01:32:07','2016-02-05 01:32:07'),(228,'BENAVIDES PEDRO',232,'8853543','','8853543',1,'2016-02-05 01:49:08','2016-02-05 01:49:08'),(229,'REQUENA CEILAN',232,'7370020','','7370020',1,'2016-02-05 01:55:45','2016-02-05 01:55:45'),(230,'CARDOZO IRVIN',232,'5553323','','5553323',1,'2016-02-05 02:03:19','2016-02-05 02:03:19'),(231,'GARCIA RAUL',232,'12163306','','12136306',1,'2016-02-05 02:19:12','2016-02-05 02:19:12'),(232,'TREMOLS RAFAEL',232,'3079973','','3079973',1,'2016-02-05 02:20:18','2016-02-05 02:20:18'),(233,'VIVAS JESUS',232,'9466860','','9466860',1,'2016-02-05 02:35:33','2016-02-05 02:35:33'),(234,'LEON JOSE',232,'4352002','','4352002',1,'2016-02-05 17:53:49','2016-02-05 17:53:49'),(235,'VALDEZ DAGOBERTO JESUS',232,'18826012','','18826012',1,'2016-02-05 19:05:50','2016-02-05 19:05:50'),(236,'ALVAREZ VICTOR',232,'6864435','','6864435',1,'2016-02-06 00:39:56','2016-02-06 00:39:56'),(237,'LEVEL CARLOS',232,'11921465','','11921465',1,'2016-02-06 00:50:49','2016-02-06 00:50:49'),(238,'SCHARFFENORTH OMAR',232,'4773268','','4773268',1,'2016-02-06 01:20:27','2016-02-06 01:20:27'),(239,'VELOZ NICOLAS',232,'3146805','','3146805',1,'2016-02-06 01:36:05','2016-02-06 01:36:37'),(240,'SALDAÑA LUIS',232,'2249928','','2249928',1,'2016-02-06 02:35:10','2016-02-06 02:35:10'),(241,'RIOS VICTOR',232,'12075292','','12075292',1,'2016-02-06 02:43:23','2016-02-06 02:43:23'),(242,'NUÑEZ MERVIN',232,'8731282','','8731282',1,'2016-02-06 03:17:02','2016-02-06 03:17:02'),(243,'MANNIL HARRY',232,'6098694','','6098694',1,'2016-02-06 23:53:05','2016-02-06 23:53:05'),(244,'JAIMES CARLOS',232,'4274163','','4274163',1,'2016-02-06 23:59:01','2016-02-06 23:59:01'),(245,'ARISTEGUIETAJORGE',232,'14145347','','14145347',1,'2016-02-07 00:16:02','2016-02-07 00:18:18'),(246,'POMPA HUMBERTO',232,'6373462','','6373462',1,'2016-02-07 01:27:00','2016-02-07 01:27:00'),(247,'MARAMBIO LUIS',232,'5114170','','5114170',1,'2016-02-07 02:34:39','2016-02-07 02:34:39'),(248,'NATERA BRIGIDO',232,'2683555','','2683555',1,'2016-02-07 02:42:17','2016-02-07 02:42:17'),(249,'ISEA DAVID',232,'4712584','','4712584',1,'2016-02-07 03:06:47','2016-02-07 03:06:47'),(250,'SALGADO PEDRO',232,'18764463','','18764463',1,'2016-02-07 03:14:55','2016-02-07 03:14:55'),(251,'DRESSLER GUILLERMO',232,'3233426','','3233426',1,'2016-02-07 03:32:51','2016-02-07 03:32:51'),(252,'CHUNG KEYNER',232,'20078399','','20078399',1,'2016-02-07 05:13:41','2016-02-07 05:13:41'),(253,'PACHECO ALFREDO',232,'8192225','','8192225',1,'2016-02-07 15:49:39','2016-02-07 15:49:39'),(254,'DALBANO PEDRO',232,'10033565','','10033565',1,'2016-02-07 16:25:30','2016-02-07 16:25:30'),(255,'CABALLERO JUAN',232,'17253783','','17253783',1,'2016-02-07 16:35:24','2016-02-07 16:35:24'),(256,'LATOUCHE ALBERTO',232,'9242551','','9242551',1,'2016-02-07 16:50:51','2016-02-07 16:50:51'),(257,'RODRIGUEZ JEFRY',232,'31085554','','31085554',1,'2016-02-07 17:02:47','2016-02-07 17:02:47'),(258,'BREIDENBACH NELSON',232,'5570418','','5570418',1,'2016-02-07 17:48:27','2016-02-07 17:48:27'),(259,'RAYCO S',232,'15119581','','15119581',1,'2016-02-07 18:11:30','2016-02-07 18:11:30'),(260,'MARQUEZ NELSON',232,'10871151','','10871151',1,'2016-02-07 18:37:57','2016-02-07 18:37:57'),(261,'MEDINA RAFAEL ',232,'19510643','','19510643',1,'2016-02-07 19:17:51','2016-02-07 19:17:51'),(262,'TREVISI ARCANGIELO',232,'5655301','','5655301',1,'2016-02-07 19:42:17','2016-02-07 19:42:17'),(263,'RODRIGUEZ IVAN',232,'19314256','','19314256',1,'2016-02-07 19:48:58','2016-02-07 19:48:58'),(264,'ROJAS MARCOS',232,'7524570','','7524570',1,'2016-02-07 20:15:36','2016-02-07 20:15:36'),(265,'GARCIA RUIZ JESUS MARIA',232,'2906411','','2906411',1,'2016-02-07 21:12:32','2016-02-07 21:12:32'),(266,'ANSELMETTI MARCOS',232,'7733781','','7733781',1,'2016-02-07 22:29:41','2016-02-07 22:29:41'),(267,'GARCIA GUSTAVO',232,'16273236','','16273236',1,'2016-02-07 23:00:02','2016-02-07 23:00:02'),(268,'ROURE JOSE',232,'3189937','','3189937',1,'2016-02-07 23:23:37','2016-02-07 23:23:37'),(269,'VAHLIS MIGUEL',232,'8872173','','8872173',1,'2016-02-08 00:23:12','2016-02-08 00:23:12'),(270,'PIETROSEMOLI ANDRES',232,'9703690','','9703690',1,'2016-02-08 00:56:42','2016-02-08 00:56:42'),(271,'SALUZZO GUSTAVO',232,'6098663','','6098663',1,'2016-02-08 01:00:05','2016-02-08 01:00:05'),(272,'LOPEZ  MOISES',232,'5288028','','5288028',1,'2016-02-08 01:14:36','2016-02-08 01:14:36'),(273,'TARANTO JONATHAN',232,'16813789','','16813789',1,'2016-02-08 01:35:07','2016-02-08 01:35:07'),(274,'URDANETA ISMAEL ',232,'17125662','','17125662',1,'2016-02-08 01:40:16','2016-02-08 01:40:16'),(275,'MARTINEZ MARIO',232,'3240486','','3240486',1,'2016-02-08 02:10:15','2016-02-08 02:10:15'),(276,'TERAN ARGENIS',232,'4578982','','4578982',1,'2016-02-08 02:46:53','2016-02-08 02:46:53'),(277,'GARCIA DANIEL',232,'16115875','','16115875',1,'2016-02-08 17:33:39','2016-02-08 17:33:39'),(278,'CASTILLO ADALBERTO',232,'10709393','','10709393',1,'2016-02-08 20:33:33','2016-02-08 20:33:33'),(279,'ATILIANO JORGE',232,'4426951','','4426951',1,'2016-02-08 20:38:19','2016-02-08 20:38:20'),(280,'RODRIGUEZ PEDRO',232,'5566897','','5566897',1,'2016-02-09 03:25:44','2016-02-09 03:25:44'),(281,'PACHECO OSCAR',232,'14121193','','14121193',1,'2016-02-09 03:30:11','2016-02-09 03:30:11'),(282,'PADILLA MIGUEL',232,'12363852','','12363852',1,'2016-02-09 03:39:32','2016-02-09 03:39:32'),(283,'POUSA JUAN',232,'11945760','','11945760',1,'2016-02-09 17:39:18','2016-02-09 17:39:18'),(284,'DIAZ RENE',232,'18941945','','18941945',1,'2016-02-09 19:39:13','2016-02-09 19:39:13'),(285,'ZAMBRANO JOSE',232,'3145791','','3145791',1,'2016-02-09 19:39:55','2016-02-09 19:39:55'),(286,'STANGARONE HEBER',232,'3886817','','3886817',1,'2016-02-09 21:19:59','2016-02-09 21:19:59'),(287,'ÑAÑEZ PEDRO',232,'3753303','','3753303',1,'2016-02-09 22:40:16','2016-02-09 22:40:16'),(288,'ARDILA ALBERTO',232,'10798659','','10798659',1,'2016-02-09 23:08:54','2016-02-09 23:08:54'),(289,'PLAZA AMILCAR',232,'6917551','','6917551',1,'2016-02-09 23:17:57','2016-02-09 23:17:57'),(290,'MONTERO LUCAS',232,'12054018','','12054018',1,'2016-02-10 03:16:09','2016-02-10 03:16:09'),(291,'AZPURUA JOSE',232,'10514569','','10514569',1,'2016-02-10 23:02:35','2016-02-10 23:02:35'),(292,'BADEL FELIX',232,'4579783','','4579783',1,'2016-02-11 01:03:23','2016-02-11 01:03:23'),(293,'ZERPA JOSE',232,'12568646','','12568646',1,'2016-02-11 01:37:58','2016-02-11 01:37:58');
/*!40000 ALTER TABLE `pilotos` ENABLE KEYS */;
UNLOCK TABLES;

--
-- Table structure for table `precios_aterrizajes_despegues`
--

DROP TABLE IF EXISTS `precios_aterrizajes_despegues`;
/*!40101 SET @saved_cs_client     = @@character_set_client */;
/*!40101 SET character_set_client = utf8 */;
CREATE TABLE `precios_aterrizajes_despegues` (
  `id` int(10) unsigned NOT NULL AUTO_INCREMENT,
  `eq_diurnoNac` double(8,2) NOT NULL,
  `eq_diurnoInt` double(8,2) NOT NULL,
  `eq_nocturNac` double(8,2) NOT NULL,
  `eq_nocturInt` double(8,2) NOT NULL,
  `aeropuerto_id` int(10) unsigned NOT NULL,
  `conceptoCredito_id` int(10) unsigned NOT NULL,
  `conceptoContado_id` int(10) unsigned NOT NULL,
  `created_at` timestamp NOT NULL DEFAULT '0000-00-00 00:00:00',
  `updated_at` timestamp NOT NULL DEFAULT '0000-00-00 00:00:00',
  PRIMARY KEY (`id`),
  KEY `precios_aterrizajes_despegues_aeropuerto_id_foreign` (`aeropuerto_id`),
  KEY `precios_aterrizajes_despegues_conceptocredito_id_foreign` (`conceptoCredito_id`),
  KEY `precios_aterrizajes_despegues_conceptocontado_id_foreign` (`conceptoContado_id`),
  CONSTRAINT `precios_aterrizajes_despegues_aeropuerto_id_foreign` FOREIGN KEY (`aeropuerto_id`) REFERENCES `aeropuertos` (`id`),
  CONSTRAINT `precios_aterrizajes_despegues_conceptocontado_id_foreign` FOREIGN KEY (`conceptoContado_id`) REFERENCES `conceptos` (`id`),
  CONSTRAINT `precios_aterrizajes_despegues_conceptocredito_id_foreign` FOREIGN KEY (`conceptoCredito_id`) REFERENCES `conceptos` (`id`)
) ENGINE=InnoDB AUTO_INCREMENT=2 DEFAULT CHARSET=utf8 COLLATE=utf8_unicode_ci;
/*!40101 SET character_set_client = @saved_cs_client */;

--
-- Dumping data for table `precios_aterrizajes_despegues`
--

LOCK TABLES `precios_aterrizajes_despegues` WRITE;
/*!40000 ALTER TABLE `precios_aterrizajes_despegues` DISABLE KEYS */;
INSERT INTO `precios_aterrizajes_despegues` VALUES (1,0.41,0.85,0.49,1.65,1,68,54,'0000-00-00 00:00:00','2015-12-11 21:11:16');
/*!40000 ALTER TABLE `precios_aterrizajes_despegues` ENABLE KEYS */;
UNLOCK TABLES;

--
-- Table structure for table `precios_cargas`
--

DROP TABLE IF EXISTS `precios_cargas`;
/*!40101 SET @saved_cs_client     = @@character_set_client */;
/*!40101 SET character_set_client = utf8 */;
CREATE TABLE `precios_cargas` (
  `id` int(10) unsigned NOT NULL AUTO_INCREMENT,
  `equivalenteUT` double(8,4) NOT NULL,
  `toneladaPorBloque` double(8,4) NOT NULL,
  `aeropuerto_id` int(10) unsigned NOT NULL,
  `conceptoCredito_id` int(10) unsigned NOT NULL,
  `conceptoContado_id` int(10) unsigned NOT NULL,
  `created_at` timestamp NOT NULL DEFAULT '0000-00-00 00:00:00',
  `updated_at` timestamp NOT NULL DEFAULT '0000-00-00 00:00:00',
  PRIMARY KEY (`id`),
  KEY `precios_cargas_aeropuerto_id_foreign` (`aeropuerto_id`),
  KEY `precios_cargas_conceptocredito_id_foreign` (`conceptoCredito_id`),
  KEY `precios_cargas_conceptocontado_id_foreign` (`conceptoContado_id`),
  CONSTRAINT `precios_cargas_aeropuerto_id_foreign` FOREIGN KEY (`aeropuerto_id`) REFERENCES `aeropuertos` (`id`),
  CONSTRAINT `precios_cargas_conceptocontado_id_foreign` FOREIGN KEY (`conceptoContado_id`) REFERENCES `conceptos` (`id`),
  CONSTRAINT `precios_cargas_conceptocredito_id_foreign` FOREIGN KEY (`conceptoCredito_id`) REFERENCES `conceptos` (`id`)
) ENGINE=InnoDB AUTO_INCREMENT=2 DEFAULT CHARSET=utf8 COLLATE=utf8_unicode_ci;
/*!40101 SET character_set_client = @saved_cs_client */;

--
-- Dumping data for table `precios_cargas`
--

LOCK TABLES `precios_cargas` WRITE;
/*!40000 ALTER TABLE `precios_cargas` DISABLE KEYS */;
INSERT INTO `precios_cargas` VALUES (1,0.0080,1.0000,1,73,59,'0000-00-00 00:00:00','2016-02-04 03:10:26');
/*!40000 ALTER TABLE `precios_cargas` ENABLE KEYS */;
UNLOCK TABLES;

--
-- Table structure for table `puertos`
--

DROP TABLE IF EXISTS `puertos`;
/*!40101 SET @saved_cs_client     = @@character_set_client */;
/*!40101 SET character_set_client = utf8 */;
CREATE TABLE `puertos` (
  `id` int(10) unsigned NOT NULL AUTO_INCREMENT,
  `nombre` varchar(50) COLLATE utf8_unicode_ci NOT NULL,
  `siglas` varchar(20) COLLATE utf8_unicode_ci NOT NULL,
  `estado` int(11) NOT NULL DEFAULT '0',
  `pais_id` int(10) unsigned NOT NULL,
  `created_at` timestamp NOT NULL DEFAULT '0000-00-00 00:00:00',
  `updated_at` timestamp NOT NULL DEFAULT '0000-00-00 00:00:00',
  PRIMARY KEY (`id`),
  KEY `puertos_pais_id_foreign` (`pais_id`),
  CONSTRAINT `puertos_pais_id_foreign` FOREIGN KEY (`pais_id`) REFERENCES `pais` (`id`)
) ENGINE=InnoDB AUTO_INCREMENT=80 DEFAULT CHARSET=utf8 COLLATE=utf8_unicode_ci;
/*!40101 SET character_set_client = @saved_cs_client */;

--
-- Dumping data for table `puertos`
--

LOCK TABLES `puertos` WRITE;
/*!40000 ALTER TABLE `puertos` DISABLE KEYS */;
INSERT INTO `puertos` VALUES (1,'ARUBA','TNCA',1,15,'2015-09-03 01:15:27','2015-12-08 04:07:25'),(3,'SIMÓN BOLIVAR','SVMI',1,232,'2015-12-08 04:08:06','2015-12-08 04:08:06'),(4,'BARCELONA','SVBC',1,232,'2015-12-08 04:08:34','2015-12-08 04:08:34'),(5,'CHARALLAVE','SVCS',1,232,'2015-12-08 04:09:05','2015-12-08 04:09:05'),(6,'VALENCIA','SVVA',1,232,'2015-12-16 18:20:01','2015-12-16 18:20:01'),(7,'PUNTA BARIMA','SVPB',1,232,'2016-01-05 23:24:40','2016-01-05 23:24:40'),(8,'PORLAMAR','SVMG',1,232,'2016-01-05 23:59:15','2016-01-05 23:59:15'),(9,'CANAIMA','SVCN',1,232,'2016-01-06 01:10:18','2016-01-06 01:10:18'),(10,'PIARCO (TRINIDAD)','TTPP',1,221,'2016-01-08 00:04:21','2016-01-10 19:34:03'),(11,'CIUDAD BOLIVAR','SVCB',1,232,'2016-01-08 07:57:14','2016-01-08 07:57:14'),(12,'URUYEN','SVUY',1,232,'2016-01-09 02:43:23','2016-01-09 02:43:23'),(13,'SAN FELIPE','SVSP',1,232,'2016-01-09 02:54:29','2016-01-09 02:54:29'),(14,'VALLE LA PASCUA','SVVP',1,232,'2016-01-10 18:13:22','2016-01-10 19:31:06'),(15,'BASE AEREA MARISCAL SUCRE','SVBS',1,232,'2016-01-10 18:17:26','2016-01-14 17:58:09'),(16,'BASE AEREA FRANCISCO DE MIRANDA (LA CARLOTA)','SBFM',1,232,'2016-01-10 18:18:14','2016-01-10 19:07:21'),(17,'BASE AEREA EL LIBERTADOR','SVBL',1,232,'2016-01-10 18:18:57','2016-01-14 17:58:23'),(18,'SANTA ELENA DE UAIREN','SVSE',1,232,'2016-01-10 18:22:39','2016-01-10 18:22:39'),(19,'MARACAIBO','SVMC',1,232,'2016-01-10 18:23:48','2016-01-10 18:23:48'),(20,'TUCUPITA','SVTC',1,232,'2016-01-10 18:25:17','2016-01-10 18:25:17'),(21,'BARQUISIMETO (JACINTO LARA)','SVBM',1,232,'2016-01-10 18:28:21','2016-01-10 18:28:21'),(22,'PUERTO AYACUCHO','SVPA',1,232,'2016-01-10 18:29:31','2016-01-10 18:29:31'),(23,'LA ROMANA (REPÚBLICA DOMINICANA)','MDLR',1,65,'2016-01-10 18:33:01','2016-01-10 18:33:01'),(24,'OPALOCKA (MIAMI) EE.UU','KOPF',1,75,'2016-01-10 18:33:57','2016-01-10 20:35:43'),(25,'PANAMÁ','MPMG',1,170,'2016-01-10 18:34:57','2016-01-10 18:34:57'),(26,'BOGOTÁ','SKBO',1,52,'2016-01-10 18:35:50','2016-01-10 18:35:50'),(27,'LAS AMÉRICAS (REPÚBLICA DOMINICANA)','MDSD',1,65,'2016-01-10 18:38:38','2016-01-10 18:38:38'),(28,'CARTAGENA ','SKCG',1,52,'2016-01-10 18:39:37','2016-01-10 18:39:37'),(29,'ANACO','SVAN',1,232,'2016-01-10 18:41:23','2016-01-10 18:41:23'),(30,'SANTOMÉ','SVST',1,232,'2016-01-10 18:42:11','2016-01-10 18:42:11'),(31,'BARINAS','SVBI',1,232,'2016-01-10 18:43:11','2016-01-10 18:43:11'),(32,'CAICARA','SVCD',1,232,'2016-01-10 18:44:07','2016-01-10 18:44:07'),(33,'KAVAC','SVKA',1,232,'2016-01-10 18:45:21','2016-01-10 18:49:59'),(34,'KAMARATA','SVKM',1,232,'2016-01-10 18:46:01','2016-01-10 18:46:01'),(35,'MARIPA','SVNB',1,232,'2016-01-10 18:47:45','2016-01-10 18:49:37'),(36,'TUMEREMO','SVTM',1,232,'2016-01-10 18:48:25','2016-01-10 18:48:25'),(37,'URIMAN','SVUM',1,232,'2016-01-10 18:50:39','2016-01-10 18:50:39'),(38,'WONKEN','SVWK',1,232,'2016-01-10 18:54:57','2016-01-10 18:54:57'),(39,'PUERTO CABELLO','SVPC',1,232,'2016-01-10 18:55:58','2016-01-10 18:55:58'),(40,'SAN CARLOS','SVSC',1,232,'2016-01-10 18:57:32','2016-01-10 18:57:32'),(41,'LOS ROQUES','SVRS',1,232,'2016-01-10 18:59:02','2016-01-10 18:59:02'),(42,'FALCON (CORO)','SVCR',1,232,'2016-01-10 19:00:46','2016-01-10 19:00:46'),(43,'JOSEFA CAMEJO (PUNTO FIJO)','SVJC',1,232,'2016-01-10 19:02:48','2016-01-10 19:02:48'),(44,'CALABOZO','SVCL',1,232,'2016-01-10 19:03:50','2016-01-10 19:03:50'),(45,'ALTA GRACIA DE ORITUCO','SVSO',1,232,'2016-01-10 19:05:02','2016-01-10 19:05:02'),(46,'MERIDA','SVMD',1,232,'2016-01-10 19:06:05','2016-01-10 19:06:05'),(47,'EL VIGIA','SVVG',1,232,'2016-01-10 19:06:29','2016-01-10 19:06:29'),(48,'METROPOLITANO ','SVMP',1,232,'2016-01-10 19:08:34','2016-01-10 19:08:34'),(49,'MATURIN','SVMT',1,232,'2016-01-10 19:09:25','2016-01-10 19:09:25'),(50,'ACARIGUA','SVAC',1,232,'2016-01-10 19:10:46','2016-01-10 19:10:46'),(51,'GUANARE','SVGU',1,232,'2016-01-10 19:11:30','2016-01-10 19:11:30'),(52,'CARUPANO','SVCP',1,232,'2016-01-10 19:12:08','2016-01-10 19:12:08'),(53,'CUMANÁ','SVCU',1,232,'2016-01-10 19:12:47','2016-01-10 19:12:47'),(54,'LA FRIA','SVLF',1,232,'2016-01-10 19:13:32','2016-01-10 19:13:32'),(55,'PARAMILLO','SVPM',1,232,'2016-01-10 19:14:16','2016-01-10 19:14:16'),(56,'SAN ANTONIO DEL TACHIRA','SVSA',1,232,'2016-01-10 19:15:20','2016-01-10 19:15:20'),(57,'ORO  NEGRO','SVON',1,232,'2016-01-10 19:16:12','2016-01-10 19:16:12'),(58,'COSTA RICA','MRPV',1,60,'2016-01-10 20:27:02','2016-01-10 20:27:02'),(59,'MANAOS (BRASIL)','SBEG',1,33,'2016-01-10 20:28:59','2016-01-10 20:28:59'),(60,'PUNTA CANA (REPÚBLICA DOMINICANA)','MDPC',1,65,'2016-01-10 20:30:58','2016-01-10 20:30:58'),(61,'SURINAM','SMJP',1,209,'2016-01-10 20:31:32','2016-01-10 20:31:32'),(62,'QUITO (ECUADOR)','SECM',1,66,'2016-01-10 20:32:30','2016-01-10 20:32:30'),(63,'GEORGETOWN (GUYANA)','SYCJ',1,99,'2016-01-10 20:33:43','2016-01-10 20:33:43'),(64,'FOURLAUDER (MIAMI) EE.UU','KFLL',1,75,'2016-01-10 20:34:39','2016-01-10 20:34:39'),(65,'MACAGUA','SVMU',1,232,'2016-01-11 01:16:22','2016-01-11 01:16:22'),(66,'HELIPUERTO AVILA','SVHA',1,232,'2016-02-02 17:09:06','2016-02-02 17:09:06'),(67,'MILLA 44','MI',1,232,'2016-02-03 00:12:14','2016-02-03 00:12:14'),(68,'LUEPA','SVLP',1,232,'2016-02-03 00:57:42','2016-02-03 00:57:42'),(69,'EL PAUJI','SVPI',1,232,'2016-02-03 02:18:13','2016-02-03 02:18:13'),(70,'CURAZAO','TNCC',1,10,'2016-02-03 23:32:41','2016-02-03 23:32:41'),(71,'SAN FERNANDO','SVSR',1,232,'2016-02-03 23:50:38','2016-02-03 23:54:58'),(72,'BONAIRE','TNCB',1,10,'2016-02-05 02:42:48','2016-02-05 02:42:48'),(73,'LA PARAGUA','SVPG',1,232,'2016-02-07 05:11:44','2016-02-07 05:11:44'),(74,'PUNTA BOMBEADOR','PB',1,232,'2016-02-07 17:51:30','2016-02-07 17:51:30'),(75,'BOCA GRANDE','BG',1,232,'2016-02-07 18:18:55','2016-02-07 18:18:55'),(76,'FLORIDA','KPBI',1,75,'2016-02-07 22:42:26','2016-02-07 22:42:26'),(77,'LOS PIGIGUAOS','LP',1,232,'2016-02-08 00:27:10','2016-02-08 00:27:10'),(78,'MILLA 166','MILL',1,232,'2016-02-09 02:04:24','2016-02-09 02:04:24'),(79,'PUERTO ORDAZ','SVPR',1,232,'2016-02-09 20:17:17','2016-02-09 20:17:17');
/*!40000 ALTER TABLE `puertos` ENABLE KEYS */;
UNLOCK TABLES;

--
-- Table structure for table `role_usuario`
--

DROP TABLE IF EXISTS `role_usuario`;
/*!40101 SET @saved_cs_client     = @@character_set_client */;
/*!40101 SET character_set_client = utf8 */;
CREATE TABLE `role_usuario` (
  `id` int(10) unsigned NOT NULL AUTO_INCREMENT,
  `role_id` int(10) unsigned NOT NULL,
  `usuario_id` int(10) unsigned NOT NULL,
  `created_at` timestamp NOT NULL DEFAULT '0000-00-00 00:00:00',
  `updated_at` timestamp NOT NULL DEFAULT '0000-00-00 00:00:00',
  PRIMARY KEY (`id`),
  KEY `role_usuario_role_id_index` (`role_id`),
  KEY `role_usuario_usuario_id_index` (`usuario_id`),
  CONSTRAINT `role_usuario_role_id_foreign` FOREIGN KEY (`role_id`) REFERENCES `roles` (`id`) ON DELETE CASCADE,
  CONSTRAINT `role_usuario_usuario_id_foreign` FOREIGN KEY (`usuario_id`) REFERENCES `usuarios` (`id`) ON DELETE CASCADE
) ENGINE=InnoDB AUTO_INCREMENT=14 DEFAULT CHARSET=utf8 COLLATE=utf8_unicode_ci;
/*!40101 SET character_set_client = @saved_cs_client */;

--
-- Dumping data for table `role_usuario`
--

LOCK TABLES `role_usuario` WRITE;
/*!40000 ALTER TABLE `role_usuario` DISABLE KEYS */;
INSERT INTO `role_usuario` VALUES (1,1,1,'2015-07-31 14:08:02','2015-07-31 14:08:02'),(4,5,5,'2016-01-11 23:40:29','2016-01-11 23:40:29'),(5,5,6,'2016-01-11 23:40:29','2016-01-11 23:40:29'),(6,5,8,'2016-01-11 23:40:29','2016-01-11 23:40:29'),(7,2,7,'2016-01-11 23:40:39','2016-01-11 23:40:39'),(8,2,2,'2016-01-11 23:40:50','2016-01-11 23:40:50'),(9,4,4,'2016-01-12 02:14:50','2016-01-12 02:14:50'),(10,3,9,'2016-01-14 23:39:41','2016-01-14 23:39:41'),(11,6,10,'2016-01-22 19:07:14','2016-01-22 19:07:14'),(12,3,11,'2016-01-27 19:01:30','2016-01-27 19:01:30'),(13,3,12,'2016-01-28 18:02:34','2016-01-28 18:02:34');
/*!40000 ALTER TABLE `role_usuario` ENABLE KEYS */;
UNLOCK TABLES;

--
-- Table structure for table `roles`
--

DROP TABLE IF EXISTS `roles`;
/*!40101 SET @saved_cs_client     = @@character_set_client */;
/*!40101 SET character_set_client = utf8 */;
CREATE TABLE `roles` (
  `id` int(10) unsigned NOT NULL AUTO_INCREMENT,
  `name` varchar(255) COLLATE utf8_unicode_ci NOT NULL,
  `slug` varchar(255) COLLATE utf8_unicode_ci NOT NULL,
  `description` varchar(255) COLLATE utf8_unicode_ci DEFAULT NULL,
  `level` int(11) NOT NULL DEFAULT '1',
  `created_at` timestamp NOT NULL DEFAULT '0000-00-00 00:00:00',
  `updated_at` timestamp NOT NULL DEFAULT '0000-00-00 00:00:00',
  PRIMARY KEY (`id`),
  UNIQUE KEY `roles_slug_unique` (`slug`)
) ENGINE=InnoDB AUTO_INCREMENT=7 DEFAULT CHARSET=utf8 COLLATE=utf8_unicode_ci;
/*!40101 SET character_set_client = @saved_cs_client */;

--
-- Dumping data for table `roles`
--

LOCK TABLES `roles` WRITE;
/*!40000 ALTER TABLE `roles` DISABLE KEYS */;
INSERT INTO `roles` VALUES (1,'Admin','admin','Usuario Administrador del Sistema',1,'2015-07-31 14:07:13','2016-01-11 23:40:17'),(2,'AdministradorSCV','administradorscv','Grupo de Usuario para los supervisores de la Sección de Control de Vuelos.',1,'2015-09-02 00:34:18','2016-01-11 23:39:08'),(3,'AdminRecaudación','adminrecaudacion','Grupo de Usuario para los supervisores del departamento de recaudación',1,'2015-09-02 01:19:32','2016-01-11 23:39:59'),(4,'Asuntos Legales','asuntos.legales','Asuntos Legales',1,'2016-01-05 19:54:09','2016-01-05 19:57:27'),(5,'OperadorSCV','operadorscv','Grupo de Usuario para los operadores de la Sección de Control de Vuelos.',1,'2016-01-11 23:38:30','2016-01-11 23:38:30'),(6,'ESTACIONAMIENTO','estacionamiento','ESTACIONAMIENTO',1,'2016-01-22 19:07:05','2016-01-22 19:07:05');
/*!40000 ALTER TABLE `roles` ENABLE KEYS */;
UNLOCK TABLES;

--
-- Table structure for table `ta_tasas`
--

DROP TABLE IF EXISTS `ta_tasas`;
/*!40101 SET @saved_cs_client     = @@character_set_client */;
/*!40101 SET character_set_client = utf8 */;
CREATE TABLE `ta_tasas` (
  `id` int(10) unsigned NOT NULL AUTO_INCREMENT,
  `codtas` int(11) NOT NULL,
  `serie` varchar(3) COLLATE utf8_unicode_ci NOT NULL,
  `femision` varchar(10) COLLATE utf8_unicode_ci NOT NULL,
  `hemision` time NOT NULL,
  `tiptas` varchar(12) COLLATE utf8_unicode_ci NOT NULL,
  `status` varchar(12) COLLATE utf8_unicode_ci NOT NULL,
  `encargado` varchar(150) COLLATE utf8_unicode_ci NOT NULL,
  `codbarras` varchar(150) COLLATE utf8_unicode_ci NOT NULL,
  `fVer` varchar(10) COLLATE utf8_unicode_ci NOT NULL,
  `hVer` time NOT NULL,
  `valor` double(14,2) NOT NULL,
  `created_at` timestamp NOT NULL DEFAULT '0000-00-00 00:00:00',
  `updated_at` timestamp NOT NULL DEFAULT '0000-00-00 00:00:00',
  PRIMARY KEY (`id`)
) ENGINE=InnoDB DEFAULT CHARSET=utf8 COLLATE=utf8_unicode_ci;
/*!40101 SET character_set_client = @saved_cs_client */;

--
-- Dumping data for table `ta_tasas`
--

LOCK TABLES `ta_tasas` WRITE;
/*!40000 ALTER TABLE `ta_tasas` DISABLE KEYS */;
/*!40000 ALTER TABLE `ta_tasas` ENABLE KEYS */;
UNLOCK TABLES;

--
-- Table structure for table `tasa_cierres`
--

DROP TABLE IF EXISTS `tasa_cierres`;
/*!40101 SET @saved_cs_client     = @@character_set_client */;
/*!40101 SET character_set_client = utf8 */;
CREATE TABLE `tasa_cierres` (
  `id` int(10) unsigned NOT NULL AUTO_INCREMENT,
  `fcierre` date NOT NULL,
  `hcierre` time NOT NULL,
  `monto` varchar(12) COLLATE utf8_unicode_ci NOT NULL,
  `encargado` varchar(150) COLLATE utf8_unicode_ci NOT NULL,
  `observacion` text COLLATE utf8_unicode_ci NOT NULL,
  `created_at` timestamp NOT NULL DEFAULT '0000-00-00 00:00:00',
  `updated_at` timestamp NOT NULL DEFAULT '0000-00-00 00:00:00',
  PRIMARY KEY (`id`)
) ENGINE=InnoDB DEFAULT CHARSET=utf8 COLLATE=utf8_unicode_ci;
/*!40101 SET character_set_client = @saved_cs_client */;

--
-- Dumping data for table `tasa_cierres`
--

LOCK TABLES `tasa_cierres` WRITE;
/*!40000 ALTER TABLE `tasa_cierres` DISABLE KEYS */;
/*!40000 ALTER TABLE `tasa_cierres` ENABLE KEYS */;
UNLOCK TABLES;

--
-- Table structure for table `tip_tas`
--

DROP TABLE IF EXISTS `tip_tas`;
/*!40101 SET @saved_cs_client     = @@character_set_client */;
/*!40101 SET character_set_client = utf8 */;
CREATE TABLE `tip_tas` (
  `id` int(10) unsigned NOT NULL AUTO_INCREMENT,
  `nombre` varchar(150) COLLATE utf8_unicode_ci NOT NULL,
  `monto` varchar(12) COLLATE utf8_unicode_ci NOT NULL,
  `created_at` timestamp NOT NULL DEFAULT '0000-00-00 00:00:00',
  `updated_at` timestamp NOT NULL DEFAULT '0000-00-00 00:00:00',
  PRIMARY KEY (`id`)
) ENGINE=InnoDB DEFAULT CHARSET=utf8 COLLATE=utf8_unicode_ci;
/*!40101 SET character_set_client = @saved_cs_client */;

--
-- Dumping data for table `tip_tas`
--

LOCK TABLES `tip_tas` WRITE;
/*!40000 ALTER TABLE `tip_tas` DISABLE KEYS */;
/*!40000 ALTER TABLE `tip_tas` ENABLE KEYS */;
UNLOCK TABLES;

--
-- Table structure for table `tipo_aeronaves`
--

DROP TABLE IF EXISTS `tipo_aeronaves`;
/*!40101 SET @saved_cs_client     = @@character_set_client */;
/*!40101 SET character_set_client = utf8 */;
CREATE TABLE `tipo_aeronaves` (
  `id` int(10) unsigned NOT NULL AUTO_INCREMENT,
  `nombre` varchar(20) COLLATE utf8_unicode_ci NOT NULL,
  `created_at` timestamp NOT NULL DEFAULT '0000-00-00 00:00:00',
  `updated_at` timestamp NOT NULL DEFAULT '0000-00-00 00:00:00',
  PRIMARY KEY (`id`)
) ENGINE=InnoDB AUTO_INCREMENT=3 DEFAULT CHARSET=utf8 COLLATE=utf8_unicode_ci;
/*!40101 SET character_set_client = @saved_cs_client */;

--
-- Dumping data for table `tipo_aeronaves`
--

LOCK TABLES `tipo_aeronaves` WRITE;
/*!40000 ALTER TABLE `tipo_aeronaves` DISABLE KEYS */;
INSERT INTO `tipo_aeronaves` VALUES (1,'Helicóptero','2015-08-26 02:56:26','2015-08-26 02:56:26'),(2,'Avión','2015-08-26 02:56:31','2015-08-26 02:56:31');
/*!40000 ALTER TABLE `tipo_aeronaves` ENABLE KEYS */;
UNLOCK TABLES;

--
-- Table structure for table `tipo_matriculas`
--

DROP TABLE IF EXISTS `tipo_matriculas`;
/*!40101 SET @saved_cs_client     = @@character_set_client */;
/*!40101 SET character_set_client = utf8 */;
CREATE TABLE `tipo_matriculas` (
  `id` int(10) unsigned NOT NULL AUTO_INCREMENT,
  `nombre` varchar(20) COLLATE utf8_unicode_ci NOT NULL,
  `siglas` varchar(2) COLLATE utf8_unicode_ci NOT NULL,
  `created_at` timestamp NOT NULL DEFAULT '0000-00-00 00:00:00',
  `updated_at` timestamp NOT NULL DEFAULT '0000-00-00 00:00:00',
  PRIMARY KEY (`id`)
) ENGINE=InnoDB AUTO_INCREMENT=9 DEFAULT CHARSET=utf8 COLLATE=utf8_unicode_ci;
/*!40101 SET character_set_client = @saved_cs_client */;

--
-- Dumping data for table `tipo_matriculas`
--

LOCK TABLES `tipo_matriculas` WRITE;
/*!40000 ALTER TABLE `tipo_matriculas` DISABLE KEYS */;
INSERT INTO `tipo_matriculas` VALUES (1,'Privado','P ','0000-00-00 00:00:00','0000-00-00 00:00:00'),(2,'Comercial Privado','CP','0000-00-00 00:00:00','0000-00-00 00:00:00'),(3,'Comercial','C ','0000-00-00 00:00:00','0000-00-00 00:00:00'),(4,'Oficial / Gobierno','O ','0000-00-00 00:00:00','0000-00-00 00:00:00'),(5,'Escuela','E ','0000-00-00 00:00:00','0000-00-00 00:00:00'),(6,'Militar','M ','0000-00-00 00:00:00','0000-00-00 00:00:00'),(7,'Agrícola','A ','0000-00-00 00:00:00','0000-00-00 00:00:00'),(8,'Adiestramiento','MR','0000-00-00 00:00:00','0000-00-00 00:00:00');
/*!40000 ALTER TABLE `tipo_matriculas` ENABLE KEYS */;
UNLOCK TABLES;

--
-- Table structure for table `topes`
--

DROP TABLE IF EXISTS `topes`;
/*!40101 SET @saved_cs_client     = @@character_set_client */;
/*!40101 SET character_set_client = utf8 */;
CREATE TABLE `topes` (
  `id` int(10) unsigned NOT NULL AUTO_INCREMENT,
  `nombre_archivo` varchar(100) COLLATE utf8_unicode_ci NOT NULL,
  `ruta_imagen` varchar(200) COLLATE utf8_unicode_ci NOT NULL,
  `fecha` date NOT NULL,
  `status` tinyint(1) NOT NULL,
  `aeropuerto` varchar(200) COLLATE utf8_unicode_ci NOT NULL,
  `created_at` timestamp NOT NULL DEFAULT '0000-00-00 00:00:00',
  `updated_at` timestamp NOT NULL DEFAULT '0000-00-00 00:00:00',
  PRIMARY KEY (`id`)
) ENGINE=InnoDB DEFAULT CHARSET=utf8 COLLATE=utf8_unicode_ci;
/*!40101 SET character_set_client = @saved_cs_client */;

--
-- Dumping data for table `topes`
--

LOCK TABLES `topes` WRITE;
/*!40000 ALTER TABLE `topes` DISABLE KEYS */;
/*!40000 ALTER TABLE `topes` ENABLE KEYS */;
UNLOCK TABLES;

--
-- Table structure for table `usuarios`
--

DROP TABLE IF EXISTS `usuarios`;
/*!40101 SET @saved_cs_client     = @@character_set_client */;
/*!40101 SET character_set_client = utf8 */;
CREATE TABLE `usuarios` (
  `id` int(10) unsigned NOT NULL AUTO_INCREMENT,
  `username` varchar(200) COLLATE utf8_unicode_ci NOT NULL,
  `password` varchar(100) COLLATE utf8_unicode_ci NOT NULL,
  `fullname` varchar(200) COLLATE utf8_unicode_ci NOT NULL,
  `estado` int(11) NOT NULL,
  `departamento_id` int(10) unsigned DEFAULT NULL,
  `aeropuerto_id` int(10) unsigned DEFAULT NULL,
  `cargo_id` int(10) unsigned DEFAULT NULL,
  `directo` varchar(4) COLLATE utf8_unicode_ci NOT NULL,
  `email` varchar(255) COLLATE utf8_unicode_ci NOT NULL,
  `remember_token` varchar(100) COLLATE utf8_unicode_ci DEFAULT NULL,
  `created_at` timestamp NOT NULL DEFAULT '0000-00-00 00:00:00',
  `updated_at` timestamp NOT NULL DEFAULT '0000-00-00 00:00:00',
  PRIMARY KEY (`id`),
  KEY `usuarios_departamento_id_foreign` (`departamento_id`),
  KEY `usuarios_aeropuerto_id_foreign` (`aeropuerto_id`),
  KEY `usuarios_cargo_id_foreign` (`cargo_id`),
  CONSTRAINT `usuarios_aeropuerto_id_foreign` FOREIGN KEY (`aeropuerto_id`) REFERENCES `aeropuertos` (`id`),
  CONSTRAINT `usuarios_cargo_id_foreign` FOREIGN KEY (`cargo_id`) REFERENCES `cargos` (`id`),
  CONSTRAINT `usuarios_departamento_id_foreign` FOREIGN KEY (`departamento_id`) REFERENCES `departamentos` (`id`)
) ENGINE=InnoDB AUTO_INCREMENT=13 DEFAULT CHARSET=utf8 COLLATE=utf8_unicode_ci;
/*!40101 SET character_set_client = @saved_cs_client */;

--
-- Dumping data for table `usuarios`
--

LOCK TABLES `usuarios` WRITE;
/*!40000 ALTER TABLE `usuarios` DISABLE KEYS */;
INSERT INTO `usuarios` VALUES (1,'admin','$2y$10$IiAw5mwzKZwMjPMP7gv64OBUMHL2INfwOYpZaYxbHPPaS1oJComkm','',0,NULL,NULL,NULL,'','','eDtMVkHTy9e1u4A9bxYfOg6PTI4NjW42tU341qYql2ybatMGeFQon3d5TMNX','2015-07-31 12:42:36','2016-02-11 01:21:51'),(2,'supervisor-scv','$2y$10$hZdmhsjIpdtl0elgxBhg4OIbeTa4EnN6525Gm/ZmtTgrvDCKOZ4Sy','Supervisor SCV',1,1,1,1,'0000','saar@gmail.com','IiwszueZbFsmuZGOAbh6IgteFB372GRTMMpcmRvII8fQcqSCIf2dRqefBTML','2015-09-02 00:32:49','2016-01-21 03:21:52'),(4,'mrodriguez','$2y$10$pGBmGKJetGWpLSVm.pRuIuncFPhxkb1rU5JQAKhsh4wbqzqhuchZK','Miguel Rodriguez',1,1,1,1,'8009','mrodriguez@e-saarbolivar.gob.ve','tDoUT8Sk5jXePpeMcmFrERkup4GHjUwjYuvgloARVh4G0oxprGSakNAL7Adj','2016-01-05 19:48:16','2016-02-10 20:34:17'),(5,'aleon','$2y$10$CDF0PY5GvvrvyVoBqpfgMu2T45QAMnzJ.ecVEDw6L3NihneMn8Qoq','Aura León',1,1,1,1,'8028','aleon@e-saarbolivar.gob.ve','HGdlcEbM9znOy7zrweTIRKjriGi4g1WOy24IKQL295An23TZ0T4OpzdCdrg8','2016-01-11 23:35:19','2016-02-11 01:20:15'),(6,'fmares','$2y$10$Swf26leRLxYM2InUdE8K8eM8EtQAA1UH6WC9JT.WF0V8tVug67q5e','Freddy Mares',1,1,1,1,'8086','fmares@e-saarbolivar.gob.ve','4TnbaDX87OLQ0yjagi9jGbVEaYe3te8cCBomtmCgVIn8MwJaqD0Do8UcgbnC','2016-01-11 23:36:07','2016-02-10 06:20:02'),(7,'maro','$2y$10$B8idg5UACG.OOaTdLDscEOd3G05vYDBeUk6Q/GOgiTa6AZe1EHY1O','Marhoren Aro',1,1,1,1,'8023','maro@e-saarbolivar.gob.ve','oAprDH3jb5jtlpBNegNc6pue6Fu5vSrBW0SIoIxJ5XTJ7kQ654mzG5Uagcqq','2016-01-11 23:36:42','2016-02-11 01:13:31'),(8,'erojas','$2y$10$cwg6LJQlRsmng7XjVTxqqOOZs48nOBWett8w4qa1CM38Pf8dVGmMO','Eduardo Rojas',1,1,1,1,'8088','erojas@e-saarbolivar.gob.ve','KkSbf2DvOelqszZt4RMJF5TFvoZ14ebcZrlK7zu9UorBFyTL6tDjwc8PAmS1','2016-01-11 23:37:12','2016-02-09 00:45:21'),(9,'mvelasquez','$2y$10$NeHAPygrpXozwjg9DYe8..0AYF8aFOEfwnkkO4ujmTqGjv1mK1LMC','Mirna Velasquez',1,1,1,1,'N/A','mdvvl@hotmail.com','urPLR3m88LcfrUpN31PVPYdiRkp57WkeS9415vuyRVX0dwTlO5H48irXv3wk','2016-01-14 23:39:22','2016-02-11 00:19:14'),(10,'TCORREIA','$2y$10$yEGn45E8DR79OjMOB.OUQeEqCCqaAi02YXu0RMua1x3VYTsHYTt8C','TED CORREIA',1,1,1,1,'8019','tedasorio365@gmail.com','8soC7V9gjTT5smrCRVr9yZw9d8SfoLG14kBEcMM0jSAQnP9FrBTu2AiY9Ffh','2016-01-22 19:06:09','2016-01-28 19:06:52'),(11,'rvillarroel','$2y$10$rSHfoEoO/rZi.tMrHvJxJu7vPY2y1.YEoayK2Z7rmDKdI56f9XZ2K','ROSA VILLARROEL',1,1,1,1,'N/A','rosa-amelia-villarroel@hotmail.com','asFUUcKTPfnzknroQkAa8zlQrGvdLvzANkD2IM8aUt8PMrsqF358SGfSP037','2016-01-27 19:01:14','2016-02-01 21:11:31'),(12,'VRODRIGUEZ','$2y$10$6Sz5R49h27MQ.8Fbhj8hvOGnAvSLIWsxUXYLFn322NlE.4ZGYNV4O','VICMAR RODRIGUEZ',1,1,1,1,'8016','rodriguezvicmar80@gmail.com','iH2VH5mzZnWbCvr7D20WaP5HkwXPzS93AKZ4NHro40UVa3sYGd1GsXBigi74','2016-01-28 18:01:11','2016-02-02 19:09:52');
/*!40000 ALTER TABLE `usuarios` ENABLE KEYS */;
UNLOCK TABLES;
/*!40103 SET TIME_ZONE=@OLD_TIME_ZONE */;

/*!40101 SET SQL_MODE=@OLD_SQL_MODE */;
/*!40014 SET FOREIGN_KEY_CHECKS=@OLD_FOREIGN_KEY_CHECKS */;
/*!40014 SET UNIQUE_CHECKS=@OLD_UNIQUE_CHECKS */;
/*!40101 SET CHARACTER_SET_CLIENT=@OLD_CHARACTER_SET_CLIENT */;
/*!40101 SET CHARACTER_SET_RESULTS=@OLD_CHARACTER_SET_RESULTS */;
/*!40101 SET COLLATION_CONNECTION=@OLD_COLLATION_CONNECTION */;
/*!40111 SET SQL_NOTES=@OLD_SQL_NOTES */;

-- Dump completed on 2016-02-10 16:59:00
